zone_id,area_id,total,daytype_inweek,daytype_weekend,hod_00h,hod_01h,hod_02h,hod_03h,hod_04h,hod_05h,hod_06h,hod_07h,hod_08h,hod_09h,hod_10h,hod_11h,hod_12h,hod_13h,hod_14h,hod_15h,hod_16h,hod_17h,hod_18h,hod_19h,hod_20h,hod_21h,hod_22h,hod_23h,dow_mon,dow_tue,dow_wed,dow_thu,dow_fri,dow_sat,dow_sun
E09000016,E02000472,2615.57142857,13659.0,4614.75,16.5357142857,18.5,11.4285714286,9.17857142857,9.35714285714,14.3928571429,35.0357142857,85.9642857143,126.0,148.714285714,168.071428571,181.035714286,187.571428571,190.714285714,183.107142857,174.25,177.035714286,184.392857143,179.964285714,163.25,130.928571429,104.0,75.25,40.8928571429,2496.5,2620.0,3375.75,2559.25,2607.5,2531.75,2118.25
