zone_id,area_id,total,daytype_inweek,daytype_weekend,hod_00h,hod_01h,hod_02h,hod_03h,hod_04h,hod_05h,hod_06h,hod_07h,hod_08h,hod_09h,hod_10h,hod_11h,hod_12h,hod_13h,hod_14h,hod_15h,hod_16h,hod_17h,hod_18h,hod_19h,hod_20h,hod_21h,hod_22h,hod_23h,dow_mon,dow_tue,dow_wed,dow_thu,dow_fri,dow_sat,dow_sun
E07000223,E02006539,1334.64285714,7101.5,2358.25,6.0,4.07142857143,4.03571428571,2.53571428571,3.25,8.35714285714,20.3571428571,45.2142857143,65.3928571429,75.8928571429,90.9642857143,100.607142857,104.321428571,102.214285714,97.25,98.7857142857,95.8214285714,93.7142857143,89.8214285714,77.6428571429,60.5714285714,39.8214285714,30.6071428571,17.3928571429,1323.25,1382.75,1730.0,1357.75,1307.75,1206.0,1035.0
