zone_id,area_id,total,daytype_inweek,daytype_weekend,hod_00h,hod_01h,hod_02h,hod_03h,hod_04h,hod_05h,hod_06h,hod_07h,hod_08h,hod_09h,hod_10h,hod_11h,hod_12h,hod_13h,hod_14h,hod_15h,hod_16h,hod_17h,hod_18h,hod_19h,hod_20h,hod_21h,hod_22h,hod_23h,dow_mon,dow_tue,dow_wed,dow_thu,dow_fri,dow_sat,dow_sun
E07000127,E02005313,3463.39285714,19061.75,5631.25,20.5357142857,23.3214285714,18.4642857143,12.5714285714,15.5,42.3928571429,67.2142857143,135.035714286,186.107142857,184.071428571,188.928571429,214.857142857,236.107142857,238.035714286,237.25,240.821428571,250.678571429,270.535714286,225.178571429,199.5,159.5,132.964285714,97.0,66.8214285714,3300.0,3733.0,4761.5,3626.75,3640.5,2850.75,2331.25
