zone_id,area_id,total,daytype_inweek,daytype_weekend,hod_00h,hod_01h,hod_02h,hod_03h,hod_04h,hod_05h,hod_06h,hod_07h,hod_08h,hod_09h,hod_10h,hod_11h,hod_12h,hod_13h,hod_14h,hod_15h,hod_16h,hod_17h,hod_18h,hod_19h,hod_20h,hod_21h,hod_22h,hod_23h,dow_mon,dow_tue,dow_wed,dow_thu,dow_fri,dow_sat,dow_sun
S12000008,S02001505,558.428571429,3058.5,937.0,1.32142857143,1.89285714286,0.928571428571,0.857142857143,1.71428571429,3.96428571429,5.53571428571,16.5357142857,36.5,36.8214285714,39.6785714286,37.6428571429,40.75,39.3571428571,39.8928571429,42.3928571429,42.3928571429,41.0357142857,34.8571428571,32.6785714286,28.0,17.4642857143,10.6071428571,5.60714285714,571.5,619.5,746.75,548.75,572.0,485.0,365.5
