zone_id,area_id,total,daytype_inweek,daytype_weekend,hod_00h,hod_01h,hod_02h,hod_03h,hod_04h,hod_05h,hod_06h,hod_07h,hod_08h,hod_09h,hod_10h,hod_11h,hod_12h,hod_13h,hod_14h,hod_15h,hod_16h,hod_17h,hod_18h,hod_19h,hod_20h,hod_21h,hod_22h,hod_23h,dow_mon,dow_tue,dow_wed,dow_thu,dow_fri,dow_sat,dow_sun
E06000025,E02003105,2525.92857143,13752.5,4370.75,13.1071428571,11.9285714286,10.7142857143,8.92857142857,9.46428571429,19.3214285714,41.7142857143,100.678571429,133.5,143.357142857,164.178571429,168.678571429,176.678571429,171.392857143,163.214285714,163.75,172.607142857,177.678571429,170.464285714,153.678571429,128.178571429,101.821428571,75.0,45.8928571429,2534.75,2726.0,3375.25,2629.75,2486.75,2093.0,1836.0
