zone_id,area_id,total,daytype_inweek,daytype_weekend,hod_00h,hod_01h,hod_02h,hod_03h,hod_04h,hod_05h,hod_06h,hod_07h,hod_08h,hod_09h,hod_10h,hod_11h,hod_12h,hod_13h,hod_14h,hod_15h,hod_16h,hod_17h,hod_18h,hod_19h,hod_20h,hod_21h,hod_22h,hod_23h,dow_mon,dow_tue,dow_wed,dow_thu,dow_fri,dow_sat,dow_sun
E08000033,E02002269,1987.64285714,10588.0,3402.5,8.39285714286,11.3928571429,7.5,5.57142857143,6.60714285714,12.8928571429,34.2857142857,84.6071428571,105.285714286,111.607142857,119.928571429,126.714285714,134.428571429,130.964285714,135.5,138.535714286,149.964285714,158.392857143,132.071428571,114.964285714,100.535714286,73.8928571429,51.3928571429,32.2142857143,1909.0,2197.5,2605.5,1911.25,1964.75,1832.0,1493.5
