zone_id,area_id,total,daytype_inweek,daytype_weekend,hod_00h,hod_01h,hod_02h,hod_03h,hod_04h,hod_05h,hod_06h,hod_07h,hod_08h,hod_09h,hod_10h,hod_11h,hod_12h,hod_13h,hod_14h,hod_15h,hod_16h,hod_17h,hod_18h,hod_19h,hod_20h,hod_21h,hod_22h,hod_23h,dow_mon,dow_tue,dow_wed,dow_thu,dow_fri,dow_sat,dow_sun
S12000046,S02001945,1839.21428571,9795.75,3234.0,8.14285714286,10.1071428571,7.35714285714,6.53571428571,8.64285714286,18.75,40.3214285714,78.25,124.0,96.3214285714,95.2857142857,102.607142857,111.821428571,120.285714286,124.821428571,140.214285714,147.107142857,144.214285714,127.642857143,103.928571429,85.7857142857,68.5714285714,45.4285714286,23.0714285714,1848.75,1868.0,2363.75,1785.25,1930.0,1693.5,1385.25
