zone_id,area_id,total,daytype_inweek,daytype_weekend,hod_00h,hod_01h,hod_02h,hod_03h,hod_04h,hod_05h,hod_06h,hod_07h,hod_08h,hod_09h,hod_10h,hod_11h,hod_12h,hod_13h,hod_14h,hod_15h,hod_16h,hod_17h,hod_18h,hod_19h,hod_20h,hod_21h,hod_22h,hod_23h,dow_mon,dow_tue,dow_wed,dow_thu,dow_fri,dow_sat,dow_sun
E06000009,E02002635,3671.53571429,19381.5,6390.5,18.5357142857,20.2142857143,14.1428571429,10.9285714286,11.8571428571,19.2857142857,53.8214285714,111.321428571,193.107142857,197.821428571,229.75,238.607142857,249.071428571,260.857142857,266.75,277.75,286.607142857,274.25,248.035714286,205.0,169.071428571,137.214285714,108.285714286,69.25,3451.25,3788.0,4845.25,3592.75,3704.25,3380.0,2939.25
