zone_id,area_id,total,daytype_inweek,daytype_weekend,hod_00h,hod_01h,hod_02h,hod_03h,hod_04h,hod_05h,hod_06h,hod_07h,hod_08h,hod_09h,hod_10h,hod_11h,hod_12h,hod_13h,hod_14h,hod_15h,hod_16h,hod_17h,hod_18h,hod_19h,hod_20h,hod_21h,hod_22h,hod_23h,dow_mon,dow_tue,dow_wed,dow_thu,dow_fri,dow_sat,dow_sun
E07000201,E02006241,2730.64285714,14556.5,4716.25,11.7857142857,12.2857142857,7.75,6.71428571429,12.25,28.4642857143,63.8214285714,116.035714286,149.821428571,161.464285714,169.928571429,179.75,182.821428571,184.107142857,176.035714286,183.392857143,196.785714286,204.571428571,181.464285714,152.035714286,123.428571429,100.357142857,77.2857142857,48.2857142857,2618.25,2737.25,3583.5,2760.25,2857.25,2460.0,2098.0
