zone_id,area_id,total,daytype_inweek,daytype_weekend,hod_00h,hod_01h,hod_02h,hod_03h,hod_04h,hod_05h,hod_06h,hod_07h,hod_08h,hod_09h,hod_10h,hod_11h,hod_12h,hod_13h,hod_14h,hod_15h,hod_16h,hod_17h,hod_18h,hod_19h,hod_20h,hod_21h,hod_22h,hod_23h,dow_mon,dow_tue,dow_wed,dow_thu,dow_fri,dow_sat,dow_sun
S12000014,S02001716,4276.64285714,22590.75,7516.75,18.6785714286,21.2857142857,15.5714285714,14.1785714286,12.8928571429,24.9642857143,52.8571428571,125.428571429,220.464285714,226.964285714,261.357142857,291.035714286,335.071428571,338.964285714,346.142857143,339.928571429,334.678571429,322.571428571,260.071428571,226.392857143,187.571428571,146.464285714,99.0714285714,54.0357142857,4227.5,4397.75,5452.25,4096.0,4417.25,4056.5,3289.25
