zone_id,area_id,total,daytype_inweek,daytype_weekend,hod_00h,hod_01h,hod_02h,hod_03h,hod_04h,hod_05h,hod_06h,hod_07h,hod_08h,hod_09h,hod_10h,hod_11h,hod_12h,hod_13h,hod_14h,hod_15h,hod_16h,hod_17h,hod_18h,hod_19h,hod_20h,hod_21h,hod_22h,hod_23h,dow_mon,dow_tue,dow_wed,dow_thu,dow_fri,dow_sat,dow_sun
W06000014,W02000238,1383.82142857,7442.75,2287.0,6.46428571429,5.39285714286,3.5,3.57142857143,3.64285714286,10.5714285714,16.3571428571,43.0,75.6785714286,87.7857142857,95.6071428571,100.785714286,99.8928571429,96.3928571429,99.8928571429,98.7857142857,99.3214285714,102.107142857,85.4285714286,76.9285714286,57.6785714286,46.8928571429,40.3214285714,27.8214285714,1289.5,1419.75,1921.25,1416.5,1395.75,1246.5,997.5
