zone_id,area_id,total,daytype_inweek,daytype_weekend,hod_00h,hod_01h,hod_02h,hod_03h,hod_04h,hod_05h,hod_06h,hod_07h,hod_08h,hod_09h,hod_10h,hod_11h,hod_12h,hod_13h,hod_14h,hod_15h,hod_16h,hod_17h,hod_18h,hod_19h,hod_20h,hod_21h,hod_22h,hod_23h,dow_mon,dow_tue,dow_wed,dow_thu,dow_fri,dow_sat,dow_sun
S12000011,S02001564,1024.60714286,5412.0,1921.5,6.39285714286,4.46428571429,3.39285714286,3.42857142857,2.28571428571,3.46428571429,9.82142857143,27.1071428571,67.6785714286,61.3928571429,63.5,69.1071428571,69.1785714286,66.3214285714,71.3928571429,80.6785714286,74.2857142857,69.7142857143,71.6785714286,65.8214285714,52.0714285714,36.9642857143,27.3571428571,17.1071428571,1099.5,1091.25,1278.25,994.75,948.25,938.25,822.0
