zone_id,area_id,total,daytype_inweek,daytype_weekend,hod_00h,hod_01h,hod_02h,hod_03h,hod_04h,hod_05h,hod_06h,hod_07h,hod_08h,hod_09h,hod_10h,hod_11h,hod_12h,hod_13h,hod_14h,hod_15h,hod_16h,hod_17h,hod_18h,hod_19h,hod_20h,hod_21h,hod_22h,hod_23h,dow_mon,dow_tue,dow_wed,dow_thu,dow_fri,dow_sat,dow_sun
E07000228,E02006609,3071.5,16507.75,5293.25,14.2142857143,9.96428571429,6.92857142857,5.17857142857,7.35714285714,15.6071428571,46.3214285714,115.321428571,176.392857143,193.642857143,217.785714286,228.785714286,237.607142857,221.321428571,225.821428571,219.428571429,225.071428571,219.821428571,189.892857143,165.178571429,123.464285714,93.3571428571,67.0,46.0357142857,2973.25,3265.0,4067.5,3139.0,3063.0,2672.75,2320.0
