zone_id,area_id,total,daytype_inweek,daytype_weekend,hod_00h,hod_01h,hod_02h,hod_03h,hod_04h,hod_05h,hod_06h,hod_07h,hod_08h,hod_09h,hod_10h,hod_11h,hod_12h,hod_13h,hod_14h,hod_15h,hod_16h,hod_17h,hod_18h,hod_19h,hod_20h,hod_21h,hod_22h,hod_23h,dow_mon,dow_tue,dow_wed,dow_thu,dow_fri,dow_sat,dow_sun
E06000030,E02003215,3422.96428571,18212.75,5802.0,12.5714285714,13.8571428571,11.1785714286,7.89285714286,11.6071428571,26.1785714286,67.25,155.142857143,189.428571429,176.428571429,190.821428571,218.535714286,224.071428571,227.571428571,235.785714286,233.678571429,265.214285714,279.5,238.035714286,206.178571429,162.75,129.964285714,92.4285714286,46.8928571429,3226.25,3547.25,4480.75,3386.5,3572.0,3172.25,2575.75
