zone_id,area_id,total,daytype_inweek,daytype_weekend,hod_00h,hod_01h,hod_02h,hod_03h,hod_04h,hod_05h,hod_06h,hod_07h,hod_08h,hod_09h,hod_10h,hod_11h,hod_12h,hod_13h,hod_14h,hod_15h,hod_16h,hod_17h,hod_18h,hod_19h,hod_20h,hod_21h,hod_22h,hod_23h,dow_mon,dow_tue,dow_wed,dow_thu,dow_fri,dow_sat,dow_sun
E07000198,E02006209,2224.89285714,11786.0,3928.5,7.71428571429,6.64285714286,5.53571428571,5.32142857143,6.03571428571,16.5,33.5714285714,81.4642857143,126.0,133.035714286,141.071428571,147.071428571,152.642857143,154.392857143,151.714285714,153.428571429,167.428571429,178.214285714,151.071428571,133.535714286,104.464285714,85.3928571429,52.8571428571,29.7857142857,2216.25,2361.0,2875.0,2141.25,2192.5,2076.0,1712.25
