zone_id,area_id,total,daytype_inweek,daytype_weekend,hod_00h,hod_01h,hod_02h,hod_03h,hod_04h,hod_05h,hod_06h,hod_07h,hod_08h,hod_09h,hod_10h,hod_11h,hod_12h,hod_13h,hod_14h,hod_15h,hod_16h,hod_17h,hod_18h,hod_19h,hod_20h,hod_21h,hod_22h,hod_23h,dow_mon,dow_tue,dow_wed,dow_thu,dow_fri,dow_sat,dow_sun
S12000028,S02002331,1211.35714286,6601.5,2098.0,4.28571428571,3.21428571429,2.46428571429,2.96428571429,3.21428571429,8.89285714286,22.25,57.2142857143,64.8928571429,63.1428571429,70.5714285714,90.3571428571,93.0714285714,101.928571429,96.9642857143,103.928571429,107.392857143,96.8214285714,65.0357142857,47.5357142857,39.8928571429,33.5714285714,18.5,13.25,1223.0,1324.5,1595.5,1268.0,1190.5,1003.0,875.0
