zone_id,area_id,total,daytype_inweek,daytype_weekend,hod_00h,hod_01h,hod_02h,hod_03h,hod_04h,hod_05h,hod_06h,hod_07h,hod_08h,hod_09h,hod_10h,hod_11h,hod_12h,hod_13h,hod_14h,hod_15h,hod_16h,hod_17h,hod_18h,hod_19h,hod_20h,hod_21h,hod_22h,hod_23h,dow_mon,dow_tue,dow_wed,dow_thu,dow_fri,dow_sat,dow_sun
E09000004,E02006785,1229.03571429,6203.75,2195.75,6.46428571429,6.39285714286,4.03571428571,2.46428571429,3.32142857143,8.28571428571,16.4642857143,35.5,47.4285714286,65.6071428571,83.0714285714,84.2857142857,92.6428571429,84.9285714286,85.3928571429,79.0714285714,83.25,91.75,87.0357142857,83.5714285714,66.2857142857,49.5714285714,36.6071428571,25.6071428571,1111.0,1221.25,1471.5,1152.0,1248.0,1314.75,1084.75
