zone_id,area_id,total,daytype_inweek,daytype_weekend,hod_00h,hod_01h,hod_02h,hod_03h,hod_04h,hod_05h,hod_06h,hod_07h,hod_08h,hod_09h,hod_10h,hod_11h,hod_12h,hod_13h,hod_14h,hod_15h,hod_16h,hod_17h,hod_18h,hod_19h,hod_20h,hod_21h,hod_22h,hod_23h,dow_mon,dow_tue,dow_wed,dow_thu,dow_fri,dow_sat,dow_sun
E08000007,E02001210,2437.75,12928.0,4237.75,13.1428571429,13.3928571429,9.85714285714,9.60714285714,7.85714285714,15.3571428571,46.8571428571,100.464285714,121.357142857,122.821428571,140.321428571,149.178571429,172.035714286,174.035714286,169.607142857,169.178571429,180.0,175.178571429,168.392857143,149.785714286,126.428571429,96.0714285714,65.0,41.8214285714,2348.5,2512.25,3210.75,2394.25,2462.25,2247.0,1889.25
