zone_id,area_id,total,daytype_inweek,daytype_weekend,hod_00h,hod_01h,hod_02h,hod_03h,hod_04h,hod_05h,hod_06h,hod_07h,hod_08h,hod_09h,hod_10h,hod_11h,hod_12h,hod_13h,hod_14h,hod_15h,hod_16h,hod_17h,hod_18h,hod_19h,hod_20h,hod_21h,hod_22h,hod_23h,dow_mon,dow_tue,dow_wed,dow_thu,dow_fri,dow_sat,dow_sun
W06000015,W02000400,5621.10714286,29969.5,9285.75,33.1785714286,42.9642857143,36.8928571429,30.9642857143,26.8214285714,36.0357142857,63.6785714286,168.0,300.821428571,291.178571429,321.214285714,348.607142857,411.035714286,408.0,405.392857143,401.071428571,415.571428571,438.821428571,376.0,312.428571429,252.0,205.392857143,174.571428571,120.464285714,5152.75,5871.5,7382.75,5816.0,5746.5,5245.25,4133.0
