zone_id,area_id,total,daytype_inweek,daytype_weekend,hod_00h,hod_01h,hod_02h,hod_03h,hod_04h,hod_05h,hod_06h,hod_07h,hod_08h,hod_09h,hod_10h,hod_11h,hod_12h,hod_13h,hod_14h,hod_15h,hod_16h,hod_17h,hod_18h,hod_19h,hod_20h,hod_21h,hod_22h,hod_23h,dow_mon,dow_tue,dow_wed,dow_thu,dow_fri,dow_sat,dow_sun
S12000036,S02001611,5878.25,30283.75,10833.25,51.0714285714,78.3928571429,53.8214285714,43.0357142857,33.0357142857,42.3571428571,58.2142857143,158.035714286,293.821428571,281.928571429,305.75,333.821428571,349.5,369.25,381.392857143,377.107142857,420.535714286,455.321428571,419.25,362.285714286,304.785714286,268.25,238.321428571,198.964285714,5844.0,5746.0,7073.0,5510.75,6110.0,5874.75,4989.25
