zone_id,area_id,total,daytype_inweek,daytype_weekend,hod_00h,hod_01h,hod_02h,hod_03h,hod_04h,hod_05h,hod_06h,hod_07h,hod_08h,hod_09h,hod_10h,hod_11h,hod_12h,hod_13h,hod_14h,hod_15h,hod_16h,hod_17h,hod_18h,hod_19h,hod_20h,hod_21h,hod_22h,hod_23h,dow_mon,dow_tue,dow_wed,dow_thu,dow_fri,dow_sat,dow_sun
E06000025,E02003113,2970.21428571,16095.75,5122.5,16.2857142857,11.75,11.4285714286,10.3214285714,11.75,22.5,61.2142857143,131.392857143,179.892857143,183.892857143,190.5,195.5,199.392857143,196.678571429,188.142857143,193.642857143,203.071428571,208.392857143,185.607142857,168.0,139.464285714,108.142857143,94.75,58.5,2977.5,3261.75,4029.0,2982.25,2845.25,2550.75,2145.0
