zone_id,area_id,total,daytype_inweek,daytype_weekend,hod_00h,hod_01h,hod_02h,hod_03h,hod_04h,hod_05h,hod_06h,hod_07h,hod_08h,hod_09h,hod_10h,hod_11h,hod_12h,hod_13h,hod_14h,hod_15h,hod_16h,hod_17h,hod_18h,hod_19h,hod_20h,hod_21h,hod_22h,hod_23h,dow_mon,dow_tue,dow_wed,dow_thu,dow_fri,dow_sat,dow_sun
E09000028,E02000830,3093.14285714,16253.5,5290.5,40.8928571429,38.0357142857,23.4285714286,19.9285714286,19.6071428571,23.0714285714,33.6785714286,75.7857142857,140.285714286,153.535714286,166.464285714,181.678571429,196.214285714,196.214285714,194.464285714,198.964285714,194.785714286,212.071428571,215.785714286,204.357142857,181.607142857,150.928571429,129.535714286,101.821428571,2867.5,3179.75,4029.0,3008.75,3168.5,2975.5,2423.0
