zone_id,area_id,total,daytype_inweek,daytype_weekend,hod_00h,hod_01h,hod_02h,hod_03h,hod_04h,hod_05h,hod_06h,hod_07h,hod_08h,hod_09h,hod_10h,hod_11h,hod_12h,hod_13h,hod_14h,hod_15h,hod_16h,hod_17h,hod_18h,hod_19h,hod_20h,hod_21h,hod_22h,hod_23h,dow_mon,dow_tue,dow_wed,dow_thu,dow_fri,dow_sat,dow_sun
E08000036,E02002473,2747.28571429,14715.25,4763.75,13.7857142857,17.5714285714,12.6785714286,10.1785714286,13.3214285714,28.0,53.25,102.928571429,137.392857143,144.142857143,161.107142857,176.214285714,197.642857143,190.0,192.428571429,181.821428571,196.071428571,215.071428571,183.107142857,155.928571429,134.571428571,105.75,76.8571428571,47.4642857143,2687.75,2861.25,3654.75,2676.0,2835.5,2439.75,2076.0
