zone_id,area_id,total,daytype_inweek,daytype_weekend,hod_00h,hod_01h,hod_02h,hod_03h,hod_04h,hod_05h,hod_06h,hod_07h,hod_08h,hod_09h,hod_10h,hod_11h,hod_12h,hod_13h,hod_14h,hod_15h,hod_16h,hod_17h,hod_18h,hod_19h,hod_20h,hod_21h,hod_22h,hod_23h,dow_mon,dow_tue,dow_wed,dow_thu,dow_fri,dow_sat,dow_sun
E07000109,E02005060,2087.92857143,10864.25,3589.0,8.39285714286,10.5714285714,6.64285714286,5.96428571429,9.53571428571,21.7142857143,38.9642857143,64.1785714286,100.75,121.464285714,138.785714286,149.071428571,160.785714286,154.428571429,145.892857143,137.464285714,141.392857143,150.392857143,137.071428571,123.892857143,97.25,76.2857142857,54.0357142857,33.0,1924.25,2037.25,2637.25,2056.0,2209.5,2086.5,1664.75
