zone_id,area_id,total,daytype_inweek,daytype_weekend,hod_00h,hod_01h,hod_02h,hod_03h,hod_04h,hod_05h,hod_06h,hod_07h,hod_08h,hod_09h,hod_10h,hod_11h,hod_12h,hod_13h,hod_14h,hod_15h,hod_16h,hod_17h,hod_18h,hod_19h,hod_20h,hod_21h,hod_22h,hod_23h,dow_mon,dow_tue,dow_wed,dow_thu,dow_fri,dow_sat,dow_sun
E09000014,E02000397,1693.14285714,8815.5,3073.75,15.9642857143,17.25,10.2857142857,8.14285714286,6.46428571429,9.39285714286,17.75,40.6785714286,63.8571428571,82.5357142857,95.5714285714,108.964285714,117.75,123.25,124.321428571,124.607142857,115.142857143,113.857142857,117.357142857,107.464285714,97.2857142857,73.4285714286,61.1071428571,40.7142857143,1653.0,1735.25,2171.25,1643.75,1612.25,1615.75,1420.75
