zone_id,area_id,total,daytype_inweek,daytype_weekend,hod_00h,hod_01h,hod_02h,hod_03h,hod_04h,hod_05h,hod_06h,hod_07h,hod_08h,hod_09h,hod_10h,hod_11h,hod_12h,hod_13h,hod_14h,hod_15h,hod_16h,hod_17h,hod_18h,hod_19h,hod_20h,hod_21h,hod_22h,hod_23h,dow_mon,dow_tue,dow_wed,dow_thu,dow_fri,dow_sat,dow_sun
E07000027,E02003984,1927.14285714,10463.5,3133.5,7.85714285714,7.07142857143,5.75,4.64285714286,4.32142857143,11.6785714286,34.6785714286,66.5357142857,76.7142857143,91.8571428571,112.714285714,128.535714286,152.571428571,148.464285714,149.035714286,151.392857143,152.607142857,142.857142857,133.178571429,111.714285714,87.0714285714,69.7142857143,48.8214285714,27.3571428571,1804.0,2083.25,2678.75,1997.0,1900.5,1697.0,1329.5
