zone_id,area_id,total,daytype_inweek,daytype_weekend,hod_00h,hod_01h,hod_02h,hod_03h,hod_04h,hod_05h,hod_06h,hod_07h,hod_08h,hod_09h,hod_10h,hod_11h,hod_12h,hod_13h,hod_14h,hod_15h,hod_16h,hod_17h,hod_18h,hod_19h,hod_20h,hod_21h,hod_22h,hod_23h,dow_mon,dow_tue,dow_wed,dow_thu,dow_fri,dow_sat,dow_sun
E07000064,E02004395,2859.46428571,14839.75,5005.5,9.35714285714,8.10714285714,7.64285714286,5.60714285714,7.46428571429,14.0357142857,41.4285714286,92.2142857143,130.678571429,164.714285714,193.964285714,212.035714286,221.178571429,224.285714286,226.678571429,223.071428571,221.892857143,216.607142857,183.428571429,148.035714286,116.0,90.7142857143,64.0714285714,36.25,2682.5,3146.0,3731.75,2648.5,2631.0,2853.5,2323.0
