zone_id,area_id,total,daytype_inweek,daytype_weekend,hod_00h,hod_01h,hod_02h,hod_03h,hod_04h,hod_05h,hod_06h,hod_07h,hod_08h,hod_09h,hod_10h,hod_11h,hod_12h,hod_13h,hod_14h,hod_15h,hod_16h,hod_17h,hod_18h,hod_19h,hod_20h,hod_21h,hod_22h,hod_23h,dow_mon,dow_tue,dow_wed,dow_thu,dow_fri,dow_sat,dow_sun
E07000063,E02004390,1241.92857143,6527.0,2184.75,4.03571428571,2.57142857143,3.39285714286,1.92857142857,2.25,6.0,17.3214285714,41.1428571429,61.5714285714,69.5357142857,82.9285714286,88.8928571429,95.1785714286,102.071428571,99.6785714286,96.0,98.8928571429,96.0,83.3214285714,67.2142857143,47.3571428571,36.0,26.25,12.3928571429,1236.0,1284.5,1596.75,1274.5,1135.25,1217.75,948.75
