zone_id,area_id,total,daytype_inweek,daytype_weekend,hod_00h,hod_01h,hod_02h,hod_03h,hod_04h,hod_05h,hod_06h,hod_07h,hod_08h,hod_09h,hod_10h,hod_11h,hod_12h,hod_13h,hod_14h,hod_15h,hod_16h,hod_17h,hod_18h,hod_19h,hod_20h,hod_21h,hod_22h,hod_23h,dow_mon,dow_tue,dow_wed,dow_thu,dow_fri,dow_sat,dow_sun
E06000034,E02003298,1165.07142857,6176.25,2003.25,4.60714285714,5.53571428571,5.03571428571,4.46428571429,4.14285714286,13.0,21.8214285714,36.0,55.9285714286,62.0714285714,66.75,73.4285714286,74.0,77.8928571429,76.3928571429,76.6785714286,82.7142857143,89.3928571429,83.6071428571,70.4285714286,60.0714285714,54.1785714286,42.5357142857,24.3928571429,1126.0,1224.5,1519.0,1130.75,1176.0,1102.0,877.25
