zone_id,area_id,total,daytype_inweek,daytype_weekend,hod_00h,hod_01h,hod_02h,hod_03h,hod_04h,hod_05h,hod_06h,hod_07h,hod_08h,hod_09h,hod_10h,hod_11h,hod_12h,hod_13h,hod_14h,hod_15h,hod_16h,hod_17h,hod_18h,hod_19h,hod_20h,hod_21h,hod_22h,hod_23h,dow_mon,dow_tue,dow_wed,dow_thu,dow_fri,dow_sat,dow_sun
E08000035,E02002376,3967.60714286,20911.75,7165.75,31.2142857143,28.3928571429,16.8214285714,14.0714285714,15.3571428571,33.8571428571,74.5357142857,140.821428571,191.25,196.142857143,210.642857143,239.107142857,261.785714286,273.892857143,282.178571429,285.714285714,294.285714286,311.357142857,272.392857143,241.464285714,208.5,157.321428571,114.321428571,72.1785714286,3955.75,4036.75,5092.75,3804.25,4022.25,3651.5,3210.0
