zone_id,area_id,total,daytype_inweek,daytype_weekend,hod_00h,hod_01h,hod_02h,hod_03h,hod_04h,hod_05h,hod_06h,hod_07h,hod_08h,hod_09h,hod_10h,hod_11h,hod_12h,hod_13h,hod_14h,hod_15h,hod_16h,hod_17h,hod_18h,hod_19h,hod_20h,hod_21h,hod_22h,hod_23h,dow_mon,dow_tue,dow_wed,dow_thu,dow_fri,dow_sat,dow_sun
S12000029,S02002423,3163.89285714,16615.25,5630.0,12.1428571429,12.5,8.71428571429,6.96428571429,6.64285714286,15.2857142857,39.6428571429,113.035714286,180.571428571,166.642857143,197.607142857,222.035714286,241.964285714,248.0,249.678571429,251.785714286,256.428571429,252.714285714,203.928571429,155.357142857,129.714285714,91.5714285714,64.6071428571,36.3571428571,3103.0,3162.0,3964.0,3135.25,3251.0,3005.0,2527.0
