zone_id,area_id,total,daytype_inweek,daytype_weekend,hod_00h,hod_01h,hod_02h,hod_03h,hod_04h,hod_05h,hod_06h,hod_07h,hod_08h,hod_09h,hod_10h,hod_11h,hod_12h,hod_13h,hod_14h,hod_15h,hod_16h,hod_17h,hod_18h,hod_19h,hod_20h,hod_21h,hod_22h,hod_23h,dow_mon,dow_tue,dow_wed,dow_thu,dow_fri,dow_sat,dow_sun
E08000035,E02002340,2125.28571429,11270.0,3654.25,12.0714285714,13.25,8.96428571429,9.53571428571,19.1785714286,28.9285714286,59.4285714286,115.928571429,125.357142857,109.178571429,113.357142857,129.75,129.857142857,135.821428571,141.964285714,145.071428571,159.035714286,178.785714286,140.821428571,109.75,84.5714285714,64.7857142857,55.0357142857,34.8571428571,1992.0,2224.75,2736.0,2129.25,2188.0,1944.75,1662.25
