zone_id,area_id,total,daytype_inweek,daytype_weekend,hod_00h,hod_01h,hod_02h,hod_03h,hod_04h,hod_05h,hod_06h,hod_07h,hod_08h,hod_09h,hod_10h,hod_11h,hod_12h,hod_13h,hod_14h,hod_15h,hod_16h,hod_17h,hod_18h,hod_19h,hod_20h,hod_21h,hod_22h,hod_23h,dow_mon,dow_tue,dow_wed,dow_thu,dow_fri,dow_sat,dow_sun
E08000022,E02001745,2734.92857143,14703.0,4625.75,12.1785714286,9.64285714286,7.35714285714,7.17857142857,6.10714285714,15.9642857143,45.3214285714,107.0,142.785714286,149.607142857,181.535714286,202.321428571,220.142857143,206.928571429,206.107142857,207.107142857,207.107142857,203.535714286,169.464285714,142.642857143,108.0,77.8928571429,60.3571428571,38.6428571429,2631.0,2840.5,3592.75,2806.0,2832.75,2446.75,1994.75
