zone_id,area_id,total,daytype_inweek,daytype_weekend,hod_00h,hod_01h,hod_02h,hod_03h,hod_04h,hod_05h,hod_06h,hod_07h,hod_08h,hod_09h,hod_10h,hod_11h,hod_12h,hod_13h,hod_14h,hod_15h,hod_16h,hod_17h,hod_18h,hod_19h,hod_20h,hod_21h,hod_22h,hod_23h,dow_mon,dow_tue,dow_wed,dow_thu,dow_fri,dow_sat,dow_sun
E07000154,E02005673,6030.35714286,32496.5,9963.75,32.9642857143,34.0,29.9642857143,26.0,46.4285714286,89.6428571429,135.714285714,254.857142857,332.178571429,315.321428571,329.428571429,369.142857143,398.821428571,414.535714286,407.571428571,398.0,420.0,463.5,403.607142857,342.0,283.857142857,225.75,181.928571429,95.1428571429,5736.75,6529.75,7960.75,5981.0,6288.25,5489.0,4227.0
