zone_id,area_id,total,daytype_inweek,daytype_weekend,hod_00h,hod_01h,hod_02h,hod_03h,hod_04h,hod_05h,hod_06h,hod_07h,hod_08h,hod_09h,hod_10h,hod_11h,hod_12h,hod_13h,hod_14h,hod_15h,hod_16h,hod_17h,hod_18h,hod_19h,hod_20h,hod_21h,hod_22h,hod_23h,dow_mon,dow_tue,dow_wed,dow_thu,dow_fri,dow_sat,dow_sun
E06000049,E02003865,3580.53571429,19324.5,6136.5,15.1785714286,13.5,10.8928571429,8.21428571429,9.25,21.1428571429,42.25,125.892857143,241.107142857,225.107142857,229.785714286,242.178571429,267.892857143,256.678571429,250.107142857,240.75,263.678571429,289.5,235.392857143,192.928571429,142.25,111.428571429,87.6785714286,57.75,3476.25,3817.25,4723.0,3670.5,3637.5,3079.0,2660.25
