zone_id,area_id,total,daytype_inweek,daytype_weekend,hod_00h,hod_01h,hod_02h,hod_03h,hod_04h,hod_05h,hod_06h,hod_07h,hod_08h,hod_09h,hod_10h,hod_11h,hod_12h,hod_13h,hod_14h,hod_15h,hod_16h,hod_17h,hod_18h,hod_19h,hod_20h,hod_21h,hod_22h,hod_23h,dow_mon,dow_tue,dow_wed,dow_thu,dow_fri,dow_sat,dow_sun
E06000016,E02006851,20715.0357143,106011.5,33807.5,132.642857143,192.178571429,152.321428571,134.964285714,111.392857143,131.964285714,250.25,546.107142857,958.821428571,989.535714286,1102.10714286,1325.21428571,1515.96428571,1599.75,1594.67857143,1569.71428571,1597.17857143,1634.21428571,1343.0,1110.82142857,909.714285714,754.071428571,610.464285714,447.964285714,18498.5,20287.0,25763.25,18984.25,22478.5,23684.75,15309.0
