zone_id,area_id,total,daytype_inweek,daytype_weekend,hod_00h,hod_01h,hod_02h,hod_03h,hod_04h,hod_05h,hod_06h,hod_07h,hod_08h,hod_09h,hod_10h,hod_11h,hod_12h,hod_13h,hod_14h,hod_15h,hod_16h,hod_17h,hod_18h,hod_19h,hod_20h,hod_21h,hod_22h,hod_23h,dow_mon,dow_tue,dow_wed,dow_thu,dow_fri,dow_sat,dow_sun
E07000211,E02006377,1573.0,8469.5,2749.5,8.78571428571,7.64285714286,4.10714285714,4.75,6.89285714286,7.5,20.7857142857,59.4285714286,93.5,100.821428571,101.392857143,108.321428571,118.857142857,108.821428571,100.214285714,99.1071428571,106.678571429,116.464285714,109.214285714,92.9285714286,73.9285714286,57.0357142857,40.25,25.5714285714,1611.75,1642.75,2008.25,1582.0,1624.75,1403.75,1137.75
