zone_id,area_id,total,daytype_inweek,daytype_weekend,hod_00h,hod_01h,hod_02h,hod_03h,hod_04h,hod_05h,hod_06h,hod_07h,hod_08h,hod_09h,hod_10h,hod_11h,hod_12h,hod_13h,hod_14h,hod_15h,hod_16h,hod_17h,hod_18h,hod_19h,hod_20h,hod_21h,hod_22h,hod_23h,dow_mon,dow_tue,dow_wed,dow_thu,dow_fri,dow_sat,dow_sun
E09000007,E02000189,1819.17857143,10108.0,2854.0,14.1785714286,15.9285714286,8.67857142857,7.89285714286,6.28571428571,7.10714285714,13.9642857143,36.1071428571,74.4285714286,120.071428571,99.8571428571,111.25,132.535714286,142.0,117.785714286,124.678571429,118.428571429,129.857142857,138.714285714,115.964285714,93.0,74.6071428571,65.25,50.6071428571,1621.0,2018.75,2603.0,1917.0,1948.25,1393.25,1233.0
