zone_id,area_id,total,daytype_inweek,daytype_weekend,hod_00h,hod_01h,hod_02h,hod_03h,hod_04h,hod_05h,hod_06h,hod_07h,hod_08h,hod_09h,hod_10h,hod_11h,hod_12h,hod_13h,hod_14h,hod_15h,hod_16h,hod_17h,hod_18h,hod_19h,hod_20h,hod_21h,hod_22h,hod_23h,dow_mon,dow_tue,dow_wed,dow_thu,dow_fri,dow_sat,dow_sun
E09000008,E02000231,2423.17857143,12704.0,4194.25,21.4285714286,18.0357142857,9.89285714286,10.8928571429,9.32142857143,16.3571428571,30.2142857143,81.2142857143,114.821428571,141.178571429,152.214285714,159.214285714,162.357142857,164.357142857,157.642857143,157.678571429,157.571428571,167.142857143,165.928571429,154.214285714,129.142857143,106.75,81.7142857143,53.8928571429,2311.75,2454.5,3127.75,2428.5,2381.5,2375.75,1882.5
