zone_id,area_id,total,daytype_inweek,daytype_weekend,hod_00h,hod_01h,hod_02h,hod_03h,hod_04h,hod_05h,hod_06h,hod_07h,hod_08h,hod_09h,hod_10h,hod_11h,hod_12h,hod_13h,hod_14h,hod_15h,hod_16h,hod_17h,hod_18h,hod_19h,hod_20h,hod_21h,hod_22h,hod_23h,dow_mon,dow_tue,dow_wed,dow_thu,dow_fri,dow_sat,dow_sun
E07000081,E02004649,2526.46428571,13368.75,4281.25,11.4285714286,10.5357142857,6.96428571429,7.14285714286,7.96428571429,20.5357142857,45.1785714286,101.892857143,139.071428571,134.5,151.178571429,165.714285714,175.464285714,176.607142857,168.214285714,172.714285714,180.5,190.678571429,167.464285714,143.392857143,117.107142857,98.9285714286,79.2142857143,54.0714285714,2323.5,2561.5,3313.0,2559.25,2611.5,2358.75,1957.75
