zone_id,area_id,total,daytype_inweek,daytype_weekend,hod_00h,hod_01h,hod_02h,hod_03h,hod_04h,hod_05h,hod_06h,hod_07h,hod_08h,hod_09h,hod_10h,hod_11h,hod_12h,hod_13h,hod_14h,hod_15h,hod_16h,hod_17h,hod_18h,hod_19h,hod_20h,hod_21h,hod_22h,hod_23h,dow_mon,dow_tue,dow_wed,dow_thu,dow_fri,dow_sat,dow_sun
E07000236,E02006731,2210.14285714,11677.0,3885.5,10.5357142857,9.07142857143,7.57142857143,6.17857142857,9.64285714286,28.5,32.1428571429,71.6071428571,111.75,114.714285714,124.142857143,140.285714286,149.0,150.321428571,152.285714286,149.785714286,162.928571429,176.75,148.821428571,138.285714286,111.857142857,89.6071428571,72.1428571429,42.2142857143,2137.5,2265.25,2819.25,2176.75,2278.25,2046.0,1748.0
