zone_id,area_id,total,daytype_inweek,daytype_weekend,hod_00h,hod_01h,hod_02h,hod_03h,hod_04h,hod_05h,hod_06h,hod_07h,hod_08h,hod_09h,hod_10h,hod_11h,hod_12h,hod_13h,hod_14h,hod_15h,hod_16h,hod_17h,hod_18h,hod_19h,hod_20h,hod_21h,hod_22h,hod_23h,dow_mon,dow_tue,dow_wed,dow_thu,dow_fri,dow_sat,dow_sun
E06000005,E02002565,1106.89285714,6023.25,1882.0,5.64285714286,7.14285714286,4.71428571429,3.46428571429,3.25,6.35714285714,15.8928571429,35.0,56.1428571429,64.1428571429,73.0714285714,77.0,78.5714285714,76.5714285714,79.6428571429,78.8214285714,78.1071428571,81.25,74.9642857143,65.1785714286,53.9285714286,41.75,29.2142857143,17.0714285714,1123.75,1196.0,1500.5,1134.0,1069.0,966.75,758.25
