zone_id,area_id,total,daytype_inweek,daytype_weekend,hod_00h,hod_01h,hod_02h,hod_03h,hod_04h,hod_05h,hod_06h,hod_07h,hod_08h,hod_09h,hod_10h,hod_11h,hod_12h,hod_13h,hod_14h,hod_15h,hod_16h,hod_17h,hod_18h,hod_19h,hod_20h,hod_21h,hod_22h,hod_23h,dow_mon,dow_tue,dow_wed,dow_thu,dow_fri,dow_sat,dow_sun
E07000112,E02005110,3919.10714286,20511.0,6993.5,12.9642857143,12.9285714286,8.5,7.10714285714,8.25,18.7142857143,45.5357142857,133.0,194.642857143,211.035714286,270.857142857,297.607142857,312.357142857,309.821428571,303.535714286,299.178571429,295.678571429,303.428571429,249.678571429,209.892857143,166.642857143,116.357142857,84.3214285714,47.0714285714,3839.0,4193.75,5041.0,3772.0,3665.25,3768.25,3154.5
