zone_id,area_id,total,daytype_inweek,daytype_weekend,hod_00h,hod_01h,hod_02h,hod_03h,hod_04h,hod_05h,hod_06h,hod_07h,hod_08h,hod_09h,hod_10h,hod_11h,hod_12h,hod_13h,hod_14h,hod_15h,hod_16h,hod_17h,hod_18h,hod_19h,hod_20h,hod_21h,hod_22h,hod_23h,dow_mon,dow_tue,dow_wed,dow_thu,dow_fri,dow_sat,dow_sun
E08000016,E02001516,1861.67857143,10052.5,3180.25,9.5,9.39285714286,6.28571428571,5.60714285714,7.21428571429,25.5357142857,39.75,70.75,77.8571428571,92.4642857143,110.321428571,119.642857143,122.214285714,127.107142857,133.571428571,135.535714286,127.928571429,133.035714286,124.5,108.785714286,93.0357142857,75.0357142857,67.5,39.1071428571,1841.0,1965.25,2502.25,1871.25,1872.75,1640.0,1339.25
