zone_id,area_id,total,daytype_inweek,daytype_weekend,hod_00h,hod_01h,hod_02h,hod_03h,hod_04h,hod_05h,hod_06h,hod_07h,hod_08h,hod_09h,hod_10h,hod_11h,hod_12h,hod_13h,hod_14h,hod_15h,hod_16h,hod_17h,hod_18h,hod_19h,hod_20h,hod_21h,hod_22h,hod_23h,dow_mon,dow_tue,dow_wed,dow_thu,dow_fri,dow_sat,dow_sun
E08000015,E02001470,4421.92857143,23425.25,7505.75,19.2142857143,20.3571428571,12.0,9.64285714286,9.96428571429,25.2857142857,47.9285714286,166.821428571,246.75,233.928571429,262.928571429,287.892857143,312.142857143,322.071428571,314.714285714,323.571428571,342.964285714,349.107142857,304.0,266.071428571,212.642857143,154.0,111.035714286,66.8928571429,4152.75,4585.75,5809.0,4379.5,4498.25,4175.25,3353.0
