zone_id,area_id,total,daytype_inweek,daytype_weekend,hod_00h,hod_01h,hod_02h,hod_03h,hod_04h,hod_05h,hod_06h,hod_07h,hod_08h,hod_09h,hod_10h,hod_11h,hod_12h,hod_13h,hod_14h,hod_15h,hod_16h,hod_17h,hod_18h,hod_19h,hod_20h,hod_21h,hod_22h,hod_23h,dow_mon,dow_tue,dow_wed,dow_thu,dow_fri,dow_sat,dow_sun
E08000033,E02002261,2520.03571429,13757.75,4175.5,19.2857142857,21.8928571429,13.1071428571,10.8571428571,8.21428571429,19.8571428571,49.5,89.1071428571,122.142857143,124.785714286,142.321428571,147.964285714,163.964285714,165.214285714,174.321428571,175.357142857,192.535714286,200.107142857,169.142857143,152.678571429,126.428571429,102.357142857,76.8214285714,52.0714285714,2434.0,2712.5,3446.5,2577.75,2587.0,2141.0,1741.5
