zone_id,area_id,total,daytype_inweek,daytype_weekend,hod_00h,hod_01h,hod_02h,hod_03h,hod_04h,hod_05h,hod_06h,hod_07h,hod_08h,hod_09h,hod_10h,hod_11h,hod_12h,hod_13h,hod_14h,hod_15h,hod_16h,hod_17h,hod_18h,hod_19h,hod_20h,hod_21h,hod_22h,hod_23h,dow_mon,dow_tue,dow_wed,dow_thu,dow_fri,dow_sat,dow_sun
E06000052,E02003919,8877.46428571,47831.0,14929.0,40.1428571429,32.6428571429,20.25,19.4642857143,19.5714285714,49.7142857143,139.392857143,359.178571429,451.607142857,502.321428571,623.964285714,674.928571429,652.642857143,635.607142857,633.607142857,647.464285714,699.928571429,708.142857143,567.428571429,443.107142857,360.0,272.928571429,204.0,119.428571429,8471.75,9272.25,11876.75,9291.5,8918.75,7854.0,6457.25
