zone_id,area_id,total,daytype_inweek,daytype_weekend,hod_00h,hod_01h,hod_02h,hod_03h,hod_04h,hod_05h,hod_06h,hod_07h,hod_08h,hod_09h,hod_10h,hod_11h,hod_12h,hod_13h,hod_14h,hod_15h,hod_16h,hod_17h,hod_18h,hod_19h,hod_20h,hod_21h,hod_22h,hod_23h,dow_mon,dow_tue,dow_wed,dow_thu,dow_fri,dow_sat,dow_sun
E08000025,E02001951,2166.5,11564.25,3651.25,11.4285714286,11.6071428571,8.75,6.92857142857,9.5,22.8571428571,56.3214285714,100.214285714,100.535714286,112.857142857,118.535714286,130.714285714,141.428571429,142.321428571,143.464285714,151.0,161.571428571,166.5,149.464285714,128.928571429,109.035714286,82.1428571429,65.3571428571,35.0357142857,2069.75,2281.0,2795.0,2172.25,2246.25,2019.75,1581.5
