zone_id,area_id,total,daytype_inweek,daytype_weekend,hod_00h,hod_01h,hod_02h,hod_03h,hod_04h,hod_05h,hod_06h,hod_07h,hod_08h,hod_09h,hod_10h,hod_11h,hod_12h,hod_13h,hod_14h,hod_15h,hod_16h,hod_17h,hod_18h,hod_19h,hod_20h,hod_21h,hod_22h,hod_23h,dow_mon,dow_tue,dow_wed,dow_thu,dow_fri,dow_sat,dow_sun
E08000014,E02001443,2621.92857143,13660.25,4737.5,13.9642857143,10.8571428571,8.75,6.32142857143,5.75,9.57142857143,29.3928571429,69.4285714286,130.964285714,141.392857143,159.071428571,175.892857143,193.535714286,198.535714286,195.071428571,192.142857143,199.357142857,212.642857143,175.642857143,162.821428571,122.285714286,91.0357142857,70.0357142857,47.4642857143,2540.5,2750.5,3366.0,2459.75,2543.5,2496.25,2197.0
