zone_id,area_id,total,daytype_inweek,daytype_weekend,hod_00h,hod_01h,hod_02h,hod_03h,hod_04h,hod_05h,hod_06h,hod_07h,hod_08h,hod_09h,hod_10h,hod_11h,hod_12h,hod_13h,hod_14h,hod_15h,hod_16h,hod_17h,hod_18h,hod_19h,hod_20h,hod_21h,hod_22h,hod_23h,dow_mon,dow_tue,dow_wed,dow_thu,dow_fri,dow_sat,dow_sun
E06000035,E02003349,3536.0,18477.75,6176.25,17.3214285714,15.9285714286,9.92857142857,10.3928571429,7.60714285714,25.0,59.2142857143,122.785714286,177.785714286,198.428571429,227.285714286,238.428571429,247.821428571,251.178571429,248.428571429,245.357142857,257.285714286,265.678571429,242.428571429,220.642857143,177.0,127.75,93.5357142857,48.7857142857,3377.75,3518.5,4493.25,3540.25,3548.0,3475.75,2798.5
