zone_id,area_id,total,daytype_inweek,daytype_weekend,hod_00h,hod_01h,hod_02h,hod_03h,hod_04h,hod_05h,hod_06h,hod_07h,hod_08h,hod_09h,hod_10h,hod_11h,hod_12h,hod_13h,hod_14h,hod_15h,hod_16h,hod_17h,hod_18h,hod_19h,hod_20h,hod_21h,hod_22h,hod_23h,dow_mon,dow_tue,dow_wed,dow_thu,dow_fri,dow_sat,dow_sun
E07000046,E02004226,952.321428571,5221.5,1680.25,4.78571428571,4.03571428571,3.46428571429,2.75,4.10714285714,8.60714285714,15.6785714286,38.25,53.2142857143,58.2857142857,68.0,66.3214285714,63.3214285714,57.0,60.2857142857,63.6428571429,68.4285714286,74.2857142857,61.0714285714,46.6785714286,42.8928571429,39.6071428571,29.3928571429,18.2142857143,1007.0,1137.0,1338.25,924.75,814.5,771.5,673.25
