zone_id,area_id,total,daytype_inweek,daytype_weekend,hod_00h,hod_01h,hod_02h,hod_03h,hod_04h,hod_05h,hod_06h,hod_07h,hod_08h,hod_09h,hod_10h,hod_11h,hod_12h,hod_13h,hod_14h,hod_15h,hod_16h,hod_17h,hod_18h,hod_19h,hod_20h,hod_21h,hod_22h,hod_23h,dow_mon,dow_tue,dow_wed,dow_thu,dow_fri,dow_sat,dow_sun
E07000225,E02006566,4252.64285714,21365.0,7672.0,17.4642857143,13.7142857143,9.75,7.32142857143,11.9642857143,26.6071428571,69.6428571429,165.071428571,240.785714286,255.857142857,278.571428571,298.892857143,322.535714286,302.642857143,309.071428571,307.821428571,315.535714286,323.535714286,279.892857143,222.607142857,175.071428571,138.0,97.1071428571,63.1785714286,3850.5,4071.0,5070.75,3940.5,4432.25,4582.0,3821.5
