zone_id,area_id,total,daytype_inweek,daytype_weekend,hod_00h,hod_01h,hod_02h,hod_03h,hod_04h,hod_05h,hod_06h,hod_07h,hod_08h,hod_09h,hod_10h,hod_11h,hod_12h,hod_13h,hod_14h,hod_15h,hod_16h,hod_17h,hod_18h,hod_19h,hod_20h,hod_21h,hod_22h,hod_23h,dow_mon,dow_tue,dow_wed,dow_thu,dow_fri,dow_sat,dow_sun
E06000056,E02003615,2133.14285714,11478.75,3780.75,12.1785714286,10.3214285714,8.28571428571,8.14285714286,7.75,14.5357142857,37.25,85.9285714286,118.178571429,125.357142857,131.285714286,131.642857143,135.428571429,130.892857143,137.392857143,138.464285714,147.285714286,153.892857143,142.928571429,127.785714286,110.285714286,92.1785714286,77.5714285714,48.1785714286,2119.0,2312.5,2846.0,2208.5,1992.75,1791.5,1661.75
