zone_id,area_id,total,daytype_inweek,daytype_weekend,hod_00h,hod_01h,hod_02h,hod_03h,hod_04h,hod_05h,hod_06h,hod_07h,hod_08h,hod_09h,hod_10h,hod_11h,hod_12h,hod_13h,hod_14h,hod_15h,hod_16h,hod_17h,hod_18h,hod_19h,hod_20h,hod_21h,hod_22h,hod_23h,dow_mon,dow_tue,dow_wed,dow_thu,dow_fri,dow_sat,dow_sun
E06000052,E02003959,5319.21428571,28495.0,9375.0,18.9285714286,17.8571428571,13.3571428571,10.25,11.9642857143,28.3928571429,77.75,179.571428571,246.642857143,319.75,402.107142857,401.357142857,383.607142857,368.714285714,376.035714286,399.25,434.428571429,433.428571429,347.535714286,265.678571429,213.928571429,172.142857143,126.464285714,70.0714285714,5302.75,5455.75,7245.75,5393.5,5097.25,4667.25,4072.25
