zone_id,area_id,total,daytype_inweek,daytype_weekend,hod_00h,hod_01h,hod_02h,hod_03h,hod_04h,hod_05h,hod_06h,hod_07h,hod_08h,hod_09h,hod_10h,hod_11h,hod_12h,hod_13h,hod_14h,hod_15h,hod_16h,hod_17h,hod_18h,hod_19h,hod_20h,hod_21h,hod_22h,hod_23h,dow_mon,dow_tue,dow_wed,dow_thu,dow_fri,dow_sat,dow_sun
E07000154,E02005680,4154.53571429,22014.0,7175.0,17.3214285714,15.4642857143,14.8571428571,12.3214285714,16.5,33.5,67.7857142857,163.964285714,255.607142857,223.464285714,237.928571429,249.964285714,272.392857143,277.964285714,267.25,270.321428571,307.071428571,336.071428571,302.357142857,262.607142857,204.535714286,160.535714286,124.428571429,60.3214285714,3961.0,4227.25,5444.25,4196.0,4185.5,3853.75,3214.0
