zone_id,area_id,total,daytype_inweek,daytype_weekend,hod_00h,hod_01h,hod_02h,hod_03h,hod_04h,hod_05h,hod_06h,hod_07h,hod_08h,hod_09h,hod_10h,hod_11h,hod_12h,hod_13h,hod_14h,hod_15h,hod_16h,hod_17h,hod_18h,hod_19h,hod_20h,hod_21h,hod_22h,hod_23h,dow_mon,dow_tue,dow_wed,dow_thu,dow_fri,dow_sat,dow_sun
E06000041,E02003449,1525.28571429,8120.25,2747.25,7.64285714286,6.03571428571,3.42857142857,4.32142857143,3.0,6.60714285714,23.8214285714,59.0357142857,83.6785714286,84.1428571429,89.4285714286,95.4642857143,99.2857142857,99.8214285714,92.5357142857,95.6071428571,105.178571429,121.321428571,114.035714286,102.5,82.2142857143,68.6785714286,48.6428571429,28.8571428571,1527.25,1561.0,2002.25,1490.5,1539.25,1336.75,1220.0
