zone_id,area_id,total,daytype_inweek,daytype_weekend,hod_00h,hod_01h,hod_02h,hod_03h,hod_04h,hod_05h,hod_06h,hod_07h,hod_08h,hod_09h,hod_10h,hod_11h,hod_12h,hod_13h,hod_14h,hod_15h,hod_16h,hod_17h,hod_18h,hod_19h,hod_20h,hod_21h,hod_22h,hod_23h,dow_mon,dow_tue,dow_wed,dow_thu,dow_fri,dow_sat,dow_sun
S12000044,S02002158,1093.42857143,5868.0,1931.25,7.35714285714,7.25,5.85714285714,3.78571428571,4.92857142857,10.9642857143,15.8214285714,41.9642857143,66.3214285714,54.0357142857,58.0714285714,61.2857142857,64.4642857143,69.3928571429,71.3571428571,75.9285714286,82.4642857143,82.0357142857,78.5714285714,68.9285714286,58.5357142857,48.0714285714,33.9285714286,22.1071428571,1143.5,1128.75,1427.5,1033.75,1134.5,998.25,787.75
