zone_id,area_id,total,daytype_inweek,daytype_weekend,hod_00h,hod_01h,hod_02h,hod_03h,hod_04h,hod_05h,hod_06h,hod_07h,hod_08h,hod_09h,hod_10h,hod_11h,hod_12h,hod_13h,hod_14h,hod_15h,hod_16h,hod_17h,hod_18h,hod_19h,hod_20h,hod_21h,hod_22h,hod_23h,dow_mon,dow_tue,dow_wed,dow_thu,dow_fri,dow_sat,dow_sun
S12000014,S02001712,3543.67857143,18914.0,6238.5,18.2857142857,19.1071428571,14.4285714286,13.5714285714,13.0357142857,29.1071428571,46.4642857143,105.857142857,174.285714286,184.785714286,215.428571429,238.714285714,256.357142857,262.285714286,264.071428571,274.428571429,262.928571429,259.464285714,231.035714286,205.464285714,175.678571429,134.857142857,93.0714285714,50.9642857143,3564.25,3713.75,4621.25,3450.75,3564.0,3217.5,2674.25
