zone_id,area_id,total,daytype_inweek,daytype_weekend,hod_00h,hod_01h,hod_02h,hod_03h,hod_04h,hod_05h,hod_06h,hod_07h,hod_08h,hod_09h,hod_10h,hod_11h,hod_12h,hod_13h,hod_14h,hod_15h,hod_16h,hod_17h,hod_18h,hod_19h,hod_20h,hod_21h,hod_22h,hod_23h,dow_mon,dow_tue,dow_wed,dow_thu,dow_fri,dow_sat,dow_sun
E07000202,E02006250,5091.92857143,26759.0,8537.75,22.6785714286,29.8214285714,22.1785714286,19.1428571429,21.25,34.6785714286,72.6428571429,160.285714286,285.535714286,271.714285714,321.892857143,345.571428571,370.821428571,373.107142857,357.428571429,356.75,354.5,392.714285714,337.75,290.5,238.821428571,194.5,135.25,82.3928571429,4719.75,5325.25,6556.75,4982.0,5175.25,5066.5,3818.0
