zone_id,area_id,total,daytype_inweek,daytype_weekend,hod_00h,hod_01h,hod_02h,hod_03h,hod_04h,hod_05h,hod_06h,hod_07h,hod_08h,hod_09h,hod_10h,hod_11h,hod_12h,hod_13h,hod_14h,hod_15h,hod_16h,hod_17h,hod_18h,hod_19h,hod_20h,hod_21h,hod_22h,hod_23h,dow_mon,dow_tue,dow_wed,dow_thu,dow_fri,dow_sat,dow_sun
E06000007,E02002594,3147.14285714,17074.25,5218.75,13.5714285714,14.3571428571,10.8214285714,9.5,16.2142857143,40.1071428571,64.1428571429,119.892857143,172.607142857,166.285714286,175.928571429,194.714285714,221.25,225.142857143,217.142857143,215.464285714,251.535714286,249.75,209.678571429,177.5,145.75,109.75,80.3571428571,45.6785714286,3005.75,3326.0,4208.75,3294.75,3239.0,2742.75,2213.0
