zone_id,area_id,total,daytype_inweek,daytype_weekend,hod_00h,hod_01h,hod_02h,hod_03h,hod_04h,hod_05h,hod_06h,hod_07h,hod_08h,hod_09h,hod_10h,hod_11h,hod_12h,hod_13h,hod_14h,hod_15h,hod_16h,hod_17h,hod_18h,hod_19h,hod_20h,hod_21h,hod_22h,hod_23h,dow_mon,dow_tue,dow_wed,dow_thu,dow_fri,dow_sat,dow_sun
E08000026,E02001966,4433.14285714,23184.0,7471.5,29.7142857143,29.2857142857,22.6071428571,18.9285714286,23.4642857143,47.6428571429,92.8214285714,161.714285714,193.892857143,198.214285714,233.464285714,271.607142857,307.607142857,322.714285714,322.464285714,315.714285714,332.392857143,340.642857143,303.892857143,265.107142857,218.142857143,176.535714286,130.928571429,73.6428571429,4054.75,4608.25,5651.75,4316.0,4553.25,4431.25,3416.75
