zone_id,area_id,total,daytype_inweek,daytype_weekend,hod_00h,hod_01h,hod_02h,hod_03h,hod_04h,hod_05h,hod_06h,hod_07h,hod_08h,hod_09h,hod_10h,hod_11h,hod_12h,hod_13h,hod_14h,hod_15h,hod_16h,hod_17h,hod_18h,hod_19h,hod_20h,hod_21h,hod_22h,hod_23h,dow_mon,dow_tue,dow_wed,dow_thu,dow_fri,dow_sat,dow_sun
E07000009,E02006825,1403.17857143,7587.5,2335.0,6.53571428571,5.25,4.07142857143,4.17857142857,9.10714285714,22.3571428571,41.8928571429,67.5,81.2142857143,84.2857142857,87.9642857143,99.25,97.4285714286,91.4285714286,86.1071428571,88.3214285714,93.1071428571,107.428571429,92.3214285714,76.2857142857,57.8571428571,46.8571428571,33.5714285714,18.8571428571,1355.75,1485.75,1890.0,1442.0,1414.0,1255.5,979.25
