zone_id,area_id,total,daytype_inweek,daytype_weekend,hod_00h,hod_01h,hod_02h,hod_03h,hod_04h,hod_05h,hod_06h,hod_07h,hod_08h,hod_09h,hod_10h,hod_11h,hod_12h,hod_13h,hod_14h,hod_15h,hod_16h,hod_17h,hod_18h,hod_19h,hod_20h,hod_21h,hod_22h,hod_23h,dow_mon,dow_tue,dow_wed,dow_thu,dow_fri,dow_sat,dow_sun
E06000047,E02004299,3525.85714286,18752.25,6178.25,15.5,14.6785714286,10.1785714286,9.5,9.39285714286,24.4642857143,52.0714285714,124.428571429,174.25,200.392857143,227.285714286,258.714285714,266.392857143,266.928571429,260.964285714,262.714285714,272.5,273.285714286,223.714285714,190.642857143,148.785714286,114.142857143,79.25,45.6785714286,3513.75,3643.0,4610.5,3546.5,3438.5,3264.25,2664.5
