zone_id,area_id,total,daytype_inweek,daytype_weekend,hod_00h,hod_01h,hod_02h,hod_03h,hod_04h,hod_05h,hod_06h,hod_07h,hod_08h,hod_09h,hod_10h,hod_11h,hod_12h,hod_13h,hod_14h,hod_15h,hod_16h,hod_17h,hod_18h,hod_19h,hod_20h,hod_21h,hod_22h,hod_23h,dow_mon,dow_tue,dow_wed,dow_thu,dow_fri,dow_sat,dow_sun
E06000016,E02002837,4117.82142857,21603.25,7025.75,25.1428571429,32.9642857143,21.3571428571,16.1428571429,21.0,45.8571428571,64.9285714286,134.607142857,185.035714286,193.5,214.321428571,234.285714286,260.178571429,268.821428571,284.464285714,276.964285714,296.714285714,307.964285714,302.964285714,274.428571429,236.571428571,192.892857143,143.678571429,83.0357142857,3850.0,4172.25,5285.0,3895.25,4400.75,4045.75,3175.75
