zone_id,area_id,total,daytype_inweek,daytype_weekend,hod_00h,hod_01h,hod_02h,hod_03h,hod_04h,hod_05h,hod_06h,hod_07h,hod_08h,hod_09h,hod_10h,hod_11h,hod_12h,hod_13h,hod_14h,hod_15h,hod_16h,hod_17h,hod_18h,hod_19h,hod_20h,hod_21h,hod_22h,hod_23h,dow_mon,dow_tue,dow_wed,dow_thu,dow_fri,dow_sat,dow_sun
S12000029,S02002364,1162.03571429,6428.5,2005.25,6.0,5.21428571429,3.96428571429,3.46428571429,4.35714285714,8.46428571429,22.2857142857,51.75,70.5357142857,68.0714285714,70.5,76.0357142857,77.4285714286,82.0357142857,82.1785714286,89.7857142857,92.2857142857,84.0,65.2857142857,57.7142857143,51.7142857143,42.4642857143,30.75,15.75,1243.75,1263.25,1598.25,1229.75,1093.5,944.25,761.5
