zone_id,area_id,total,daytype_inweek,daytype_weekend,hod_00h,hod_01h,hod_02h,hod_03h,hod_04h,hod_05h,hod_06h,hod_07h,hod_08h,hod_09h,hod_10h,hod_11h,hod_12h,hod_13h,hod_14h,hod_15h,hod_16h,hod_17h,hod_18h,hod_19h,hod_20h,hod_21h,hod_22h,hod_23h,dow_mon,dow_tue,dow_wed,dow_thu,dow_fri,dow_sat,dow_sun
E07000153,E02005649,3765.60714286,20517.5,6251.25,18.1428571429,15.25,14.2142857143,9.32142857143,12.1071428571,29.1785714286,59.5,121.035714286,185.5,218.714285714,234.392857143,248.571428571,260.071428571,260.571428571,259.464285714,263.857142857,271.25,281.214285714,260.321428571,229.214285714,189.25,152.464285714,110.928571429,61.0714285714,3695.25,4035.0,4954.5,4079.75,3753.0,3285.75,2556.0
