zone_id,area_id,total,daytype_inweek,daytype_weekend,hod_00h,hod_01h,hod_02h,hod_03h,hod_04h,hod_05h,hod_06h,hod_07h,hod_08h,hod_09h,hod_10h,hod_11h,hod_12h,hod_13h,hod_14h,hod_15h,hod_16h,hod_17h,hod_18h,hod_19h,hod_20h,hod_21h,hod_22h,hod_23h,dow_mon,dow_tue,dow_wed,dow_thu,dow_fri,dow_sat,dow_sun
E08000014,E02001449,4521.75,23785.25,8010.25,21.3214285714,20.5357142857,14.9642857143,11.0714285714,9.85714285714,22.6428571429,61.6785714286,146.678571429,216.285714286,247.178571429,269.642857143,302.821428571,327.714285714,327.0,325.321428571,331.178571429,346.857142857,347.642857143,308.035714286,280.0,224.535714286,161.285714286,123.785714286,73.7142857143,4416.0,4614.25,5830.75,4428.75,4495.5,4272.75,3594.25
