zone_id,area_id,total,daytype_inweek,daytype_weekend,hod_00h,hod_01h,hod_02h,hod_03h,hod_04h,hod_05h,hod_06h,hod_07h,hod_08h,hod_09h,hod_10h,hod_11h,hod_12h,hod_13h,hod_14h,hod_15h,hod_16h,hod_17h,hod_18h,hod_19h,hod_20h,hod_21h,hod_22h,hod_23h,dow_mon,dow_tue,dow_wed,dow_thu,dow_fri,dow_sat,dow_sun
S12000015,S02001828,2379.64285714,13157.5,4153.0,11.3214285714,7.64285714286,4.78571428571,4.28571428571,8.39285714286,23.1785714286,47.5357142857,137.25,193.535714286,132.071428571,131.214285714,144.821428571,158.607142857,164.714285714,171.285714286,188.321428571,199.535714286,193.535714286,135.5,102.785714286,85.0,65.2142857143,46.0,23.1071428571,2552.75,2645.75,3183.25,2396.75,2379.0,1899.75,1600.25
