zone_id,area_id,total,daytype_inweek,daytype_weekend,hod_00h,hod_01h,hod_02h,hod_03h,hod_04h,hod_05h,hod_06h,hod_07h,hod_08h,hod_09h,hod_10h,hod_11h,hod_12h,hod_13h,hod_14h,hod_15h,hod_16h,hod_17h,hod_18h,hod_19h,hod_20h,hod_21h,hod_22h,hod_23h,dow_mon,dow_tue,dow_wed,dow_thu,dow_fri,dow_sat,dow_sun
E07000147,E02005572,2936.71428571,15407.0,5425.5,6.64285714286,3.39285714286,3.42857142857,2.60714285714,3.32142857143,8.46428571429,17.7857142857,44.1071428571,76.3214285714,156.964285714,249.035714286,280.535714286,263.107142857,254.857142857,257.714285714,260.178571429,263.821428571,228.678571429,171.107142857,131.535714286,100.321428571,76.7857142857,49.2142857143,26.7857142857,2886.0,3002.25,4028.25,3053.25,2437.25,2610.5,2539.5
