zone_id,area_id,total,daytype_inweek,daytype_weekend,hod_00h,hod_01h,hod_02h,hod_03h,hod_04h,hod_05h,hod_06h,hod_07h,hod_08h,hod_09h,hod_10h,hod_11h,hod_12h,hod_13h,hod_14h,hod_15h,hod_16h,hod_17h,hod_18h,hod_19h,hod_20h,hod_21h,hod_22h,hod_23h,dow_mon,dow_tue,dow_wed,dow_thu,dow_fri,dow_sat,dow_sun
E09000030,E02000869,1367.89285714,7006.75,2525.0,17.25,21.0357142857,13.0714285714,11.3571428571,7.35714285714,7.14285714286,14.4285714286,33.5,65.7857142857,67.2142857143,64.0714285714,73.6071428571,86.9642857143,95.0714285714,82.8928571429,79.0,79.8928571429,89.6785714286,97.5,95.3214285714,84.1071428571,69.7857142857,59.6071428571,52.25,1218.75,1402.0,1727.25,1283.5,1375.25,1262.25,1306.25
