zone_id,area_id,total,daytype_inweek,daytype_weekend,hod_00h,hod_01h,hod_02h,hod_03h,hod_04h,hod_05h,hod_06h,hod_07h,hod_08h,hod_09h,hod_10h,hod_11h,hod_12h,hod_13h,hod_14h,hod_15h,hod_16h,hod_17h,hod_18h,hod_19h,hod_20h,hod_21h,hod_22h,hod_23h,dow_mon,dow_tue,dow_wed,dow_thu,dow_fri,dow_sat,dow_sun
E06000034,E02003300,1654.17857143,8809.5,2828.25,9.03571428571,7.32142857143,5.60714285714,5.57142857143,6.60714285714,23.4642857143,32.9285714286,63.8928571429,83.5714285714,86.9642857143,100.321428571,103.785714286,107.142857143,106.392857143,107.821428571,106.071428571,119.857142857,127.035714286,113.821428571,95.8214285714,81.0714285714,73.0714285714,57.3214285714,29.6785714286,1601.25,1696.5,2170.5,1666.5,1674.75,1542.75,1227.0
