zone_id,area_id,total,daytype_inweek,daytype_weekend,hod_00h,hod_01h,hod_02h,hod_03h,hod_04h,hod_05h,hod_06h,hod_07h,hod_08h,hod_09h,hod_10h,hod_11h,hod_12h,hod_13h,hod_14h,hod_15h,hod_16h,hod_17h,hod_18h,hod_19h,hod_20h,hod_21h,hod_22h,hod_23h,dow_mon,dow_tue,dow_wed,dow_thu,dow_fri,dow_sat,dow_sun
S12000029,S02002373,2515.78571429,13682.75,4363.25,15.0357142857,14.7142857143,8.75,8.85714285714,9.82142857143,22.9285714286,47.0714285714,100.464285714,148.607142857,132.857142857,137.142857143,149.25,166.035714286,171.321428571,177.607142857,186.25,193.357142857,182.357142857,167.571428571,144.428571429,122.142857143,98.3928571429,70.0714285714,40.75,2606.5,2632.5,3335.0,2616.25,2492.5,2171.0,1756.75
