zone_id,area_id,total,daytype_inweek,daytype_weekend,hod_00h,hod_01h,hod_02h,hod_03h,hod_04h,hod_05h,hod_06h,hod_07h,hod_08h,hod_09h,hod_10h,hod_11h,hod_12h,hod_13h,hod_14h,hod_15h,hod_16h,hod_17h,hod_18h,hod_19h,hod_20h,hod_21h,hod_22h,hod_23h,dow_mon,dow_tue,dow_wed,dow_thu,dow_fri,dow_sat,dow_sun
E07000127,E02005308,1767.07142857,9430.5,3111.75,9.53571428571,8.82142857143,6.67857142857,5.0,6.14285714286,11.9642857143,28.9642857143,58.0357142857,89.5357142857,103.428571429,107.928571429,118.571428571,123.071428571,124.071428571,121.642857143,121.5,124.964285714,135.714285714,114.285714286,105.285714286,84.5714285714,68.1071428571,53.0,36.25,1719.75,1898.25,2272.0,1821.5,1719.0,1547.0,1392.0
