zone_id,area_id,total,daytype_inweek,daytype_weekend,hod_00h,hod_01h,hod_02h,hod_03h,hod_04h,hod_05h,hod_06h,hod_07h,hod_08h,hod_09h,hod_10h,hod_11h,hod_12h,hod_13h,hod_14h,hod_15h,hod_16h,hod_17h,hod_18h,hod_19h,hod_20h,hod_21h,hod_22h,hod_23h,dow_mon,dow_tue,dow_wed,dow_thu,dow_fri,dow_sat,dow_sun
E08000036,E02002444,2319.78571429,12380.0,4054.5,9.64285714286,11.8928571429,8.46428571429,6.53571428571,8.07142857143,21.2142857143,56.0,107.321428571,121.642857143,123.75,140.071428571,148.142857143,155.392857143,150.964285714,152.142857143,152.071428571,170.571428571,183.642857143,159.964285714,145.928571429,114.642857143,83.75,56.3214285714,31.6428571429,2272.5,2399.5,3055.0,2341.75,2311.25,2076.5,1782.0
