zone_id,area_id,total,daytype_inweek,daytype_weekend,hod_00h,hod_01h,hod_02h,hod_03h,hod_04h,hod_05h,hod_06h,hod_07h,hod_08h,hod_09h,hod_10h,hod_11h,hod_12h,hod_13h,hod_14h,hod_15h,hod_16h,hod_17h,hod_18h,hod_19h,hod_20h,hod_21h,hod_22h,hod_23h,dow_mon,dow_tue,dow_wed,dow_thu,dow_fri,dow_sat,dow_sun
E06000018,E02002895,6475.75,33796.75,10859.0,45.4285714286,57.1428571429,46.2857142857,42.0,36.5,53.1071428571,103.928571429,201.678571429,349.321428571,324.5,347.857142857,388.535714286,457.928571429,464.142857143,464.571428571,455.571428571,459.964285714,511.142857143,431.964285714,359.392857143,294.035714286,244.642857143,196.5,139.607142857,5962.0,6569.0,8257.0,6122.5,6886.25,6636.5,4897.0
