zone_id,area_id,total,daytype_inweek,daytype_weekend,hod_00h,hod_01h,hod_02h,hod_03h,hod_04h,hod_05h,hod_06h,hod_07h,hod_08h,hod_09h,hod_10h,hod_11h,hod_12h,hod_13h,hod_14h,hod_15h,hod_16h,hod_17h,hod_18h,hod_19h,hod_20h,hod_21h,hod_22h,hod_23h,dow_mon,dow_tue,dow_wed,dow_thu,dow_fri,dow_sat,dow_sun
E09000015,E02000454,1658.75,8649.75,2795.0,12.6785714286,13.5714285714,7.14285714286,5.39285714286,4.60714285714,9.21428571429,16.8571428571,34.0714285714,67.3571428571,95.3571428571,105.142857143,111.571428571,109.035714286,112.5,111.25,106.892857143,111.5,111.357142857,114.107142857,111.0,98.5357142857,82.5,64.2857142857,42.8214285714,1488.5,1663.25,2151.5,1668.25,1678.25,1655.0,1306.5
