zone_id,area_id,total,daytype_inweek,daytype_weekend,hod_00h,hod_01h,hod_02h,hod_03h,hod_04h,hod_05h,hod_06h,hod_07h,hod_08h,hod_09h,hod_10h,hod_11h,hod_12h,hod_13h,hod_14h,hod_15h,hod_16h,hod_17h,hod_18h,hod_19h,hod_20h,hod_21h,hod_22h,hod_23h,dow_mon,dow_tue,dow_wed,dow_thu,dow_fri,dow_sat,dow_sun
W06000020,W02000329,1589.71428571,8526.0,2703.5,9.32142857143,8.14285714286,5.96428571429,5.0,3.10714285714,13.0357142857,27.25,53.2857142857,79.2142857143,88.75,93.2857142857,104.678571429,105.071428571,105.392857143,111.5,114.357142857,121.857142857,118.714285714,110.821428571,94.3214285714,77.0,62.3928571429,45.25,32.0,1542.0,1702.5,2098.75,1629.5,1553.25,1440.5,1161.5
