zone_id,area_id,total,daytype_inweek,daytype_weekend,hod_00h,hod_01h,hod_02h,hod_03h,hod_04h,hod_05h,hod_06h,hod_07h,hod_08h,hod_09h,hod_10h,hod_11h,hod_12h,hod_13h,hod_14h,hod_15h,hod_16h,hod_17h,hod_18h,hod_19h,hod_20h,hod_21h,hod_22h,hod_23h,dow_mon,dow_tue,dow_wed,dow_thu,dow_fri,dow_sat,dow_sun
E07000141,E02005479,2842.78571429,15206.5,4946.5,11.6428571429,11.7857142857,9.46428571429,8.92857142857,11.4642857143,37.0,50.3214285714,111.928571429,153.357142857,148.964285714,180.0,194.392857143,207.25,214.535714286,218.642857143,203.357142857,210.821428571,220.035714286,180.178571429,149.964285714,111.5,91.6071428571,66.6785714286,38.9642857143,2830.25,2867.5,3773.5,2885.5,2849.75,2576.75,2116.25
