zone_id,area_id,total,daytype_inweek,daytype_weekend,hod_00h,hod_01h,hod_02h,hod_03h,hod_04h,hod_05h,hod_06h,hod_07h,hod_08h,hod_09h,hod_10h,hod_11h,hod_12h,hod_13h,hod_14h,hod_15h,hod_16h,hod_17h,hod_18h,hod_19h,hod_20h,hod_21h,hod_22h,hod_23h,dow_mon,dow_tue,dow_wed,dow_thu,dow_fri,dow_sat,dow_sun
E08000015,E02001483,4174.03571429,21853.0,7428.5,18.3571428571,19.4642857143,13.2142857143,9.67857142857,10.6785714286,21.3928571429,44.5357142857,143.964285714,222.0,220.964285714,252.678571429,271.928571429,295.642857143,296.357142857,297.142857143,298.678571429,322.785714286,334.25,291.785714286,259.535714286,204.25,146.642857143,113.214285714,64.8928571429,3996.5,4199.75,5412.0,4115.25,4129.5,3933.25,3432.0
