zone_id,area_id,total,daytype_inweek,daytype_weekend,hod_00h,hod_01h,hod_02h,hod_03h,hod_04h,hod_05h,hod_06h,hod_07h,hod_08h,hod_09h,hod_10h,hod_11h,hod_12h,hod_13h,hod_14h,hod_15h,hod_16h,hod_17h,hod_18h,hod_19h,hod_20h,hod_21h,hod_22h,hod_23h,dow_mon,dow_tue,dow_wed,dow_thu,dow_fri,dow_sat,dow_sun
E09000028,E02000808,11406.4642857,66827.75,15794.75,108.0,89.7857142857,53.0714285714,41.5,38.2857142857,57.1785714286,115.857142857,274.928571429,633.785714286,640.071428571,611.25,690.75,981.607142857,1037.21428571,827.642857143,745.928571429,723.428571429,853.035714286,824.607142857,621.035714286,480.107142857,358.571428571,317.321428571,281.5,10319.25,13197.25,17335.5,13441.0,12534.75,7542.0,5475.5
