zone_id,area_id,total,daytype_inweek,daytype_weekend,hod_00h,hod_01h,hod_02h,hod_03h,hod_04h,hod_05h,hod_06h,hod_07h,hod_08h,hod_09h,hod_10h,hod_11h,hod_12h,hod_13h,hod_14h,hod_15h,hod_16h,hod_17h,hod_18h,hod_19h,hod_20h,hod_21h,hod_22h,hod_23h,dow_mon,dow_tue,dow_wed,dow_thu,dow_fri,dow_sat,dow_sun
S12000026,S02002304,1298.28571429,7269.0,2124.0,5.03571428571,4.57142857143,2.78571428571,2.39285714286,17.9642857143,32.6071428571,30.0714285714,71.0,106.642857143,73.1428571429,70.9642857143,72.4642857143,84.6785714286,85.8928571429,89.4285714286,89.2142857143,96.8928571429,93.3214285714,83.5,58.6071428571,46.8214285714,35.2857142857,33.3928571429,11.6071428571,1337.75,1500.0,1812.25,1344.0,1275.0,1032.75,786.25
