zone_id,area_id,total,daytype_inweek,daytype_weekend,hod_00h,hod_01h,hod_02h,hod_03h,hod_04h,hod_05h,hod_06h,hod_07h,hod_08h,hod_09h,hod_10h,hod_11h,hod_12h,hod_13h,hod_14h,hod_15h,hod_16h,hod_17h,hod_18h,hod_19h,hod_20h,hod_21h,hod_22h,hod_23h,dow_mon,dow_tue,dow_wed,dow_thu,dow_fri,dow_sat,dow_sun
E07000117,E02005179,2052.64285714,11138.25,3453.25,15.6428571429,13.4642857143,8.82142857143,8.21428571429,8.67857142857,21.6428571429,34.6785714286,71.7142857143,98.4285714286,105.25,122.25,128.178571429,144.25,149.428571429,145.071428571,139.071428571,149.642857143,158.0,138.535714286,114.25,97.5357142857,77.6785714286,61.4285714286,40.7857142857,1992.5,2141.25,2739.0,2163.0,2102.5,1769.5,1460.75
