zone_id,area_id,total,daytype_inweek,daytype_weekend,hod_00h,hod_01h,hod_02h,hod_03h,hod_04h,hod_05h,hod_06h,hod_07h,hod_08h,hod_09h,hod_10h,hod_11h,hod_12h,hod_13h,hod_14h,hod_15h,hod_16h,hod_17h,hod_18h,hod_19h,hod_20h,hod_21h,hod_22h,hod_23h,dow_mon,dow_tue,dow_wed,dow_thu,dow_fri,dow_sat,dow_sun
E07000046,E02004224,1774.07142857,9357.5,3214.75,7.5,4.71428571429,4.03571428571,3.28571428571,4.64285714286,7.5,19.7142857143,52.5714285714,75.8928571429,106.214285714,133.071428571,142.857142857,130.857142857,127.571428571,127.714285714,130.035714286,133.071428571,141.428571429,117.928571429,94.5,75.7857142857,59.7857142857,45.2857142857,28.1071428571,1790.0,1915.25,2271.75,1693.75,1686.75,1636.25,1424.75
