zone_id,area_id,total,daytype_inweek,daytype_weekend,hod_00h,hod_01h,hod_02h,hod_03h,hod_04h,hod_05h,hod_06h,hod_07h,hod_08h,hod_09h,hod_10h,hod_11h,hod_12h,hod_13h,hod_14h,hod_15h,hod_16h,hod_17h,hod_18h,hod_19h,hod_20h,hod_21h,hod_22h,hod_23h,dow_mon,dow_tue,dow_wed,dow_thu,dow_fri,dow_sat,dow_sun
W06000018,W02000311,1820.03571429,9855.0,3025.5,7.82142857143,7.32142857143,5.10714285714,3.67857142857,5.17857142857,14.0357142857,27.0,67.25,93.3571428571,95.0714285714,108.357142857,120.142857143,126.5,135.75,125.714285714,132.285714286,139.214285714,141.857142857,121.678571429,104.428571429,82.4642857143,71.6428571429,51.25,32.9285714286,1743.25,1971.25,2463.75,1838.0,1838.75,1603.0,1282.25
