zone_id,area_id,total,daytype_inweek,daytype_weekend,hod_00h,hod_01h,hod_02h,hod_03h,hod_04h,hod_05h,hod_06h,hod_07h,hod_08h,hod_09h,hod_10h,hod_11h,hod_12h,hod_13h,hod_14h,hod_15h,hod_16h,hod_17h,hod_18h,hod_19h,hod_20h,hod_21h,hod_22h,hod_23h,dow_mon,dow_tue,dow_wed,dow_thu,dow_fri,dow_sat,dow_sun
E07000180,E02005991,2506.39285714,13666.75,4304.5,10.8928571429,8.07142857143,7.53571428571,5.10714285714,6.10714285714,14.7857142857,47.5,135.964285714,167.821428571,140.892857143,155.642857143,158.678571429,170.071428571,162.357142857,160.285714286,169.535714286,196.357142857,194.035714286,166.928571429,137.607142857,105.464285714,84.3928571429,62.8214285714,37.5357142857,2518.25,2673.0,3358.25,2615.0,2502.25,2091.75,1786.25
