zone_id,area_id,total,daytype_inweek,daytype_weekend,hod_00h,hod_01h,hod_02h,hod_03h,hod_04h,hod_05h,hod_06h,hod_07h,hod_08h,hod_09h,hod_10h,hod_11h,hod_12h,hod_13h,hod_14h,hod_15h,hod_16h,hod_17h,hod_18h,hod_19h,hod_20h,hod_21h,hod_22h,hod_23h,dow_mon,dow_tue,dow_wed,dow_thu,dow_fri,dow_sat,dow_sun
E09000008,E02000228,2762.82142857,14502.25,4754.5,18.5714285714,17.0,10.3928571429,9.32142857143,8.21428571429,13.75,38.8214285714,93.6428571429,149.785714286,171.928571429,178.535714286,190.035714286,189.75,178.571428571,176.285714286,175.0,186.178571429,195.0,190.071428571,180.5,148.821428571,115.428571429,80.3571428571,46.8571428571,2627.0,2809.5,3504.75,2745.0,2816.0,2710.0,2127.5
