zone_id,area_id,total,daytype_inweek,daytype_weekend,hod_00h,hod_01h,hod_02h,hod_03h,hod_04h,hod_05h,hod_06h,hod_07h,hod_08h,hod_09h,hod_10h,hod_11h,hod_12h,hod_13h,hod_14h,hod_15h,hod_16h,hod_17h,hod_18h,hod_19h,hod_20h,hod_21h,hod_22h,hod_23h,dow_mon,dow_tue,dow_wed,dow_thu,dow_fri,dow_sat,dow_sun
E06000054,E02006651,4008.10714286,21809.75,7019.5,23.5714285714,17.6785714286,13.1428571429,12.7142857143,17.2857142857,32.4285714286,91.6071428571,200.642857143,255.642857143,240.607142857,256.357142857,262.678571429,274.535714286,259.357142857,250.75,264.607142857,280.392857143,294.571428571,252.821428571,210.714285714,163.035714286,133.178571429,120.285714286,79.5,4091.5,4190.75,5383.0,4113.75,4030.75,3319.0,2928.0
