zone_id,area_id,total,daytype_inweek,daytype_weekend,hod_00h,hod_01h,hod_02h,hod_03h,hod_04h,hod_05h,hod_06h,hod_07h,hod_08h,hod_09h,hod_10h,hod_11h,hod_12h,hod_13h,hod_14h,hod_15h,hod_16h,hod_17h,hod_18h,hod_19h,hod_20h,hod_21h,hod_22h,hod_23h,dow_mon,dow_tue,dow_wed,dow_thu,dow_fri,dow_sat,dow_sun
E07000074,E02004558,1784.35714286,9557.0,3046.5,6.82142857143,7.03571428571,3.96428571429,3.21428571429,4.75,11.8571428571,23.0,56.9285714286,93.5,105.642857143,115.107142857,139.821428571,136.607142857,144.178571429,135.928571429,127.892857143,130.607142857,130.75,111.642857143,93.9642857143,77.7142857143,57.2142857143,43.2857142857,22.9285714286,1742.75,1894.25,2354.5,1806.0,1759.5,1629.75,1303.75
