zone_id,area_id,total,daytype_inweek,daytype_weekend,hod_00h,hod_01h,hod_02h,hod_03h,hod_04h,hod_05h,hod_06h,hod_07h,hod_08h,hod_09h,hod_10h,hod_11h,hod_12h,hod_13h,hod_14h,hod_15h,hod_16h,hod_17h,hod_18h,hod_19h,hod_20h,hod_21h,hod_22h,hod_23h,dow_mon,dow_tue,dow_wed,dow_thu,dow_fri,dow_sat,dow_sun
E07000181,E02005994,1404.82142857,7534.25,2474.25,8.89285714286,7.21428571429,5.25,5.32142857143,5.39285714286,8.60714285714,21.4642857143,56.3928571429,81.9285714286,84.0357142857,89.4642857143,95.0,102.892857143,96.8214285714,94.6785714286,91.9642857143,99.8214285714,103.964285714,83.8928571429,68.8928571429,59.75,53.6071428571,47.1071428571,32.4642857143,1389.25,1476.0,1859.75,1448.0,1361.25,1214.5,1085.0
