zone_id,area_id,total,daytype_inweek,daytype_weekend,hod_00h,hod_01h,hod_02h,hod_03h,hod_04h,hod_05h,hod_06h,hod_07h,hod_08h,hod_09h,hod_10h,hod_11h,hod_12h,hod_13h,hod_14h,hod_15h,hod_16h,hod_17h,hod_18h,hod_19h,hod_20h,hod_21h,hod_22h,hod_23h,dow_mon,dow_tue,dow_wed,dow_thu,dow_fri,dow_sat,dow_sun
E07000008,E02003728,3601.39285714,18976.0,6009.75,18.4285714286,19.9285714286,16.7857142857,16.7142857143,15.8214285714,17.8571428571,46.5,119.25,203.5,219.607142857,211.821428571,222.928571429,240.035714286,241.107142857,238.892857143,242.107142857,254.214285714,274.428571429,261.214285714,224.785714286,181.285714286,146.0,102.964285714,65.2142857143,3267.75,3703.0,4814.5,3447.5,3743.25,3491.75,2742.0
