zone_id,area_id,total,daytype_inweek,daytype_weekend,hod_00h,hod_01h,hod_02h,hod_03h,hod_04h,hod_05h,hod_06h,hod_07h,hod_08h,hod_09h,hod_10h,hod_11h,hod_12h,hod_13h,hod_14h,hod_15h,hod_16h,hod_17h,hod_18h,hod_19h,hod_20h,hod_21h,hod_22h,hod_23h,dow_mon,dow_tue,dow_wed,dow_thu,dow_fri,dow_sat,dow_sun
S12000036,S02001594,3006.46428571,16049.5,5419.25,18.2857142857,25.1071428571,14.4642857143,14.1428571429,12.5,18.5,40.5714285714,116.428571429,201.464285714,168.214285714,168.928571429,179.142857143,196.25,186.642857143,186.857142857,206.178571429,215.857142857,235.821428571,211.392857143,173.785714286,148.107142857,111.071428571,92.6071428571,64.1428571429,3094.5,3035.25,3884.25,2958.5,3077.0,2671.0,2324.75
