zone_id,area_id,total,daytype_inweek,daytype_weekend,hod_00h,hod_01h,hod_02h,hod_03h,hod_04h,hod_05h,hod_06h,hod_07h,hod_08h,hod_09h,hod_10h,hod_11h,hod_12h,hod_13h,hod_14h,hod_15h,hod_16h,hod_17h,hod_18h,hod_19h,hod_20h,hod_21h,hod_22h,hod_23h,dow_mon,dow_tue,dow_wed,dow_thu,dow_fri,dow_sat,dow_sun
S12000030,S02002448,5296.5,28142.25,9170.0,22.6428571429,24.3571428571,18.25,12.8571428571,11.5,23.5357142857,51.4285714286,147.535714286,275.964285714,308.107142857,346.857142857,380.107142857,438.428571429,435.142857143,427.892857143,422.428571429,407.214285714,404.071428571,326.607142857,272.571428571,216.107142857,163.892857143,104.642857143,54.3571428571,5202.0,5356.75,6977.5,5239.75,5366.25,4965.25,3968.0
