zone_id,area_id,total,daytype_inweek,daytype_weekend,hod_00h,hod_01h,hod_02h,hod_03h,hod_04h,hod_05h,hod_06h,hod_07h,hod_08h,hod_09h,hod_10h,hod_11h,hod_12h,hod_13h,hod_14h,hod_15h,hod_16h,hod_17h,hod_18h,hod_19h,hod_20h,hod_21h,hod_22h,hod_23h,dow_mon,dow_tue,dow_wed,dow_thu,dow_fri,dow_sat,dow_sun
E07000069,E02004480,972.142857143,5143.25,1703.0,4.71428571429,3.46428571429,3.21428571429,2.64285714286,2.42857142857,6.10714285714,11.6785714286,26.8571428571,43.8571428571,54.7142857143,60.5,61.9642857143,70.3214285714,65.6071428571,62.4642857143,64.5,69.4285714286,71.4285714286,73.3928571429,69.7142857143,51.5357142857,41.8571428571,29.4642857143,20.2857142857,949.25,1003.75,1299.75,942.75,947.75,908.0,753.75
