zone_id,area_id,total,daytype_inweek,daytype_weekend,hod_00h,hod_01h,hod_02h,hod_03h,hod_04h,hod_05h,hod_06h,hod_07h,hod_08h,hod_09h,hod_10h,hod_11h,hod_12h,hod_13h,hod_14h,hod_15h,hod_16h,hod_17h,hod_18h,hod_19h,hod_20h,hod_21h,hod_22h,hod_23h,dow_mon,dow_tue,dow_wed,dow_thu,dow_fri,dow_sat,dow_sun
E07000125,E02005278,1314.25,6989.75,2258.25,6.32142857143,6.57142857143,5.5,4.92857142857,4.0,8.53571428571,20.25,45.8928571429,69.1785714286,77.2857142857,82.6071428571,83.0357142857,89.1785714286,89.75,91.1071428571,90.1428571429,89.3214285714,100.392857143,93.8214285714,78.6785714286,63.5714285714,49.5357142857,41.25,23.3928571429,1210.25,1342.0,1710.0,1271.0,1456.5,1162.0,1048.0
