zone_id,area_id,total,daytype_inweek,daytype_weekend,hod_00h,hod_01h,hod_02h,hod_03h,hod_04h,hod_05h,hod_06h,hod_07h,hod_08h,hod_09h,hod_10h,hod_11h,hod_12h,hod_13h,hod_14h,hod_15h,hod_16h,hod_17h,hod_18h,hod_19h,hod_20h,hod_21h,hod_22h,hod_23h,dow_mon,dow_tue,dow_wed,dow_thu,dow_fri,dow_sat,dow_sun
E07000076,E02004576,2064.17857143,11137.0,3587.5,8.42857142857,8.07142857143,7.75,6.25,10.5,16.0714285714,37.25,74.8571428571,118.178571429,125.071428571,144.142857143,150.607142857,153.142857143,141.214285714,141.107142857,138.285714286,149.321428571,156.714285714,132.321428571,104.357142857,90.5,72.2857142857,50.9285714286,26.8214285714,2053.25,2224.5,2724.0,2123.0,2012.25,1778.0,1534.25
