zone_id,area_id,total,daytype_inweek,daytype_weekend,hod_00h,hod_01h,hod_02h,hod_03h,hod_04h,hod_05h,hod_06h,hod_07h,hod_08h,hod_09h,hod_10h,hod_11h,hod_12h,hod_13h,hod_14h,hod_15h,hod_16h,hod_17h,hod_18h,hod_19h,hod_20h,hod_21h,hod_22h,hod_23h,dow_mon,dow_tue,dow_wed,dow_thu,dow_fri,dow_sat,dow_sun
E08000003,E02001086,2492.25,13464.25,4276.25,24.6428571429,23.0,17.1785714286,13.4642857143,14.7857142857,24.1071428571,44.7142857143,100.392857143,143.642857143,136.25,129.857142857,131.821428571,150.892857143,160.285714286,160.107142857,155.607142857,180.214285714,187.428571429,180.357142857,148.178571429,124.75,98.0,83.5357142857,59.0357142857,2432.0,2642.0,3354.25,2590.0,2446.0,2137.25,1844.25
