zone_id,area_id,total,daytype_inweek,daytype_weekend,hod_00h,hod_01h,hod_02h,hod_03h,hod_04h,hod_05h,hod_06h,hod_07h,hod_08h,hod_09h,hod_10h,hod_11h,hod_12h,hod_13h,hod_14h,hod_15h,hod_16h,hod_17h,hod_18h,hod_19h,hod_20h,hod_21h,hod_22h,hod_23h,dow_mon,dow_tue,dow_wed,dow_thu,dow_fri,dow_sat,dow_sun
S12000040,S02002514,3140.57142857,17380.75,5450.5,17.9642857143,18.5714285714,15.3214285714,17.8571428571,33.3214285714,68.3571428571,105.607142857,172.821428571,190.678571429,168.892857143,174.607142857,188.035714286,206.642857143,209.035714286,220.5,215.535714286,237.392857143,242.428571429,180.357142857,141.392857143,117.785714286,93.8571428571,61.6785714286,41.9285714286,3311.5,3369.5,4173.25,3187.75,3338.75,2464.25,2139.0
