zone_id,area_id,total,daytype_inweek,daytype_weekend,hod_00h,hod_01h,hod_02h,hod_03h,hod_04h,hod_05h,hod_06h,hod_07h,hod_08h,hod_09h,hod_10h,hod_11h,hod_12h,hod_13h,hod_14h,hod_15h,hod_16h,hod_17h,hod_18h,hod_19h,hod_20h,hod_21h,hod_22h,hod_23h,dow_mon,dow_tue,dow_wed,dow_thu,dow_fri,dow_sat,dow_sun
E07000221,E02006507,1295.42857143,7075.5,2250.25,5.78571428571,3.57142857143,3.39285714286,2.53571428571,3.64285714286,11.7857142857,32.75,57.8214285714,74.2142857143,80.4285714286,86.9285714286,85.6428571429,85.9642857143,84.0,83.5,85.75,97.3214285714,95.4642857143,77.2142857143,61.3928571429,58.4285714286,51.3928571429,41.9642857143,24.5357142857,1323.5,1460.0,1706.5,1367.0,1218.5,1065.75,926.75
