zone_id,area_id,total,daytype_inweek,daytype_weekend,hod_00h,hod_01h,hod_02h,hod_03h,hod_04h,hod_05h,hod_06h,hod_07h,hod_08h,hod_09h,hod_10h,hod_11h,hod_12h,hod_13h,hod_14h,hod_15h,hod_16h,hod_17h,hod_18h,hod_19h,hod_20h,hod_21h,hod_22h,hod_23h,dow_mon,dow_tue,dow_wed,dow_thu,dow_fri,dow_sat,dow_sun
E09000030,E02000878,6787.39285714,37763.0,10670.25,83.8928571429,82.9642857143,55.1428571429,40.25,26.5,30.4642857143,55.75,138.5,320.428571429,351.5,342.75,389.392857143,521.642857143,550.785714286,466.142857143,425.25,400.892857143,460.285714286,489.107142857,410.428571429,361.107142857,293.357142857,251.535714286,239.321428571,5892.75,7271.25,9495.25,7559.25,7544.5,4971.25,4777.5
