zone_id,area_id,total,daytype_inweek,daytype_weekend,hod_00h,hod_01h,hod_02h,hod_03h,hod_04h,hod_05h,hod_06h,hod_07h,hod_08h,hod_09h,hod_10h,hod_11h,hod_12h,hod_13h,hod_14h,hod_15h,hod_16h,hod_17h,hod_18h,hod_19h,hod_20h,hod_21h,hod_22h,hod_23h,dow_mon,dow_tue,dow_wed,dow_thu,dow_fri,dow_sat,dow_sun
E07000229,E02006629,2535.32142857,13562.0,4256.5,8.82142857143,8.64285714286,7.89285714286,5.0,4.89285714286,13.5357142857,38.25,89.6785714286,122.5,134.678571429,155.785714286,178.25,197.214285714,194.821428571,195.535714286,191.464285714,196.964285714,200.714285714,165.5,141.285714286,108.357142857,84.0714285714,58.8928571429,32.5714285714,2443.75,2692.25,3383.5,2522.5,2520.0,2372.5,1812.75
