zone_id,area_id,total,daytype_inweek,daytype_weekend,hod_00h,hod_01h,hod_02h,hod_03h,hod_04h,hod_05h,hod_06h,hod_07h,hod_08h,hod_09h,hod_10h,hod_11h,hod_12h,hod_13h,hod_14h,hod_15h,hod_16h,hod_17h,hod_18h,hod_19h,hod_20h,hod_21h,hod_22h,hod_23h,dow_mon,dow_tue,dow_wed,dow_thu,dow_fri,dow_sat,dow_sun
E07000084,E02004683,4569.14285714,24394.25,7373.0,17.2142857143,20.4642857143,15.6071428571,15.25,16.75,37.6071428571,75.2142857143,177.071428571,266.142857143,249.25,277.071428571,306.357142857,342.321428571,341.964285714,323.535714286,315.714285714,335.0,350.071428571,297.714285714,263.678571429,206.178571429,146.642857143,113.0,59.3214285714,4164.25,4665.75,6068.25,4483.0,5013.0,4381.0,3208.75
