zone_id,area_id,total,daytype_inweek,daytype_weekend,hod_00h,hod_01h,hod_02h,hod_03h,hod_04h,hod_05h,hod_06h,hod_07h,hod_08h,hod_09h,hod_10h,hod_11h,hod_12h,hod_13h,hod_14h,hod_15h,hod_16h,hod_17h,hod_18h,hod_19h,hod_20h,hod_21h,hod_22h,hod_23h,dow_mon,dow_tue,dow_wed,dow_thu,dow_fri,dow_sat,dow_sun
E07000234,E02006708,1093.96428571,5989.5,1849.0,5.17857142857,4.5,3.71428571429,2.78571428571,3.25,4.92857142857,14.0714285714,37.5,53.75,61.2857142857,65.75,72.3571428571,76.75,71.75,75.6428571429,76.1071428571,85.4642857143,86.9285714286,77.7142857143,68.0714285714,54.9285714286,41.2142857143,32.2142857143,18.1071428571,1077.75,1197.25,1493.25,1146.25,1075.0,897.0,771.25
