zone_id,area_id,total,daytype_inweek,daytype_weekend,hod_00h,hod_01h,hod_02h,hod_03h,hod_04h,hod_05h,hod_06h,hod_07h,hod_08h,hod_09h,hod_10h,hod_11h,hod_12h,hod_13h,hod_14h,hod_15h,hod_16h,hod_17h,hod_18h,hod_19h,hod_20h,hod_21h,hod_22h,hod_23h,dow_mon,dow_tue,dow_wed,dow_thu,dow_fri,dow_sat,dow_sun
E07000187,E02006049,1329.53571429,7181.25,2271.0,5.14285714286,6.46428571429,3.35714285714,3.42857142857,5.25,12.3571428571,19.6071428571,45.5357142857,70.5357142857,77.7857142857,84.8571428571,83.7142857143,80.3214285714,85.6785714286,86.9642857143,85.1785714286,99.7142857143,104.25,93.1785714286,83.7857142857,64.8571428571,55.0357142857,44.1785714286,28.3571428571,1307.25,1452.75,1799.75,1382.0,1239.5,1161.75,963.75
