zone_id,area_id,total,daytype_inweek,daytype_weekend,hod_00h,hod_01h,hod_02h,hod_03h,hod_04h,hod_05h,hod_06h,hod_07h,hod_08h,hod_09h,hod_10h,hod_11h,hod_12h,hod_13h,hod_14h,hod_15h,hod_16h,hod_17h,hod_18h,hod_19h,hod_20h,hod_21h,hod_22h,hod_23h,dow_mon,dow_tue,dow_wed,dow_thu,dow_fri,dow_sat,dow_sun
E08000035,E02002352,5518.67857143,29312.25,9543.75,34.2857142857,34.6428571429,21.7142857143,18.5,16.8928571429,28.9642857143,82.75,232.357142857,339.785714286,302.75,304.5,346.392857143,369.321428571,372.714285714,370.714285714,383.464285714,412.714285714,451.928571429,384.928571429,328.392857143,259.321428571,189.714285714,140.392857143,91.5357142857,5306.25,5658.0,7159.75,5543.5,5644.75,5081.0,4237.5
