zone_id,area_id,total,daytype_inweek,daytype_weekend,hod_00h,hod_01h,hod_02h,hod_03h,hod_04h,hod_05h,hod_06h,hod_07h,hod_08h,hod_09h,hod_10h,hod_11h,hod_12h,hod_13h,hod_14h,hod_15h,hod_16h,hod_17h,hod_18h,hod_19h,hod_20h,hod_21h,hod_22h,hod_23h,dow_mon,dow_tue,dow_wed,dow_thu,dow_fri,dow_sat,dow_sun
E08000002,E02001033,2475.96428571,13159.0,4194.25,16.8214285714,15.6071428571,11.25,7.78571428571,8.07142857143,12.7142857143,32.1428571429,77.1071428571,116.535714286,129.357142857,148.035714286,162.928571429,181.178571429,184.035714286,171.678571429,175.535714286,182.071428571,183.0,166.071428571,151.214285714,128.678571429,94.3928571429,74.3571428571,45.3928571429,2303.0,2624.0,3200.25,2442.5,2589.25,2281.5,1891.25
