area_id,total,daytype_inweek,daytype_weekend,hod_00h,hod_01h,hod_02h,hod_03h,hod_04h,hod_05h,hod_06h,hod_07h,hod_08h,hod_09h,hod_10h,hod_11h,hod_12h,hod_13h,hod_14h,hod_15h,hod_16h,hod_17h,hod_18h,hod_19h,hod_20h,hod_21h,hod_22h,hod_23h,dow_mon,dow_tue,dow_wed,dow_thu,dow_fri,dow_sat,dow_sun
01059,50.25,283.5,79.0,0.464285714286,0.392857142857,0.214285714286,0.107142857143,0.75,0.642857142857,2.0,5.46428571429,2.85714285714,3.0,3.42857142857,3.28571428571,3.28571428571,3.03571428571,1.96428571429,3.5,3.17857142857,3.10714285714,1.89285714286,2.17857142857,2.14285714286,1.82142857143,1.03571428571,0.5,47.0,60.0,74.0,51.0,51.5,36.25,32.0
01036,348.857142857,1844.5,624.5,3.07142857143,2.32142857143,2.42857142857,2.82142857143,4.57142857143,6.71428571429,7.14285714286,11.1071428571,14.5714285714,16.9642857143,20.9642857143,22.2142857143,22.4285714286,22.7857142857,19.1428571429,19.3928571429,18.6785714286,19.6428571429,19.8571428571,21.3928571429,22.0,21.8571428571,15.1071428571,11.6785714286,355.25,369.0,458.25,305.75,356.25,328.25,269.25
01002,25.8214285714,138.25,44.25,0.214285714286,0.357142857143,0.214285714286,0.357142857143,0.607142857143,0.964285714286,0.785714285714,1.28571428571,0.714285714286,0.857142857143,0.892857142857,1.71428571429,1.67857142857,1.60714285714,1.39285714286,1.60714285714,1.46428571429,1.39285714286,1.46428571429,1.75,1.39285714286,1.46428571429,0.928571428571,0.714285714286,22.75,29.5,35.5,24.75,25.75,21.0,21.5
total,424.928571429,2266.25,747.75,3.75,3.07142857143,2.85714285714,3.28571428571,5.92857142857,8.32142857143,9.92857142857,17.8571428571,18.1428571429,20.8214285714,25.2857142857,27.2142857143,27.3928571429,27.4285714286,22.5,24.5,23.3214285714,24.1428571429,23.2142857143,25.3214285714,25.5357142857,25.1428571429,17.0714285714,12.8928571429,425.0,458.5,567.75,381.5,433.5,385.5,322.75
