zone_id,area_id,total,daytype_inweek,daytype_weekend,hod_00h,hod_01h,hod_02h,hod_03h,hod_04h,hod_05h,hod_06h,hod_07h,hod_08h,hod_09h,hod_10h,hod_11h,hod_12h,hod_13h,hod_14h,hod_15h,hod_16h,hod_17h,hod_18h,hod_19h,hod_20h,hod_21h,hod_22h,hod_23h,dow_mon,dow_tue,dow_wed,dow_thu,dow_fri,dow_sat,dow_sun
E08000031,E02002164,2369.96428571,12511.5,4046.75,17.9285714286,22.8214285714,16.3928571429,14.8928571429,11.3928571429,24.3214285714,40.9285714286,67.3928571429,97.1428571429,108.035714286,123.892857143,144.535714286,151.035714286,164.821428571,164.857142857,167.892857143,170.071428571,174.178571429,158.892857143,144.464285714,128.25,110.035714286,91.5357142857,54.25,2192.75,2534.0,2983.0,2237.75,2564.0,2224.25,1854.0
