zone_id,area_id,total,daytype_inweek,daytype_weekend,hod_00h,hod_01h,hod_02h,hod_03h,hod_04h,hod_05h,hod_06h,hod_07h,hod_08h,hod_09h,hod_10h,hod_11h,hod_12h,hod_13h,hod_14h,hod_15h,hod_16h,hod_17h,hod_18h,hod_19h,hod_20h,hod_21h,hod_22h,hod_23h,dow_mon,dow_tue,dow_wed,dow_thu,dow_fri,dow_sat,dow_sun
E07000147,E02005570,1179.28571429,6109.5,2135.75,2.85714285714,1.89285714286,1.03571428571,1.39285714286,1.57142857143,2.85714285714,10.7142857143,21.4642857143,42.1428571429,66.3571428571,96.1071428571,100.285714286,95.6428571429,99.9285714286,93.3214285714,95.6428571429,101.892857143,93.4642857143,73.0,58.9642857143,46.2142857143,38.3214285714,24.6428571429,9.57142857143,1148.0,1175.5,1525.5,1172.25,1088.25,1157.75,987.75
