zone_id,area_id,total,daytype_inweek,daytype_weekend,hod_00h,hod_01h,hod_02h,hod_03h,hod_04h,hod_05h,hod_06h,hod_07h,hod_08h,hod_09h,hod_10h,hod_11h,hod_12h,hod_13h,hod_14h,hod_15h,hod_16h,hod_17h,hod_18h,hod_19h,hod_20h,hod_21h,hod_22h,hod_23h,dow_mon,dow_tue,dow_wed,dow_thu,dow_fri,dow_sat,dow_sun
E07000136,E02005419,1136.78571429,6180.75,1796.5,2.14285714286,2.35714285714,3.75,3.07142857143,6.39285714286,19.2142857143,27.25,49.25,67.1428571429,65.7857142857,73.2142857143,72.6428571429,76.5357142857,81.3928571429,82.0714285714,76.5357142857,76.0357142857,89.5357142857,72.8214285714,56.9285714286,51.3214285714,41.25,27.0357142857,13.1071428571,1058.75,1227.5,1588.0,1133.0,1173.5,1039.0,737.75
