zone_id,area_id,total,daytype_inweek,daytype_weekend,hod_00h,hod_01h,hod_02h,hod_03h,hod_04h,hod_05h,hod_06h,hod_07h,hod_08h,hod_09h,hod_10h,hod_11h,hod_12h,hod_13h,hod_14h,hod_15h,hod_16h,hod_17h,hod_18h,hod_19h,hod_20h,hod_21h,hod_22h,hod_23h,dow_mon,dow_tue,dow_wed,dow_thu,dow_fri,dow_sat,dow_sun
E07000234,E02006703,1176.5,6395.75,2023.0,4.25,5.25,3.10714285714,3.21428571429,2.78571428571,7.75,13.9285714286,31.0357142857,63.8571428571,72.7857142857,78.4285714286,73.7857142857,77.7142857143,79.4642857143,78.0714285714,77.75,78.75,86.2142857143,82.1785714286,77.75,61.0357142857,51.4642857143,41.9642857143,23.9642857143,1178.5,1304.25,1582.0,1233.0,1098.0,995.25,844.5
