zone_id,area_id,total,daytype_inweek,daytype_weekend,hod_00h,hod_01h,hod_02h,hod_03h,hod_04h,hod_05h,hod_06h,hod_07h,hod_08h,hod_09h,hod_10h,hod_11h,hod_12h,hod_13h,hod_14h,hod_15h,hod_16h,hod_17h,hod_18h,hod_19h,hod_20h,hod_21h,hod_22h,hod_23h,dow_mon,dow_tue,dow_wed,dow_thu,dow_fri,dow_sat,dow_sun
S12000014,S02001711,1800.28571429,9612.25,3177.75,7.75,10.1071428571,7.28571428571,6.85714285714,5.92857142857,14.7142857143,26.8571428571,61.0714285714,90.6785714286,89.5357142857,98.1071428571,113.321428571,121.178571429,125.178571429,135.285714286,139.75,144.071428571,139.214285714,123.642857143,106.964285714,89.3571428571,74.75,43.75,24.9285714286,1800.25,1899.0,2424.5,1707.0,1781.5,1612.25,1377.5
