zone_id,area_id,total,daytype_inweek,daytype_weekend,hod_00h,hod_01h,hod_02h,hod_03h,hod_04h,hod_05h,hod_06h,hod_07h,hod_08h,hod_09h,hod_10h,hod_11h,hod_12h,hod_13h,hod_14h,hod_15h,hod_16h,hod_17h,hod_18h,hod_19h,hod_20h,hod_21h,hod_22h,hod_23h,dow_mon,dow_tue,dow_wed,dow_thu,dow_fri,dow_sat,dow_sun
E07000034,E02004060,2024.14285714,10803.75,3450.5,8.46428571429,8.14285714286,7.32142857143,4.92857142857,5.17857142857,13.1071428571,34.4642857143,80.1785714286,102.892857143,109.035714286,126.607142857,136.714285714,147.428571429,148.678571429,148.678571429,145.607142857,157.535714286,154.428571429,133.5,113.535714286,96.4285714286,70.8928571429,48.75,21.6428571429,1960.5,2108.5,2604.5,2092.0,2038.25,1875.25,1490.0
