zone_id,area_id,total,daytype_inweek,daytype_weekend,hod_00h,hod_01h,hod_02h,hod_03h,hod_04h,hod_05h,hod_06h,hod_07h,hod_08h,hod_09h,hod_10h,hod_11h,hod_12h,hod_13h,hod_14h,hod_15h,hod_16h,hod_17h,hod_18h,hod_19h,hod_20h,hod_21h,hod_22h,hod_23h,dow_mon,dow_tue,dow_wed,dow_thu,dow_fri,dow_sat,dow_sun
E07000106,E02005010,4619.5,23070.75,8705.25,14.9642857143,12.3214285714,9.67857142857,8.28571428571,7.46428571429,21.7857142857,49.2857142857,147.857142857,212.178571429,236.214285714,290.892857143,337.571428571,355.857142857,358.642857143,364.214285714,367.857142857,361.357142857,365.142857143,309.535714286,267.535714286,208.357142857,158.857142857,101.321428571,52.3214285714,4143.5,4430.75,5641.5,4325.5,4529.5,4704.0,4561.75
