zone_id,area_id,total,daytype_inweek,daytype_weekend,hod_00h,hod_01h,hod_02h,hod_03h,hod_04h,hod_05h,hod_06h,hod_07h,hod_08h,hod_09h,hod_10h,hod_11h,hod_12h,hod_13h,hod_14h,hod_15h,hod_16h,hod_17h,hod_18h,hod_19h,hod_20h,hod_21h,hod_22h,hod_23h,dow_mon,dow_tue,dow_wed,dow_thu,dow_fri,dow_sat,dow_sun
E06000011,E02002692,1966.0,10757.75,3410.5,6.39285714286,6.14285714286,5.60714285714,4.78571428571,7.28571428571,19.4642857143,42.1071428571,88.3928571429,111.321428571,120.714285714,143.035714286,145.464285714,139.142857143,121.642857143,128.107142857,126.642857143,142.142857143,148.678571429,125.678571429,101.107142857,84.0714285714,70.25,50.5714285714,27.25,2012.0,2194.0,2720.0,2002.0,1829.75,1605.75,1398.5
