zone_id,area_id,total,daytype_inweek,daytype_weekend,hod_00h,hod_01h,hod_02h,hod_03h,hod_04h,hod_05h,hod_06h,hod_07h,hod_08h,hod_09h,hod_10h,hod_11h,hod_12h,hod_13h,hod_14h,hod_15h,hod_16h,hod_17h,hod_18h,hod_19h,hod_20h,hod_21h,hod_22h,hod_23h,dow_mon,dow_tue,dow_wed,dow_thu,dow_fri,dow_sat,dow_sun
S12000039,S02002472,1142.10714286,5997.5,2017.5,5.17857142857,9.03571428571,5.75,3.82142857143,3.25,8.28571428571,12.7142857143,38.25,64.9642857143,67.0357142857,66.3214285714,73.0,78.5357142857,79.8571428571,79.6071428571,85.75,87.4642857143,78.5357142857,78.0,65.7857142857,55.7142857143,42.2142857143,32.5,20.5357142857,1094.5,1210.5,1451.5,1049.75,1191.25,1074.25,923.0
