zone_id,area_id,total,daytype_inweek,daytype_weekend,hod_00h,hod_01h,hod_02h,hod_03h,hod_04h,hod_05h,hod_06h,hod_07h,hod_08h,hod_09h,hod_10h,hod_11h,hod_12h,hod_13h,hod_14h,hod_15h,hod_16h,hod_17h,hod_18h,hod_19h,hod_20h,hod_21h,hod_22h,hod_23h,dow_mon,dow_tue,dow_wed,dow_thu,dow_fri,dow_sat,dow_sun
E07000136,E02005417,997.714285714,5263.25,1782.75,3.53571428571,3.46428571429,3.85714285714,2.96428571429,9.71428571429,29.1071428571,31.6071428571,39.8214285714,48.9285714286,51.6428571429,64.8571428571,64.6428571429,64.5357142857,65.5357142857,68.9642857143,64.8214285714,67.3214285714,73.0,67.5714285714,53.5357142857,42.4285714286,33.0357142857,25.4285714286,17.3928571429,1005.25,1050.75,1250.0,948.25,1009.0,943.25,777.5
