zone_id,area_id,total,daytype_inweek,daytype_weekend,hod_00h,hod_01h,hod_02h,hod_03h,hod_04h,hod_05h,hod_06h,hod_07h,hod_08h,hod_09h,hod_10h,hod_11h,hod_12h,hod_13h,hod_14h,hod_15h,hod_16h,hod_17h,hod_18h,hod_19h,hod_20h,hod_21h,hod_22h,hod_23h,dow_mon,dow_tue,dow_wed,dow_thu,dow_fri,dow_sat,dow_sun
E09000018,E02000530,3140.17857143,16736.75,5520.0,31.5357142857,31.25,18.8571428571,16.75,29.5714285714,43.3928571429,62.9642857143,107.892857143,136.785714286,159.857142857,175.285714286,186.5,216.821428571,218.357142857,212.642857143,204.25,197.142857143,204.571428571,198.785714286,189.678571429,165.25,147.5,107.642857143,76.8928571429,3064.5,3249.0,4073.5,3239.75,3110.0,2789.0,2455.5
