zone_id,area_id,total,daytype_inweek,daytype_weekend,hod_00h,hod_01h,hod_02h,hod_03h,hod_04h,hod_05h,hod_06h,hod_07h,hod_08h,hod_09h,hod_10h,hod_11h,hod_12h,hod_13h,hod_14h,hod_15h,hod_16h,hod_17h,hod_18h,hod_19h,hod_20h,hod_21h,hod_22h,hod_23h,dow_mon,dow_tue,dow_wed,dow_thu,dow_fri,dow_sat,dow_sun
W06000010,W02000145,1718.17857143,9064.25,3032.75,5.64285714286,5.67857142857,3.75,4.07142857143,4.25,11.6071428571,24.3214285714,61.9285714286,87.8928571429,101.392857143,118.714285714,124.678571429,127.357142857,131.214285714,133.25,128.857142857,128.928571429,128.142857143,105.821428571,84.4642857143,73.3214285714,57.2857142857,43.6071428571,22.0,1696.0,1824.75,2188.75,1628.5,1726.25,1626.25,1336.75
