zone_id,area_id,total,daytype_inweek,daytype_weekend,hod_00h,hod_01h,hod_02h,hod_03h,hod_04h,hod_05h,hod_06h,hod_07h,hod_08h,hod_09h,hod_10h,hod_11h,hod_12h,hod_13h,hod_14h,hod_15h,hod_16h,hod_17h,hod_18h,hod_19h,hod_20h,hod_21h,hod_22h,hod_23h,dow_mon,dow_tue,dow_wed,dow_thu,dow_fri,dow_sat,dow_sun
E07000163,E02005742,17.7857142857,96.0,33.25,0.0,0.107142857143,0.0,0.0357142857143,0.0,0.0714285714286,0.321428571429,0.178571428571,0.857142857143,1.32142857143,1.85714285714,1.5,1.21428571429,1.17857142857,2.21428571429,1.46428571429,0.964285714286,1.57142857143,0.892857142857,0.571428571429,0.392857142857,0.5,0.285714285714,0.285714285714,19.5,18.5,22.0,18.5,17.5,14.75,13.75
