zone_id,area_id,total,daytype_inweek,daytype_weekend,hod_00h,hod_01h,hod_02h,hod_03h,hod_04h,hod_05h,hod_06h,hod_07h,hod_08h,hod_09h,hod_10h,hod_11h,hod_12h,hod_13h,hod_14h,hod_15h,hod_16h,hod_17h,hod_18h,hod_19h,hod_20h,hod_21h,hod_22h,hod_23h,dow_mon,dow_tue,dow_wed,dow_thu,dow_fri,dow_sat,dow_sun
E09000033,E02000976,3714.82142857,19036.25,9612.25,35.1785714286,28.8571428571,19.4285714286,12.8214285714,12.0714285714,13.5357142857,33.1785714286,61.9642857143,157.607142857,170.25,162.392857143,184.964285714,214.214285714,232.964285714,245.321428571,284.821428571,297.75,328.285714286,327.857142857,274.035714286,222.857142857,163.928571429,122.892857143,107.642857143,5450.25,3220.25,4176.75,3079.5,3109.5,2805.5,4162.0
