zone_id,area_id,total,daytype_inweek,daytype_weekend,hod_00h,hod_01h,hod_02h,hod_03h,hod_04h,hod_05h,hod_06h,hod_07h,hod_08h,hod_09h,hod_10h,hod_11h,hod_12h,hod_13h,hod_14h,hod_15h,hod_16h,hod_17h,hod_18h,hod_19h,hod_20h,hod_21h,hod_22h,hod_23h,dow_mon,dow_tue,dow_wed,dow_thu,dow_fri,dow_sat,dow_sun
E07000091,E02004791,1654.46428571,8559.5,3003.5,6.46428571429,4.14285714286,2.07142857143,2.42857142857,3.0,14.2142857143,32.0714285714,74.25,91.0,91.5714285714,103.285714286,115.428571429,120.107142857,111.642857143,111.75,119.357142857,133.357142857,136.535714286,111.678571429,88.1071428571,68.8928571429,52.3928571429,36.8928571429,23.8214285714,1577.0,1605.0,2078.5,1689.5,1609.5,1595.25,1426.5
