zone_id,area_id,total,daytype_inweek,daytype_weekend,hod_00h,hod_01h,hod_02h,hod_03h,hod_04h,hod_05h,hod_06h,hod_07h,hod_08h,hod_09h,hod_10h,hod_11h,hod_12h,hod_13h,hod_14h,hod_15h,hod_16h,hod_17h,hod_18h,hod_19h,hod_20h,hod_21h,hod_22h,hod_23h,dow_mon,dow_tue,dow_wed,dow_thu,dow_fri,dow_sat,dow_sun
W06000011,W02000190,1734.53571429,9101.25,2996.25,7.46428571429,9.64285714286,7.82142857143,4.07142857143,5.60714285714,8.07142857143,18.75,60.7142857143,109.75,87.4642857143,102.285714286,111.392857143,118.107142857,118.821428571,115.571428571,126.0,139.107142857,136.964285714,125.642857143,107.0,81.8214285714,62.7857142857,46.5,23.1785714286,1578.5,1790.5,2259.5,1685.0,1787.75,1622.75,1417.75
