zone_id,area_id,total,daytype_inweek,daytype_weekend,hod_00h,hod_01h,hod_02h,hod_03h,hod_04h,hod_05h,hod_06h,hod_07h,hod_08h,hod_09h,hod_10h,hod_11h,hod_12h,hod_13h,hod_14h,hod_15h,hod_16h,hod_17h,hod_18h,hod_19h,hod_20h,hod_21h,hod_22h,hod_23h,dow_mon,dow_tue,dow_wed,dow_thu,dow_fri,dow_sat,dow_sun
S12000036,S02001640,5281.14285714,28300.0,9075.0,32.6428571429,44.7142857143,28.8928571429,25.2857142857,23.0,44.2142857143,99.3928571429,215.0,338.0,309.035714286,285.321428571,317.142857143,339.285714286,348.285714286,347.357142857,357.107142857,381.464285714,427.464285714,364.607142857,280.714285714,222.428571429,184.035714286,155.214285714,110.535714286,5272.0,5532.25,6849.75,5233.5,5412.5,4865.0,3803.0
