zone_id,area_id,total,daytype_inweek,daytype_weekend,hod_00h,hod_01h,hod_02h,hod_03h,hod_04h,hod_05h,hod_06h,hod_07h,hod_08h,hod_09h,hod_10h,hod_11h,hod_12h,hod_13h,hod_14h,hod_15h,hod_16h,hod_17h,hod_18h,hod_19h,hod_20h,hod_21h,hod_22h,hod_23h,dow_mon,dow_tue,dow_wed,dow_thu,dow_fri,dow_sat,dow_sun
E08000019,E02001639,2428.67857143,13030.5,4052.5,11.6071428571,11.2857142857,10.3571428571,8.60714285714,7.5,11.9642857143,34.8214285714,98.4642857143,155.785714286,143.464285714,143.428571429,149.75,158.321428571,160.357142857,163.107142857,166.321428571,186.964285714,190.0,168.571428571,145.357142857,112.035714286,88.7142857143,62.1785714286,39.7142857143,2302.75,2553.5,3293.25,2388.5,2492.5,2220.5,1749.75
