zone_id,area_id,total,daytype_inweek,daytype_weekend,hod_00h,hod_01h,hod_02h,hod_03h,hod_04h,hod_05h,hod_06h,hod_07h,hod_08h,hod_09h,hod_10h,hod_11h,hod_12h,hod_13h,hod_14h,hod_15h,hod_16h,hod_17h,hod_18h,hod_19h,hod_20h,hod_21h,hod_22h,hod_23h,dow_mon,dow_tue,dow_wed,dow_thu,dow_fri,dow_sat,dow_sun
E07000225,E02006571,3321.0,17078.0,5939.0,11.6428571429,11.3571428571,7.57142857143,6.75,9.32142857143,17.9285714286,40.8214285714,106.678571429,176.357142857,195.142857143,220.642857143,254.392857143,261.071428571,245.821428571,245.142857143,252.785714286,252.392857143,245.178571429,209.464285714,180.107142857,139.428571429,105.964285714,79.2142857143,45.8214285714,3159.75,3339.0,4107.0,3109.5,3362.75,3389.75,2779.25
