zone_id,area_id,total,daytype_inweek,daytype_weekend,hod_00h,hod_01h,hod_02h,hod_03h,hod_04h,hod_05h,hod_06h,hod_07h,hod_08h,hod_09h,hod_10h,hod_11h,hod_12h,hod_13h,hod_14h,hod_15h,hod_16h,hod_17h,hod_18h,hod_19h,hod_20h,hod_21h,hod_22h,hod_23h,dow_mon,dow_tue,dow_wed,dow_thu,dow_fri,dow_sat,dow_sun
E07000213,E02006407,2019.07142857,10563.25,3499.75,13.3571428571,9.42857142857,7.17857142857,4.39285714286,6.14285714286,15.8214285714,30.1071428571,70.5,100.607142857,120.678571429,131.392857143,141.0,146.928571429,144.75,131.821428571,136.464285714,136.142857143,144.178571429,134.321428571,125.035714286,105.928571429,79.25,52.2142857143,31.4285714286,1874.5,2038.75,2542.5,2023.0,2084.5,1945.0,1625.25
