zone_id,area_id,total,daytype_inweek,daytype_weekend,hod_00h,hod_01h,hod_02h,hod_03h,hod_04h,hod_05h,hod_06h,hod_07h,hod_08h,hod_09h,hod_10h,hod_11h,hod_12h,hod_13h,hod_14h,hod_15h,hod_16h,hod_17h,hod_18h,hod_19h,hod_20h,hod_21h,hod_22h,hod_23h,dow_mon,dow_tue,dow_wed,dow_thu,dow_fri,dow_sat,dow_sun
E07000036,E02004078,1054.96428571,5555.25,1892.75,4.10714285714,4.46428571429,2.78571428571,2.75,4.42857142857,11.3928571429,21.5,31.5357142857,42.3571428571,53.4642857143,67.7857142857,69.9642857143,76.7857142857,72.8214285714,70.6785714286,73.3214285714,82.5,76.3214285714,74.6785714286,65.5,59.25,41.5714285714,30.6071428571,14.3928571429,1037.75,1124.0,1310.0,1009.0,1074.5,974.5,855.0
