zone_id,area_id,total,daytype_inweek,daytype_weekend,hod_00h,hod_01h,hod_02h,hod_03h,hod_04h,hod_05h,hod_06h,hod_07h,hod_08h,hod_09h,hod_10h,hod_11h,hod_12h,hod_13h,hod_14h,hod_15h,hod_16h,hod_17h,hod_18h,hod_19h,hod_20h,hod_21h,hod_22h,hod_23h,dow_mon,dow_tue,dow_wed,dow_thu,dow_fri,dow_sat,dow_sun
E07000227,E02006597,4341.5,23144.75,7393.25,20.0714285714,16.5714285714,9.0,7.89285714286,12.0357142857,29.0,61.2142857143,184.142857143,281.357142857,272.428571429,289.535714286,295.821428571,309.321428571,308.928571429,297.642857143,294.357142857,314.392857143,348.642857143,280.642857143,218.464285714,175.642857143,134.285714286,107.071428571,73.0357142857,4117.25,4549.75,5680.5,4422.5,4374.75,3969.75,3276.0
