zone_id,area_id,total,daytype_inweek,daytype_weekend,hod_00h,hod_01h,hod_02h,hod_03h,hod_04h,hod_05h,hod_06h,hod_07h,hod_08h,hod_09h,hod_10h,hod_11h,hod_12h,hod_13h,hod_14h,hod_15h,hod_16h,hod_17h,hod_18h,hod_19h,hod_20h,hod_21h,hod_22h,hod_23h,dow_mon,dow_tue,dow_wed,dow_thu,dow_fri,dow_sat,dow_sun
E07000076,E02004590,2034.39285714,10848.0,3506.75,8.57142857143,13.2857142857,6.78571428571,4.42857142857,4.67857142857,12.8214285714,26.8928571429,54.3928571429,91.8214285714,111.285714286,139.035714286,156.678571429,161.892857143,152.75,156.0,149.142857143,149.607142857,150.964285714,125.035714286,114.464285714,91.25,76.5714285714,48.6785714286,27.3571428571,1950.0,2137.25,2702.5,2101.75,1956.5,1836.0,1556.75
