zone_id,area_id,total,daytype_inweek,daytype_weekend,hod_00h,hod_01h,hod_02h,hod_03h,hod_04h,hod_05h,hod_06h,hod_07h,hod_08h,hod_09h,hod_10h,hod_11h,hod_12h,hod_13h,hod_14h,hod_15h,hod_16h,hod_17h,hod_18h,hod_19h,hod_20h,hod_21h,hod_22h,hod_23h,dow_mon,dow_tue,dow_wed,dow_thu,dow_fri,dow_sat,dow_sun
E07000127,E02005318,2636.14285714,14156.25,4459.0,13.9642857143,14.3928571429,8.92857142857,6.14285714286,7.10714285714,21.3928571429,45.25,101.214285714,146.928571429,139.464285714,159.678571429,166.428571429,193.107142857,186.571428571,172.035714286,181.357142857,186.821428571,206.642857143,176.892857143,152.607142857,128.642857143,94.3928571429,76.6071428571,49.5714285714,2503.25,2740.75,3459.5,2827.0,2625.75,2341.0,1955.75
