zone_id,area_id,total,daytype_inweek,daytype_weekend,hod_00h,hod_01h,hod_02h,hod_03h,hod_04h,hod_05h,hod_06h,hod_07h,hod_08h,hod_09h,hod_10h,hod_11h,hod_12h,hod_13h,hod_14h,hod_15h,hod_16h,hod_17h,hod_18h,hod_19h,hod_20h,hod_21h,hod_22h,hod_23h,dow_mon,dow_tue,dow_wed,dow_thu,dow_fri,dow_sat,dow_sun
E06000036,E02003360,5329.10714286,28522.5,9015.5,28.0714285714,25.2142857143,14.8571428571,13.6071428571,15.8571428571,35.7142857143,96.8214285714,203.535714286,309.678571429,281.035714286,318.357142857,348.5,387.571428571,370.428571429,346.964285714,358.142857143,367.178571429,404.178571429,367.071428571,321.964285714,273.071428571,209.0,144.964285714,87.3214285714,5095.25,5605.25,6994.25,5340.5,5487.25,4861.0,3920.25
