zone_id,area_id,total,daytype_inweek,daytype_weekend,hod_00h,hod_01h,hod_02h,hod_03h,hod_04h,hod_05h,hod_06h,hod_07h,hod_08h,hod_09h,hod_10h,hod_11h,hod_12h,hod_13h,hod_14h,hod_15h,hod_16h,hod_17h,hod_18h,hod_19h,hod_20h,hod_21h,hod_22h,hod_23h,dow_mon,dow_tue,dow_wed,dow_thu,dow_fri,dow_sat,dow_sun
E09000010,E02000287,1440.46428571,7593.5,2453.75,12.75,8.96428571429,5.14285714286,4.21428571429,3.21428571429,9.42857142857,19.8928571429,51.3928571429,71.5714285714,87.5,90.3571428571,100.357142857,104.392857143,103.714285714,103.107142857,98.25,93.7142857143,102.714285714,95.25,80.6071428571,69.6785714286,55.3928571429,43.4285714286,25.4285714286,1360.5,1472.0,1911.75,1431.25,1418.0,1396.5,1093.25
