zone_id,area_id,total,daytype_inweek,daytype_weekend,hod_00h,hod_01h,hod_02h,hod_03h,hod_04h,hod_05h,hod_06h,hod_07h,hod_08h,hod_09h,hod_10h,hod_11h,hod_12h,hod_13h,hod_14h,hod_15h,hod_16h,hod_17h,hod_18h,hod_19h,hod_20h,hod_21h,hod_22h,hod_23h,dow_mon,dow_tue,dow_wed,dow_thu,dow_fri,dow_sat,dow_sun
E07000075,E02004564,1163.25,6108.5,2080.5,6.71428571429,5.10714285714,4.82142857143,3.42857142857,3.75,9.07142857143,19.1785714286,36.25,54.8571428571,68.8214285714,79.2857142857,84.2142857143,76.7142857143,76.0357142857,74.6071428571,75.9285714286,79.3571428571,81.7857142857,76.75,74.5357142857,57.8214285714,49.8928571429,40.5,23.8214285714,1146.5,1236.25,1509.5,1131.5,1084.75,1100.25,934.0
