zone_id,area_id,total,daytype_inweek,daytype_weekend,hod_00h,hod_01h,hod_02h,hod_03h,hod_04h,hod_05h,hod_06h,hod_07h,hod_08h,hod_09h,hod_10h,hod_11h,hod_12h,hod_13h,hod_14h,hod_15h,hod_16h,hod_17h,hod_18h,hod_19h,hod_20h,hod_21h,hod_22h,hod_23h,dow_mon,dow_tue,dow_wed,dow_thu,dow_fri,dow_sat,dow_sun
E06000055,E02003626,2670.57142857,14233.25,4533.25,10.0,11.0714285714,7.71428571429,6.92857142857,10.4642857143,26.3571428571,46.5,100.25,156.75,148.321428571,165.785714286,170.321428571,192.357142857,185.607142857,183.321428571,186.178571429,191.178571429,213.071428571,178.0,153.428571429,129.071428571,91.6428571429,69.0,37.25,2514.75,2779.25,3494.25,2689.25,2755.75,2442.25,2018.5
