zone_id,area_id,total,daytype_inweek,daytype_weekend,hod_00h,hod_01h,hod_02h,hod_03h,hod_04h,hod_05h,hod_06h,hod_07h,hod_08h,hod_09h,hod_10h,hod_11h,hod_12h,hod_13h,hod_14h,hod_15h,hod_16h,hod_17h,hod_18h,hod_19h,hod_20h,hod_21h,hod_22h,hod_23h,dow_mon,dow_tue,dow_wed,dow_thu,dow_fri,dow_sat,dow_sun
S12000006,S02001436,2702.57142857,14865.5,4639.0,12.2857142857,11.6071428571,8.46428571429,7.10714285714,9.96428571429,29.7142857143,60.8214285714,137.892857143,179.25,155.464285714,153.535714286,173.535714286,172.785714286,186.321428571,191.571428571,196.571428571,214.285714286,207.678571429,169.392857143,129.857142857,97.7142857143,83.4285714286,67.2142857143,46.1071428571,2827.25,2982.25,3563.25,2761.75,2731.0,2240.75,1811.75
