zone_id,area_id,total,daytype_inweek,daytype_weekend,hod_00h,hod_01h,hod_02h,hod_03h,hod_04h,hod_05h,hod_06h,hod_07h,hod_08h,hod_09h,hod_10h,hod_11h,hod_12h,hod_13h,hod_14h,hod_15h,hod_16h,hod_17h,hod_18h,hod_19h,hod_20h,hod_21h,hod_22h,hod_23h,dow_mon,dow_tue,dow_wed,dow_thu,dow_fri,dow_sat,dow_sun
E07000042,E02004164,1750.60714286,9445.75,2986.0,4.89285714286,5.28571428571,5.57142857143,4.21428571429,7.0,13.75,33.75,73.5357142857,108.428571429,105.0,116.857142857,125.357142857,120.928571429,111.464285714,116.142857143,124.535714286,124.928571429,137.857142857,114.821428571,92.25,73.9642857143,65.0714285714,43.6428571429,21.3571428571,1730.0,1889.0,2320.0,1774.25,1732.5,1552.5,1256.0
