zone_id,area_id,total,daytype_inweek,daytype_weekend,hod_00h,hod_01h,hod_02h,hod_03h,hod_04h,hod_05h,hod_06h,hod_07h,hod_08h,hod_09h,hod_10h,hod_11h,hod_12h,hod_13h,hod_14h,hod_15h,hod_16h,hod_17h,hod_18h,hod_19h,hod_20h,hod_21h,hod_22h,hod_23h,dow_mon,dow_tue,dow_wed,dow_thu,dow_fri,dow_sat,dow_sun
E07000148,E02005584,5632.10714286,30491.0,9132.25,21.7857142857,28.25,22.6785714286,22.3571428571,28.1428571429,59.2857142857,111.714285714,224.892857143,335.25,306.178571429,355.357142857,385.107142857,411.035714286,405.892857143,387.892857143,385.678571429,413.428571429,437.678571429,363.678571429,295.392857143,230.857142857,178.0,140.75,80.8214285714,5207.75,5971.75,7450.25,5886.0,5975.25,5009.25,3924.5
