zone_id,area_id,total,daytype_inweek,daytype_weekend,hod_00h,hod_01h,hod_02h,hod_03h,hod_04h,hod_05h,hod_06h,hod_07h,hod_08h,hod_09h,hod_10h,hod_11h,hod_12h,hod_13h,hod_14h,hod_15h,hod_16h,hod_17h,hod_18h,hod_19h,hod_20h,hod_21h,hod_22h,hod_23h,dow_mon,dow_tue,dow_wed,dow_thu,dow_fri,dow_sat,dow_sun
E09000016,E02000471,2032.0,10579.75,3543.5,12.5,14.9642857143,7.64285714286,6.32142857143,6.75,14.4642857143,21.7142857143,59.4642857143,95.1071428571,123.25,140.285714286,150.678571429,149.678571429,146.107142857,137.285714286,130.464285714,132.25,141.107142857,136.642857143,125.25,107.75,77.0,59.7857142857,35.5357142857,1935.25,2042.0,2573.0,1962.75,2066.75,2036.0,1608.25
