zone_id,area_id,total,daytype_inweek,daytype_weekend,hod_00h,hod_01h,hod_02h,hod_03h,hod_04h,hod_05h,hod_06h,hod_07h,hod_08h,hod_09h,hod_10h,hod_11h,hod_12h,hod_13h,hod_14h,hod_15h,hod_16h,hod_17h,hod_18h,hod_19h,hod_20h,hod_21h,hod_22h,hod_23h,dow_mon,dow_tue,dow_wed,dow_thu,dow_fri,dow_sat,dow_sun
S12000015,S02001751,2491.0,13064.5,4371.0,10.5714285714,9.82142857143,7.07142857143,6.85714285714,7.28571428571,21.9285714286,61.1071428571,88.0714285714,130.25,121.571428571,136.571428571,156.5,175.142857143,179.035714286,178.75,195.642857143,202.035714286,207.535714286,187.75,132.071428571,105.071428571,83.25,54.7142857143,32.3928571429,2377.75,2571.0,3147.5,2389.5,2578.75,2379.25,1993.25
