zone_id,area_id,total,daytype_inweek,daytype_weekend,hod_00h,hod_01h,hod_02h,hod_03h,hod_04h,hod_05h,hod_06h,hod_07h,hod_08h,hod_09h,hod_10h,hod_11h,hod_12h,hod_13h,hod_14h,hod_15h,hod_16h,hod_17h,hod_18h,hod_19h,hod_20h,hod_21h,hod_22h,hod_23h,dow_mon,dow_tue,dow_wed,dow_thu,dow_fri,dow_sat,dow_sun
E07000121,E02005230,3432.75,18400.5,5794.25,14.4642857143,15.1071428571,12.75,9.42857142857,9.46428571429,20.5357142857,51.3571428571,117.214285714,155.714285714,176.5,220.607142857,241.071428571,265.642857143,268.642857143,259.857142857,255.535714286,263.892857143,267.857142857,222.678571429,179.25,144.607142857,118.892857143,86.25,55.4285714286,3277.25,3649.75,4615.5,3501.5,3356.5,3111.75,2517.0
