zone_id,area_id,total,daytype_inweek,daytype_weekend,hod_00h,hod_01h,hod_02h,hod_03h,hod_04h,hod_05h,hod_06h,hod_07h,hod_08h,hod_09h,hod_10h,hod_11h,hod_12h,hod_13h,hod_14h,hod_15h,hod_16h,hod_17h,hod_18h,hod_19h,hod_20h,hod_21h,hod_22h,hod_23h,dow_mon,dow_tue,dow_wed,dow_thu,dow_fri,dow_sat,dow_sun
E07000052,E02004270,1972.10714286,10455.5,3315.5,6.03571428571,5.71428571429,6.03571428571,5.92857142857,5.17857142857,14.7142857143,30.8571428571,66.9285714286,110.785714286,119.535714286,134.714285714,140.035714286,143.571428571,132.285714286,136.142857143,142.714285714,144.357142857,154.464285714,130.214285714,108.142857143,83.2142857143,68.4642857143,52.5,29.5714285714,1830.25,2037.0,2572.5,2001.5,2014.25,1864.0,1485.25
