zone_id,area_id,total,daytype_inweek,daytype_weekend,hod_00h,hod_01h,hod_02h,hod_03h,hod_04h,hod_05h,hod_06h,hod_07h,hod_08h,hod_09h,hod_10h,hod_11h,hod_12h,hod_13h,hod_14h,hod_15h,hod_16h,hod_17h,hod_18h,hod_19h,hod_20h,hod_21h,hod_22h,hod_23h,dow_mon,dow_tue,dow_wed,dow_thu,dow_fri,dow_sat,dow_sun
E07000086,E02004724,1835.17857143,9661.0,3234.0,9.39285714286,7.32142857143,4.60714285714,5.07142857143,5.25,14.3571428571,36.8214285714,71.5,84.7142857143,104.607142857,117.607142857,132.321428571,136.035714286,129.785714286,126.357142857,125.857142857,127.357142857,131.071428571,117.0,107.714285714,91.4642857143,75.2142857143,49.75,24.0,1790.75,1828.0,2350.0,1813.5,1878.75,1742.0,1443.25
