zone_id,area_id,total,daytype_inweek,daytype_weekend,hod_00h,hod_01h,hod_02h,hod_03h,hod_04h,hod_05h,hod_06h,hod_07h,hod_08h,hod_09h,hod_10h,hod_11h,hod_12h,hod_13h,hod_14h,hod_15h,hod_16h,hod_17h,hod_18h,hod_19h,hod_20h,hod_21h,hod_22h,hod_23h,dow_mon,dow_tue,dow_wed,dow_thu,dow_fri,dow_sat,dow_sun
E07000085,E02004708,2112.53571429,11134.25,3756.5,10.8571428571,7.92857142857,3.35714285714,2.67857142857,3.67857142857,10.4642857143,36.5714285714,86.1785714286,123.392857143,123.714285714,141.285714286,149.892857143,158.357142857,153.857142857,156.107142857,151.964285714,158.25,163.071428571,132.714285714,106.642857143,85.0714285714,66.3571428571,48.6428571429,31.5,2063.5,2104.0,2675.75,2116.25,2174.75,1960.5,1693.0
