zone_id,area_id,total,daytype_inweek,daytype_weekend,hod_00h,hod_01h,hod_02h,hod_03h,hod_04h,hod_05h,hod_06h,hod_07h,hod_08h,hod_09h,hod_10h,hod_11h,hod_12h,hod_13h,hod_14h,hod_15h,hod_16h,hod_17h,hod_18h,hod_19h,hod_20h,hod_21h,hod_22h,hod_23h,dow_mon,dow_tue,dow_wed,dow_thu,dow_fri,dow_sat,dow_sun
E06000039,E02003419,2556.78571429,13374.25,4353.25,16.7142857143,16.8928571429,13.3214285714,9.5,16.8928571429,30.1071428571,57.1071428571,94.8928571429,124.75,125.75,137.428571429,152.321428571,166.357142857,175.357142857,174.107142857,164.642857143,173.357142857,189.0,173.178571429,157.285714286,137.428571429,122.928571429,84.1071428571,43.3571428571,2334.5,2618.25,3354.75,2477.0,2589.75,2504.5,2018.75
