zone_id,area_id,total,daytype_inweek,daytype_weekend,hod_00h,hod_01h,hod_02h,hod_03h,hod_04h,hod_05h,hod_06h,hod_07h,hod_08h,hod_09h,hod_10h,hod_11h,hod_12h,hod_13h,hod_14h,hod_15h,hod_16h,hod_17h,hod_18h,hod_19h,hod_20h,hod_21h,hod_22h,hod_23h,dow_mon,dow_tue,dow_wed,dow_thu,dow_fri,dow_sat,dow_sun
E08000033,E02002246,2222.17857143,11833.0,3834.0,10.1428571429,12.3928571429,7.89285714286,7.46428571429,6.60714285714,15.2857142857,37.6785714286,90.5714285714,115.178571429,120.642857143,134.821428571,142.142857143,150.035714286,148.357142857,146.464285714,149.785714286,164.25,175.75,151.571428571,134.785714286,116.464285714,86.25,60.8571428571,36.7857142857,2130.5,2330.5,2938.0,2197.5,2236.5,2018.75,1703.5
