zone_id,area_id,total,daytype_inweek,daytype_weekend,hod_00h,hod_01h,hod_02h,hod_03h,hod_04h,hod_05h,hod_06h,hod_07h,hod_08h,hod_09h,hod_10h,hod_11h,hod_12h,hod_13h,hod_14h,hod_15h,hod_16h,hod_17h,hod_18h,hod_19h,hod_20h,hod_21h,hod_22h,hod_23h,dow_mon,dow_tue,dow_wed,dow_thu,dow_fri,dow_sat,dow_sun
E08000003,E02006914,7705.64285714,39696.75,12619.75,85.1071428571,119.214285714,100.071428571,89.3571428571,69.6785714286,57.2857142857,94.0,216.785714286,443.071428571,361.071428571,332.25,374.785714286,460.607142857,469.071428571,444.535714286,476.642857143,527.75,633.857142857,566.0,474.75,397.964285714,324.857142857,320.607142857,266.321428571,6672.5,7669.25,9792.0,7151.25,8411.75,8295.5,5947.25
