zone_id,area_id,total,daytype_inweek,daytype_weekend,hod_00h,hod_01h,hod_02h,hod_03h,hod_04h,hod_05h,hod_06h,hod_07h,hod_08h,hod_09h,hod_10h,hod_11h,hod_12h,hod_13h,hod_14h,hod_15h,hod_16h,hod_17h,hod_18h,hod_19h,hod_20h,hod_21h,hod_22h,hod_23h,dow_mon,dow_tue,dow_wed,dow_thu,dow_fri,dow_sat,dow_sun
E07000169,E02005814,1634.85714286,8842.5,2766.5,5.82142857143,4.75,5.60714285714,4.82142857143,6.57142857143,22.0,31.4642857143,61.25,88.0714285714,96.8571428571,103.964285714,105.821428571,108.928571429,107.571428571,114.178571429,111.642857143,118.892857143,127.75,111.0,94.75,78.5357142857,61.0357142857,41.8214285714,21.75,1607.5,1729.0,2214.0,1735.75,1556.25,1442.5,1159.0
