zone_id,area_id,total,daytype_inweek,daytype_weekend,hod_00h,hod_01h,hod_02h,hod_03h,hod_04h,hod_05h,hod_06h,hod_07h,hod_08h,hod_09h,hod_10h,hod_11h,hod_12h,hod_13h,hod_14h,hod_15h,hod_16h,hod_17h,hod_18h,hod_19h,hod_20h,hod_21h,hod_22h,hod_23h,dow_mon,dow_tue,dow_wed,dow_thu,dow_fri,dow_sat,dow_sun
W06000013,W02000225,3756.92857143,19735.25,6548.25,17.7857142857,15.6428571429,9.92857142857,6.89285714286,8.14285714286,28.0714285714,53.1071428571,126.464285714,185.25,202.214285714,228.321428571,264.857142857,265.714285714,273.892857143,280.392857143,275.428571429,288.107142857,295.142857143,253.321428571,212.25,180.678571429,135.357142857,98.8571428571,51.1071428571,3575.25,3999.25,4671.0,3588.5,3901.25,3590.25,2973.0
