zone_id,area_id,total,daytype_inweek,daytype_weekend,hod_00h,hod_01h,hod_02h,hod_03h,hod_04h,hod_05h,hod_06h,hod_07h,hod_08h,hod_09h,hod_10h,hod_11h,hod_12h,hod_13h,hod_14h,hod_15h,hod_16h,hod_17h,hod_18h,hod_19h,hod_20h,hod_21h,hod_22h,hod_23h,dow_mon,dow_tue,dow_wed,dow_thu,dow_fri,dow_sat,dow_sun
E07000189,E02006083,2473.96428571,13420.25,4172.0,11.0,11.3571428571,7.32142857143,7.10714285714,7.78571428571,16.9285714286,46.7142857143,112.857142857,145.464285714,145.357142857,157.142857143,162.785714286,167.75,173.071428571,168.357142857,167.535714286,181.5,191.928571429,160.535714286,135.607142857,109.178571429,89.1785714286,63.5357142857,33.9642857143,2439.0,2690.25,3227.0,2564.0,2500.0,2164.5,1733.0
