zone_id,area_id,total,daytype_inweek,daytype_weekend,hod_00h,hod_01h,hod_02h,hod_03h,hod_04h,hod_05h,hod_06h,hod_07h,hod_08h,hod_09h,hod_10h,hod_11h,hod_12h,hod_13h,hod_14h,hod_15h,hod_16h,hod_17h,hod_18h,hod_19h,hod_20h,hod_21h,hod_22h,hod_23h,dow_mon,dow_tue,dow_wed,dow_thu,dow_fri,dow_sat,dow_sun
E07000008,E02003731,6431.64285714,34732.0,10509.5,30.0,29.6071428571,22.3928571429,20.9642857143,16.8571428571,35.6785714286,92.3571428571,244.464285714,383.392857143,420.5,409.071428571,437.642857143,472.464285714,447.714285714,429.785714286,436.107142857,444.714285714,480.214285714,441.607142857,370.0,290.392857143,212.821428571,158.25,104.642857143,5881.5,6819.25,8941.5,6395.25,6694.5,5661.5,4628.0
