zone_id,area_id,total,daytype_inweek,daytype_weekend,hod_00h,hod_01h,hod_02h,hod_03h,hod_04h,hod_05h,hod_06h,hod_07h,hod_08h,hod_09h,hod_10h,hod_11h,hod_12h,hod_13h,hod_14h,hod_15h,hod_16h,hod_17h,hod_18h,hod_19h,hod_20h,hod_21h,hod_22h,hod_23h,dow_mon,dow_tue,dow_wed,dow_thu,dow_fri,dow_sat,dow_sun
E07000125,E02005285,1386.25,7280.25,2383.75,7.89285714286,9.14285714286,5.71428571429,4.71428571429,3.67857142857,7.39285714286,17.9642857143,36.6785714286,59.8214285714,75.3571428571,83.0714285714,93.4285714286,102.357142857,102.464285714,100.964285714,103.642857143,99.5357142857,95.9642857143,91.3214285714,88.1785714286,72.2857142857,57.9285714286,40.7857142857,25.9642857143,1290.25,1415.25,1764.25,1391.5,1419.0,1330.0,1093.5
