zone_id,area_id,total,daytype_inweek,daytype_weekend,hod_00h,hod_01h,hod_02h,hod_03h,hod_04h,hod_05h,hod_06h,hod_07h,hod_08h,hod_09h,hod_10h,hod_11h,hod_12h,hod_13h,hod_14h,hod_15h,hod_16h,hod_17h,hod_18h,hod_19h,hod_20h,hod_21h,hod_22h,hod_23h,dow_mon,dow_tue,dow_wed,dow_thu,dow_fri,dow_sat,dow_sun
S12000041,S02001367,1146.85714286,6344.5,2019.25,3.89285714286,4.42857142857,3.25,2.89285714286,3.14285714286,7.53571428571,21.1071428571,51.4285714286,72.0357142857,72.2142857143,69.7142857143,70.9642857143,77.2857142857,73.9642857143,77.2142857143,80.9285714286,92.9285714286,87.8571428571,70.75,60.1428571429,52.8571428571,43.7857142857,31.7857142857,14.75,1239.5,1317.75,1580.25,1184.5,1022.5,903.75,779.75
