zone_id,area_id,total,daytype_inweek,daytype_weekend,hod_00h,hod_01h,hod_02h,hod_03h,hod_04h,hod_05h,hod_06h,hod_07h,hod_08h,hod_09h,hod_10h,hod_11h,hod_12h,hod_13h,hod_14h,hod_15h,hod_16h,hod_17h,hod_18h,hod_19h,hod_20h,hod_21h,hod_22h,hod_23h,dow_mon,dow_tue,dow_wed,dow_thu,dow_fri,dow_sat,dow_sun
S12000034,S02001305,2359.85714286,12646.5,4343.0,8.67857142857,8.17857142857,5.35714285714,5.89285714286,8.21428571429,20.4642857143,55.7142857143,113.678571429,152.571428571,139.142857143,148.928571429,155.785714286,164.107142857,160.25,162.678571429,174.178571429,191.714285714,176.285714286,143.285714286,117.214285714,95.25,76.1785714286,52.5714285714,23.5357142857,2509.0,2535.5,3053.75,2293.25,2255.0,2038.5,1834.0
