area_id,total,daytype_inweek,daytype_weekend,hod_00h,hod_01h,hod_02h,hod_03h,hod_04h,hod_05h,hod_06h,hod_07h,hod_08h,hod_09h,hod_10h,hod_11h,hod_12h,hod_13h,hod_14h,hod_15h,hod_16h,hod_17h,hod_18h,hod_19h,hod_20h,hod_21h,hod_22h,hod_23h,dow_mon,dow_tue,dow_wed,dow_thu,dow_fri,dow_sat,dow_sun
9059,17.9285714286,95.75,27.25,0.178571428571,0.0,0.0357142857143,0.0,0.0357142857143,0.0714285714286,0.464285714286,2.25,1.96428571429,1.10714285714,1.5,1.32142857143,1.25,1.64285714286,0.857142857143,0.464285714286,0.607142857143,1.14285714286,1.0,0.75,0.5,0.5,0.25,0.0357142857143,16.0,18.25,21.5,14.75,25.25,18.5,11.25
9321,124.821428571,619.75,229.5,2.03571428571,1.82142857143,1.57142857143,1.25,2.0,1.71428571429,2.92857142857,3.67857142857,4.60714285714,4.92857142857,7.10714285714,8.42857142857,8.42857142857,8.03571428571,6.32142857143,5.03571428571,5.78571428571,4.53571428571,6.03571428571,7.28571428571,8.46428571429,8.0,7.35714285714,7.46428571429,113.5,121.75,157.0,90.75,136.75,138.0,116.0
9018,208.571428571,1098.0,350.75,2.96428571429,2.17857142857,1.71428571429,1.14285714286,1.10714285714,2.07142857143,4.92857142857,8.75,9.39285714286,8.67857142857,11.3928571429,12.1785714286,15.0,16.5,17.2142857143,10.6785714286,9.21428571429,10.5357142857,15.1785714286,15.6785714286,12.2142857143,9.71428571429,6.53571428571,3.60714285714,204.25,209.5,266.5,188.5,229.25,215.5,146.5
9219,0.5,2.0,0.25,0.0,0.0,0.0,0.0,0.0,0.0,0.0,0.0,0.0,0.0357142857143,0.0,0.0357142857143,0.0357142857143,0.0357142857143,0.0,0.142857142857,0.0357142857143,0.0,0.0357142857143,0.107142857143,0.0357142857143,0.0,0.0,0.0,0.0,0.25,0.25,0.5,1.0,1.25,0.25
9048,0.0357142857143,0.25,0.0,0.0,0.0,0.0,0.0,0.0,0.0,0.0,0.0,0.0,0.0,0.0,0.0,0.0,0.0357142857143,0.0,0.0,0.0,0.0,0.0,0.0,0.0,0.0,0.0,0.0,0.0,0.25,0.0,0.0,0.0,0.0,0.0
9209,0.0357142857143,0.25,0.0,0.0,0.0,0.0,0.0,0.0,0.0,0.0,0.0,0.0,0.0,0.0,0.0,0.0,0.0,0.0,0.0,0.0,0.0357142857143,0.0,0.0,0.0,0.0,0.0,0.0,0.0,0.0,0.0,0.0,0.25,0.0,0.0
total,351.892857143,1816.0,607.75,5.17857142857,4.0,3.32142857143,2.39285714286,3.14285714286,3.85714285714,8.32142857143,14.6785714286,15.9642857143,14.75,20.0,21.9642857143,24.7142857143,26.25,24.3928571429,16.3214285714,15.6428571429,16.25,22.25,23.8214285714,21.2142857143,18.2142857143,14.1428571429,11.1071428571,333.75,350.0,445.25,294.5,392.5,373.25,274.0
