zone_id,area_id,total,daytype_inweek,daytype_weekend,hod_00h,hod_01h,hod_02h,hod_03h,hod_04h,hod_05h,hod_06h,hod_07h,hod_08h,hod_09h,hod_10h,hod_11h,hod_12h,hod_13h,hod_14h,hod_15h,hod_16h,hod_17h,hod_18h,hod_19h,hod_20h,hod_21h,hod_22h,hod_23h,dow_mon,dow_tue,dow_wed,dow_thu,dow_fri,dow_sat,dow_sun
S12000034,S02001301,1618.60714286,8691.5,2880.25,3.42857142857,3.28571428571,2.5,3.21428571429,5.89285714286,19.5357142857,52.4642857143,91.5357142857,105.5,102.178571429,100.25,100.928571429,105.678571429,103.964285714,115.071428571,133.821428571,134.25,129.714285714,97.6071428571,74.6428571429,55.8214285714,46.7857142857,21.7142857143,8.82142857143,1638.5,1735.5,2118.0,1636.75,1562.75,1397.0,1241.75
