zone_id,area_id,total,daytype_inweek,daytype_weekend,hod_00h,hod_01h,hod_02h,hod_03h,hod_04h,hod_05h,hod_06h,hod_07h,hod_08h,hod_09h,hod_10h,hod_11h,hod_12h,hod_13h,hod_14h,hod_15h,hod_16h,hod_17h,hod_18h,hod_19h,hod_20h,hod_21h,hod_22h,hod_23h,dow_mon,dow_tue,dow_wed,dow_thu,dow_fri,dow_sat,dow_sun
E07000211,E02006384,5398.42857143,28852.5,8881.5,31.6785714286,30.1071428571,18.8571428571,13.1071428571,14.4285714286,25.8214285714,64.5357142857,199.678571429,342.428571429,328.357142857,358.928571429,384.785714286,388.0,375.821428571,356.178571429,366.928571429,374.142857143,415.535714286,347.607142857,316.25,246.285714286,183.642857143,128.071428571,87.25,4946.75,5529.25,7137.5,5614.0,5625.0,5001.75,3934.75
