zone_id,area_id,total,daytype_inweek,daytype_weekend,hod_00h,hod_01h,hod_02h,hod_03h,hod_04h,hod_05h,hod_06h,hod_07h,hod_08h,hod_09h,hod_10h,hod_11h,hod_12h,hod_13h,hod_14h,hod_15h,hod_16h,hod_17h,hod_18h,hod_19h,hod_20h,hod_21h,hod_22h,hod_23h,dow_mon,dow_tue,dow_wed,dow_thu,dow_fri,dow_sat,dow_sun
E07000240,E02004936,1820.25,9696.75,3135.5,10.4285714286,10.3214285714,6.28571428571,5.42857142857,5.42857142857,9.14285714286,21.0357142857,50.5714285714,87.2142857143,111.678571429,117.107142857,125.535714286,130.964285714,132.107142857,127.464285714,128.928571429,121.785714286,133.571428571,121.071428571,113.642857143,92.5,72.8214285714,52.7857142857,32.4285714286,1806.25,1834.0,2378.5,1837.5,1840.5,1715.75,1329.25
