zone_id,area_id,total,daytype_inweek,daytype_weekend,hod_00h,hod_01h,hod_02h,hod_03h,hod_04h,hod_05h,hod_06h,hod_07h,hod_08h,hod_09h,hod_10h,hod_11h,hod_12h,hod_13h,hod_14h,hod_15h,hod_16h,hod_17h,hod_18h,hod_19h,hod_20h,hod_21h,hod_22h,hod_23h,dow_mon,dow_tue,dow_wed,dow_thu,dow_fri,dow_sat,dow_sun
E07000067,E02004447,1140.53571429,6147.25,1967.25,3.85714285714,2.14285714286,2.67857142857,2.07142857143,2.85714285714,7.64285714286,22.3571428571,63.6428571429,72.8571428571,70.8928571429,75.4285714286,77.2142857143,79.9285714286,74.6785714286,73.3571428571,76.4642857143,82.4642857143,90.6071428571,68.3571428571,60.8571428571,44.3214285714,39.8214285714,27.9642857143,18.0714285714,1139.75,1251.25,1497.5,1159.5,1099.25,1009.0,827.5
