zone_id,area_id,total,daytype_inweek,daytype_weekend,hod_00h,hod_01h,hod_02h,hod_03h,hod_04h,hod_05h,hod_06h,hod_07h,hod_08h,hod_09h,hod_10h,hod_11h,hod_12h,hod_13h,hod_14h,hod_15h,hod_16h,hod_17h,hod_18h,hod_19h,hod_20h,hod_21h,hod_22h,hod_23h,dow_mon,dow_tue,dow_wed,dow_thu,dow_fri,dow_sat,dow_sun
E09000023,E02000662,1690.32142857,8691.75,2967.5,22.5,20.0,13.6428571429,9.60714285714,8.32142857143,10.1785714286,17.2857142857,41.75,67.2142857143,83.75,97.3571428571,101.178571429,114.178571429,110.392857143,110.071428571,111.785714286,112.071428571,113.035714286,117.107142857,111.071428571,94.5,88.8214285714,66.5357142857,47.9642857143,1539.75,1722.75,2148.5,1618.0,1662.75,1712.75,1427.75
