zone_id,area_id,total,daytype_inweek,daytype_weekend,hod_00h,hod_01h,hod_02h,hod_03h,hod_04h,hod_05h,hod_06h,hod_07h,hod_08h,hod_09h,hod_10h,hod_11h,hod_12h,hod_13h,hod_14h,hod_15h,hod_16h,hod_17h,hod_18h,hod_19h,hod_20h,hod_21h,hod_22h,hod_23h,dow_mon,dow_tue,dow_wed,dow_thu,dow_fri,dow_sat,dow_sun
E07000172,E02005857,922.464285714,4920.5,1600.0,3.28571428571,5.17857142857,2.67857142857,2.28571428571,4.5,8.64285714286,16.4642857143,29.3928571429,40.3928571429,52.8928571429,58.7857142857,69.5,69.8571428571,67.8928571429,65.7142857143,64.7857142857,65.0714285714,66.0714285714,59.2857142857,54.1428571429,43.75,35.7857142857,23.4285714286,12.6785714286,893.25,971.5,1202.5,918.25,935.0,830.0,706.75
