zone_id,area_id,total,daytype_inweek,daytype_weekend,hod_00h,hod_01h,hod_02h,hod_03h,hod_04h,hod_05h,hod_06h,hod_07h,hod_08h,hod_09h,hod_10h,hod_11h,hod_12h,hod_13h,hod_14h,hod_15h,hod_16h,hod_17h,hod_18h,hod_19h,hod_20h,hod_21h,hod_22h,hod_23h,dow_mon,dow_tue,dow_wed,dow_thu,dow_fri,dow_sat,dow_sun
E07000035,E02004071,1568.42857143,8164.75,2971.75,6.39285714286,4.03571428571,2.32142857143,2.10714285714,3.82142857143,9.42857142857,21.4285714286,48.5714285714,78.6785714286,88.4285714286,107.107142857,125.25,126.071428571,121.75,126.714285714,124.285714286,120.892857143,131.928571429,98.3571428571,71.2142857143,57.7142857143,44.7857142857,30.0714285714,17.0714285714,1650.25,1597.25,1946.25,1530.5,1440.5,1492.75,1321.5
