zone_id,area_id,total,daytype_inweek,daytype_weekend,hod_00h,hod_01h,hod_02h,hod_03h,hod_04h,hod_05h,hod_06h,hod_07h,hod_08h,hod_09h,hod_10h,hod_11h,hod_12h,hod_13h,hod_14h,hod_15h,hod_16h,hod_17h,hod_18h,hod_19h,hod_20h,hod_21h,hod_22h,hod_23h,dow_mon,dow_tue,dow_wed,dow_thu,dow_fri,dow_sat,dow_sun
W06000011,W02000183,3711.03571429,19412.75,6359.25,18.7857142857,22.0357142857,17.3928571429,15.0714285714,16.2857142857,26.0357142857,51.8571428571,118.0,176.214285714,187.142857143,214.357142857,245.821428571,256.25,274.321428571,271.964285714,276.75,280.535714286,294.357142857,253.392857143,209.285714286,169.607142857,137.428571429,109.392857143,68.75,3504.0,3867.5,4658.0,3587.0,3796.25,3709.25,2855.25
