zone_id,area_id,total,daytype_inweek,daytype_weekend,hod_00h,hod_01h,hod_02h,hod_03h,hod_04h,hod_05h,hod_06h,hod_07h,hod_08h,hod_09h,hod_10h,hod_11h,hod_12h,hod_13h,hod_14h,hod_15h,hod_16h,hod_17h,hod_18h,hod_19h,hod_20h,hod_21h,hod_22h,hod_23h,dow_mon,dow_tue,dow_wed,dow_thu,dow_fri,dow_sat,dow_sun
E08000032,E02002188,2712.46428571,14711.75,4539.5,20.0,20.0,12.3571428571,9.96428571429,8.5,29.9285714286,57.6071428571,118.821428571,147.285714286,129.214285714,144.178571429,158.571428571,174.142857143,179.142857143,184.214285714,183.392857143,211.321428571,214.25,185.785714286,161.607142857,132.142857143,103.928571429,78.8571428571,47.25,2624.5,2919.25,3631.75,2764.5,2771.75,2360.5,1915.0
