zone_id,area_id,total,daytype_inweek,daytype_weekend,hod_00h,hod_01h,hod_02h,hod_03h,hod_04h,hod_05h,hod_06h,hod_07h,hod_08h,hod_09h,hod_10h,hod_11h,hod_12h,hod_13h,hod_14h,hod_15h,hod_16h,hod_17h,hod_18h,hod_19h,hod_20h,hod_21h,hod_22h,hod_23h,dow_mon,dow_tue,dow_wed,dow_thu,dow_fri,dow_sat,dow_sun
E07000114,E02005145,4039.75,21096.25,6985.75,18.8571428571,17.3928571429,11.8928571429,9.39285714286,13.8928571429,49.0714285714,73.8214285714,151.928571429,206.071428571,226.75,264.0,298.285714286,300.714285714,289.75,292.964285714,302.357142857,305.035714286,312.785714286,255.321428571,207.785714286,163.5,121.75,95.1785714286,51.25,3700.5,4078.75,5255.5,3832.75,4228.75,3896.75,3285.25
