area_id,total,daytype_inweek,daytype_weekend,hod_00h,hod_01h,hod_02h,hod_03h,hod_04h,hod_05h,hod_06h,hod_07h,hod_08h,hod_09h,hod_10h,hod_11h,hod_12h,hod_13h,hod_14h,hod_15h,hod_16h,hod_17h,hod_18h,hod_19h,hod_20h,hod_21h,hod_22h,hod_23h,dow_mon,dow_tue,dow_wed,dow_thu,dow_fri,dow_sat,dow_sun
49021,128.142857143,769.5,179.0,0.821428571429,0.75,0.178571428571,0.25,0.5,0.714285714286,3.89285714286,4.67857142857,7.25,6.28571428571,8.5,8.21428571429,10.8214285714,11.2142857143,11.5,7.60714285714,6.17857142857,5.92857142857,7.32142857143,9.10714285714,6.89285714286,4.25,4.35714285714,0.928571428571,121.75,155.0,184.0,160.0,148.75,70.25,57.25
49065,24.4285714286,137.75,35.25,0.142857142857,0.0714285714286,0.107142857143,0.0714285714286,0.0714285714286,0.0,0.0714285714286,0.464285714286,1.39285714286,1.28571428571,1.32142857143,1.17857142857,2.57142857143,2.35714285714,1.46428571429,1.42857142857,1.92857142857,1.96428571429,1.57142857143,1.53571428571,1.5,1.03571428571,0.821428571429,0.0714285714286,24.25,28.5,31.25,24.0,29.75,22.25,11.0
49275,8315.78571429,46373.75,13100.0,86.6428571429,77.1428571429,59.6071428571,47.1785714286,64.5714285714,80.2142857143,92.3928571429,162.928571429,269.785714286,372.857142857,471.571428571,581.142857143,637.75,612.785714286,526.535714286,380.714285714,354.785714286,398.785714286,484.607142857,591.821428571,608.357142857,562.5,444.357142857,346.75,8049.25,9361.25,11849.0,8038.5,9075.75,6786.0,5050.75
49219,326.357142857,1772.75,495.25,4.14285714286,2.89285714286,1.17857142857,1.21428571429,1.5,6.42857142857,5.28571428571,10.4642857143,16.2142857143,18.0,22.3571428571,23.7857142857,23.8571428571,27.1071428571,22.3928571429,16.1785714286,14.8214285714,16.6785714286,17.2142857143,19.6785714286,20.0714285714,18.3571428571,10.6785714286,5.85714285714,287.0,364.5,438.75,302.0,380.5,303.5,208.25
total,8794.71428571,49053.75,13809.5,91.75,80.8571428571,61.0714285714,48.7142857143,66.6428571429,87.3571428571,101.642857143,178.535714286,294.642857143,398.428571429,503.75,614.321428571,675.0,653.464285714,561.892857143,405.928571429,377.714285714,423.357142857,510.714285714,622.142857143,636.821428571,586.142857143,460.214285714,353.607142857,8482.25,9909.25,12503.0,8524.5,9634.75,7182.0,5327.25
