zone_id,area_id,total,daytype_inweek,daytype_weekend,hod_00h,hod_01h,hod_02h,hod_03h,hod_04h,hod_05h,hod_06h,hod_07h,hod_08h,hod_09h,hod_10h,hod_11h,hod_12h,hod_13h,hod_14h,hod_15h,hod_16h,hod_17h,hod_18h,hod_19h,hod_20h,hod_21h,hod_22h,hod_23h,dow_mon,dow_tue,dow_wed,dow_thu,dow_fri,dow_sat,dow_sun
E07000070,E02004495,3957.75,17819.0,7622.5,20.6785714286,21.0357142857,17.6785714286,12.6785714286,12.8928571429,25.2857142857,56.25,128.035714286,191.5,212.714285714,237.035714286,243.25,248.178571429,254.107142857,260.678571429,278.071428571,299.0,285.571428571,251.714285714,234.357142857,200.892857143,165.285714286,161.464285714,139.392857143,3256.75,3344.75,4171.0,3181.75,3864.75,5519.5,4365.75
