zone_id,area_id,total,daytype_inweek,daytype_weekend,hod_00h,hod_01h,hod_02h,hod_03h,hod_04h,hod_05h,hod_06h,hod_07h,hod_08h,hod_09h,hod_10h,hod_11h,hod_12h,hod_13h,hod_14h,hod_15h,hod_16h,hod_17h,hod_18h,hod_19h,hod_20h,hod_21h,hod_22h,hod_23h,dow_mon,dow_tue,dow_wed,dow_thu,dow_fri,dow_sat,dow_sun
S12000034,S02001285,1558.92857143,7972.75,2725.0,4.39285714286,3.85714285714,2.10714285714,2.21428571429,2.21428571429,8.89285714286,29.8928571429,61.0714285714,87.1071428571,101.857142857,116.571428571,125.571428571,122.142857143,122.321428571,129.035714286,134.892857143,133.214285714,112.714285714,85.3571428571,59.9642857143,45.1071428571,36.25,21.1785714286,11.0,1446.0,1594.5,1910.75,1515.75,1505.75,1660.75,1279.0
