zone_id,area_id,total,daytype_inweek,daytype_weekend,hod_00h,hod_01h,hod_02h,hod_03h,hod_04h,hod_05h,hod_06h,hod_07h,hod_08h,hod_09h,hod_10h,hod_11h,hod_12h,hod_13h,hod_14h,hod_15h,hod_16h,hod_17h,hod_18h,hod_19h,hod_20h,hod_21h,hod_22h,hod_23h,dow_mon,dow_tue,dow_wed,dow_thu,dow_fri,dow_sat,dow_sun
E06000047,E02004324,2321.10714286,12433.5,4021.25,10.1071428571,7.85714285714,5.42857142857,4.96428571429,7.17857142857,16.1785714286,42.0,95.4642857143,122.678571429,130.964285714,147.428571429,167.75,179.142857143,172.214285714,168.5,180.0,186.071428571,171.5,149.75,117.714285714,90.3928571429,68.8214285714,48.5,30.5,2285.75,2364.75,3041.25,2346.25,2395.5,2078.75,1735.5
