zone_id,area_id,total,daytype_inweek,daytype_weekend,hod_00h,hod_01h,hod_02h,hod_03h,hod_04h,hod_05h,hod_06h,hod_07h,hod_08h,hod_09h,hod_10h,hod_11h,hod_12h,hod_13h,hod_14h,hod_15h,hod_16h,hod_17h,hod_18h,hod_19h,hod_20h,hod_21h,hod_22h,hod_23h,dow_mon,dow_tue,dow_wed,dow_thu,dow_fri,dow_sat,dow_sun
W06000015,W02000378,3120.0,16769.5,5286.5,16.3571428571,20.6071428571,13.75,11.0714285714,9.57142857143,15.4642857143,44.3928571429,112.285714286,177.678571429,169.928571429,186.178571429,189.0,200.785714286,199.392857143,201.821428571,203.357142857,228.678571429,256.571428571,222.642857143,197.571428571,155.535714286,126.392857143,98.8571428571,62.1071428571,3001.5,3260.75,4121.0,3208.75,3177.5,2785.5,2285.0
