zone_id,area_id,total,daytype_inweek,daytype_weekend,hod_00h,hod_01h,hod_02h,hod_03h,hod_04h,hod_05h,hod_06h,hod_07h,hod_08h,hod_09h,hod_10h,hod_11h,hod_12h,hod_13h,hod_14h,hod_15h,hod_16h,hod_17h,hod_18h,hod_19h,hod_20h,hod_21h,hod_22h,hod_23h,dow_mon,dow_tue,dow_wed,dow_thu,dow_fri,dow_sat,dow_sun
E07000242,E02004882,2288.03571429,12316.0,3861.75,15.5,18.5357142857,12.1071428571,10.9642857143,17.5,27.5714285714,46.2857142857,86.5714285714,126.035714286,133.821428571,139.607142857,146.75,158.5,157.0,149.357142857,142.892857143,149.857142857,168.607142857,146.714285714,129.642857143,104.75,85.0,65.9642857143,48.5,2208.75,2397.25,3104.75,2321.0,2284.25,2047.25,1653.0
