zone_id,area_id,total,daytype_inweek,daytype_weekend,hod_00h,hod_01h,hod_02h,hod_03h,hod_04h,hod_05h,hod_06h,hod_07h,hod_08h,hod_09h,hod_10h,hod_11h,hod_12h,hod_13h,hod_14h,hod_15h,hod_16h,hod_17h,hod_18h,hod_19h,hod_20h,hod_21h,hod_22h,hod_23h,dow_mon,dow_tue,dow_wed,dow_thu,dow_fri,dow_sat,dow_sun
E07000212,E02006394,2317.10714286,11981.0,4335.25,14.6428571429,11.1428571429,7.89285714286,4.78571428571,6.0,12.6428571429,24.9642857143,73.0357142857,113.428571429,132.714285714,153.821428571,166.0,175.178571429,166.964285714,162.892857143,166.035714286,167.071428571,163.392857143,148.714285714,141.071428571,110.035714286,86.75,64.3571428571,43.5714285714,2295.25,2412.0,2929.75,2149.25,2194.75,2198.75,2040.0
