zone_id,area_id,total,daytype_inweek,daytype_weekend,hod_00h,hod_01h,hod_02h,hod_03h,hod_04h,hod_05h,hod_06h,hod_07h,hod_08h,hod_09h,hod_10h,hod_11h,hod_12h,hod_13h,hod_14h,hod_15h,hod_16h,hod_17h,hod_18h,hod_19h,hod_20h,hod_21h,hod_22h,hod_23h,dow_mon,dow_tue,dow_wed,dow_thu,dow_fri,dow_sat,dow_sun
E09000017,E02000504,2255.60714286,12019.0,3759.75,14.5714285714,12.8214285714,8.53571428571,6.5,6.57142857143,16.9285714286,32.0357142857,77.0714285714,123.071428571,132.464285714,141.321428571,148.571428571,159.428571429,152.571428571,156.892857143,147.392857143,157.321428571,170.178571429,144.821428571,136.0,113.714285714,87.9642857143,66.6428571429,42.2142857143,2078.0,2335.0,3016.5,2247.0,2342.5,2088.5,1681.75
