zone_id,area_id,total,daytype_inweek,daytype_weekend,hod_00h,hod_01h,hod_02h,hod_03h,hod_04h,hod_05h,hod_06h,hod_07h,hod_08h,hod_09h,hod_10h,hod_11h,hod_12h,hod_13h,hod_14h,hod_15h,hod_16h,hod_17h,hod_18h,hod_19h,hod_20h,hod_21h,hod_22h,hod_23h,dow_mon,dow_tue,dow_wed,dow_thu,dow_fri,dow_sat,dow_sun
S12000030,S02002445,2084.39285714,11181.0,3654.0,8.64285714286,11.6785714286,8.32142857143,7.0,4.96428571429,14.0,29.5357142857,78.0,129.607142857,114.0,124.535714286,126.571428571,142.178571429,139.571428571,148.5,148.607142857,165.321428571,171.535714286,147.428571429,121.535714286,98.3571428571,73.2857142857,47.5,23.7142857143,2108.25,2231.25,2806.75,2023.75,2011.0,1864.0,1545.75
