zone_id,area_id,total,daytype_inweek,daytype_weekend,hod_00h,hod_01h,hod_02h,hod_03h,hod_04h,hod_05h,hod_06h,hod_07h,hod_08h,hod_09h,hod_10h,hod_11h,hod_12h,hod_13h,hod_14h,hod_15h,hod_16h,hod_17h,hod_18h,hod_19h,hod_20h,hod_21h,hod_22h,hod_23h,dow_mon,dow_tue,dow_wed,dow_thu,dow_fri,dow_sat,dow_sun
E07000133,E02005395,927.535714286,4970.75,1649.5,2.96428571429,1.92857142857,2.5,2.39285714286,3.32142857143,6.78571428571,17.6428571429,33.6071428571,55.0714285714,53.4285714286,61.5357142857,66.0,64.0357142857,60.25,61.3571428571,63.1785714286,67.0,67.8214285714,63.0357142857,52.0,43.1071428571,36.5357142857,27.5357142857,14.5,943.75,1046.0,1208.0,950.25,822.75,816.25,705.75
