zone_id,area_id,total,daytype_inweek,daytype_weekend,hod_00h,hod_01h,hod_02h,hod_03h,hod_04h,hod_05h,hod_06h,hod_07h,hod_08h,hod_09h,hod_10h,hod_11h,hod_12h,hod_13h,hod_14h,hod_15h,hod_16h,hod_17h,hod_18h,hod_19h,hod_20h,hod_21h,hod_22h,hod_23h,dow_mon,dow_tue,dow_wed,dow_thu,dow_fri,dow_sat,dow_sun
E08000025,E02001835,5349.5,28164.0,8988.25,34.3571428571,31.7142857143,27.8571428571,22.1428571429,18.75,31.6071428571,81.3214285714,183.535714286,281.071428571,278.964285714,304.821428571,334.75,356.678571429,375.25,377.357142857,370.357142857,406.142857143,429.178571429,379.285714286,317.071428571,251.428571429,192.857142857,156.571428571,106.428571429,4916.5,5502.25,6818.25,5401.75,5525.25,5210.75,4071.75
