zone_id,area_id,total,daytype_inweek,daytype_weekend,hod_00h,hod_01h,hod_02h,hod_03h,hod_04h,hod_05h,hod_06h,hod_07h,hod_08h,hod_09h,hod_10h,hod_11h,hod_12h,hod_13h,hod_14h,hod_15h,hod_16h,hod_17h,hod_18h,hod_19h,hod_20h,hod_21h,hod_22h,hod_23h,dow_mon,dow_tue,dow_wed,dow_thu,dow_fri,dow_sat,dow_sun
E07000009,E02003735,2795.60714286,15271.0,4481.0,9.67857142857,9.5,8.32142857143,6.14285714286,7.67857142857,24.5357142857,52.5714285714,113.321428571,155.392857143,164.5,183.892857143,194.892857143,199.857142857,198.75,191.392857143,196.571428571,196.107142857,208.928571429,189.642857143,153.571428571,122.714285714,103.321428571,66.6785714286,37.6428571429,2691.75,3107.25,3704.5,2905.5,2862.0,2509.0,1789.25
