zone_id,area_id,total,daytype_inweek,daytype_weekend,hod_00h,hod_01h,hod_02h,hod_03h,hod_04h,hod_05h,hod_06h,hod_07h,hod_08h,hod_09h,hod_10h,hod_11h,hod_12h,hod_13h,hod_14h,hod_15h,hod_16h,hod_17h,hod_18h,hod_19h,hod_20h,hod_21h,hod_22h,hod_23h,dow_mon,dow_tue,dow_wed,dow_thu,dow_fri,dow_sat,dow_sun
E06000056,E02003640,910.892857143,4904.5,1577.0,5.17857142857,3.39285714286,3.39285714286,2.14285714286,2.60714285714,5.17857142857,16.4642857143,32.3214285714,44.1428571429,49.8214285714,53.8928571429,58.8928571429,59.6071428571,58.3214285714,61.1785714286,63.1785714286,66.5,71.1071428571,64.6785714286,57.25,44.2142857143,40.8214285714,30.1428571429,16.4642857143,890.0,972.5,1213.25,902.75,926.0,784.75,687.0
