zone_id,area_id,total,daytype_inweek,daytype_weekend,hod_00h,hod_01h,hod_02h,hod_03h,hod_04h,hod_05h,hod_06h,hod_07h,hod_08h,hod_09h,hod_10h,hod_11h,hod_12h,hod_13h,hod_14h,hod_15h,hod_16h,hod_17h,hod_18h,hod_19h,hod_20h,hod_21h,hod_22h,hod_23h,dow_mon,dow_tue,dow_wed,dow_thu,dow_fri,dow_sat,dow_sun
E09000027,E02000805,2286.46428571,11713.75,4163.5,13.8571428571,8.85714285714,6.71428571429,6.32142857143,5.28571428571,6.89285714286,22.5,53.25,106.857142857,124.142857143,144.821428571,165.214285714,176.178571429,174.571428571,169.892857143,179.714285714,164.0,172.964285714,159.464285714,132.428571429,105.785714286,83.5,62.1785714286,41.0714285714,2203.75,2300.0,2838.75,2175.75,2195.5,2331.75,1959.75
