zone_id,area_id,total,daytype_inweek,daytype_weekend,hod_00h,hod_01h,hod_02h,hod_03h,hod_04h,hod_05h,hod_06h,hod_07h,hod_08h,hod_09h,hod_10h,hod_11h,hod_12h,hod_13h,hod_14h,hod_15h,hod_16h,hod_17h,hod_18h,hod_19h,hod_20h,hod_21h,hod_22h,hod_23h,dow_mon,dow_tue,dow_wed,dow_thu,dow_fri,dow_sat,dow_sun
E07000219,E02006483,2413.07142857,12824.0,4125.0,10.4642857143,13.3928571429,9.0,9.0,7.17857142857,19.2857142857,44.1071428571,71.8928571429,109.571428571,126.892857143,151.75,160.535714286,174.964285714,167.857142857,167.75,169.857142857,176.607142857,179.25,167.214285714,150.928571429,118.892857143,100.642857143,68.25,37.7857142857,2304.5,2512.5,3130.5,2439.25,2437.25,2247.0,1820.5
