zone_id,area_id,total,daytype_inweek,daytype_weekend,hod_00h,hod_01h,hod_02h,hod_03h,hod_04h,hod_05h,hod_06h,hod_07h,hod_08h,hod_09h,hod_10h,hod_11h,hod_12h,hod_13h,hod_14h,hod_15h,hod_16h,hod_17h,hod_18h,hod_19h,hod_20h,hod_21h,hod_22h,hod_23h,dow_mon,dow_tue,dow_wed,dow_thu,dow_fri,dow_sat,dow_sun
E06000045,E02003571,8910.67857143,45797.25,15269.25,45.25,56.8928571429,44.8928571429,40.5,45.4642857143,68.3928571429,148.5,361.571428571,502.714285714,444.107142857,496.428571429,556.392857143,650.714285714,671.392857143,674.428571429,627.821428571,673.25,704.678571429,555.785714286,463.892857143,385.785714286,288.142857143,233.107142857,170.571428571,8380.0,8804.25,10989.25,8509.25,9114.5,9688.25,6889.25
