zone_id,area_id,total,daytype_inweek,daytype_weekend,hod_00h,hod_01h,hod_02h,hod_03h,hod_04h,hod_05h,hod_06h,hod_07h,hod_08h,hod_09h,hod_10h,hod_11h,hod_12h,hod_13h,hod_14h,hod_15h,hod_16h,hod_17h,hod_18h,hod_19h,hod_20h,hod_21h,hod_22h,hod_23h,dow_mon,dow_tue,dow_wed,dow_thu,dow_fri,dow_sat,dow_sun
E07000085,E02004703,2679.0,14363.5,4616.5,10.2857142857,9.5,6.28571428571,5.46428571429,4.53571428571,10.2142857143,37.7142857143,111.785714286,175.285714286,167.821428571,185.642857143,191.964285714,197.214285714,185.035714286,179.785714286,179.535714286,187.0,196.25,167.035714286,149.035714286,117.142857143,93.8928571429,69.3928571429,41.1785714286,2647.5,2835.0,3469.5,2719.0,2692.5,2420.5,1969.0
