zone_id,area_id,total,daytype_inweek,daytype_weekend,hod_00h,hod_01h,hod_02h,hod_03h,hod_04h,hod_05h,hod_06h,hod_07h,hod_08h,hod_09h,hod_10h,hod_11h,hod_12h,hod_13h,hod_14h,hod_15h,hod_16h,hod_17h,hod_18h,hod_19h,hod_20h,hod_21h,hod_22h,hod_23h,dow_mon,dow_tue,dow_wed,dow_thu,dow_fri,dow_sat,dow_sun
E09000008,E02000207,3015.42857143,15912.75,5138.75,25.2857142857,23.0714285714,15.8214285714,12.1071428571,13.5357142857,19.1785714286,37.0,96.0714285714,143.535714286,164.607142857,181.642857143,194.071428571,199.0,202.75,190.642857143,197.0,204.5,220.285714286,209.964285714,198.714285714,171.75,132.285714286,102.678571429,59.9285714286,2854.25,3105.25,3895.25,3045.0,3013.0,2910.75,2284.5
