zone_id,area_id,total,daytype_inweek,daytype_weekend,hod_00h,hod_01h,hod_02h,hod_03h,hod_04h,hod_05h,hod_06h,hod_07h,hod_08h,hod_09h,hod_10h,hod_11h,hod_12h,hod_13h,hod_14h,hod_15h,hod_16h,hod_17h,hod_18h,hod_19h,hod_20h,hod_21h,hod_22h,hod_23h,dow_mon,dow_tue,dow_wed,dow_thu,dow_fri,dow_sat,dow_sun
S12000017,S02001999,4905.82142857,26088.75,8536.75,16.3571428571,17.3928571429,15.7857142857,14.1071428571,14.4642857143,29.6071428571,85.3571428571,208.785714286,296.142857143,276.357142857,299.642857143,320.357142857,336.571428571,356.964285714,365.357142857,376.892857143,386.678571429,402.071428571,327.071428571,243.357142857,208.678571429,157.428571429,101.535714286,48.8571428571,4861.5,5027.0,6364.0,4876.0,4960.25,4576.75,3675.25
