zone_id,area_id,total,daytype_inweek,daytype_weekend,hod_00h,hod_01h,hod_02h,hod_03h,hod_04h,hod_05h,hod_06h,hod_07h,hod_08h,hod_09h,hod_10h,hod_11h,hod_12h,hod_13h,hod_14h,hod_15h,hod_16h,hod_17h,hod_18h,hod_19h,hod_20h,hod_21h,hod_22h,hod_23h,dow_mon,dow_tue,dow_wed,dow_thu,dow_fri,dow_sat,dow_sun
E07000007,E02003707,3005.85714286,16294.5,5002.75,16.2857142857,13.8928571429,9.85714285714,9.10714285714,10.4285714286,17.75,48.6785714286,125.678571429,157.035714286,165.142857143,175.5,191.464285714,205.75,211.464285714,208.75,210.285714286,226.607142857,246.071428571,212.178571429,170.142857143,138.5,108.678571429,79.7857142857,46.8214285714,2868.5,3257.0,3961.5,3159.0,3048.5,2612.25,2134.25
