zone_id,area_id,total,daytype_inweek,daytype_weekend,hod_00h,hod_01h,hod_02h,hod_03h,hod_04h,hod_05h,hod_06h,hod_07h,hod_08h,hod_09h,hod_10h,hod_11h,hod_12h,hod_13h,hod_14h,hod_15h,hod_16h,hod_17h,hod_18h,hod_19h,hod_20h,hod_21h,hod_22h,hod_23h,dow_mon,dow_tue,dow_wed,dow_thu,dow_fri,dow_sat,dow_sun
S12000024,S02002237,3153.10714286,16877.0,5408.75,8.96428571429,10.1071428571,8.5,7.46428571429,8.21428571429,23.7857142857,46.3571428571,130.25,204.035714286,180.857142857,192.321428571,213.214285714,235.642857143,236.035714286,240.035714286,243.857142857,259.964285714,253.142857143,190.535714286,152.714285714,121.857142857,90.9285714286,62.75,31.5714285714,3155.5,3236.0,4055.75,3137.25,3292.5,2941.5,2253.25
