zone_id,area_id,total,daytype_inweek,daytype_weekend,hod_00h,hod_01h,hod_02h,hod_03h,hod_04h,hod_05h,hod_06h,hod_07h,hod_08h,hod_09h,hod_10h,hod_11h,hod_12h,hod_13h,hod_14h,hod_15h,hod_16h,hod_17h,hod_18h,hod_19h,hod_20h,hod_21h,hod_22h,hod_23h,dow_mon,dow_tue,dow_wed,dow_thu,dow_fri,dow_sat,dow_sun
E09000033,E02000964,2942.67857143,15520.5,6747.5,38.1071428571,30.1785714286,19.2142857143,13.3928571429,14.3571428571,21.1785714286,33.6785714286,73.8571428571,154.214285714,138.392857143,134.714285714,143.535714286,158.357142857,168.035714286,179.821428571,197.464285714,208.357142857,233.25,235.25,214.214285714,185.464285714,143.357142857,117.214285714,87.0714285714,3882.0,2844.25,3568.25,2628.0,2598.0,2212.75,2865.5
