zone_id,area_id,total,daytype_inweek,daytype_weekend,hod_00h,hod_01h,hod_02h,hod_03h,hod_04h,hod_05h,hod_06h,hod_07h,hod_08h,hod_09h,hod_10h,hod_11h,hod_12h,hod_13h,hod_14h,hod_15h,hod_16h,hod_17h,hod_18h,hod_19h,hod_20h,hod_21h,hod_22h,hod_23h,dow_mon,dow_tue,dow_wed,dow_thu,dow_fri,dow_sat,dow_sun
E08000001,E02001002,4401.89285714,23624.0,7453.5,35.9285714286,35.1785714286,22.4285714286,17.5714285714,19.75,32.7142857143,64.8214285714,147.142857143,200.321428571,213.178571429,240.0,266.571428571,287.071428571,301.214285714,294.928571429,311.678571429,315.464285714,331.571428571,310.464285714,272.25,244.678571429,192.714285714,150.0,94.25,4230.0,4736.5,5833.0,4446.0,4378.5,3965.75,3223.5
