zone_id,area_id,total,daytype_inweek,daytype_weekend,hod_00h,hod_01h,hod_02h,hod_03h,hod_04h,hod_05h,hod_06h,hod_07h,hod_08h,hod_09h,hod_10h,hod_11h,hod_12h,hod_13h,hod_14h,hod_15h,hod_16h,hod_17h,hod_18h,hod_19h,hod_20h,hod_21h,hod_22h,hod_23h,dow_mon,dow_tue,dow_wed,dow_thu,dow_fri,dow_sat,dow_sun
E08000032,E02002187,1382.89285714,7217.5,2416.0,5.67857142857,4.64285714286,2.07142857143,2.96428571429,3.0,7.57142857143,27.25,57.0357142857,81.0357142857,78.4642857143,86.1428571429,92.4285714286,100.25,94.25,94.8928571429,96.9642857143,104.321428571,115.892857143,93.8928571429,79.75,61.6785714286,42.0357142857,31.9285714286,18.75,1319.0,1423.5,1768.0,1328.75,1378.25,1365.75,1097.0
