zone_id,area_id,total,daytype_inweek,daytype_weekend,hod_00h,hod_01h,hod_02h,hod_03h,hod_04h,hod_05h,hod_06h,hod_07h,hod_08h,hod_09h,hod_10h,hod_11h,hod_12h,hod_13h,hod_14h,hod_15h,hod_16h,hod_17h,hod_18h,hod_19h,hod_20h,hod_21h,hod_22h,hod_23h,dow_mon,dow_tue,dow_wed,dow_thu,dow_fri,dow_sat,dow_sun
W06000018,W02000293,294.107142857,1598.5,486.0,1.85714285714,1.64285714286,0.428571428571,0.892857142857,2.03571428571,3.0,7.96428571429,11.6428571429,14.8214285714,13.5357142857,17.1071428571,18.5714285714,19.3214285714,18.75,21.3571428571,21.5357142857,22.8928571429,23.1071428571,18.5357142857,16.0357142857,13.0,10.4285714286,9.28571428571,6.35714285714,286.5,331.25,392.5,291.0,297.25,260.75,199.5
