zone_id,area_id,total,daytype_inweek,daytype_weekend,hod_00h,hod_01h,hod_02h,hod_03h,hod_04h,hod_05h,hod_06h,hod_07h,hod_08h,hod_09h,hod_10h,hod_11h,hod_12h,hod_13h,hod_14h,hod_15h,hod_16h,hod_17h,hod_18h,hod_19h,hod_20h,hod_21h,hod_22h,hod_23h,dow_mon,dow_tue,dow_wed,dow_thu,dow_fri,dow_sat,dow_sun
E07000090,E02004764,2780.82142857,14490.5,4828.0,9.78571428571,8.71428571429,6.0,4.39285714286,4.46428571429,17.2142857143,34.3928571429,90.4642857143,145.0,154.428571429,187.928571429,204.035714286,212.142857143,207.571428571,195.25,204.0,204.178571429,211.785714286,187.857142857,164.5,128.285714286,93.6071428571,65.3928571429,39.4285714286,2623.25,2794.25,3498.0,2724.25,2850.75,2770.5,2204.75
