zone_id,area_id,total,daytype_inweek,daytype_weekend,hod_00h,hod_01h,hod_02h,hod_03h,hod_04h,hod_05h,hod_06h,hod_07h,hod_08h,hod_09h,hod_10h,hod_11h,hod_12h,hod_13h,hod_14h,hod_15h,hod_16h,hod_17h,hod_18h,hod_19h,hod_20h,hod_21h,hod_22h,hod_23h,dow_mon,dow_tue,dow_wed,dow_thu,dow_fri,dow_sat,dow_sun
E07000031,E02004023,1786.53571429,9326.0,3297.75,5.32142857143,4.46428571429,2.5,1.89285714286,3.57142857143,8.03571428571,18.5,52.1428571429,76.8571428571,114.035714286,144.642857143,154.821428571,152.678571429,144.607142857,149.035714286,149.142857143,151.607142857,137.642857143,101.178571429,67.1071428571,53.25,41.3571428571,31.8928571429,20.25,1823.0,1791.5,2221.0,1770.25,1720.25,1705.0,1474.75
