zone_id,area_id,total,daytype_inweek,daytype_weekend,hod_00h,hod_01h,hod_02h,hod_03h,hod_04h,hod_05h,hod_06h,hod_07h,hod_08h,hod_09h,hod_10h,hod_11h,hod_12h,hod_13h,hod_14h,hod_15h,hod_16h,hod_17h,hod_18h,hod_19h,hod_20h,hod_21h,hod_22h,hod_23h,dow_mon,dow_tue,dow_wed,dow_thu,dow_fri,dow_sat,dow_sun
S12000034,S02001335,621.892857143,3401.75,1053.5,2.67857142857,2.46428571429,1.85714285714,1.39285714286,3.82142857143,8.14285714286,21.6071428571,32.75,34.8214285714,33.8571428571,35.2857142857,39.0,42.0714285714,42.2142857143,44.8928571429,48.25,50.7857142857,47.0714285714,37.75,31.25,22.8571428571,18.6428571429,12.4642857143,5.96428571429,640.0,658.25,816.25,635.75,651.5,538.0,413.5
