zone_id,area_id,total,daytype_inweek,daytype_weekend,hod_00h,hod_01h,hod_02h,hod_03h,hod_04h,hod_05h,hod_06h,hod_07h,hod_08h,hod_09h,hod_10h,hod_11h,hod_12h,hod_13h,hod_14h,hod_15h,hod_16h,hod_17h,hod_18h,hod_19h,hod_20h,hod_21h,hod_22h,hod_23h,dow_mon,dow_tue,dow_wed,dow_thu,dow_fri,dow_sat,dow_sun
E08000003,E02001076,5134.14285714,27352.75,8915.75,66.0,69.6071428571,57.6428571429,43.7857142857,41.4642857143,47.0,76.5,135.464285714,246.071428571,256.071428571,248.535714286,265.857142857,287.321428571,301.214285714,317.857142857,341.035714286,366.892857143,359.178571429,347.857142857,336.25,294.535714286,246.714285714,212.75,168.535714286,4932.25,5450.25,6714.5,5164.75,5091.0,4602.75,3983.5
