zone_id,area_id,total,daytype_inweek,daytype_weekend,hod_00h,hod_01h,hod_02h,hod_03h,hod_04h,hod_05h,hod_06h,hod_07h,hod_08h,hod_09h,hod_10h,hod_11h,hod_12h,hod_13h,hod_14h,hod_15h,hod_16h,hod_17h,hod_18h,hod_19h,hod_20h,hod_21h,hod_22h,hod_23h,dow_mon,dow_tue,dow_wed,dow_thu,dow_fri,dow_sat,dow_sun
E07000209,E02006351,2595.25,13681.25,4559.75,12.7857142857,10.5,8.60714285714,8.46428571429,7.60714285714,10.7142857143,34.7142857143,97.2857142857,137.642857143,159.25,172.928571429,180.535714286,190.535714286,181.5,180.571428571,182.821428571,179.821428571,192.821428571,174.714285714,149.535714286,121.5,84.1428571429,69.1071428571,47.1428571429,2478.5,2671.75,3364.75,2571.0,2595.25,2404.25,2081.25
