zone_id,area_id,total,daytype_inweek,daytype_weekend,hod_00h,hod_01h,hod_02h,hod_03h,hod_04h,hod_05h,hod_06h,hod_07h,hod_08h,hod_09h,hod_10h,hod_11h,hod_12h,hod_13h,hod_14h,hod_15h,hod_16h,hod_17h,hod_18h,hod_19h,hod_20h,hod_21h,hod_22h,hod_23h,dow_mon,dow_tue,dow_wed,dow_thu,dow_fri,dow_sat,dow_sun
W06000009,W02000129,1925.85714286,10210.75,3449.5,6.60714285714,6.89285714286,7.71428571429,7.28571428571,8.64285714286,14.3571428571,24.4285714286,45.9642857143,77.1071428571,110.892857143,161.464285714,166.678571429,153.035714286,139.107142857,142.857142857,151.857142857,158.285714286,151.142857143,120.214285714,90.7857142857,75.7142857143,55.1071428571,34.5,15.2142857143,1898.75,2080.5,2523.5,1992.5,1715.5,1719.5,1550.75
