zone_id,area_id,total,daytype_inweek,daytype_weekend,hod_00h,hod_01h,hod_02h,hod_03h,hod_04h,hod_05h,hod_06h,hod_07h,hod_08h,hod_09h,hod_10h,hod_11h,hod_12h,hod_13h,hod_14h,hod_15h,hod_16h,hod_17h,hod_18h,hod_19h,hod_20h,hod_21h,hod_22h,hod_23h,dow_mon,dow_tue,dow_wed,dow_thu,dow_fri,dow_sat,dow_sun
E07000154,E02005661,3523.14285714,18603.75,6137.5,19.5,19.5357142857,16.6071428571,13.4285714286,18.0,36.8571428571,62.3571428571,132.785714286,180.107142857,180.357142857,203.464285714,219.428571429,242.714285714,256.928571429,248.892857143,240.25,262.535714286,267.607142857,236.214285714,206.964285714,177.964285714,136.071428571,97.0714285714,47.5,3317.0,3735.0,4529.0,3372.5,3650.25,3237.75,2820.5
