zone_id,area_id,total,daytype_inweek,daytype_weekend,hod_00h,hod_01h,hod_02h,hod_03h,hod_04h,hod_05h,hod_06h,hod_07h,hod_08h,hod_09h,hod_10h,hod_11h,hod_12h,hod_13h,hod_14h,hod_15h,hod_16h,hod_17h,hod_18h,hod_19h,hod_20h,hod_21h,hod_22h,hod_23h,dow_mon,dow_tue,dow_wed,dow_thu,dow_fri,dow_sat,dow_sun
E08000026,E02001964,2778.46428571,14805.0,4695.75,15.7857142857,16.1785714286,13.4642857143,14.5714285714,11.0,31.3928571429,56.1071428571,109.857142857,124.0,135.607142857,155.678571429,177.357142857,202.178571429,206.857142857,202.392857143,199.892857143,210.357142857,206.142857143,179.535714286,154.857142857,134.0,103.464285714,77.8214285714,39.9642857143,2665.25,3002.5,3534.0,2779.25,2824.0,2613.75,2030.5
