zone_id,area_id,total,daytype_inweek,daytype_weekend,hod_00h,hod_01h,hod_02h,hod_03h,hod_04h,hod_05h,hod_06h,hod_07h,hod_08h,hod_09h,hod_10h,hod_11h,hod_12h,hod_13h,hod_14h,hod_15h,hod_16h,hod_17h,hod_18h,hod_19h,hod_20h,hod_21h,hod_22h,hod_23h,dow_mon,dow_tue,dow_wed,dow_thu,dow_fri,dow_sat,dow_sun
E07000027,E02003985,851.785714286,4705.0,1437.75,3.96428571429,4.78571428571,2.64285714286,1.42857142857,2.75,6.25,18.75,33.8214285714,40.3214285714,36.8928571429,43.9285714286,48.6071428571,56.3214285714,61.7857142857,62.7857142857,59.4642857143,71.7142857143,63.9285714286,54.25,50.5357142857,45.4642857143,37.2142857143,27.2857142857,16.8928571429,840.75,935.0,1191.75,928.5,809.0,660.5,597.0
