zone_id,area_id,total,daytype_inweek,daytype_weekend,hod_00h,hod_01h,hod_02h,hod_03h,hod_04h,hod_05h,hod_06h,hod_07h,hod_08h,hod_09h,hod_10h,hod_11h,hod_12h,hod_13h,hod_14h,hod_15h,hod_16h,hod_17h,hod_18h,hod_19h,hod_20h,hod_21h,hod_22h,hod_23h,dow_mon,dow_tue,dow_wed,dow_thu,dow_fri,dow_sat,dow_sun
E06000051,E02006042,665.642857143,3595.75,1193.25,1.75,1.57142857143,2.0,1.82142857143,2.53571428571,4.60714285714,9.35714285714,26.2142857143,37.5,42.9642857143,54.5,53.5714285714,54.5357142857,52.25,52.0,50.0,51.5,50.1428571429,38.5,26.1071428571,21.3928571429,15.1428571429,10.5,5.17857142857,696.25,764.5,852.0,687.0,596.0,566.75,497.0
