zone_id,area_id,total,daytype_inweek,daytype_weekend,hod_00h,hod_01h,hod_02h,hod_03h,hod_04h,hod_05h,hod_06h,hod_07h,hod_08h,hod_09h,hod_10h,hod_11h,hod_12h,hod_13h,hod_14h,hod_15h,hod_16h,hod_17h,hod_18h,hod_19h,hod_20h,hod_21h,hod_22h,hod_23h,dow_mon,dow_tue,dow_wed,dow_thu,dow_fri,dow_sat,dow_sun
E07000083,E02004668,1861.35714286,9665.0,3521.25,7.28571428571,5.85714285714,3.10714285714,3.03571428571,6.0,10.2857142857,28.4285714286,67.9285714286,102.285714286,126.357142857,135.392857143,130.607142857,134.107142857,126.142857143,126.892857143,129.321428571,131.321428571,134.642857143,115.107142857,100.107142857,77.1785714286,73.6785714286,52.1785714286,34.1071428571,1859.25,1912.25,2362.75,1797.75,1733.0,1702.5,1662.0
