zone_id,area_id,total,daytype_inweek,daytype_weekend,hod_00h,hod_01h,hod_02h,hod_03h,hod_04h,hod_05h,hod_06h,hod_07h,hod_08h,hod_09h,hod_10h,hod_11h,hod_12h,hod_13h,hod_14h,hod_15h,hod_16h,hod_17h,hod_18h,hod_19h,hod_20h,hod_21h,hod_22h,hod_23h,dow_mon,dow_tue,dow_wed,dow_thu,dow_fri,dow_sat,dow_sun
E08000025,E02006897,7814.32142857,41260.0,13284.25,104.464285714,126.25,103.25,93.3571428571,89.25,74.9285714286,123.107142857,302.464285714,435.357142857,342.75,340.892857143,372.964285714,419.035714286,441.607142857,433.464285714,457.857142857,535.857142857,643.428571429,539.178571429,471.714285714,405.785714286,352.321428571,330.142857143,274.892857143,7233.5,7969.25,9999.5,7710.0,8347.75,7389.5,6050.75
