zone_id,area_id,total,daytype_inweek,daytype_weekend,hod_00h,hod_01h,hod_02h,hod_03h,hod_04h,hod_05h,hod_06h,hod_07h,hod_08h,hod_09h,hod_10h,hod_11h,hod_12h,hod_13h,hod_14h,hod_15h,hod_16h,hod_17h,hod_18h,hod_19h,hod_20h,hod_21h,hod_22h,hod_23h,dow_mon,dow_tue,dow_wed,dow_thu,dow_fri,dow_sat,dow_sun
E06000042,E02003474,5349.96428571,28636.75,9259.0,26.7142857143,28.5357142857,22.8214285714,16.6785714286,19.2142857143,46.4285714286,79.3571428571,187.821428571,290.928571429,283.25,301.678571429,324.464285714,359.285714286,371.571428571,368.428571429,369.285714286,389.571428571,428.035714286,384.5,328.571428571,277.535714286,209.357142857,150.5,85.4285714286,5234.75,5568.25,6986.5,5359.0,5488.25,4788.75,4024.25
