zone_id,area_id,total,daytype_inweek,daytype_weekend,hod_00h,hod_01h,hod_02h,hod_03h,hod_04h,hod_05h,hod_06h,hod_07h,hod_08h,hod_09h,hod_10h,hod_11h,hod_12h,hod_13h,hod_14h,hod_15h,hod_16h,hod_17h,hod_18h,hod_19h,hod_20h,hod_21h,hod_22h,hod_23h,dow_mon,dow_tue,dow_wed,dow_thu,dow_fri,dow_sat,dow_sun
E07000112,E02005112,2507.14285714,13223.5,4627.75,13.9642857143,10.1071428571,8.21428571429,7.21428571429,8.21428571429,15.3928571429,34.0714285714,89.6071428571,125.607142857,152.642857143,167.285714286,179.142857143,179.964285714,170.642857143,175.892857143,175.892857143,175.428571429,182.607142857,166.107142857,141.392857143,119.464285714,91.4642857143,73.9285714286,42.8928571429,2589.25,2745.25,3246.5,2368.25,2274.25,2288.0,2038.5
