zone_id,area_id,total,daytype_inweek,daytype_weekend,hod_00h,hod_01h,hod_02h,hod_03h,hod_04h,hod_05h,hod_06h,hod_07h,hod_08h,hod_09h,hod_10h,hod_11h,hod_12h,hod_13h,hod_14h,hod_15h,hod_16h,hod_17h,hod_18h,hod_19h,hod_20h,hod_21h,hod_22h,hod_23h,dow_mon,dow_tue,dow_wed,dow_thu,dow_fri,dow_sat,dow_sun
E08000025,E02001841,2543.89285714,13566.25,4294.0,17.5,17.4285714286,11.5,8.89285714286,9.60714285714,20.8571428571,41.7142857143,111.464285714,146.428571429,135.785714286,144.821428571,156.535714286,162.142857143,166.964285714,166.035714286,168.535714286,184.892857143,195.964285714,170.714285714,151.642857143,124.071428571,101.964285714,80.6785714286,47.75,2408.5,2698.5,3250.25,2628.5,2580.5,2355.5,1885.5
