zone_id,area_id,total,daytype_inweek,daytype_weekend,hod_00h,hod_01h,hod_02h,hod_03h,hod_04h,hod_05h,hod_06h,hod_07h,hod_08h,hod_09h,hod_10h,hod_11h,hod_12h,hod_13h,hod_14h,hod_15h,hod_16h,hod_17h,hod_18h,hod_19h,hod_20h,hod_21h,hod_22h,hod_23h,dow_mon,dow_tue,dow_wed,dow_thu,dow_fri,dow_sat,dow_sun
E06000028,E02003184,4488.07142857,23071.5,7930.5,23.4285714286,32.0,25.8928571429,21.8571428571,18.8571428571,32.5357142857,61.6428571429,141.071428571,245.178571429,229.821428571,255.607142857,277.857142857,293.285714286,292.142857143,295.964285714,308.071428571,318.285714286,343.928571429,325.857142857,284.857142857,231.642857143,186.428571429,151.428571429,90.4285714286,4123.75,4416.75,5509.25,4239.25,4782.5,4538.25,3806.75
