zone_id,area_id,total,daytype_inweek,daytype_weekend,hod_00h,hod_01h,hod_02h,hod_03h,hod_04h,hod_05h,hod_06h,hod_07h,hod_08h,hod_09h,hod_10h,hod_11h,hod_12h,hod_13h,hod_14h,hod_15h,hod_16h,hod_17h,hod_18h,hod_19h,hod_20h,hod_21h,hod_22h,hod_23h,dow_mon,dow_tue,dow_wed,dow_thu,dow_fri,dow_sat,dow_sun
E07000204,E02006280,2555.53571429,14127.5,4116.5,9.28571428571,7.57142857143,7.92857142857,7.82142857143,8.96428571429,24.6785714286,52.9642857143,102.785714286,162.107142857,152.964285714,170.928571429,172.035714286,175.928571429,178.107142857,180.821428571,182.285714286,176.5,202.821428571,159.678571429,127.142857143,107.821428571,81.8214285714,65.5714285714,37.0,2487.0,2767.75,3552.75,2761.0,2559.0,2131.75,1629.5
