zone_id,area_id,total,daytype_inweek,daytype_weekend,hod_00h,hod_01h,hod_02h,hod_03h,hod_04h,hod_05h,hod_06h,hod_07h,hod_08h,hod_09h,hod_10h,hod_11h,hod_12h,hod_13h,hod_14h,hod_15h,hod_16h,hod_17h,hod_18h,hod_19h,hod_20h,hod_21h,hod_22h,hod_23h,dow_mon,dow_tue,dow_wed,dow_thu,dow_fri,dow_sat,dow_sun
E07000038,E02004108,1528.75,8266.75,2661.5,7.67857142857,6.53571428571,4.53571428571,4.25,4.35714285714,19.0,35.7142857143,59.4285714286,83.7142857143,86.9642857143,96.25,97.6071428571,111.642857143,103.5,104.678571429,97.5714285714,106.392857143,114.535714286,97.1071428571,84.6071428571,74.0,60.6428571429,44.0714285714,23.9642857143,1518.25,1609.75,2038.25,1527.25,1573.25,1291.25,1143.25
