zone_id,area_id,total,daytype_inweek,daytype_weekend,hod_00h,hod_01h,hod_02h,hod_03h,hod_04h,hod_05h,hod_06h,hod_07h,hod_08h,hod_09h,hod_10h,hod_11h,hod_12h,hod_13h,hod_14h,hod_15h,hod_16h,hod_17h,hod_18h,hod_19h,hod_20h,hod_21h,hod_22h,hod_23h,dow_mon,dow_tue,dow_wed,dow_thu,dow_fri,dow_sat,dow_sun
E09000008,E02000208,4535.92857143,23849.5,7857.75,38.3214285714,38.0,26.1785714286,20.9285714286,19.3928571429,37.7142857143,64.25,138.285714286,199.464285714,230.178571429,253.821428571,287.035714286,311.392857143,317.678571429,314.535714286,305.5,316.392857143,333.857142857,311.464285714,285.285714286,243.071428571,193.75,147.928571429,101.5,4371.5,4595.25,5815.75,4446.25,4620.75,4415.75,3486.25
