zone_id,area_id,total,daytype_inweek,daytype_weekend,hod_00h,hod_01h,hod_02h,hod_03h,hod_04h,hod_05h,hod_06h,hod_07h,hod_08h,hod_09h,hod_10h,hod_11h,hod_12h,hod_13h,hod_14h,hod_15h,hod_16h,hod_17h,hod_18h,hod_19h,hod_20h,hod_21h,hod_22h,hod_23h,dow_mon,dow_tue,dow_wed,dow_thu,dow_fri,dow_sat,dow_sun
E08000024,E02001800,2460.67857143,13193.25,4161.75,12.9642857143,14.2857142857,10.6785714286,8.78571428571,8.46428571429,17.1071428571,53.1071428571,109.071428571,126.5,131.642857143,151.214285714,159.392857143,177.428571429,173.607142857,176.071428571,174.571428571,183.857142857,178.071428571,159.678571429,128.714285714,107.142857143,88.8928571429,67.0,42.4285714286,2333.0,2539.25,3262.0,2468.0,2591.0,2202.75,1828.75
