zone_id,area_id,total,daytype_inweek,daytype_weekend,hod_00h,hod_01h,hod_02h,hod_03h,hod_04h,hod_05h,hod_06h,hod_07h,hod_08h,hod_09h,hod_10h,hod_11h,hod_12h,hod_13h,hod_14h,hod_15h,hod_16h,hod_17h,hod_18h,hod_19h,hod_20h,hod_21h,hod_22h,hod_23h,dow_mon,dow_tue,dow_wed,dow_thu,dow_fri,dow_sat,dow_sun
S12000044,S02002177,1740.25,9553.25,2971.25,10.4285714286,11.3928571429,7.82142857143,7.78571428571,8.0,16.4285714286,35.7142857143,74.1428571429,108.178571429,89.9285714286,90.1428571429,96.6428571429,111.785714286,112.535714286,114.571428571,128.535714286,129.535714286,130.0,114.321428571,105.178571429,83.7857142857,72.6071428571,51.6785714286,29.1071428571,1795.5,1865.75,2327.75,1803.5,1760.75,1452.75,1175.75
