zone_id,area_id,total,daytype_inweek,daytype_weekend,hod_00h,hod_01h,hod_02h,hod_03h,hod_04h,hod_05h,hod_06h,hod_07h,hod_08h,hod_09h,hod_10h,hod_11h,hod_12h,hod_13h,hod_14h,hod_15h,hod_16h,hod_17h,hod_18h,hod_19h,hod_20h,hod_21h,hod_22h,hod_23h,dow_mon,dow_tue,dow_wed,dow_thu,dow_fri,dow_sat,dow_sun
S12000010,S02001539,536.821428571,2827.0,952.25,2.10714285714,2.85714285714,1.53571428571,1.0,2.0,3.96428571429,9.03571428571,19.6071428571,27.7142857143,28.5357142857,30.0714285714,33.5,36.2142857143,36.3928571429,36.4285714286,38.4642857143,41.7142857143,39.75,38.5,34.9285714286,28.7857142857,23.0714285714,14.7857142857,5.85714285714,526.0,567.0,700.0,500.25,533.75,504.5,426.25
