zone_id,area_id,total,daytype_inweek,daytype_weekend,hod_00h,hod_01h,hod_02h,hod_03h,hod_04h,hod_05h,hod_06h,hod_07h,hod_08h,hod_09h,hod_10h,hod_11h,hod_12h,hod_13h,hod_14h,hod_15h,hod_16h,hod_17h,hod_18h,hod_19h,hod_20h,hod_21h,hod_22h,hod_23h,dow_mon,dow_tue,dow_wed,dow_thu,dow_fri,dow_sat,dow_sun
E09000011,E02000323,2493.46428571,12949.25,4433.0,26.5,22.1071428571,13.5714285714,11.6071428571,14.25,21.1785714286,36.1428571429,71.8214285714,103.928571429,121.5,134.142857143,151.714285714,162.464285714,172.714285714,168.535714286,167.0,173.5,178.571428571,178.821428571,163.571428571,136.642857143,117.785714286,82.6428571429,62.75,2328.0,2519.75,3166.25,2370.5,2564.75,2400.0,2105.0
