zone_id,area_id,total,daytype_inweek,daytype_weekend,hod_00h,hod_01h,hod_02h,hod_03h,hod_04h,hod_05h,hod_06h,hod_07h,hod_08h,hod_09h,hod_10h,hod_11h,hod_12h,hod_13h,hod_14h,hod_15h,hod_16h,hod_17h,hod_18h,hod_19h,hod_20h,hod_21h,hod_22h,hod_23h,dow_mon,dow_tue,dow_wed,dow_thu,dow_fri,dow_sat,dow_sun
E06000019,E02002905,715.607142857,3857.75,1271.75,2.5,2.10714285714,2.57142857143,1.75,3.92857142857,6.53571428571,17.0,30.9285714286,42.6428571429,44.3214285714,51.9642857143,53.4285714286,50.3928571429,49.6071428571,50.6785714286,52.4285714286,52.7857142857,51.25,40.2142857143,32.0714285714,28.3571428571,22.1785714286,16.4285714286,9.53571428571,760.0,743.5,982.5,719.5,652.25,639.75,511.75
