zone_id,area_id,total,daytype_inweek,daytype_weekend,hod_00h,hod_01h,hod_02h,hod_03h,hod_04h,hod_05h,hod_06h,hod_07h,hod_08h,hod_09h,hod_10h,hod_11h,hod_12h,hod_13h,hod_14h,hod_15h,hod_16h,hod_17h,hod_18h,hod_19h,hod_20h,hod_21h,hod_22h,hod_23h,dow_mon,dow_tue,dow_wed,dow_thu,dow_fri,dow_sat,dow_sun
E09000023,E02000671,1852.92857143,9518.5,3289.75,21.6785714286,18.1428571429,10.5357142857,7.25,6.17857142857,8.96428571429,20.8214285714,42.3571428571,79.6785714286,96.5,112.071428571,124.892857143,132.857142857,138.857142857,131.357142857,127.321428571,127.892857143,125.857142857,118.5,112.571428571,96.3214285714,79.5714285714,65.9642857143,46.7857142857,1688.25,1854.75,2334.25,1814.0,1827.25,1850.5,1601.5
