zone_id,area_id,total,daytype_inweek,daytype_weekend,hod_00h,hod_01h,hod_02h,hod_03h,hod_04h,hod_05h,hod_06h,hod_07h,hod_08h,hod_09h,hod_10h,hod_11h,hod_12h,hod_13h,hod_14h,hod_15h,hod_16h,hod_17h,hod_18h,hod_19h,hod_20h,hod_21h,hod_22h,hod_23h,dow_mon,dow_tue,dow_wed,dow_thu,dow_fri,dow_sat,dow_sun
E06000001,E02002490,1520.67857143,7969.25,2627.75,6.28571428571,6.67857142857,5.32142857143,4.42857142857,5.64285714286,11.1428571429,18.75,42.1071428571,59.3571428571,75.1071428571,90.25,106.392857143,118.535714286,117.535714286,115.857142857,120.285714286,120.607142857,116.75,103.0,87.2857142857,69.9285714286,53.7857142857,40.6785714286,24.9642857143,1438.25,1556.25,1965.25,1449.5,1560.0,1486.0,1189.5
