zone_id,area_id,total,daytype_inweek,daytype_weekend,hod_00h,hod_01h,hod_02h,hod_03h,hod_04h,hod_05h,hod_06h,hod_07h,hod_08h,hod_09h,hod_10h,hod_11h,hod_12h,hod_13h,hod_14h,hod_15h,hod_16h,hod_17h,hod_18h,hod_19h,hod_20h,hod_21h,hod_22h,hod_23h,dow_mon,dow_tue,dow_wed,dow_thu,dow_fri,dow_sat,dow_sun
E08000016,E02001510,2149.14285714,11525.75,3669.75,8.96428571429,10.6071428571,8.39285714286,7.92857142857,10.1785714286,25.8214285714,40.0,72.5357142857,98.4285714286,118.178571429,134.464285714,148.464285714,155.892857143,151.75,148.571428571,151.821428571,149.964285714,152.892857143,142.107142857,127.678571429,111.607142857,80.4285714286,59.3571428571,33.1071428571,2077.0,2254.5,2898.0,2123.75,2172.5,1925.5,1592.75
