zone_id,area_id,total,daytype_inweek,daytype_weekend,hod_00h,hod_01h,hod_02h,hod_03h,hod_04h,hod_05h,hod_06h,hod_07h,hod_08h,hod_09h,hod_10h,hod_11h,hod_12h,hod_13h,hod_14h,hod_15h,hod_16h,hod_17h,hod_18h,hod_19h,hod_20h,hod_21h,hod_22h,hod_23h,dow_mon,dow_tue,dow_wed,dow_thu,dow_fri,dow_sat,dow_sun
E06000008,E02002629,1779.85714286,9522.75,2993.5,9.21428571429,12.6785714286,8.17857142857,7.35714285714,8.21428571429,20.0357142857,33.7857142857,70.0714285714,90.1785714286,86.9285714286,97.0,107.857142857,118.785714286,121.892857143,121.142857143,124.571428571,137.25,147.535714286,122.392857143,106.964285714,85.5714285714,65.7857142857,47.8214285714,28.6428571429,1716.0,1831.75,2383.25,1787.75,1804.0,1658.75,1277.5
