zone_id,area_id,total,daytype_inweek,daytype_weekend,hod_00h,hod_01h,hod_02h,hod_03h,hod_04h,hod_05h,hod_06h,hod_07h,hod_08h,hod_09h,hod_10h,hod_11h,hod_12h,hod_13h,hod_14h,hod_15h,hod_16h,hod_17h,hod_18h,hod_19h,hod_20h,hod_21h,hod_22h,hod_23h,dow_mon,dow_tue,dow_wed,dow_thu,dow_fri,dow_sat,dow_sun
W06000002,W02000014,3325.17857143,17899.75,5652.25,8.75,8.67857142857,6.28571428571,6.14285714286,7.21428571429,12.3928571429,35.0357142857,86.75,162.357142857,192.0,231.178571429,258.285714286,258.035714286,262.071428571,253.857142857,253.321428571,277.5,266.285714286,213.75,170.071428571,137.964285714,100.142857143,74.25,42.8571428571,3211.0,3573.0,4318.5,3391.75,3405.5,2935.25,2441.25
