zone_id,area_id,total,daytype_inweek,daytype_weekend,hod_00h,hod_01h,hod_02h,hod_03h,hod_04h,hod_05h,hod_06h,hod_07h,hod_08h,hod_09h,hod_10h,hod_11h,hod_12h,hod_13h,hod_14h,hod_15h,hod_16h,hod_17h,hod_18h,hod_19h,hod_20h,hod_21h,hod_22h,hod_23h,dow_mon,dow_tue,dow_wed,dow_thu,dow_fri,dow_sat,dow_sun
E07000196,E02006179,1557.64285714,8437.5,2878.25,11.4642857143,9.32142857143,7.35714285714,5.89285714286,7.42857142857,15.9642857143,33.2857142857,61.8571428571,83.0,91.9642857143,97.6785714286,97.8928571429,106.357142857,105.464285714,103.964285714,98.9642857143,107.571428571,107.5,99.6071428571,88.3928571429,77.6428571429,62.5,46.3928571429,30.1785714286,1673.25,1651.5,2069.75,1604.75,1438.25,1261.0,1205.0
