zone_id,area_id,total,daytype_inweek,daytype_weekend,hod_00h,hod_01h,hod_02h,hod_03h,hod_04h,hod_05h,hod_06h,hod_07h,hod_08h,hod_09h,hod_10h,hod_11h,hod_12h,hod_13h,hod_14h,hod_15h,hod_16h,hod_17h,hod_18h,hod_19h,hod_20h,hod_21h,hod_22h,hod_23h,dow_mon,dow_tue,dow_wed,dow_thu,dow_fri,dow_sat,dow_sun
E08000030,E02002137,910.392857143,4878.25,1567.5,3.03571428571,3.17857142857,1.89285714286,1.53571428571,1.60714285714,3.75,11.1785714286,25.5,42.4642857143,55.8214285714,54.6785714286,66.8214285714,66.1071428571,65.8571428571,66.6071428571,62.5714285714,60.8214285714,70.1071428571,63.4285714286,57.9285714286,43.3214285714,38.9642857143,26.1428571429,17.0714285714,884.25,957.75,1171.25,951.75,913.25,811.25,683.25
