zone_id,area_id,total,daytype_inweek,daytype_weekend,hod_00h,hod_01h,hod_02h,hod_03h,hod_04h,hod_05h,hod_06h,hod_07h,hod_08h,hod_09h,hod_10h,hod_11h,hod_12h,hod_13h,hod_14h,hod_15h,hod_16h,hod_17h,hod_18h,hod_19h,hod_20h,hod_21h,hod_22h,hod_23h,dow_mon,dow_tue,dow_wed,dow_thu,dow_fri,dow_sat,dow_sun
E09000011,E02000316,4982.92857143,25887.75,8713.0,51.8928571429,38.9642857143,27.0,20.1428571429,25.6428571429,51.8928571429,89.75,158.535714286,221.535714286,248.821428571,279.142857143,315.357142857,344.285714286,360.678571429,366.821428571,337.392857143,340.785714286,357.464285714,327.714285714,287.107142857,249.678571429,204.285714286,161.571428571,116.464285714,4673.5,5053.0,6193.25,4760.75,5207.25,4953.25,4039.5
