zone_id,area_id,total,daytype_inweek,daytype_weekend,hod_00h,hod_01h,hod_02h,hod_03h,hod_04h,hod_05h,hod_06h,hod_07h,hod_08h,hod_09h,hod_10h,hod_11h,hod_12h,hod_13h,hod_14h,hod_15h,hod_16h,hod_17h,hod_18h,hod_19h,hod_20h,hod_21h,hod_22h,hod_23h,dow_mon,dow_tue,dow_wed,dow_thu,dow_fri,dow_sat,dow_sun
E06000002,E02002499,2539.64285714,13477.5,4214.25,13.0,17.2857142857,14.5714285714,13.6071428571,12.1071428571,21.0714285714,41.3928571429,81.4642857143,108.071428571,131.857142857,151.464285714,170.464285714,193.25,184.107142857,189.321428571,190.785714286,186.571428571,185.392857143,162.321428571,153.142857143,123.678571429,89.4285714286,62.0357142857,43.25,2401.25,2681.5,3280.5,2433.25,2681.0,2487.0,1813.0
