zone_id,area_id,total,daytype_inweek,daytype_weekend,hod_00h,hod_01h,hod_02h,hod_03h,hod_04h,hod_05h,hod_06h,hod_07h,hod_08h,hod_09h,hod_10h,hod_11h,hod_12h,hod_13h,hod_14h,hod_15h,hod_16h,hod_17h,hod_18h,hod_19h,hod_20h,hod_21h,hod_22h,hod_23h,dow_mon,dow_tue,dow_wed,dow_thu,dow_fri,dow_sat,dow_sun
E07000165,E02005768,3520.64285714,18788.25,6195.75,12.75,11.4642857143,9.14285714286,7.78571428571,10.6785714286,21.9285714286,49.0714285714,147.392857143,216.857142857,219.357142857,245.25,256.5,268.535714286,256.035714286,250.25,248.214285714,257.464285714,280.214285714,215.392857143,180.142857143,134.75,104.428571429,75.6428571429,41.3928571429,3529.0,3601.25,4637.25,3495.5,3525.25,3189.5,2666.75
