zone_id,area_id,total,daytype_inweek,daytype_weekend,hod_00h,hod_01h,hod_02h,hod_03h,hod_04h,hod_05h,hod_06h,hod_07h,hod_08h,hod_09h,hod_10h,hod_11h,hod_12h,hod_13h,hod_14h,hod_15h,hod_16h,hod_17h,hod_18h,hod_19h,hod_20h,hod_21h,hod_22h,hod_23h,dow_mon,dow_tue,dow_wed,dow_thu,dow_fri,dow_sat,dow_sun
E06000055,E02003620,3566.32142857,18901.0,6191.25,14.9642857143,13.0,10.6071428571,10.3928571429,12.75,29.8928571429,49.75,113.714285714,188.428571429,204.928571429,229.5,243.107142857,254.928571429,246.785714286,250.964285714,248.714285714,268.357142857,272.821428571,237.5,208.535714286,176.214285714,129.464285714,98.6785714286,52.3214285714,3397.5,3745.75,4578.75,3508.75,3670.25,3269.5,2793.75
