zone_id,area_id,total,daytype_inweek,daytype_weekend,hod_00h,hod_01h,hod_02h,hod_03h,hod_04h,hod_05h,hod_06h,hod_07h,hod_08h,hod_09h,hod_10h,hod_11h,hod_12h,hod_13h,hod_14h,hod_15h,hod_16h,hod_17h,hod_18h,hod_19h,hod_20h,hod_21h,hod_22h,hod_23h,dow_mon,dow_tue,dow_wed,dow_thu,dow_fri,dow_sat,dow_sun
E06000050,E02003797,8491.46428571,45713.25,14483.5,36.9642857143,39.4642857143,30.6071428571,24.8214285714,24.1428571429,41.75,103.214285714,281.964285714,417.928571429,467.464285714,552.607142857,600.5,652.392857143,684.357142857,660.928571429,642.75,680.857142857,673.285714286,552.642857143,414.821428571,334.964285714,243.142857143,200.571428571,129.321428571,8384.75,8868.25,11433.5,8570.75,8456.0,7628.25,6098.75
