zone_id,area_id,total,daytype_inweek,daytype_weekend,hod_00h,hod_01h,hod_02h,hod_03h,hod_04h,hod_05h,hod_06h,hod_07h,hod_08h,hod_09h,hod_10h,hod_11h,hod_12h,hod_13h,hod_14h,hod_15h,hod_16h,hod_17h,hod_18h,hod_19h,hod_20h,hod_21h,hod_22h,hod_23h,dow_mon,dow_tue,dow_wed,dow_thu,dow_fri,dow_sat,dow_sun
E08000024,E02001822,2951.07142857,15616.75,5146.25,11.4285714286,13.4642857143,11.0714285714,8.42857142857,9.71428571429,23.7142857143,64.1428571429,115.214285714,157.892857143,160.392857143,183.428571429,205.321428571,203.678571429,202.928571429,195.035714286,212.071428571,226.821428571,223.035714286,198.285714286,172.892857143,129.357142857,104.714285714,73.4642857143,44.5714285714,2828.5,2986.0,3811.25,2905.0,3086.0,2723.0,2317.75
