zone_id,area_id,total,daytype_inweek,daytype_weekend,hod_00h,hod_01h,hod_02h,hod_03h,hod_04h,hod_05h,hod_06h,hod_07h,hod_08h,hod_09h,hod_10h,hod_11h,hod_12h,hod_13h,hod_14h,hod_15h,hod_16h,hod_17h,hod_18h,hod_19h,hod_20h,hod_21h,hod_22h,hod_23h,dow_mon,dow_tue,dow_wed,dow_thu,dow_fri,dow_sat,dow_sun
E07000225,E02006565,2130.25,11115.75,3753.0,10.2142857143,5.5,4.32142857143,4.17857142857,3.92857142857,8.67857142857,37.0,77.3214285714,117.5,129.571428571,150.607142857,157.571428571,168.678571429,156.285714286,155.0,154.785714286,156.928571429,161.0,127.642857143,101.857142857,82.2857142857,61.4642857143,57.5357142857,40.3928571429,2032.75,2167.75,2697.75,2109.5,2108.0,2075.75,1720.25
