zone_id,area_id,total,daytype_inweek,daytype_weekend,hod_00h,hod_01h,hod_02h,hod_03h,hod_04h,hod_05h,hod_06h,hod_07h,hod_08h,hod_09h,hod_10h,hod_11h,hod_12h,hod_13h,hod_14h,hod_15h,hod_16h,hod_17h,hod_18h,hod_19h,hod_20h,hod_21h,hod_22h,hod_23h,dow_mon,dow_tue,dow_wed,dow_thu,dow_fri,dow_sat,dow_sun
S12000014,S02001727,4619.78571429,25085.75,8189.75,22.4642857143,27.1071428571,18.25,17.0,24.6428571429,46.9642857143,103.857142857,203.571428571,237.178571429,239.571428571,277.035714286,295.785714286,335.571428571,336.535714286,326.571428571,334.178571429,357.392857143,327.535714286,292.25,252.142857143,208.0,161.5,113.428571429,61.25,4798.75,4904.5,6112.0,4615.75,4654.75,3861.75,3391.0
