zone_id,area_id,total,daytype_inweek,daytype_weekend,hod_00h,hod_01h,hod_02h,hod_03h,hod_04h,hod_05h,hod_06h,hod_07h,hod_08h,hod_09h,hod_10h,hod_11h,hod_12h,hod_13h,hod_14h,hod_15h,hod_16h,hod_17h,hod_18h,hod_19h,hod_20h,hod_21h,hod_22h,hod_23h,dow_mon,dow_tue,dow_wed,dow_thu,dow_fri,dow_sat,dow_sun
E06000040,E02003437,2697.25,13042.0,4704.5,18.1428571429,11.3928571429,8.71428571429,7.0,4.82142857143,10.8214285714,27.0714285714,87.3214285714,146.428571429,169.428571429,189.464285714,208.892857143,219.428571429,199.714285714,173.75,179.928571429,187.642857143,187.75,167.071428571,155.642857143,128.428571429,101.107142857,66.2857142857,41.0,2369.25,2535.75,3137.25,2409.5,2590.25,3503.5,2335.25
