zone_id,area_id,total,daytype_inweek,daytype_weekend,hod_00h,hod_01h,hod_02h,hod_03h,hod_04h,hod_05h,hod_06h,hod_07h,hod_08h,hod_09h,hod_10h,hod_11h,hod_12h,hod_13h,hod_14h,hod_15h,hod_16h,hod_17h,hod_18h,hod_19h,hod_20h,hod_21h,hod_22h,hod_23h,dow_mon,dow_tue,dow_wed,dow_thu,dow_fri,dow_sat,dow_sun
E07000096,E02004861,1737.32142857,9391.25,3023.5,5.75,3.89285714286,1.78571428571,2.71428571429,2.25,7.75,17.5714285714,59.0714285714,99.8928571429,106.5,117.285714286,126.607142857,141.071428571,144.357142857,136.892857143,130.571428571,131.035714286,130.964285714,104.642857143,87.7142857143,63.6785714286,52.1428571429,38.5714285714,24.6071428571,1762.0,1935.5,2321.75,1717.25,1654.75,1508.5,1261.5
