zone_id,area_id,total,daytype_inweek,daytype_weekend,hod_00h,hod_01h,hod_02h,hod_03h,hod_04h,hod_05h,hod_06h,hod_07h,hod_08h,hod_09h,hod_10h,hod_11h,hod_12h,hod_13h,hod_14h,hod_15h,hod_16h,hod_17h,hod_18h,hod_19h,hod_20h,hod_21h,hod_22h,hod_23h,dow_mon,dow_tue,dow_wed,dow_thu,dow_fri,dow_sat,dow_sun
E06000049,E02003825,2773.5,14874.5,4834.0,12.25,13.1071428571,10.8928571429,10.4642857143,9.14285714286,52.0,73.8928571429,119.428571429,149.428571429,144.785714286,150.678571429,164.892857143,186.071428571,190.464285714,183.964285714,188.678571429,209.285714286,212.535714286,186.107142857,157.25,123.25,100.5,79.8928571429,44.5357142857,2745.5,2893.5,3591.25,2763.25,2881.0,2451.5,2088.5
