zone_id,area_id,total,daytype_inweek,daytype_weekend,hod_00h,hod_01h,hod_02h,hod_03h,hod_04h,hod_05h,hod_06h,hod_07h,hod_08h,hod_09h,hod_10h,hod_11h,hod_12h,hod_13h,hod_14h,hod_15h,hod_16h,hod_17h,hod_18h,hod_19h,hod_20h,hod_21h,hod_22h,hod_23h,dow_mon,dow_tue,dow_wed,dow_thu,dow_fri,dow_sat,dow_sun
E07000224,E02006553,2777.35714286,14270.75,4959.0,10.1428571429,10.4642857143,7.53571428571,7.57142857143,9.25,34.5714285714,58.25,108.142857143,139.392857143,150.928571429,169.928571429,189.928571429,185.285714286,200.25,195.357142857,193.964285714,212.0,211.357142857,183.821428571,159.821428571,129.5,97.4642857143,73.8571428571,38.5714285714,2540.0,2697.75,3516.25,2678.5,2838.25,2751.75,2419.0
