zone_id,area_id,total,daytype_inweek,daytype_weekend,hod_00h,hod_01h,hod_02h,hod_03h,hod_04h,hod_05h,hod_06h,hod_07h,hod_08h,hod_09h,hod_10h,hod_11h,hod_12h,hod_13h,hod_14h,hod_15h,hod_16h,hod_17h,hod_18h,hod_19h,hod_20h,hod_21h,hod_22h,hod_23h,dow_mon,dow_tue,dow_wed,dow_thu,dow_fri,dow_sat,dow_sun
E06000052,E02003912,7763.39285714,41420.0,13568.75,36.9642857143,28.0357142857,22.6428571429,19.7142857143,23.0714285714,43.3571428571,116.5,297.785714286,409.928571429,467.535714286,577.642857143,603.785714286,563.25,530.214285714,526.25,540.5,619.928571429,619.285714286,491.142857143,384.285714286,305.5,238.678571429,190.892857143,106.5,7672.5,8114.25,10246.5,7884.5,7502.25,7027.5,5896.25
