zone_id,area_id,total,daytype_inweek,daytype_weekend,hod_00h,hod_01h,hod_02h,hod_03h,hod_04h,hod_05h,hod_06h,hod_07h,hod_08h,hod_09h,hod_10h,hod_11h,hod_12h,hod_13h,hod_14h,hod_15h,hod_16h,hod_17h,hod_18h,hod_19h,hod_20h,hod_21h,hod_22h,hod_23h,dow_mon,dow_tue,dow_wed,dow_thu,dow_fri,dow_sat,dow_sun
S12000046,S02001843,1990.96428571,10493.25,3531.0,12.4285714286,12.75,6.64285714286,7.85714285714,7.03571428571,9.25,28.7142857143,76.6071428571,111.964285714,101.0,106.607142857,117.892857143,133.25,132.714285714,144.214285714,152.535714286,156.642857143,158.214285714,136.214285714,115.285714286,94.6428571429,71.9642857143,60.2142857143,36.3214285714,1986.0,1978.75,2550.0,1902.5,2076.0,1898.5,1545.0
