zone_id,area_id,total,daytype_inweek,daytype_weekend,hod_00h,hod_01h,hod_02h,hod_03h,hod_04h,hod_05h,hod_06h,hod_07h,hod_08h,hod_09h,hod_10h,hod_11h,hod_12h,hod_13h,hod_14h,hod_15h,hod_16h,hod_17h,hod_18h,hod_19h,hod_20h,hod_21h,hod_22h,hod_23h,dow_mon,dow_tue,dow_wed,dow_thu,dow_fri,dow_sat,dow_sun
E08000014,E02001456,2556.42857143,13520.0,4464.5,14.1071428571,15.1785714286,10.3928571429,7.03571428571,7.0,16.8928571429,34.3571428571,84.9285714286,135.0,126.071428571,143.214285714,163.035714286,173.392857143,181.285714286,184.678571429,186.821428571,190.428571429,200.785714286,179.642857143,163.035714286,129.321428571,93.1071428571,70.5714285714,46.1428571429,2499.25,2668.75,3303.5,2534.75,2513.75,2409.75,1965.25
