zone_id,area_id,total,daytype_inweek,daytype_weekend,hod_00h,hod_01h,hod_02h,hod_03h,hod_04h,hod_05h,hod_06h,hod_07h,hod_08h,hod_09h,hod_10h,hod_11h,hod_12h,hod_13h,hod_14h,hod_15h,hod_16h,hod_17h,hod_18h,hod_19h,hod_20h,hod_21h,hod_22h,hod_23h,dow_mon,dow_tue,dow_wed,dow_thu,dow_fri,dow_sat,dow_sun
W06000014,W02000245,2902.35714286,15251.0,5228.0,14.8214285714,14.7142857143,10.0,9.21428571429,8.35714285714,17.0,39.1071428571,75.8214285714,122.392857143,150.75,181.178571429,206.785714286,223.321428571,218.964285714,206.035714286,216.357142857,212.0,217.357142857,201.785714286,168.928571429,140.535714286,109.964285714,86.8214285714,50.1428571429,2863.0,3084.5,3630.75,2848.5,2824.25,2700.5,2365.0
