zone_id,area_id,total,daytype_inweek,daytype_weekend,hod_00h,hod_01h,hod_02h,hod_03h,hod_04h,hod_05h,hod_06h,hod_07h,hod_08h,hod_09h,hod_10h,hod_11h,hod_12h,hod_13h,hod_14h,hod_15h,hod_16h,hod_17h,hod_18h,hod_19h,hod_20h,hod_21h,hod_22h,hod_23h,dow_mon,dow_tue,dow_wed,dow_thu,dow_fri,dow_sat,dow_sun
E08000025,E02001861,4012.42857143,21143.25,7182.0,55.3928571429,54.3571428571,34.1785714286,25.1785714286,26.0357142857,36.6428571429,58.7857142857,102.785714286,162.857142857,192.285714286,191.75,206.035714286,228.285714286,253.892857143,266.178571429,276.0,296.321428571,296.0,272.25,265.178571429,220.178571429,198.464285714,171.857142857,121.535714286,3966.75,4184.75,5074.5,3930.5,3986.75,3728.5,3215.25
