zone_id,area_id,total,daytype_inweek,daytype_weekend,hod_00h,hod_01h,hod_02h,hod_03h,hod_04h,hod_05h,hod_06h,hod_07h,hod_08h,hod_09h,hod_10h,hod_11h,hod_12h,hod_13h,hod_14h,hod_15h,hod_16h,hod_17h,hod_18h,hod_19h,hod_20h,hod_21h,hod_22h,hod_23h,dow_mon,dow_tue,dow_wed,dow_thu,dow_fri,dow_sat,dow_sun
W06000003,W02000035,2362.28571429,12572.25,4239.0,6.57142857143,5.60714285714,5.64285714286,4.03571428571,4.53571428571,9.57142857143,22.5,60.8571428571,128.071428571,120.678571429,153.178571429,166.714285714,176.285714286,180.321428571,175.464285714,187.714285714,193.428571429,197.642857143,164.357142857,127.928571429,103.821428571,79.6428571429,55.3214285714,32.3928571429,2384.0,2528.5,2996.75,2312.25,2350.75,2108.75,1855.0
