zone_id,area_id,total,daytype_inweek,daytype_weekend,hod_00h,hod_01h,hod_02h,hod_03h,hod_04h,hod_05h,hod_06h,hod_07h,hod_08h,hod_09h,hod_10h,hod_11h,hod_12h,hod_13h,hod_14h,hod_15h,hod_16h,hod_17h,hod_18h,hod_19h,hod_20h,hod_21h,hod_22h,hod_23h,dow_mon,dow_tue,dow_wed,dow_thu,dow_fri,dow_sat,dow_sun
E07000087,E02004728,4025.21428571,21669.5,6803.0,16.1785714286,12.8214285714,9.17857142857,6.75,9.10714285714,31.4642857143,68.6785714286,166.821428571,235.071428571,222.428571429,254.178571429,274.464285714,306.178571429,290.892857143,283.392857143,285.357142857,298.75,303.071428571,268.214285714,229.178571429,168.464285714,128.964285714,96.1428571429,59.4642857143,3892.5,4133.5,5254.0,4145.5,4244.0,3596.5,2910.5
