zone_id,area_id,total,daytype_inweek,daytype_weekend,hod_00h,hod_01h,hod_02h,hod_03h,hod_04h,hod_05h,hod_06h,hod_07h,hod_08h,hod_09h,hod_10h,hod_11h,hod_12h,hod_13h,hod_14h,hod_15h,hod_16h,hod_17h,hod_18h,hod_19h,hod_20h,hod_21h,hod_22h,hod_23h,dow_mon,dow_tue,dow_wed,dow_thu,dow_fri,dow_sat,dow_sun
E07000053,E02004289,2824.39285714,14425.0,5177.25,8.35714285714,10.9642857143,8.0,6.25,6.96428571429,16.5,45.0714285714,97.9642857143,127.357142857,157.357142857,190.035714286,206.5,208.178571429,203.107142857,202.035714286,208.928571429,215.75,219.035714286,190.571428571,158.285714286,133.035714286,99.6428571429,70.2142857143,34.2857142857,2687.5,2889.5,3512.5,2627.75,2707.75,2856.0,2489.75
