zone_id,area_id,total,daytype_inweek,daytype_weekend,hod_00h,hod_01h,hod_02h,hod_03h,hod_04h,hod_05h,hod_06h,hod_07h,hod_08h,hod_09h,hod_10h,hod_11h,hod_12h,hod_13h,hod_14h,hod_15h,hod_16h,hod_17h,hod_18h,hod_19h,hod_20h,hod_21h,hod_22h,hod_23h,dow_mon,dow_tue,dow_wed,dow_thu,dow_fri,dow_sat,dow_sun
E07000225,E02006574,4087.75,20988.0,7334.5,12.25,10.5357142857,7.32142857143,7.0,8.89285714286,26.8214285714,61.6428571429,144.714285714,219.392857143,219.892857143,267.0,311.535714286,319.464285714,313.321428571,306.285714286,313.107142857,311.571428571,322.25,270.892857143,210.178571429,164.214285714,123.928571429,87.4642857143,48.0714285714,3910.0,4034.75,5025.75,3905.75,4111.75,4201.75,3424.5
