zone_id,area_id,total,daytype_inweek,daytype_weekend,hod_00h,hod_01h,hod_02h,hod_03h,hod_04h,hod_05h,hod_06h,hod_07h,hod_08h,hod_09h,hod_10h,hod_11h,hod_12h,hod_13h,hod_14h,hod_15h,hod_16h,hod_17h,hod_18h,hod_19h,hod_20h,hod_21h,hod_22h,hod_23h,dow_mon,dow_tue,dow_wed,dow_thu,dow_fri,dow_sat,dow_sun
S12000015,S02001798,2848.25,15238.5,5040.5,15.25,13.5,9.03571428571,9.25,9.64285714286,26.2142857143,66.1428571429,133.464285714,175.285714286,154.714285714,157.607142857,177.035714286,185.964285714,188.428571429,200.535714286,213.285714286,225.928571429,223.678571429,187.5,148.357142857,128.428571429,101.321428571,62.9642857143,34.7142857143,2901.0,2972.5,3662.5,2817.0,2885.5,2559.75,2139.5
