zone_id,area_id,total,daytype_inweek,daytype_weekend,hod_00h,hod_01h,hod_02h,hod_03h,hod_04h,hod_05h,hod_06h,hod_07h,hod_08h,hod_09h,hod_10h,hod_11h,hod_12h,hod_13h,hod_14h,hod_15h,hod_16h,hod_17h,hod_18h,hod_19h,hod_20h,hod_21h,hod_22h,hod_23h,dow_mon,dow_tue,dow_wed,dow_thu,dow_fri,dow_sat,dow_sun
E09000013,E02000384,5436.39285714,30828.75,8304.5,47.7857142857,38.5714285714,26.4285714286,17.7142857143,14.3928571429,21.0,41.0,106.035714286,244.5,290.392857143,308.964285714,340.607142857,438.285714286,480.5,412.75,399.25,378.714285714,392.607142857,399.714285714,328.178571429,243.571428571,187.321428571,155.178571429,122.928571429,5130.75,6263.75,7745.5,5941.75,5747.0,4052.25,3173.75
