zone_id,area_id,total,daytype_inweek,daytype_weekend,hod_00h,hod_01h,hod_02h,hod_03h,hod_04h,hod_05h,hod_06h,hod_07h,hod_08h,hod_09h,hod_10h,hod_11h,hod_12h,hod_13h,hod_14h,hod_15h,hod_16h,hod_17h,hod_18h,hod_19h,hod_20h,hod_21h,hod_22h,hod_23h,dow_mon,dow_tue,dow_wed,dow_thu,dow_fri,dow_sat,dow_sun
E09000016,E02000477,2610.14285714,13508.5,4594.0,15.3214285714,15.9642857143,10.0357142857,7.57142857143,8.32142857143,14.6785714286,27.7142857143,68.4285714286,127.107142857,153.142857143,170.928571429,184.785714286,192.0,184.321428571,182.25,170.928571429,177.821428571,183.035714286,174.857142857,171.0,139.892857143,105.321428571,76.1785714286,48.5357142857,2469.25,2659.75,3367.75,2403.75,2608.0,2637.75,2124.75
