zone_id,area_id,total,daytype_inweek,daytype_weekend,hod_00h,hod_01h,hod_02h,hod_03h,hod_04h,hod_05h,hod_06h,hod_07h,hod_08h,hod_09h,hod_10h,hod_11h,hod_12h,hod_13h,hod_14h,hod_15h,hod_16h,hod_17h,hod_18h,hod_19h,hod_20h,hod_21h,hod_22h,hod_23h,dow_mon,dow_tue,dow_wed,dow_thu,dow_fri,dow_sat,dow_sun
E06000038,E02003394,5603.71428571,25754.75,10275.75,98.6071428571,68.8571428571,43.0714285714,31.6071428571,24.7857142857,32.3928571429,69.0357142857,140.25,198.321428571,244.035714286,294.142857143,333.678571429,361.142857143,355.642857143,368.285714286,353.571428571,363.285714286,387.928571429,373.25,362.392857143,331.892857143,291.214285714,237.392857143,238.928571429,4167.5,3421.5,4478.5,5839.0,7848.25,7363.0,6108.25
