zone_id,area_id,total,daytype_inweek,daytype_weekend,hod_00h,hod_01h,hod_02h,hod_03h,hod_04h,hod_05h,hod_06h,hod_07h,hod_08h,hod_09h,hod_10h,hod_11h,hod_12h,hod_13h,hod_14h,hod_15h,hod_16h,hod_17h,hod_18h,hod_19h,hod_20h,hod_21h,hod_22h,hod_23h,dow_mon,dow_tue,dow_wed,dow_thu,dow_fri,dow_sat,dow_sun
E07000218,E02006471,1504.32142857,8110.25,2745.75,11.4285714286,9.10714285714,6.0,8.46428571429,8.5,20.4642857143,37.0,65.0714285714,79.8571428571,85.25,96.7142857143,95.1071428571,98.7857142857,108.0,95.9285714286,94.1071428571,92.5,103.964285714,95.8214285714,83.7142857143,71.9285714286,57.75,46.5357142857,32.3214285714,1519.0,1627.75,2005.75,1522.5,1435.25,1193.25,1226.75
