zone_id,area_id,total,daytype_inweek,daytype_weekend,hod_00h,hod_01h,hod_02h,hod_03h,hod_04h,hod_05h,hod_06h,hod_07h,hod_08h,hod_09h,hod_10h,hod_11h,hod_12h,hod_13h,hod_14h,hod_15h,hod_16h,hod_17h,hod_18h,hod_19h,hod_20h,hod_21h,hod_22h,hod_23h,dow_mon,dow_tue,dow_wed,dow_thu,dow_fri,dow_sat,dow_sun
E06000028,E02003187,3941.35714286,20451.0,7064.75,17.9285714286,22.1785714286,17.9285714286,16.2142857143,15.7142857143,26.3928571429,55.1071428571,146.857142857,203.928571429,200.571428571,224.107142857,245.714285714,262.75,260.714285714,266.071428571,270.928571429,288.035714286,309.392857143,288.178571429,238.035714286,207.0,164.142857143,126.071428571,67.3928571429,3721.75,3921.5,4826.5,3863.75,4117.5,3795.5,3343.0
