zone_id,area_id,total,daytype_inweek,daytype_weekend,hod_00h,hod_01h,hod_02h,hod_03h,hod_04h,hod_05h,hod_06h,hod_07h,hod_08h,hod_09h,hod_10h,hod_11h,hod_12h,hod_13h,hod_14h,hod_15h,hod_16h,hod_17h,hod_18h,hod_19h,hod_20h,hod_21h,hod_22h,hod_23h,dow_mon,dow_tue,dow_wed,dow_thu,dow_fri,dow_sat,dow_sun
E07000007,E02003710,11723.7142857,62825.0,19302.25,61.9642857143,53.6428571429,38.3571428571,31.1071428571,31.1785714286,59.0,165.107142857,419.464285714,594.928571429,647.928571429,722.928571429,807.035714286,891.821428571,901.964285714,872.964285714,846.964285714,879.285714286,922.464285714,783.285714286,628.821428571,505.535714286,391.5,293.392857143,173.071428571,11050.0,12537.75,15215.0,11971.5,12050.75,10988.75,8252.25
