zone_id,area_id,total,daytype_inweek,daytype_weekend,hod_00h,hod_01h,hod_02h,hod_03h,hod_04h,hod_05h,hod_06h,hod_07h,hod_08h,hod_09h,hod_10h,hod_11h,hod_12h,hod_13h,hod_14h,hod_15h,hod_16h,hod_17h,hod_18h,hod_19h,hod_20h,hod_21h,hod_22h,hod_23h,dow_mon,dow_tue,dow_wed,dow_thu,dow_fri,dow_sat,dow_sun
E08000011,E02001338,1529.46428571,8160.5,2601.75,7.57142857143,8.96428571429,6.25,5.21428571429,5.32142857143,10.7857142857,24.2142857143,46.4285714286,70.6071428571,76.6428571429,84.75,92.6428571429,102.392857143,103.107142857,110.821428571,112.535714286,119.071428571,120.107142857,110.928571429,100.535714286,78.7857142857,66.3571428571,43.0,22.4285714286,1478.75,1593.25,1930.25,1547.25,1611.0,1422.75,1123.0
