zone_id,area_id,total,daytype_inweek,daytype_weekend,hod_00h,hod_01h,hod_02h,hod_03h,hod_04h,hod_05h,hod_06h,hod_07h,hod_08h,hod_09h,hod_10h,hod_11h,hod_12h,hod_13h,hod_14h,hod_15h,hod_16h,hod_17h,hod_18h,hod_19h,hod_20h,hod_21h,hod_22h,hod_23h,dow_mon,dow_tue,dow_wed,dow_thu,dow_fri,dow_sat,dow_sun
E07000224,E02006558,4948.0,25329.0,9009.25,20.75,22.1785714286,16.4285714286,15.8571428571,16.5357142857,54.3214285714,95.4285714286,165.035714286,259.178571429,264.892857143,316.464285714,342.785714286,357.428571429,355.75,350.178571429,348.642857143,373.928571429,373.035714286,326.428571429,282.75,222.5,167.5,125.642857143,74.3571428571,4672.0,4978.75,6012.75,4603.0,5062.5,4969.75,4337.25
