zone_id,area_id,total,daytype_inweek,daytype_weekend,hod_00h,hod_01h,hod_02h,hod_03h,hod_04h,hod_05h,hod_06h,hod_07h,hod_08h,hod_09h,hod_10h,hod_11h,hod_12h,hod_13h,hod_14h,hod_15h,hod_16h,hod_17h,hod_18h,hod_19h,hod_20h,hod_21h,hod_22h,hod_23h,dow_mon,dow_tue,dow_wed,dow_thu,dow_fri,dow_sat,dow_sun
E07000037,E02004097,1930.42857143,10345.5,3325.25,6.0,5.78571428571,3.89285714286,3.82142857143,9.39285714286,18.9642857143,36.75,67.4285714286,94.2142857143,102.535714286,121.428571429,132.071428571,139.035714286,141.5,143.5,142.107142857,145.928571429,157.571428571,129.25,107.321428571,81.6428571429,66.8928571429,45.7142857143,27.6785714286,1850.0,1992.0,2522.5,1982.75,1998.25,1692.25,1475.25
