zone_id,area_id,total,daytype_inweek,daytype_weekend,hod_00h,hod_01h,hod_02h,hod_03h,hod_04h,hod_05h,hod_06h,hod_07h,hod_08h,hod_09h,hod_10h,hod_11h,hod_12h,hod_13h,hod_14h,hod_15h,hod_16h,hod_17h,hod_18h,hod_19h,hod_20h,hod_21h,hod_22h,hod_23h,dow_mon,dow_tue,dow_wed,dow_thu,dow_fri,dow_sat,dow_sun
E07000205,E02006291,2665.5,13939.25,4759.25,7.57142857143,6.64285714286,3.92857142857,3.60714285714,6.25,13.3214285714,39.5,87.4285714286,130.535714286,152.0,181.25,203.821428571,207.964285714,199.892857143,204.678571429,202.857142857,210.142857143,212.714285714,170.464285714,137.607142857,101.142857143,79.1428571429,66.0,37.0357142857,2538.5,2776.0,3407.75,2603.0,2614.0,2498.5,2220.75
