zone_id,area_id,total,daytype_inweek,daytype_weekend,hod_00h,hod_01h,hod_02h,hod_03h,hod_04h,hod_05h,hod_06h,hod_07h,hod_08h,hod_09h,hod_10h,hod_11h,hod_12h,hod_13h,hod_14h,hod_15h,hod_16h,hod_17h,hod_18h,hod_19h,hod_20h,hod_21h,hod_22h,hod_23h,dow_mon,dow_tue,dow_wed,dow_thu,dow_fri,dow_sat,dow_sun
E07000031,E02004016,3183.92857143,16787.5,5763.75,7.71428571429,4.64285714286,2.25,4.07142857143,4.60714285714,7.28571428571,22.4642857143,64.5714285714,119.785714286,155.357142857,240.142857143,278.892857143,282.535714286,285.107142857,296.142857143,301.821428571,295.964285714,265.607142857,180.821428571,121.321428571,89.5357142857,71.0714285714,50.8214285714,31.3928571429,3141.0,3298.25,4283.25,3259.25,2805.75,2877.25,2622.75
