zone_id,area_id,total,daytype_inweek,daytype_weekend,hod_00h,hod_01h,hod_02h,hod_03h,hod_04h,hod_05h,hod_06h,hod_07h,hod_08h,hod_09h,hod_10h,hod_11h,hod_12h,hod_13h,hod_14h,hod_15h,hod_16h,hod_17h,hod_18h,hod_19h,hod_20h,hod_21h,hod_22h,hod_23h,dow_mon,dow_tue,dow_wed,dow_thu,dow_fri,dow_sat,dow_sun
E06000038,E02003403,3567.82142857,18872.5,6248.0,27.5357142857,25.3571428571,22.3214285714,17.1785714286,20.1785714286,30.3571428571,76.8928571429,132.607142857,178.178571429,181.142857143,200.178571429,217.214285714,231.642857143,229.964285714,230.678571429,232.464285714,244.0,257.821428571,249.142857143,234.321428571,191.535714286,151.5,115.5,70.1071428571,3499.75,3748.0,4555.0,3528.75,3541.0,3354.0,2748.25
