zone_id,area_id,total,daytype_inweek,daytype_weekend,hod_00h,hod_01h,hod_02h,hod_03h,hod_04h,hod_05h,hod_06h,hod_07h,hod_08h,hod_09h,hod_10h,hod_11h,hod_12h,hod_13h,hod_14h,hod_15h,hod_16h,hod_17h,hod_18h,hod_19h,hod_20h,hod_21h,hod_22h,hod_23h,dow_mon,dow_tue,dow_wed,dow_thu,dow_fri,dow_sat,dow_sun
E08000022,E02001758,1638.14285714,8749.75,2784.25,6.85714285714,6.53571428571,5.92857142857,5.35714285714,5.32142857143,10.0714285714,26.8214285714,61.9642857143,77.0714285714,84.5714285714,104.071428571,117.464285714,130.892857143,124.321428571,125.357142857,126.035714286,131.142857143,124.464285714,109.785714286,87.0714285714,66.8571428571,47.5714285714,33.6071428571,19.0,1620.5,1670.75,2085.75,1624.5,1748.25,1553.5,1163.75
