zone_id,area_id,total,daytype_inweek,daytype_weekend,hod_00h,hod_01h,hod_02h,hod_03h,hod_04h,hod_05h,hod_06h,hod_07h,hod_08h,hod_09h,hod_10h,hod_11h,hod_12h,hod_13h,hod_14h,hod_15h,hod_16h,hod_17h,hod_18h,hod_19h,hod_20h,hod_21h,hod_22h,hod_23h,dow_mon,dow_tue,dow_wed,dow_thu,dow_fri,dow_sat,dow_sun
E06000029,E02003195,2337.82142857,12577.0,3918.25,8.17857142857,7.46428571429,4.96428571429,5.78571428571,6.53571428571,18.8571428571,48.5714285714,111.035714286,126.571428571,129.071428571,148.642857143,166.071428571,167.607142857,165.0,160.071428571,158.75,171.821428571,173.464285714,153.428571429,129.821428571,100.178571429,80.1428571429,63.3571428571,32.4285714286,2203.75,2546.75,3016.75,2374.75,2435.0,2073.25,1714.5
