zone_id,area_id,total,daytype_inweek,daytype_weekend,hod_00h,hod_01h,hod_02h,hod_03h,hod_04h,hod_05h,hod_06h,hod_07h,hod_08h,hod_09h,hod_10h,hod_11h,hod_12h,hod_13h,hod_14h,hod_15h,hod_16h,hod_17h,hod_18h,hod_19h,hod_20h,hod_21h,hod_22h,hod_23h,dow_mon,dow_tue,dow_wed,dow_thu,dow_fri,dow_sat,dow_sun
E06000036,E02003352,1635.92857143,8711.5,2854.75,6.67857142857,6.64285714286,3.17857142857,2.32142857143,2.53571428571,8.17857142857,22.75,62.7857142857,93.4642857143,106.642857143,123.821428571,119.857142857,123.535714286,114.642857143,106.785714286,109.642857143,115.142857143,113.714285714,102.464285714,98.8571428571,73.1071428571,54.75,40.8928571429,23.5357142857,1598.75,1743.75,2138.75,1581.0,1649.25,1484.0,1256.0
