zone_id,area_id,total,daytype_inweek,daytype_weekend,hod_00h,hod_01h,hod_02h,hod_03h,hod_04h,hod_05h,hod_06h,hod_07h,hod_08h,hod_09h,hod_10h,hod_11h,hod_12h,hod_13h,hod_14h,hod_15h,hod_16h,hod_17h,hod_18h,hod_19h,hod_20h,hod_21h,hod_22h,hod_23h,dow_mon,dow_tue,dow_wed,dow_thu,dow_fri,dow_sat,dow_sun
E08000018,E02001582,2184.85714286,11692.5,3756.25,8.46428571429,9.96428571429,5.46428571429,5.32142857143,7.39285714286,17.5357142857,34.8571428571,75.9642857143,109.714285714,131.285714286,144.571428571,154.035714286,162.285714286,154.75,156.107142857,160.321428571,158.035714286,158.964285714,141.214285714,126.178571429,107.964285714,77.25,50.6785714286,26.5357142857,2154.25,2273.75,2795.0,2197.75,2271.75,1999.5,1602.0
