zone_id,area_id,total,daytype_inweek,daytype_weekend,hod_00h,hod_01h,hod_02h,hod_03h,hod_04h,hod_05h,hod_06h,hod_07h,hod_08h,hod_09h,hod_10h,hod_11h,hod_12h,hod_13h,hod_14h,hod_15h,hod_16h,hod_17h,hod_18h,hod_19h,hod_20h,hod_21h,hod_22h,hod_23h,dow_mon,dow_tue,dow_wed,dow_thu,dow_fri,dow_sat,dow_sun
S12000036,S02001613,5170.39285714,26322.75,9665.5,43.75,76.25,55.75,47.8214285714,35.9642857143,38.8571428571,44.6428571429,115.428571429,244.75,227.821428571,252.357142857,283.642857143,312.178571429,340.607142857,334.928571429,350.035714286,366.642857143,402.107142857,365.321428571,322.75,272.857142857,242.25,215.928571429,177.75,5105.75,4992.0,6061.5,4826.25,5337.25,5310.25,4559.75
