zone_id,area_id,total,daytype_inweek,daytype_weekend,hod_00h,hod_01h,hod_02h,hod_03h,hod_04h,hod_05h,hod_06h,hod_07h,hod_08h,hod_09h,hod_10h,hod_11h,hod_12h,hod_13h,hod_14h,hod_15h,hod_16h,hod_17h,hod_18h,hod_19h,hod_20h,hod_21h,hod_22h,hod_23h,dow_mon,dow_tue,dow_wed,dow_thu,dow_fri,dow_sat,dow_sun
S12000036,S02001614,3506.35714286,18385.0,6409.75,29.3214285714,47.1071428571,38.3928571429,31.2142857143,23.8571428571,28.9642857143,34.9642857143,95.2857142857,201.214285714,186.821428571,176.321428571,197.035714286,205.107142857,212.321428571,215.107142857,221.357142857,243.642857143,271.892857143,249.928571429,216.357142857,177.535714286,153.285714286,139.178571429,110.142857143,3518.75,3558.75,4379.0,3352.5,3576.0,3268.5,2891.0
