zone_id,area_id,total,daytype_inweek,daytype_weekend,hod_00h,hod_01h,hod_02h,hod_03h,hod_04h,hod_05h,hod_06h,hod_07h,hod_08h,hod_09h,hod_10h,hod_11h,hod_12h,hod_13h,hod_14h,hod_15h,hod_16h,hod_17h,hod_18h,hod_19h,hod_20h,hod_21h,hod_22h,hod_23h,dow_mon,dow_tue,dow_wed,dow_thu,dow_fri,dow_sat,dow_sun
E06000015,E02002815,2580.75,13638.0,4452.75,25.1428571429,27.0714285714,18.8928571429,14.4285714286,13.4642857143,20.9642857143,36.9642857143,63.5357142857,90.3214285714,109.321428571,130.535714286,152.285714286,161.464285714,172.642857143,172.857142857,189.857142857,185.75,183.392857143,183.892857143,173.964285714,153.678571429,132.214285714,104.642857143,63.4642857143,2452.25,2673.75,3359.0,2596.25,2556.75,2426.75,2000.5
