zone_id,area_id,total,daytype_inweek,daytype_weekend,hod_00h,hod_01h,hod_02h,hod_03h,hod_04h,hod_05h,hod_06h,hod_07h,hod_08h,hod_09h,hod_10h,hod_11h,hod_12h,hod_13h,hod_14h,hod_15h,hod_16h,hod_17h,hod_18h,hod_19h,hod_20h,hod_21h,hod_22h,hod_23h,dow_mon,dow_tue,dow_wed,dow_thu,dow_fri,dow_sat,dow_sun
E06000003,E02002519,1003.60714286,5417.0,1677.0,4.42857142857,4.82142857143,3.21428571429,3.75,4.0,8.07142857143,16.1071428571,33.1428571429,48.5,51.5357142857,62.1071428571,70.75,73.6428571429,74.5357142857,72.9642857143,80.7857142857,76.2857142857,75.8928571429,70.4642857143,56.3928571429,42.6071428571,33.8928571429,23.4642857143,12.25,961.75,1102.5,1321.25,1019.0,1012.5,893.0,715.25
