zone_id,area_id,total,daytype_inweek,daytype_weekend,hod_00h,hod_01h,hod_02h,hod_03h,hod_04h,hod_05h,hod_06h,hod_07h,hod_08h,hod_09h,hod_10h,hod_11h,hod_12h,hod_13h,hod_14h,hod_15h,hod_16h,hod_17h,hod_18h,hod_19h,hod_20h,hod_21h,hod_22h,hod_23h,dow_mon,dow_tue,dow_wed,dow_thu,dow_fri,dow_sat,dow_sun
E07000170,E02005827,1985.67857143,10867.5,3300.0,6.78571428571,7.03571428571,4.75,5.21428571429,6.89285714286,26.3214285714,42.2142857143,75.8571428571,104.714285714,111.892857143,122.035714286,132.428571429,141.642857143,140.678571429,141.535714286,134.678571429,148.5,156.142857143,133.321428571,109.821428571,87.8214285714,71.1428571429,47.5714285714,26.6785714286,1930.5,2148.5,2647.5,2070.25,2070.75,1662.75,1369.5
