zone_id,area_id,total,daytype_inweek,daytype_weekend,hod_00h,hod_01h,hod_02h,hod_03h,hod_04h,hod_05h,hod_06h,hod_07h,hod_08h,hod_09h,hod_10h,hod_11h,hod_12h,hod_13h,hod_14h,hod_15h,hod_16h,hod_17h,hod_18h,hod_19h,hod_20h,hod_21h,hod_22h,hod_23h,dow_mon,dow_tue,dow_wed,dow_thu,dow_fri,dow_sat,dow_sun
E09000019,E02000554,1509.5,7967.75,2735.0,16.0,16.8214285714,11.3928571429,8.17857142857,9.71428571429,9.03571428571,15.3214285714,31.7857142857,69.5357142857,76.7857142857,78.9285714286,87.9285714286,94.9285714286,93.5357142857,101.321428571,96.1785714286,98.5,99.9642857143,115.107142857,100.035714286,88.8214285714,78.2142857143,64.8214285714,46.6428571429,1461.5,1631.5,1939.5,1476.25,1459.0,1325.25,1273.5
