zone_id,area_id,total,daytype_inweek,daytype_weekend,hod_00h,hod_01h,hod_02h,hod_03h,hod_04h,hod_05h,hod_06h,hod_07h,hod_08h,hod_09h,hod_10h,hod_11h,hod_12h,hod_13h,hod_14h,hod_15h,hod_16h,hod_17h,hod_18h,hod_19h,hod_20h,hod_21h,hod_22h,hod_23h,dow_mon,dow_tue,dow_wed,dow_thu,dow_fri,dow_sat,dow_sun
E08000019,E02001670,2238.92857143,11785.0,3787.25,11.5714285714,12.4642857143,8.35714285714,6.67857142857,8.10714285714,22.25,43.8571428571,90.8928571429,122.107142857,115.964285714,129.107142857,140.785714286,150.785714286,154.714285714,148.142857143,161.607142857,164.464285714,178.785714286,155.5,128.785714286,111.607142857,85.9285714286,54.0,32.4642857143,2086.25,2307.5,2924.5,2152.0,2314.75,2186.5,1701.0
