zone_id,area_id,total,daytype_inweek,daytype_weekend,hod_00h,hod_01h,hod_02h,hod_03h,hod_04h,hod_05h,hod_06h,hod_07h,hod_08h,hod_09h,hod_10h,hod_11h,hod_12h,hod_13h,hod_14h,hod_15h,hod_16h,hod_17h,hod_18h,hod_19h,hod_20h,hod_21h,hod_22h,hod_23h,dow_mon,dow_tue,dow_wed,dow_thu,dow_fri,dow_sat,dow_sun
E08000005,E02001136,4080.96428571,21767.25,6914.5,30.1428571429,30.0,19.5714285714,14.6785714286,14.6071428571,30.6071428571,50.6428571429,109.607142857,168.571428571,198.678571429,226.571428571,254.892857143,280.892857143,291.107142857,292.714285714,296.678571429,304.535714286,311.071428571,284.0,258.321428571,214.321428571,177.75,133.142857143,87.8571428571,3935.25,4298.75,5310.25,4144.25,4078.75,3820.25,2979.25
