zone_id,area_id,total,daytype_inweek,daytype_weekend,hod_00h,hod_01h,hod_02h,hod_03h,hod_04h,hod_05h,hod_06h,hod_07h,hod_08h,hod_09h,hod_10h,hod_11h,hod_12h,hod_13h,hod_14h,hod_15h,hod_16h,hod_17h,hod_18h,hod_19h,hod_20h,hod_21h,hod_22h,hod_23h,dow_mon,dow_tue,dow_wed,dow_thu,dow_fri,dow_sat,dow_sun
E08000013,E02001406,2783.03571429,15139.25,4602.75,14.9642857143,13.8214285714,9.64285714286,9.32142857143,9.71428571429,24.6071428571,40.3214285714,90.0357142857,139.892857143,150.607142857,170.75,188.892857143,198.75,196.107142857,197.785714286,197.857142857,199.357142857,202.107142857,183.392857143,165.821428571,132.5,104.642857143,90.7857142857,51.3571428571,2685.25,2952.25,3748.0,2915.5,2838.25,2424.5,1917.5
