zone_id,area_id,total,daytype_inweek,daytype_weekend,hod_00h,hod_01h,hod_02h,hod_03h,hod_04h,hod_05h,hod_06h,hod_07h,hod_08h,hod_09h,hod_10h,hod_11h,hod_12h,hod_13h,hod_14h,hod_15h,hod_16h,hod_17h,hod_18h,hod_19h,hod_20h,hod_21h,hod_22h,hod_23h,dow_mon,dow_tue,dow_wed,dow_thu,dow_fri,dow_sat,dow_sun
S12000017,S02001988,8210.39285714,44021.0,14443.5,30.25,27.3214285714,20.5,20.6071428571,36.2142857143,75.5714285714,174.964285714,391.571428571,506.035714286,486.678571429,529.392857143,555.571428571,568.714285714,571.5,574.25,625.0,659.25,653.107142857,524.214285714,373.142857143,304.071428571,250.25,165.571428571,86.6428571429,8274.25,8378.25,10796.25,8249.75,8322.5,7282.5,6169.25
