zone_id,area_id,total,daytype_inweek,daytype_weekend,hod_00h,hod_01h,hod_02h,hod_03h,hod_04h,hod_05h,hod_06h,hod_07h,hod_08h,hod_09h,hod_10h,hod_11h,hod_12h,hod_13h,hod_14h,hod_15h,hod_16h,hod_17h,hod_18h,hod_19h,hod_20h,hod_21h,hod_22h,hod_23h,dow_mon,dow_tue,dow_wed,dow_thu,dow_fri,dow_sat,dow_sun
E07000011,E02003771,2354.96428571,12960.25,3934.5,10.0,8.32142857143,6.21428571429,4.57142857143,5.96428571429,18.0,50.3928571429,109.571428571,132.857142857,135.107142857,144.821428571,153.214285714,160.178571429,162.178571429,161.535714286,159.214285714,173.785714286,191.857142857,151.714285714,128.25,105.535714286,85.0714285714,61.4285714286,35.1785714286,2332.0,2548.0,3228.75,2528.0,2323.5,1922.0,1602.5
