zone_id,area_id,total,daytype_inweek,daytype_weekend,hod_00h,hod_01h,hod_02h,hod_03h,hod_04h,hod_05h,hod_06h,hod_07h,hod_08h,hod_09h,hod_10h,hod_11h,hod_12h,hod_13h,hod_14h,hod_15h,hod_16h,hod_17h,hod_18h,hod_19h,hod_20h,hod_21h,hod_22h,hod_23h,dow_mon,dow_tue,dow_wed,dow_thu,dow_fri,dow_sat,dow_sun
E07000200,E02006233,2405.92857143,12552.75,4055.0,7.10714285714,5.78571428571,5.53571428571,4.03571428571,5.57142857143,15.0357142857,32.8571428571,73.8928571429,130.607142857,145.178571429,165.642857143,180.071428571,187.75,185.178571429,181.321428571,166.678571429,174.0,183.107142857,148.5,130.857142857,101.142857143,81.5714285714,56.9642857143,37.5357142857,2230.0,2412.25,3009.5,2385.25,2515.75,2463.75,1825.0
