zone_id,area_id,total,daytype_inweek,daytype_weekend,hod_00h,hod_01h,hod_02h,hod_03h,hod_04h,hod_05h,hod_06h,hod_07h,hod_08h,hod_09h,hod_10h,hod_11h,hod_12h,hod_13h,hod_14h,hod_15h,hod_16h,hod_17h,hod_18h,hod_19h,hod_20h,hod_21h,hod_22h,hod_23h,dow_mon,dow_tue,dow_wed,dow_thu,dow_fri,dow_sat,dow_sun
E08000007,E02001213,5763.28571429,30748.0,9737.0,31.75,34.9285714286,23.8214285714,21.9285714286,18.7142857143,29.1785714286,94.5714285714,211.75,297.107142857,310.571428571,354.357142857,389.392857143,414.285714286,405.285714286,415.357142857,409.321428571,417.392857143,411.892857143,380.607142857,340.928571429,279.678571429,204.214285714,161.321428571,104.928571429,5385.75,5995.75,7528.5,5861.5,5976.5,5243.75,4351.25
