zone_id,area_id,total,daytype_inweek,daytype_weekend,hod_00h,hod_01h,hod_02h,hod_03h,hod_04h,hod_05h,hod_06h,hod_07h,hod_08h,hod_09h,hod_10h,hod_11h,hod_12h,hod_13h,hod_14h,hod_15h,hod_16h,hod_17h,hod_18h,hod_19h,hod_20h,hod_21h,hod_22h,hod_23h,dow_mon,dow_tue,dow_wed,dow_thu,dow_fri,dow_sat,dow_sun
E08000019,E02001661,4113.25,22087.5,6913.5,30.5357142857,34.2142857143,24.1428571429,18.7857142857,17.75,34.5714285714,67.6071428571,139.607142857,218.5,209.607142857,227.107142857,251.857142857,264.678571429,266.892857143,276.214285714,272.892857143,307.75,323.357142857,282.642857143,243.285714286,208.678571429,173.714285714,133.892857143,84.9642857143,3897.25,4341.75,5390.0,4183.25,4275.25,3689.0,3016.25
