zone_id,area_id,total,daytype_inweek,daytype_weekend,hod_00h,hod_01h,hod_02h,hod_03h,hod_04h,hod_05h,hod_06h,hod_07h,hod_08h,hod_09h,hod_10h,hod_11h,hod_12h,hod_13h,hod_14h,hod_15h,hod_16h,hod_17h,hod_18h,hod_19h,hod_20h,hod_21h,hod_22h,hod_23h,dow_mon,dow_tue,dow_wed,dow_thu,dow_fri,dow_sat,dow_sun
E06000025,E02003121,2679.03571429,14386.75,4559.75,10.5357142857,10.2857142857,7.53571428571,7.78571428571,8.21428571429,16.8571428571,57.5,105.428571429,139.071428571,147.785714286,170.25,177.571428571,181.714285714,182.0,177.071428571,185.321428571,203.821428571,204.928571429,184.678571429,165.428571429,124.428571429,99.7142857143,75.4285714286,35.6785714286,2576.5,2824.75,3661.5,2651.75,2672.25,2383.25,1983.25
