zone_id,area_id,total,daytype_inweek,daytype_weekend,hod_00h,hod_01h,hod_02h,hod_03h,hod_04h,hod_05h,hod_06h,hod_07h,hod_08h,hod_09h,hod_10h,hod_11h,hod_12h,hod_13h,hod_14h,hod_15h,hod_16h,hod_17h,hod_18h,hod_19h,hod_20h,hod_21h,hod_22h,hod_23h,dow_mon,dow_tue,dow_wed,dow_thu,dow_fri,dow_sat,dow_sun
E06000007,E02002611,3460.67857143,18599.25,5926.25,16.7142857143,16.0,10.5357142857,9.21428571429,12.0714285714,22.8928571429,50.3214285714,121.0,178.214285714,198.357142857,218.821428571,228.928571429,243.928571429,237.821428571,238.785714286,243.428571429,249.535714286,263.142857143,230.25,209.214285714,171.964285714,128.0,98.4285714286,63.1071428571,3309.0,3654.25,4526.0,3610.0,3500.0,3008.25,2617.25
