zone_id,area_id,total,daytype_inweek,daytype_weekend,hod_00h,hod_01h,hod_02h,hod_03h,hod_04h,hod_05h,hod_06h,hod_07h,hod_08h,hod_09h,hod_10h,hod_11h,hod_12h,hod_13h,hod_14h,hod_15h,hod_16h,hod_17h,hod_18h,hod_19h,hod_20h,hod_21h,hod_22h,hod_23h,dow_mon,dow_tue,dow_wed,dow_thu,dow_fri,dow_sat,dow_sun
E07000210,E02006365,2023.46428571,10978.75,3482.25,8.92857142857,7.57142857143,3.71428571429,3.0,3.64285714286,6.28571428571,21.1428571429,73.6071428571,129.928571429,136.607142857,138.428571429,153.071428571,156.357142857,151.928571429,143.821428571,141.142857143,135.821428571,151.0,128.714285714,107.285714286,84.2142857143,61.0,48.3571428571,27.8928571429,1993.0,2156.5,2760.75,2065.75,2002.75,1696.25,1489.25
