zone_id,area_id,total,daytype_inweek,daytype_weekend,hod_00h,hod_01h,hod_02h,hod_03h,hod_04h,hod_05h,hod_06h,hod_07h,hod_08h,hod_09h,hod_10h,hod_11h,hod_12h,hod_13h,hod_14h,hod_15h,hod_16h,hod_17h,hod_18h,hod_19h,hod_20h,hod_21h,hod_22h,hod_23h,dow_mon,dow_tue,dow_wed,dow_thu,dow_fri,dow_sat,dow_sun
E07000224,E02006557,2449.60714286,12557.5,4365.0,9.96428571429,11.6071428571,7.25,6.78571428571,9.28571428571,30.5357142857,57.1428571429,83.1071428571,117.535714286,132.142857143,142.607142857,158.035714286,167.714285714,165.75,168.5,170.178571429,180.821428571,190.107142857,170.892857143,152.535714286,122.428571429,90.75,65.3571428571,38.5714285714,2264.0,2488.75,2975.25,2295.25,2534.25,2488.75,2101.0
