area_id,total,daytype_inweek,daytype_weekend,hod_00h,hod_01h,hod_02h,hod_03h,hod_04h,hod_05h,hod_06h,hod_07h,hod_08h,hod_09h,hod_10h,hod_11h,hod_12h,hod_13h,hod_14h,hod_15h,hod_16h,hod_17h,hod_18h,hod_19h,hod_20h,hod_21h,hod_22h,hod_23h,dow_mon,dow_tue,dow_wed,dow_thu,dow_fri,dow_sat,dow_sun
01036,45.25,253.75,72.5,0.357142857143,0.357142857143,0.142857142857,0.178571428571,0.321428571429,1.10714285714,1.96428571429,1.82142857143,2.60714285714,2.32142857143,1.57142857143,2.21428571429,2.71428571429,2.89285714286,5.17857142857,3.46428571429,1.85714285714,2.82142857143,1.82142857143,3.25,2.25,1.85714285714,1.64285714286,0.535714285714,45.5,53.75,65.0,43.25,46.25,36.0,27.0
01002,12.2857142857,69.75,21.25,0.142857142857,0.178571428571,0.178571428571,0.142857142857,0.0714285714286,0.107142857143,0.25,0.428571428571,0.214285714286,0.821428571429,0.535714285714,0.428571428571,0.714285714286,1.03571428571,1.46428571429,0.821428571429,0.464285714286,0.392857142857,0.714285714286,0.642857142857,0.785714285714,0.821428571429,0.678571428571,0.25,12.5,15.0,15.75,11.5,15.0,7.5,8.75
01059,56663.6785714,306376.5,98141.5,557.107142857,584.535714286,525.0,471.892857143,626.928571429,876.357142857,1017.28571429,1590.39285714,1936.57142857,2375.35714286,2944.17857143,3560.64285714,3892.10714286,3924.92857143,3556.35714286,2885.92857143,2682.67857143,3021.85714286,3700.78571429,4101.57142857,3915.67857143,3598.75,2642.46428571,1674.32142857,56417.75,61521.5,80181.5,51270.75,56985.0,48545.5,41723.75
total,56721.2142857,306700.0,98235.25,557.607142857,585.071428571,525.321428571,472.214285714,627.321428571,877.571428571,1019.5,1592.64285714,1939.39285714,2378.5,2946.28571429,3563.28571429,3895.53571429,3928.85714286,3563.0,2890.21428571,2685.0,3025.07142857,3703.32142857,4105.46428571,3918.71428571,3601.42857143,2644.78571429,1675.10714286,56475.75,61590.25,80262.25,51325.5,57046.25,48589.0,41759.5
