zone_id,area_id,total,daytype_inweek,daytype_weekend,hod_00h,hod_01h,hod_02h,hod_03h,hod_04h,hod_05h,hod_06h,hod_07h,hod_08h,hod_09h,hod_10h,hod_11h,hod_12h,hod_13h,hod_14h,hod_15h,hod_16h,hod_17h,hod_18h,hod_19h,hod_20h,hod_21h,hod_22h,hod_23h,dow_mon,dow_tue,dow_wed,dow_thu,dow_fri,dow_sat,dow_sun
E07000052,E02004276,2165.89285714,11128.0,4053.5,5.39285714286,5.25,3.67857142857,2.28571428571,3.35714285714,5.03571428571,18.1428571429,57.3214285714,86.9285714286,118.535714286,167.178571429,182.25,179.571428571,165.964285714,176.035714286,175.714285714,178.464285714,181.785714286,129.642857143,98.9285714286,78.2142857143,69.7142857143,49.4285714286,27.0714285714,2115.25,2098.75,2738.5,2186.75,1988.75,2095.0,1938.25
