zone_id,area_id,total,daytype_inweek,daytype_weekend,hod_00h,hod_01h,hod_02h,hod_03h,hod_04h,hod_05h,hod_06h,hod_07h,hod_08h,hod_09h,hod_10h,hod_11h,hod_12h,hod_13h,hod_14h,hod_15h,hod_16h,hod_17h,hod_18h,hod_19h,hod_20h,hod_21h,hod_22h,hod_23h,dow_mon,dow_tue,dow_wed,dow_thu,dow_fri,dow_sat,dow_sun
S12000006,S02001410,965.928571429,5279.25,1612.25,2.17857142857,2.46428571429,2.78571428571,2.17857142857,2.60714285714,7.14285714286,16.2142857143,31.3928571429,45.8214285714,51.3928571429,68.5357142857,75.7857142857,78.5357142857,80.2857142857,83.1428571429,80.3214285714,83.3928571429,74.8214285714,59.6071428571,42.7142857143,32.25,24.1428571429,12.5714285714,5.64285714286,980.25,1000.25,1281.5,1057.0,960.25,850.25,632.0
