zone_id,area_id,total,daytype_inweek,daytype_weekend,hod_00h,hod_01h,hod_02h,hod_03h,hod_04h,hod_05h,hod_06h,hod_07h,hod_08h,hod_09h,hod_10h,hod_11h,hod_12h,hod_13h,hod_14h,hod_15h,hod_16h,hod_17h,hod_18h,hod_19h,hod_20h,hod_21h,hod_22h,hod_23h,dow_mon,dow_tue,dow_wed,dow_thu,dow_fri,dow_sat,dow_sun
E08000007,E02001187,2024.32142857,10717.5,3518.75,12.25,15.1428571429,8.92857142857,7.89285714286,9.46428571429,15.3571428571,34.75,72.1071428571,90.5357142857,102.714285714,108.392857143,123.035714286,132.964285714,139.821428571,143.964285714,139.428571429,150.892857143,148.928571429,141.142857143,129.785714286,108.892857143,84.3214285714,65.4642857143,38.1428571429,1943.25,2065.25,2544.75,2023.75,2140.5,1877.25,1575.5
