zone_id,area_id,total,daytype_inweek,daytype_weekend,hod_00h,hod_01h,hod_02h,hod_03h,hod_04h,hod_05h,hod_06h,hod_07h,hod_08h,hod_09h,hod_10h,hod_11h,hod_12h,hod_13h,hod_14h,hod_15h,hod_16h,hod_17h,hod_18h,hod_19h,hod_20h,hod_21h,hod_22h,hod_23h,dow_mon,dow_tue,dow_wed,dow_thu,dow_fri,dow_sat,dow_sun
E07000042,E02004170,1490.78571429,8042.75,2435.0,7.17857142857,6.78571428571,3.67857142857,4.07142857143,8.96428571429,12.2857142857,25.0714285714,60.1071428571,73.75,88.4642857143,99.7857142857,102.214285714,107.821428571,104.035714286,101.928571429,105.714285714,110.5,112.714285714,89.2857142857,77.1785714286,58.2857142857,57.3214285714,47.5,26.1428571429,1428.5,1561.5,1939.0,1533.25,1580.5,1386.25,1006.5
