zone_id,area_id,total,daytype_inweek,daytype_weekend,hod_00h,hod_01h,hod_02h,hod_03h,hod_04h,hod_05h,hod_06h,hod_07h,hod_08h,hod_09h,hod_10h,hod_11h,hod_12h,hod_13h,hod_14h,hod_15h,hod_16h,hod_17h,hod_18h,hod_19h,hod_20h,hod_21h,hod_22h,hod_23h,dow_mon,dow_tue,dow_wed,dow_thu,dow_fri,dow_sat,dow_sun
E09000023,E02000664,3654.35714286,18830.5,6287.0,44.5,36.4642857143,24.3928571429,17.8928571429,14.2857142857,19.7857142857,41.2142857143,84.8571428571,158.464285714,185.642857143,209.571428571,233.214285714,245.928571429,259.357142857,257.107142857,260.357142857,243.107142857,258.571428571,251.857142857,226.428571429,189.642857143,157.535714286,131.0,103.178571429,3236.75,3816.75,4665.5,3514.75,3596.75,3699.75,3050.25
