zone_id,area_id,total,daytype_inweek,daytype_weekend,hod_00h,hod_01h,hod_02h,hod_03h,hod_04h,hod_05h,hod_06h,hod_07h,hod_08h,hod_09h,hod_10h,hod_11h,hod_12h,hod_13h,hod_14h,hod_15h,hod_16h,hod_17h,hod_18h,hod_19h,hod_20h,hod_21h,hod_22h,hod_23h,dow_mon,dow_tue,dow_wed,dow_thu,dow_fri,dow_sat,dow_sun
E09000015,E02000441,1331.60714286,6974.25,2313.0,9.85714285714,8.0,5.64285714286,3.5,4.89285714286,6.67857142857,16.6428571429,36.2142857143,66.6071428571,72.1428571429,79.8571428571,94.25,94.25,92.5357142857,93.0357142857,90.0357142857,86.9642857143,95.1071428571,91.2142857143,86.7857142857,73.25,59.2857142857,40.8571428571,24.0,1251.0,1371.0,1706.5,1276.5,1369.25,1285.0,1062.0
