zone_id,area_id,total,daytype_inweek,daytype_weekend,hod_00h,hod_01h,hod_02h,hod_03h,hod_04h,hod_05h,hod_06h,hod_07h,hod_08h,hod_09h,hod_10h,hod_11h,hod_12h,hod_13h,hod_14h,hod_15h,hod_16h,hod_17h,hod_18h,hod_19h,hod_20h,hod_21h,hod_22h,hod_23h,dow_mon,dow_tue,dow_wed,dow_thu,dow_fri,dow_sat,dow_sun
E09000032,E02000930,2512.71428571,12806.0,4601.75,26.5,20.8214285714,20.0714285714,11.8571428571,7.89285714286,11.6071428571,28.4642857143,61.9285714286,108.035714286,128.821428571,141.178571429,144.214285714,155.964285714,165.0,162.821428571,168.5,169.892857143,168.214285714,180.214285714,180.178571429,144.928571429,117.321428571,104.785714286,83.5,2388.0,2458.75,3153.5,2453.5,2352.25,2569.25,2213.75
