zone_id,area_id,total,daytype_inweek,daytype_weekend,hod_00h,hod_01h,hod_02h,hod_03h,hod_04h,hod_05h,hod_06h,hod_07h,hod_08h,hod_09h,hod_10h,hod_11h,hod_12h,hod_13h,hod_14h,hod_15h,hod_16h,hod_17h,hod_18h,hod_19h,hod_20h,hod_21h,hod_22h,hod_23h,dow_mon,dow_tue,dow_wed,dow_thu,dow_fri,dow_sat,dow_sun
E06000030,E02003231,3740.92857143,20083.75,6311.0,15.6785714286,19.8571428571,15.5357142857,16.9285714286,16.4285714286,41.6071428571,76.1785714286,130.035714286,165.107142857,190.0,215.785714286,243.75,270.285714286,271.642857143,264.571428571,269.892857143,270.607142857,274.214285714,248.107142857,212.964285714,175.928571429,161.107142857,114.714285714,60.0,3615.0,3996.5,4866.25,3795.25,3810.75,3406.75,2696.0
