zone_id,area_id,total,daytype_inweek,daytype_weekend,hod_00h,hod_01h,hod_02h,hod_03h,hod_04h,hod_05h,hod_06h,hod_07h,hod_08h,hod_09h,hod_10h,hod_11h,hod_12h,hod_13h,hod_14h,hod_15h,hod_16h,hod_17h,hod_18h,hod_19h,hod_20h,hod_21h,hod_22h,hod_23h,dow_mon,dow_tue,dow_wed,dow_thu,dow_fri,dow_sat,dow_sun
E08000032,E02002232,4032.78571429,21301.0,7018.0,45.4285714286,51.8214285714,30.1428571429,21.9285714286,18.5714285714,33.1428571429,59.8571428571,125.678571429,154.892857143,184.25,207.107142857,228.428571429,255.107142857,263.892857143,281.714285714,286.857142857,289.714285714,290.5,277.25,257.678571429,221.571428571,194.107142857,153.107142857,100.035714286,3871.0,4173.5,5223.75,3960.75,4072.0,3781.5,3147.0
