zone_id,area_id,total,daytype_inweek,daytype_weekend,hod_00h,hod_01h,hod_02h,hod_03h,hod_04h,hod_05h,hod_06h,hod_07h,hod_08h,hod_09h,hod_10h,hod_11h,hod_12h,hod_13h,hod_14h,hod_15h,hod_16h,hod_17h,hod_18h,hod_19h,hod_20h,hod_21h,hod_22h,hod_23h,dow_mon,dow_tue,dow_wed,dow_thu,dow_fri,dow_sat,dow_sun
E07000026,E02003974,2626.28571429,14336.0,4502.75,9.60714285714,7.10714285714,6.53571428571,5.46428571429,5.14285714286,22.7142857143,40.75,104.607142857,130.5,135.464285714,159.928571429,173.75,182.928571429,193.107142857,191.285714286,199.571428571,222.964285714,215.214285714,170.678571429,138.464285714,115.357142857,93.0357142857,67.6071428571,34.5,2672.0,2836.25,3374.25,2813.75,2639.75,2217.25,1830.75
