zone_id,area_id,total,daytype_inweek,daytype_weekend,hod_00h,hod_01h,hod_02h,hod_03h,hod_04h,hod_05h,hod_06h,hod_07h,hod_08h,hod_09h,hod_10h,hod_11h,hod_12h,hod_13h,hod_14h,hod_15h,hod_16h,hod_17h,hod_18h,hod_19h,hod_20h,hod_21h,hod_22h,hod_23h,dow_mon,dow_tue,dow_wed,dow_thu,dow_fri,dow_sat,dow_sun
E07000127,E02005314,2395.07142857,13024.75,3979.75,12.0714285714,12.0714285714,9.67857142857,6.39285714286,8.10714285714,25.2142857143,42.0714285714,103.035714286,133.821428571,130.142857143,136.857142857,151.785714286,165.821428571,167.892857143,167.035714286,161.928571429,174.714285714,186.5,159.0,139.75,108.892857143,86.1428571429,66.2142857143,39.9285714286,2285.75,2584.5,3190.25,2464.0,2500.25,2046.75,1694.0
