zone_id,area_id,total,daytype_inweek,daytype_weekend,hod_00h,hod_01h,hod_02h,hod_03h,hod_04h,hod_05h,hod_06h,hod_07h,hod_08h,hod_09h,hod_10h,hod_11h,hod_12h,hod_13h,hod_14h,hod_15h,hod_16h,hod_17h,hod_18h,hod_19h,hod_20h,hod_21h,hod_22h,hod_23h,dow_mon,dow_tue,dow_wed,dow_thu,dow_fri,dow_sat,dow_sun
E06000052,E02003932,2307.14285714,12218.0,4394.5,6.14285714286,4.25,5.21428571429,3.96428571429,3.89285714286,8.96428571429,21.25,48.6071428571,84.6071428571,139.714285714,203.714285714,213.678571429,179.678571429,168.25,162.321428571,174.571428571,191.178571429,188.535714286,153.892857143,115.428571429,85.5714285714,74.8928571429,44.4285714286,24.3928571429,2464.25,2449.5,2955.75,2252.75,2095.75,2001.75,1930.25
