zone_id,area_id,total,daytype_inweek,daytype_weekend,hod_00h,hod_01h,hod_02h,hod_03h,hod_04h,hod_05h,hod_06h,hod_07h,hod_08h,hod_09h,hod_10h,hod_11h,hod_12h,hod_13h,hod_14h,hod_15h,hod_16h,hod_17h,hod_18h,hod_19h,hod_20h,hod_21h,hod_22h,hod_23h,dow_mon,dow_tue,dow_wed,dow_thu,dow_fri,dow_sat,dow_sun
E07000165,E02005779,4439.85714286,23779.5,7557.75,16.7857142857,19.3928571429,13.4285714286,10.3571428571,8.67857142857,19.5714285714,54.5714285714,155.428571429,271.285714286,262.035714286,292.821428571,319.142857143,345.535714286,344.964285714,328.928571429,333.535714286,320.535714286,355.25,282.035714286,228.821428571,172.0,133.821428571,95.5,55.4285714286,4269.25,4550.0,5863.0,4575.0,4522.25,4011.0,3288.5
