zone_id,area_id,total,daytype_inweek,daytype_weekend,hod_00h,hod_01h,hod_02h,hod_03h,hod_04h,hod_05h,hod_06h,hod_07h,hod_08h,hod_09h,hod_10h,hod_11h,hod_12h,hod_13h,hod_14h,hod_15h,hod_16h,hod_17h,hod_18h,hod_19h,hod_20h,hod_21h,hod_22h,hod_23h,dow_mon,dow_tue,dow_wed,dow_thu,dow_fri,dow_sat,dow_sun
E07000123,E02005261,4368.0,23592.75,7249.5,26.0,28.0,22.5714285714,18.0357142857,24.0714285714,49.9285714286,99.0357142857,181.5,220.25,217.857142857,239.071428571,257.75,297.25,297.535714286,301.392857143,300.785714286,333.285714286,341.642857143,286.857142857,248.071428571,211.357142857,163.964285714,129.392857143,72.3928571429,4158.75,4728.25,5775.0,4388.5,4542.25,3892.5,3090.75
