zone_id,area_id,total,daytype_inweek,daytype_weekend,hod_00h,hod_01h,hod_02h,hod_03h,hod_04h,hod_05h,hod_06h,hod_07h,hod_08h,hod_09h,hod_10h,hod_11h,hod_12h,hod_13h,hod_14h,hod_15h,hod_16h,hod_17h,hod_18h,hod_19h,hod_20h,hod_21h,hod_22h,hod_23h,dow_mon,dow_tue,dow_wed,dow_thu,dow_fri,dow_sat,dow_sun
E07000169,E02005815,2377.64285714,12987.0,4002.5,10.5357142857,10.75,8.28571428571,6.78571428571,9.03571428571,27.5,53.6071428571,101.357142857,138.25,144.714285714,156.464285714,152.964285714,153.178571429,151.857142857,157.607142857,160.928571429,166.535714286,186.642857143,161.071428571,131.0,107.642857143,85.5714285714,63.1071428571,32.25,2340.5,2548.75,3304.5,2511.5,2281.75,1994.5,1662.0
