zone_id,area_id,total,daytype_inweek,daytype_weekend,hod_00h,hod_01h,hod_02h,hod_03h,hod_04h,hod_05h,hod_06h,hod_07h,hod_08h,hod_09h,hod_10h,hod_11h,hod_12h,hod_13h,hod_14h,hod_15h,hod_16h,hod_17h,hod_18h,hod_19h,hod_20h,hod_21h,hod_22h,hod_23h,dow_mon,dow_tue,dow_wed,dow_thu,dow_fri,dow_sat,dow_sun
E07000146,E02005562,3165.92857143,16674.25,5493.75,9.46428571429,11.3571428571,9.14285714286,11.1428571429,13.4285714286,36.6428571429,69.9642857143,114.035714286,143.285714286,159.285714286,201.25,224.964285714,237.642857143,234.428571429,231.857142857,236.5,251.142857143,232.785714286,203.964285714,171.571428571,132.964285714,111.535714286,76.5,41.0714285714,3016.0,3210.5,4106.75,3152.75,3188.25,3009.5,2477.75
