zone_id,area_id,total,daytype_inweek,daytype_weekend,hod_00h,hod_01h,hod_02h,hod_03h,hod_04h,hod_05h,hod_06h,hod_07h,hod_08h,hod_09h,hod_10h,hod_11h,hod_12h,hod_13h,hod_14h,hod_15h,hod_16h,hod_17h,hod_18h,hod_19h,hod_20h,hod_21h,hod_22h,hod_23h,dow_mon,dow_tue,dow_wed,dow_thu,dow_fri,dow_sat,dow_sun
E07000176,E02005917,1256.35714286,6886.5,2124.5,6.32142857143,3.89285714286,3.35714285714,2.96428571429,3.78571428571,8.14285714286,18.8214285714,48.5357142857,78.0,80.1785714286,90.6428571429,91.25,87.6071428571,89.7142857143,79.25,79.75,85.1785714286,88.6428571429,80.4285714286,70.3571428571,55.8214285714,48.0357142857,35.5,20.1785714286,1243.25,1391.5,1725.25,1321.25,1205.25,1026.75,881.25
