zone_id,area_id,total,daytype_inweek,daytype_weekend,hod_00h,hod_01h,hod_02h,hod_03h,hod_04h,hod_05h,hod_06h,hod_07h,hod_08h,hod_09h,hod_10h,hod_11h,hod_12h,hod_13h,hod_14h,hod_15h,hod_16h,hod_17h,hod_18h,hod_19h,hod_20h,hod_21h,hod_22h,hod_23h,dow_mon,dow_tue,dow_wed,dow_thu,dow_fri,dow_sat,dow_sun
E09000030,E02000877,2065.39285714,11064.0,3631.0,32.7857142857,32.7857142857,17.1071428571,12.2142857143,13.6428571429,12.25,28.1785714286,50.1785714286,97.4285714286,107.285714286,106.035714286,118.071428571,124.785714286,127.714285714,127.464285714,128.75,127.035714286,140.392857143,147.214285714,134.321428571,124.035714286,103.892857143,85.4285714286,66.3928571429,2015.0,2207.0,2721.0,2130.0,1991.0,1777.75,1616.0
