zone_id,area_id,total,daytype_inweek,daytype_weekend,hod_00h,hod_01h,hod_02h,hod_03h,hod_04h,hod_05h,hod_06h,hod_07h,hod_08h,hod_09h,hod_10h,hod_11h,hod_12h,hod_13h,hod_14h,hod_15h,hod_16h,hod_17h,hod_18h,hod_19h,hod_20h,hod_21h,hod_22h,hod_23h,dow_mon,dow_tue,dow_wed,dow_thu,dow_fri,dow_sat,dow_sun
E06000013,E02002762,2941.60714286,15554.0,4891.75,12.0357142857,12.9285714286,9.89285714286,8.85714285714,12.1785714286,43.3928571429,66.5,107.464285714,150.964285714,146.821428571,172.142857143,202.785714286,214.321428571,214.214285714,217.571428571,216.821428571,226.071428571,222.321428571,191.714285714,159.571428571,123.285714286,99.4642857143,72.6071428571,37.6785714286,2657.0,3051.25,3739.5,2830.5,3275.75,2802.5,2234.75
