zone_id,area_id,total,daytype_inweek,daytype_weekend,hod_00h,hod_01h,hod_02h,hod_03h,hod_04h,hod_05h,hod_06h,hod_07h,hod_08h,hod_09h,hod_10h,hod_11h,hod_12h,hod_13h,hod_14h,hod_15h,hod_16h,hod_17h,hod_18h,hod_19h,hod_20h,hod_21h,hod_22h,hod_23h,dow_mon,dow_tue,dow_wed,dow_thu,dow_fri,dow_sat,dow_sun
E09000003,E02000061,2319.39285714,12203.0,4177.5,26.6071428571,18.0,12.0,7.10714285714,7.28571428571,12.1785714286,23.2142857143,54.7857142857,98.6071428571,124.428571429,136.678571429,150.5,163.678571429,165.678571429,163.285714286,169.285714286,161.0,167.607142857,163.964285714,145.964285714,123.821428571,94.7857142857,73.1428571429,55.7857142857,2214.25,2392.5,3064.25,2252.75,2279.25,2069.5,1963.25
