zone_id,area_id,total,daytype_inweek,daytype_weekend,hod_00h,hod_01h,hod_02h,hod_03h,hod_04h,hod_05h,hod_06h,hod_07h,hod_08h,hod_09h,hod_10h,hod_11h,hod_12h,hod_13h,hod_14h,hod_15h,hod_16h,hod_17h,hod_18h,hod_19h,hod_20h,hod_21h,hod_22h,hod_23h,dow_mon,dow_tue,dow_wed,dow_thu,dow_fri,dow_sat,dow_sun
E06000015,E02002816,3020.32142857,15983.5,5225.75,15.7857142857,15.3214285714,11.9285714286,9.03571428571,8.85714285714,20.1785714286,47.3928571429,121.964285714,160.535714286,166.0,182.785714286,197.321428571,202.821428571,207.785714286,201.107142857,210.785714286,219.964285714,222.857142857,205.928571429,182.357142857,154.428571429,120.178571429,86.4285714286,48.5714285714,2885.0,3135.0,3857.25,3020.25,3086.0,2818.0,2340.75
