zone_id,area_id,total,daytype_inweek,daytype_weekend,hod_00h,hod_01h,hod_02h,hod_03h,hod_04h,hod_05h,hod_06h,hod_07h,hod_08h,hod_09h,hod_10h,hod_11h,hod_12h,hod_13h,hod_14h,hod_15h,hod_16h,hod_17h,hod_18h,hod_19h,hod_20h,hod_21h,hod_22h,hod_23h,dow_mon,dow_tue,dow_wed,dow_thu,dow_fri,dow_sat,dow_sun
E08000026,E02001988,15701.8214286,83346.5,25801.5,103.321428571,118.071428571,92.6785714286,83.75,74.8214285714,107.678571429,209.5,481.714285714,756.642857143,801.857142857,929.607142857,1075.82142857,1237.14285714,1251.60714286,1211.53571429,1163.5,1177.28571429,1190.42857143,976.0,799.214285714,659.821428571,525.071428571,406.607142857,268.142857143,14608.75,16270.0,20306.5,15407.75,16753.5,15373.5,11192.75
