zone_id,area_id,total,daytype_inweek,daytype_weekend,hod_00h,hod_01h,hod_02h,hod_03h,hod_04h,hod_05h,hod_06h,hod_07h,hod_08h,hod_09h,hod_10h,hod_11h,hod_12h,hod_13h,hod_14h,hod_15h,hod_16h,hod_17h,hod_18h,hod_19h,hod_20h,hod_21h,hod_22h,hod_23h,dow_mon,dow_tue,dow_wed,dow_thu,dow_fri,dow_sat,dow_sun
E09000020,E02000584,3048.25,15555.75,7968.0,18.4642857143,15.4642857143,11.2857142857,7.89285714286,7.0,8.35714285714,16.6785714286,41.2857142857,88.6785714286,125.571428571,153.071428571,173.25,208.321428571,231.75,230.857142857,259.642857143,269.892857143,273.607142857,250.428571429,220.428571429,166.285714286,123.714285714,80.5714285714,65.75,4555.5,2689.5,3411.25,2439.25,2460.25,2369.5,3412.5
