zone_id,area_id,total,daytype_inweek,daytype_weekend,hod_00h,hod_01h,hod_02h,hod_03h,hod_04h,hod_05h,hod_06h,hod_07h,hod_08h,hod_09h,hod_10h,hod_11h,hod_12h,hod_13h,hod_14h,hod_15h,hod_16h,hod_17h,hod_18h,hod_19h,hod_20h,hod_21h,hod_22h,hod_23h,dow_mon,dow_tue,dow_wed,dow_thu,dow_fri,dow_sat,dow_sun
E07000076,E02004582,4604.28571429,24072.75,7932.0,14.4642857143,16.4285714286,11.6071428571,10.0,10.1428571429,24.1428571429,55.5357142857,120.035714286,196.285714286,256.5,319.321428571,367.928571429,390.214285714,376.321428571,362.714285714,347.857142857,353.714285714,349.035714286,284.714285714,241.964285714,197.535714286,147.785714286,101.642857143,48.3928571429,4251.25,4645.5,5775.25,4735.75,4665.0,4476.5,3680.75
