zone_id,area_id,total,daytype_inweek,daytype_weekend,hod_00h,hod_01h,hod_02h,hod_03h,hod_04h,hod_05h,hod_06h,hod_07h,hod_08h,hod_09h,hod_10h,hod_11h,hod_12h,hod_13h,hod_14h,hod_15h,hod_16h,hod_17h,hod_18h,hod_19h,hod_20h,hod_21h,hod_22h,hod_23h,dow_mon,dow_tue,dow_wed,dow_thu,dow_fri,dow_sat,dow_sun
W06000015,W02000389,3218.71428571,17449.25,5396.75,16.6428571429,20.5357142857,14.5,11.6071428571,14.25,22.9285714286,51.1785714286,113.964285714,180.142857143,185.571428571,196.25,209.0,220.25,218.964285714,219.0,213.142857143,231.285714286,241.964285714,221.25,190.892857143,152.678571429,117.178571429,99.1428571429,56.3928571429,3093.5,3365.75,4338.25,3388.75,3263.0,2778.5,2303.25
