zone_id,area_id,total,daytype_inweek,daytype_weekend,hod_00h,hod_01h,hod_02h,hod_03h,hod_04h,hod_05h,hod_06h,hod_07h,hod_08h,hod_09h,hod_10h,hod_11h,hod_12h,hod_13h,hod_14h,hod_15h,hod_16h,hod_17h,hod_18h,hod_19h,hod_20h,hod_21h,hod_22h,hod_23h,dow_mon,dow_tue,dow_wed,dow_thu,dow_fri,dow_sat,dow_sun
E07000036,E02004083,2155.32142857,11556.5,3642.25,6.39285714286,9.03571428571,6.53571428571,6.21428571429,8.57142857143,22.75,47.8928571429,74.5,112.214285714,129.785714286,143.5,162.0,155.25,155.357142857,149.5,156.0,158.714285714,154.571428571,135.357142857,121.5,96.1428571429,70.2857142857,47.3928571429,25.8571428571,2022.5,2316.5,2815.0,2245.25,2157.25,1911.0,1619.75
