zone_id,area_id,total,daytype_inweek,daytype_weekend,hod_00h,hod_01h,hod_02h,hod_03h,hod_04h,hod_05h,hod_06h,hod_07h,hod_08h,hod_09h,hod_10h,hod_11h,hod_12h,hod_13h,hod_14h,hod_15h,hod_16h,hod_17h,hod_18h,hod_19h,hod_20h,hod_21h,hod_22h,hod_23h,dow_mon,dow_tue,dow_wed,dow_thu,dow_fri,dow_sat,dow_sun
S12000014,S02001701,2537.92857143,13657.25,4470.75,12.5714285714,11.9642857143,9.32142857143,6.71428571429,7.21428571429,21.1071428571,55.2142857143,116.035714286,159.25,134.964285714,141.785714286,160.785714286,170.0,164.821428571,179.821428571,185.285714286,199.678571429,194.821428571,166.821428571,143.821428571,120.107142857,89.1785714286,57.3571428571,29.2857142857,2603.5,2697.25,3293.25,2465.25,2598.0,2241.0,1867.25
