zone_id,area_id,total,daytype_inweek,daytype_weekend,hod_00h,hod_01h,hod_02h,hod_03h,hod_04h,hod_05h,hod_06h,hod_07h,hod_08h,hod_09h,hod_10h,hod_11h,hod_12h,hod_13h,hod_14h,hod_15h,hod_16h,hod_17h,hod_18h,hod_19h,hod_20h,hod_21h,hod_22h,hod_23h,dow_mon,dow_tue,dow_wed,dow_thu,dow_fri,dow_sat,dow_sun
W06000021,W02000339,1595.32142857,7854.0,2971.0,4.96428571429,3.03571428571,2.39285714286,1.92857142857,2.39285714286,6.03571428571,13.4285714286,46.4285714286,76.7857142857,99.1785714286,113.642857143,131.035714286,143.035714286,131.25,141.892857143,139.25,128.785714286,121.178571429,84.8214285714,67.6428571429,49.3928571429,37.2857142857,30.5357142857,19.0,1477.25,1551.5,1775.25,1551.25,1498.75,1819.5,1493.75
