zone_id,area_id,total,daytype_inweek,daytype_weekend,hod_00h,hod_01h,hod_02h,hod_03h,hod_04h,hod_05h,hod_06h,hod_07h,hod_08h,hod_09h,hod_10h,hod_11h,hod_12h,hod_13h,hod_14h,hod_15h,hod_16h,hod_17h,hod_18h,hod_19h,hod_20h,hod_21h,hod_22h,hod_23h,dow_mon,dow_tue,dow_wed,dow_thu,dow_fri,dow_sat,dow_sun
E07000234,E02006709,2358.28571429,12742.5,4017.0,11.5,10.8928571429,7.07142857143,6.21428571429,6.03571428571,12.1428571429,30.1428571429,74.3928571429,137.785714286,139.857142857,157.857142857,166.75,178.142857143,171.428571429,166.642857143,160.857142857,169.5,179.428571429,148.75,132.428571429,107.214285714,77.9642857143,65.1428571429,40.1428571429,2358.5,2557.5,3178.0,2316.0,2332.5,2107.0,1658.5
