zone_id,area_id,total,daytype_inweek,daytype_weekend,hod_00h,hod_01h,hod_02h,hod_03h,hod_04h,hod_05h,hod_06h,hod_07h,hod_08h,hod_09h,hod_10h,hod_11h,hod_12h,hod_13h,hod_14h,hod_15h,hod_16h,hod_17h,hod_18h,hod_19h,hod_20h,hod_21h,hod_22h,hod_23h,dow_mon,dow_tue,dow_wed,dow_thu,dow_fri,dow_sat,dow_sun
S12000036,S02001602,3306.75,17575.0,5905.75,20.0714285714,18.8214285714,13.8928571429,14.6071428571,14.7857142857,38.2142857143,74.6071428571,163.464285714,192.25,164.464285714,179.821428571,199.5,215.5,226.035714286,230.285714286,243.071428571,256.178571429,255.785714286,219.642857143,185.678571429,151.428571429,106.357142857,77.8214285714,44.4642857143,3348.5,3381.25,4221.25,3231.25,3392.75,3015.0,2557.25
