zone_id,area_id,total,daytype_inweek,daytype_weekend,hod_00h,hod_01h,hod_02h,hod_03h,hod_04h,hod_05h,hod_06h,hod_07h,hod_08h,hod_09h,hod_10h,hod_11h,hod_12h,hod_13h,hod_14h,hod_15h,hod_16h,hod_17h,hod_18h,hod_19h,hod_20h,hod_21h,hod_22h,hod_23h,dow_mon,dow_tue,dow_wed,dow_thu,dow_fri,dow_sat,dow_sun
E08000003,E02001087,3477.28571429,18894.0,5777.5,31.8571428571,28.9642857143,22.3214285714,20.2857142857,18.1785714286,28.5,57.7857142857,149.357142857,211.964285714,180.857142857,179.392857143,195.75,203.357142857,206.857142857,218.0,215.142857143,235.464285714,266.107142857,249.642857143,214.964285714,184.5,147.214285714,122.5,88.3214285714,3287.0,3636.5,4704.5,3682.0,3584.0,2956.5,2490.5
