zone_id,area_id,total,daytype_inweek,daytype_weekend,hod_00h,hod_01h,hod_02h,hod_03h,hod_04h,hod_05h,hod_06h,hod_07h,hod_08h,hod_09h,hod_10h,hod_11h,hod_12h,hod_13h,hod_14h,hod_15h,hod_16h,hod_17h,hod_18h,hod_19h,hod_20h,hod_21h,hod_22h,hod_23h,dow_mon,dow_tue,dow_wed,dow_thu,dow_fri,dow_sat,dow_sun
E06000011,E02002687,1905.67857143,9975.25,3495.75,6.32142857143,4.89285714286,4.39285714286,3.92857142857,4.10714285714,15.6785714286,23.75,53.0357142857,76.3571428571,99.1428571429,132.25,151.428571429,160.392857143,163.785714286,158.25,157.607142857,160.892857143,149.107142857,111.428571429,84.8928571429,68.8214285714,55.75,38.7142857143,20.75,1864.0,2031.0,2414.25,1840.75,1825.25,1732.75,1631.75
