zone_id,area_id,total,daytype_inweek,daytype_weekend,hod_00h,hod_01h,hod_02h,hod_03h,hod_04h,hod_05h,hod_06h,hod_07h,hod_08h,hod_09h,hod_10h,hod_11h,hod_12h,hod_13h,hod_14h,hod_15h,hod_16h,hod_17h,hod_18h,hod_19h,hod_20h,hod_21h,hod_22h,hod_23h,dow_mon,dow_tue,dow_wed,dow_thu,dow_fri,dow_sat,dow_sun
E07000033,E02004048,1272.0,6869.5,2269.5,7.17857142857,5.07142857143,4.42857142857,3.10714285714,4.03571428571,11.3214285714,20.7857142857,47.7142857143,69.1785714286,72.2857142857,87.1428571429,88.25,89.0,88.1785714286,85.6071428571,88.7857142857,91.1785714286,94.7857142857,84.4285714286,74.7142857143,61.5714285714,46.8571428571,31.8928571429,14.5,1321.0,1353.0,1659.5,1256.75,1279.25,1086.0,948.5
