zone_id,area_id,total,daytype_inweek,daytype_weekend,hod_00h,hod_01h,hod_02h,hod_03h,hod_04h,hod_05h,hod_06h,hod_07h,hod_08h,hod_09h,hod_10h,hod_11h,hod_12h,hod_13h,hod_14h,hod_15h,hod_16h,hod_17h,hod_18h,hod_19h,hod_20h,hod_21h,hod_22h,hod_23h,dow_mon,dow_tue,dow_wed,dow_thu,dow_fri,dow_sat,dow_sun
E07000221,E02006504,1395.57142857,7537.5,2399.25,9.17857142857,7.14285714286,5.35714285714,3.75,4.17857142857,10.4642857143,30.3571428571,61.1071428571,80.9642857143,77.3571428571,81.8214285714,88.4642857143,95.0,94.0357142857,90.4642857143,91.0714285714,97.7142857143,107.892857143,93.2142857143,78.5357142857,62.25,51.4642857143,45.3928571429,28.3928571429,1380.75,1542.5,1820.5,1446.0,1347.75,1213.0,1018.5
