zone_id,area_id,total,daytype_inweek,daytype_weekend,hod_00h,hod_01h,hod_02h,hod_03h,hod_04h,hod_05h,hod_06h,hod_07h,hod_08h,hod_09h,hod_10h,hod_11h,hod_12h,hod_13h,hod_14h,hod_15h,hod_16h,hod_17h,hod_18h,hod_19h,hod_20h,hod_21h,hod_22h,hod_23h,dow_mon,dow_tue,dow_wed,dow_thu,dow_fri,dow_sat,dow_sun
E08000019,E02001640,12563.4285714,67459.0,20320.75,79.1071428571,98.4285714286,75.0357142857,65.3928571429,53.7857142857,74.9642857143,181.285714286,473.535714286,714.214285714,674.607142857,740.535714286,782.5,867.035714286,876.0,845.285714286,878.678571429,928.285714286,995.107142857,810.607142857,694.0,579.678571429,452.535714286,361.892857143,260.928571429,11556.75,13430.75,16670.0,12603.0,13198.5,11721.0,8764.0
