zone_id,area_id,total,daytype_inweek,daytype_weekend,hod_00h,hod_01h,hod_02h,hod_03h,hod_04h,hod_05h,hod_06h,hod_07h,hod_08h,hod_09h,hod_10h,hod_11h,hod_12h,hod_13h,hod_14h,hod_15h,hod_16h,hod_17h,hod_18h,hod_19h,hod_20h,hod_21h,hod_22h,hod_23h,dow_mon,dow_tue,dow_wed,dow_thu,dow_fri,dow_sat,dow_sun
S12000019,S02002059,1804.46428571,9506.5,3410.75,6.89285714286,9.5,5.21428571429,4.28571428571,3.92857142857,10.1071428571,30.7857142857,66.3928571429,95.8571428571,96.75,110.035714286,122.142857143,138.285714286,136.142857143,127.464285714,136.607142857,142.714285714,134.928571429,113.678571429,102.75,87.6428571429,65.8928571429,37.3571428571,19.1071428571,1895.25,1884.75,2287.75,1682.0,1756.75,1609.25,1515.5
