zone_id,area_id,total,daytype_inweek,daytype_weekend,hod_00h,hod_01h,hod_02h,hod_03h,hod_04h,hod_05h,hod_06h,hod_07h,hod_08h,hod_09h,hod_10h,hod_11h,hod_12h,hod_13h,hod_14h,hod_15h,hod_16h,hod_17h,hod_18h,hod_19h,hod_20h,hod_21h,hod_22h,hod_23h,dow_mon,dow_tue,dow_wed,dow_thu,dow_fri,dow_sat,dow_sun
E06000016,E02002848,5942.96428571,30896.0,10491.25,56.2142857143,76.1428571429,53.1785714286,32.5357142857,29.5,40.2857142857,64.3214285714,139.178571429,232.857142857,247.25,277.821428571,311.642857143,338.928571429,364.678571429,395.178571429,407.464285714,441.142857143,487.714285714,448.928571429,412.428571429,349.857142857,312.571428571,250.642857143,172.5,5664.25,6088.75,7470.0,5644.25,6028.75,5877.75,4827.0
