zone_id,area_id,total,daytype_inweek,daytype_weekend,hod_00h,hod_01h,hod_02h,hod_03h,hod_04h,hod_05h,hod_06h,hod_07h,hod_08h,hod_09h,hod_10h,hod_11h,hod_12h,hod_13h,hod_14h,hod_15h,hod_16h,hod_17h,hod_18h,hod_19h,hod_20h,hod_21h,hod_22h,hod_23h,dow_mon,dow_tue,dow_wed,dow_thu,dow_fri,dow_sat,dow_sun
E08000031,E02002154,2299.10714286,12113.0,3927.5,13.75,16.6785714286,11.75,10.2142857143,11.4642857143,24.6785714286,40.4642857143,81.1428571429,109.714285714,111.321428571,129.035714286,142.535714286,154.0,156.5,155.892857143,157.035714286,168.785714286,168.678571429,152.714285714,138.821428571,120.071428571,105.357142857,75.7142857143,42.7857142857,2151.5,2407.25,2929.25,2211.5,2413.5,2204.75,1776.0
