zone_id,area_id,total,daytype_inweek,daytype_weekend,hod_00h,hod_01h,hod_02h,hod_03h,hod_04h,hod_05h,hod_06h,hod_07h,hod_08h,hod_09h,hod_10h,hod_11h,hod_12h,hod_13h,hod_14h,hod_15h,hod_16h,hod_17h,hod_18h,hod_19h,hod_20h,hod_21h,hod_22h,hod_23h,dow_mon,dow_tue,dow_wed,dow_thu,dow_fri,dow_sat,dow_sun
S12000006,S02001429,1176.78571429,6417.5,2016.25,4.57142857143,4.10714285714,3.0,3.53571428571,3.14285714286,10.2142857143,22.9285714286,48.6785714286,73.1428571429,66.6785714286,73.8928571429,76.1785714286,85.7857142857,83.2857142857,88.0,90.9285714286,91.4642857143,90.7857142857,72.6071428571,62.6428571429,45.8214285714,37.0357142857,25.3214285714,13.0357142857,1227.0,1277.5,1548.75,1187.0,1177.25,1030.75,789.25
