zone_id,area_id,total,daytype_inweek,daytype_weekend,hod_00h,hod_01h,hod_02h,hod_03h,hod_04h,hod_05h,hod_06h,hod_07h,hod_08h,hod_09h,hod_10h,hod_11h,hod_12h,hod_13h,hod_14h,hod_15h,hod_16h,hod_17h,hod_18h,hod_19h,hod_20h,hod_21h,hod_22h,hod_23h,dow_mon,dow_tue,dow_wed,dow_thu,dow_fri,dow_sat,dow_sun
E07000118,E02005195,2126.21428571,11480.25,3674.5,10.9642857143,11.6428571429,9.5,8.89285714286,6.39285714286,12.8571428571,32.8928571429,76.0357142857,106.5,119.642857143,138.964285714,144.25,152.285714286,152.5,147.0,144.678571429,150.107142857,154.214285714,136.571428571,122.928571429,97.0714285714,81.2142857143,68.0357142857,41.0714285714,2085.5,2332.5,2831.25,2160.25,2070.75,1814.25,1589.0
