zone_id,area_id,total,daytype_inweek,daytype_weekend,hod_00h,hod_01h,hod_02h,hod_03h,hod_04h,hod_05h,hod_06h,hod_07h,hod_08h,hod_09h,hod_10h,hod_11h,hod_12h,hod_13h,hod_14h,hod_15h,hod_16h,hod_17h,hod_18h,hod_19h,hod_20h,hod_21h,hod_22h,hod_23h,dow_mon,dow_tue,dow_wed,dow_thu,dow_fri,dow_sat,dow_sun
E08000023,E02001769,6441.89285714,33184.0,11271.5,35.6785714286,42.5,30.8928571429,29.1428571429,29.0,39.7142857143,74.5,162.321428571,254.607142857,341.0,417.571428571,497.285714286,534.321428571,518.321428571,507.714285714,492.142857143,475.535714286,459.571428571,406.464285714,343.5,276.785714286,214.321428571,154.535714286,104.464285714,6253.25,6424.5,7893.5,5758.5,6854.25,6891.0,5018.25
