zone_id,area_id,total,daytype_inweek,daytype_weekend,hod_00h,hod_01h,hod_02h,hod_03h,hod_04h,hod_05h,hod_06h,hod_07h,hod_08h,hod_09h,hod_10h,hod_11h,hod_12h,hod_13h,hod_14h,hod_15h,hod_16h,hod_17h,hod_18h,hod_19h,hod_20h,hod_21h,hod_22h,hod_23h,dow_mon,dow_tue,dow_wed,dow_thu,dow_fri,dow_sat,dow_sun
E06000041,E02003439,1529.39285714,7944.0,2835.0,8.42857142857,6.10714285714,4.10714285714,3.89285714286,3.10714285714,5.96428571429,23.3571428571,56.6428571429,90.6785714286,93.9285714286,103.5,102.642857143,113.142857143,106.607142857,105.25,99.5714285714,98.7142857143,110.464285714,92.6428571429,81.6071428571,69.8928571429,59.6071428571,54.6785714286,34.8571428571,1566.0,1505.75,1933.0,1456.5,1482.75,1492.75,1269.0
