zone_id,area_id,total,daytype_inweek,daytype_weekend,hod_00h,hod_01h,hod_02h,hod_03h,hod_04h,hod_05h,hod_06h,hod_07h,hod_08h,hod_09h,hod_10h,hod_11h,hod_12h,hod_13h,hod_14h,hod_15h,hod_16h,hod_17h,hod_18h,hod_19h,hod_20h,hod_21h,hod_22h,hod_23h,dow_mon,dow_tue,dow_wed,dow_thu,dow_fri,dow_sat,dow_sun
W06000016,W02000263,1141.96428571,6232.5,1794.5,5.0,4.57142857143,2.07142857143,2.75,3.89285714286,8.07142857143,17.75,43.5714285714,60.8214285714,63.6071428571,79.2142857143,82.8214285714,85.8928571429,89.0357142857,87.5714285714,83.5,89.2857142857,87.5,70.25,56.6428571429,44.0357142857,36.1785714286,23.3571428571,14.5714285714,1060.25,1217.25,1624.0,1190.75,1140.25,1027.0,734.25
