zone_id,area_id,total,daytype_inweek,daytype_weekend,hod_00h,hod_01h,hod_02h,hod_03h,hod_04h,hod_05h,hod_06h,hod_07h,hod_08h,hod_09h,hod_10h,hod_11h,hod_12h,hod_13h,hod_14h,hod_15h,hod_16h,hod_17h,hod_18h,hod_19h,hod_20h,hod_21h,hod_22h,hod_23h,dow_mon,dow_tue,dow_wed,dow_thu,dow_fri,dow_sat,dow_sun
S12000038,S02002259,1653.82142857,8833.25,2908.0,8.75,10.2142857143,9.10714285714,5.42857142857,6.46428571429,13.7142857143,25.75,55.5357142857,93.4642857143,88.3214285714,98.3214285714,104.678571429,114.928571429,119.642857143,115.392857143,124.035714286,119.964285714,121.75,109.321428571,97.5357142857,77.4285714286,61.25,45.5357142857,27.2857142857,1655.5,1719.5,2119.75,1674.25,1664.25,1491.0,1252.5
