zone_id,area_id,total,daytype_inweek,daytype_weekend,hod_00h,hod_01h,hod_02h,hod_03h,hod_04h,hod_05h,hod_06h,hod_07h,hod_08h,hod_09h,hod_10h,hod_11h,hod_12h,hod_13h,hod_14h,hod_15h,hod_16h,hod_17h,hod_18h,hod_19h,hod_20h,hod_21h,hod_22h,hod_23h,dow_mon,dow_tue,dow_wed,dow_thu,dow_fri,dow_sat,dow_sun
E06000042,E02003470,4313.92857143,23340.5,7167.0,20.1428571429,18.8928571429,14.9642857143,11.6071428571,15.7857142857,44.2857142857,73.6428571429,167.392857143,251.964285714,225.857142857,244.5,256.928571429,296.821428571,307.75,308.571428571,296.678571429,333.107142857,351.321428571,292.035714286,240.5,206.642857143,156.964285714,113.857142857,63.7142857143,4074.5,4447.5,5664.75,4531.0,4622.75,3764.5,3092.5
