zone_id,area_id,total,daytype_inweek,daytype_weekend,hod_00h,hod_01h,hod_02h,hod_03h,hod_04h,hod_05h,hod_06h,hod_07h,hod_08h,hod_09h,hod_10h,hod_11h,hod_12h,hod_13h,hod_14h,hod_15h,hod_16h,hod_17h,hod_18h,hod_19h,hod_20h,hod_21h,hod_22h,hod_23h,dow_mon,dow_tue,dow_wed,dow_thu,dow_fri,dow_sat,dow_sun
E09000003,E02000055,4401.64285714,23626.25,7969.5,46.1071428571,38.7857142857,23.8928571429,16.7857142857,16.1785714286,25.6071428571,45.1428571429,109.214285714,185.535714286,220.642857143,264.321428571,297.071428571,318.571428571,324.535714286,323.464285714,310.178571429,313.071428571,305.071428571,299.0,275.428571429,241.964285714,180.107142857,132.142857143,88.8214285714,4482.5,4752.5,5942.25,4245.75,4203.25,3698.25,3487.0
