zone_id,area_id,total,daytype_inweek,daytype_weekend,hod_00h,hod_01h,hod_02h,hod_03h,hod_04h,hod_05h,hod_06h,hod_07h,hod_08h,hod_09h,hod_10h,hod_11h,hod_12h,hod_13h,hod_14h,hod_15h,hod_16h,hod_17h,hod_18h,hod_19h,hod_20h,hod_21h,hod_22h,hod_23h,dow_mon,dow_tue,dow_wed,dow_thu,dow_fri,dow_sat,dow_sun
E07000034,E02004066,5293.78571429,28017.25,8871.75,22.3214285714,26.1428571429,18.8571428571,15.4285714286,15.0357142857,27.6071428571,67.75,172.321428571,280.464285714,298.678571429,349.107142857,378.785714286,403.642857143,393.678571429,385.5,374.071428571,387.392857143,408.714285714,345.5,301.964285714,241.035714286,185.642857143,125.142857143,69.0,4926.25,5556.75,6735.5,5347.25,5451.5,5093.75,3945.5
