area_id,total,daytype_inweek,daytype_weekend,hod_00h,hod_01h,hod_02h,hod_03h,hod_04h,hod_05h,hod_06h,hod_07h,hod_08h,hod_09h,hod_10h,hod_11h,hod_12h,hod_13h,hod_14h,hod_15h,hod_16h,hod_17h,hod_18h,hod_19h,hod_20h,hod_21h,hod_22h,hod_23h,dow_mon,dow_tue,dow_wed,dow_thu,dow_fri,dow_sat,dow_sun
05057,0.785714285714,3.0,2.25,0.0,0.0,0.0,0.0,0.0,0.0,0.0,0.0,0.0714285714286,0.0357142857143,0.0,0.0,0.0357142857143,0.107142857143,0.0357142857143,0.0,0.0714285714286,0.0357142857143,0.0357142857143,0.107142857143,0.0,0.0714285714286,0.0357142857143,0.142857142857,0.25,0.5,1.0,0.5,0.75,0.5,2.0
05168,0.678571428571,3.5,1.25,0.0,0.0,0.0,0.0,0.0,0.0,0.0714285714286,0.0,0.0,0.0,0.0,0.0,0.0714285714286,0.0357142857143,0.0,0.0357142857143,0.0714285714286,0.0,0.107142857143,0.0714285714286,0.178571428571,0.0357142857143,0.0,0.0,0.5,0.25,1.25,0.25,1.25,0.5,0.75
05014,933.571428571,4509.5,1711.0,9.17857142857,8.35714285714,7.07142857143,5.25,6.42857142857,7.42857142857,10.2857142857,16.5714285714,27.0714285714,36.25,46.1071428571,62.5,73.7857142857,73.2857142857,56.1071428571,39.9642857143,43.25,50.5,63.6071428571,73.1785714286,76.3214285714,66.0714285714,43.8571428571,31.1428571429,789.75,860.25,1115.5,784.0,960.0,1104.25,921.25
05019,34.0357142857,190.25,70.75,0.107142857143,0.178571428571,0.0,0.0357142857143,0.0714285714286,0.142857142857,1.0,2.07142857143,2.53571428571,2.57142857143,2.75,2.28571428571,2.07142857143,1.71428571429,1.89285714286,2.67857142857,1.5,2.10714285714,2.46428571429,1.92857142857,1.96428571429,1.21428571429,0.535714285714,0.214285714286,41.25,36.25,45.0,32.75,35.0,18.5,29.5
05047,52.8928571429,269.5,99.5,0.571428571429,0.357142857143,0.464285714286,0.285714285714,0.321428571429,0.392857142857,1.14285714286,2.5,2.67857142857,2.96428571429,3.39285714286,4.89285714286,4.96428571429,3.67857142857,3.07142857143,2.57142857143,2.46428571429,3.67857142857,3.53571428571,3.0,2.17857142857,1.5,1.28571428571,1.0,51.25,48.0,69.25,46.5,54.5,52.5,48.25
total,1021.96428571,4975.75,1884.75,9.85714285714,8.89285714286,7.53571428571,5.57142857143,6.82142857143,7.96428571429,12.5,21.1428571429,32.3571428571,41.8214285714,52.25,69.6785714286,80.9285714286,78.8214285714,61.1071428571,45.25,47.3571428571,56.3214285714,69.75,78.2857142857,80.6428571429,68.8928571429,45.7142857143,32.5,883.0,945.25,1232.0,864.0,1051.5,1176.25,1001.75
