zone_id,area_id,total,daytype_inweek,daytype_weekend,hod_00h,hod_01h,hod_02h,hod_03h,hod_04h,hod_05h,hod_06h,hod_07h,hod_08h,hod_09h,hod_10h,hod_11h,hod_12h,hod_13h,hod_14h,hod_15h,hod_16h,hod_17h,hod_18h,hod_19h,hod_20h,hod_21h,hod_22h,hod_23h,dow_mon,dow_tue,dow_wed,dow_thu,dow_fri,dow_sat,dow_sun
S12000010,S02001554,1121.96428571,5930.0,2068.5,4.53571428571,2.53571428571,1.89285714286,1.64285714286,2.46428571429,4.28571428571,22.6428571429,53.0,69.9642857143,60.1785714286,70.3571428571,79.5357142857,82.8928571429,81.8214285714,87.1428571429,95.1785714286,97.2142857143,79.6428571429,65.7857142857,52.1428571429,39.5714285714,33.25,21.4642857143,12.8214285714,1148.25,1184.5,1420.0,1099.75,1077.5,1003.5,920.25
