zone_id,area_id,total,daytype_inweek,daytype_weekend,hod_00h,hod_01h,hod_02h,hod_03h,hod_04h,hod_05h,hod_06h,hod_07h,hod_08h,hod_09h,hod_10h,hod_11h,hod_12h,hod_13h,hod_14h,hod_15h,hod_16h,hod_17h,hod_18h,hod_19h,hod_20h,hod_21h,hod_22h,hod_23h,dow_mon,dow_tue,dow_wed,dow_thu,dow_fri,dow_sat,dow_sun
E07000032,E02004029,1793.42857143,9714.5,2946.25,6.75,5.92857142857,3.82142857143,4.10714285714,4.35714285714,18.75,34.5357142857,70.3214285714,81.9285714286,103.285714286,115.857142857,125.5,131.357142857,129.285714286,131.571428571,130.964285714,131.5,132.75,109.535714286,101.0,82.5357142857,64.75,48.1428571429,24.8928571429,1684.0,1905.25,2387.25,1880.25,1857.75,1577.25,1262.25
