zone_id,area_id,total,daytype_inweek,daytype_weekend,hod_00h,hod_01h,hod_02h,hod_03h,hod_04h,hod_05h,hod_06h,hod_07h,hod_08h,hod_09h,hod_10h,hod_11h,hod_12h,hod_13h,hod_14h,hod_15h,hod_16h,hod_17h,hod_18h,hod_19h,hod_20h,hod_21h,hod_22h,hod_23h,dow_mon,dow_tue,dow_wed,dow_thu,dow_fri,dow_sat,dow_sun
E08000013,E02001427,2571.96428571,13820.0,4315.0,14.2857142857,12.7857142857,9.03571428571,8.85714285714,10.25,19.8214285714,35.6071428571,87.0,121.214285714,130.0,146.071428571,163.392857143,185.678571429,185.035714286,180.285714286,187.535714286,192.964285714,194.785714286,171.535714286,158.428571429,127.928571429,103.428571429,76.1071428571,49.9285714286,2470.75,2622.5,3378.75,2623.5,2724.5,2339.5,1844.25
