zone_id,area_id,total,daytype_inweek,daytype_weekend,hod_00h,hod_01h,hod_02h,hod_03h,hod_04h,hod_05h,hod_06h,hod_07h,hod_08h,hod_09h,hod_10h,hod_11h,hod_12h,hod_13h,hod_14h,hod_15h,hod_16h,hod_17h,hod_18h,hod_19h,hod_20h,hod_21h,hod_22h,hod_23h,dow_mon,dow_tue,dow_wed,dow_thu,dow_fri,dow_sat,dow_sun
E06000050,E02003875,2912.39285714,15617.0,5108.0,15.0714285714,14.5,10.2857142857,7.5,8.32142857143,20.1785714286,48.3571428571,109.785714286,148.928571429,167.5,184.75,188.5,204.5,201.392857143,200.5,200.428571429,225.678571429,217.571428571,194.714285714,161.642857143,139.0,104.142857143,84.75,54.3928571429,2890.25,3092.5,3854.5,2982.75,2797.0,2552.0,2217.75
