zone_id,area_id,total,daytype_inweek,daytype_weekend,hod_00h,hod_01h,hod_02h,hod_03h,hod_04h,hod_05h,hod_06h,hod_07h,hod_08h,hod_09h,hod_10h,hod_11h,hod_12h,hod_13h,hod_14h,hod_15h,hod_16h,hod_17h,hod_18h,hod_19h,hod_20h,hod_21h,hod_22h,hod_23h,dow_mon,dow_tue,dow_wed,dow_thu,dow_fri,dow_sat,dow_sun
E09000025,E02000746,2527.25,13170.0,4496.5,23.3571428571,23.0357142857,13.75,10.9642857143,11.7857142857,22.7142857143,45.5357142857,82.2857142857,117.642857143,130.785714286,140.964285714,156.392857143,183.714285714,177.0,170.785714286,167.0,166.392857143,178.857142857,168.071428571,152.357142857,127.428571429,112.107142857,85.7142857143,58.6071428571,2414.0,2546.5,3136.0,2380.0,2693.5,2438.25,2082.5
