zone_id,area_id,total,daytype_inweek,daytype_weekend,hod_00h,hod_01h,hod_02h,hod_03h,hod_04h,hod_05h,hod_06h,hod_07h,hod_08h,hod_09h,hod_10h,hod_11h,hod_12h,hod_13h,hod_14h,hod_15h,hod_16h,hod_17h,hod_18h,hod_19h,hod_20h,hod_21h,hod_22h,hod_23h,dow_mon,dow_tue,dow_wed,dow_thu,dow_fri,dow_sat,dow_sun
E06000032,E02003278,3996.32142857,21483.25,6699.0,33.4285714286,26.7142857143,24.8214285714,30.8928571429,42.1785714286,62.6071428571,104.25,154.75,202.142857143,198.321428571,203.178571429,219.892857143,256.357142857,264.857142857,270.607142857,268.642857143,274.178571429,288.714285714,264.214285714,240.25,199.285714286,159.25,122.178571429,84.6071428571,3760.25,4165.75,5317.75,3998.0,4241.5,3552.25,2938.75
