zone_id,area_id,total,daytype_inweek,daytype_weekend,hod_00h,hod_01h,hod_02h,hod_03h,hod_04h,hod_05h,hod_06h,hod_07h,hod_08h,hod_09h,hod_10h,hod_11h,hod_12h,hod_13h,hod_14h,hod_15h,hod_16h,hod_17h,hod_18h,hod_19h,hod_20h,hod_21h,hod_22h,hod_23h,dow_mon,dow_tue,dow_wed,dow_thu,dow_fri,dow_sat,dow_sun
E07000240,E02004935,4775.5,24794.25,8085.5,26.1428571429,24.8571428571,17.8214285714,15.3571428571,11.1785714286,21.75,43.6071428571,125.75,224.75,280.821428571,322.178571429,360.464285714,384.75,380.75,351.0,341.321428571,333.107142857,340.714285714,312.75,267.142857143,212.214285714,165.5,128.892857143,82.6785714286,4360.0,4783.25,6197.5,4609.5,4844.0,4908.75,3725.5
