zone_id,area_id,total,daytype_inweek,daytype_weekend,hod_00h,hod_01h,hod_02h,hod_03h,hod_04h,hod_05h,hod_06h,hod_07h,hod_08h,hod_09h,hod_10h,hod_11h,hod_12h,hod_13h,hod_14h,hod_15h,hod_16h,hod_17h,hod_18h,hod_19h,hod_20h,hod_21h,hod_22h,hod_23h,dow_mon,dow_tue,dow_wed,dow_thu,dow_fri,dow_sat,dow_sun
E06000055,E02003629,4824.35714286,25881.25,8137.75,19.3928571429,22.25,19.6071428571,16.7142857143,21.6428571429,53.6785714286,83.3214285714,185.142857143,261.678571429,268.035714286,291.964285714,311.392857143,349.178571429,348.892857143,330.821428571,333.071428571,332.857142857,367.892857143,318.75,279.035714286,228.857142857,175.678571429,130.0,74.5,4629.0,5003.75,6404.75,4781.75,5062.0,4380.5,3508.75
