zone_id,area_id,total,daytype_inweek,daytype_weekend,hod_00h,hod_01h,hod_02h,hod_03h,hod_04h,hod_05h,hod_06h,hod_07h,hod_08h,hod_09h,hod_10h,hod_11h,hod_12h,hod_13h,hod_14h,hod_15h,hod_16h,hod_17h,hod_18h,hod_19h,hod_20h,hod_21h,hod_22h,hod_23h,dow_mon,dow_tue,dow_wed,dow_thu,dow_fri,dow_sat,dow_sun
E06000035,E02003319,3543.10714286,19009.75,5957.5,20.0714285714,19.3928571429,13.8928571429,9.71428571429,12.5,29.5714285714,59.9285714286,136.892857143,183.857142857,197.892857143,220.107142857,237.571428571,242.071428571,244.607142857,235.107142857,237.107142857,258.607142857,275.0,234.178571429,207.857142857,173.678571429,135.75,101.0,56.75,3375.5,3692.75,4710.5,3610.25,3620.75,3210.0,2582.0
