zone_id,area_id,total,daytype_inweek,daytype_weekend,hod_00h,hod_01h,hod_02h,hod_03h,hod_04h,hod_05h,hod_06h,hod_07h,hod_08h,hod_09h,hod_10h,hod_11h,hod_12h,hod_13h,hod_14h,hod_15h,hod_16h,hod_17h,hod_18h,hod_19h,hod_20h,hod_21h,hod_22h,hod_23h,dow_mon,dow_tue,dow_wed,dow_thu,dow_fri,dow_sat,dow_sun
E08000014,E02001455,4039.25,21404.25,6888.75,20.3571428571,21.6785714286,11.7857142857,8.82142857143,8.5,19.2857142857,64.9285714286,145.892857143,207.607142857,215.25,231.75,263.214285714,281.785714286,283.214285714,302.785714286,300.857142857,310.321428571,307.357142857,282.285714286,248.178571429,199.821428571,139.821428571,100.214285714,63.5357142857,3819.75,4140.75,5286.0,3970.0,4187.75,3801.5,3069.0
