zone_id,area_id,total,daytype_inweek,daytype_weekend,hod_00h,hod_01h,hod_02h,hod_03h,hod_04h,hod_05h,hod_06h,hod_07h,hod_08h,hod_09h,hod_10h,hod_11h,hod_12h,hod_13h,hod_14h,hod_15h,hod_16h,hod_17h,hod_18h,hod_19h,hod_20h,hod_21h,hod_22h,hod_23h,dow_mon,dow_tue,dow_wed,dow_thu,dow_fri,dow_sat,dow_sun
S12000015,S02001789,1718.85714286,9087.25,3017.5,7.39285714286,9.5,7.64285714286,6.71428571429,7.07142857143,15.8214285714,37.0357142857,64.7857142857,94.7142857143,90.1785714286,99.0,106.178571429,119.928571429,123.035714286,129.75,132.75,132.392857143,131.964285714,115.821428571,93.9285714286,74.8571428571,59.3571428571,38.1071428571,20.9285714286,1698.0,1747.25,2200.0,1630.0,1812.0,1625.25,1319.5
