zone_id,area_id,total,daytype_inweek,daytype_weekend,hod_00h,hod_01h,hod_02h,hod_03h,hod_04h,hod_05h,hod_06h,hod_07h,hod_08h,hod_09h,hod_10h,hod_11h,hod_12h,hod_13h,hod_14h,hod_15h,hod_16h,hod_17h,hod_18h,hod_19h,hod_20h,hod_21h,hod_22h,hod_23h,dow_mon,dow_tue,dow_wed,dow_thu,dow_fri,dow_sat,dow_sun
E07000148,E02005595,2213.25,11927.5,3681.75,10.3214285714,10.6428571429,7.96428571429,8.60714285714,8.60714285714,13.0,27.9642857143,78.2142857143,128.285714286,127.964285714,135.071428571,148.107142857,144.285714286,156.964285714,148.571428571,158.785714286,151.5,179.821428571,155.107142857,127.642857143,106.214285714,82.1428571429,61.3214285714,36.1428571429,2145.0,2352.75,2937.25,2286.75,2205.75,2028.5,1536.75
