zone_id,area_id,total,daytype_inweek,daytype_weekend,hod_00h,hod_01h,hod_02h,hod_03h,hod_04h,hod_05h,hod_06h,hod_07h,hod_08h,hod_09h,hod_10h,hod_11h,hod_12h,hod_13h,hod_14h,hod_15h,hod_16h,hod_17h,hod_18h,hod_19h,hod_20h,hod_21h,hod_22h,hod_23h,dow_mon,dow_tue,dow_wed,dow_thu,dow_fri,dow_sat,dow_sun
E07000168,E02005805,3907.07142857,20366.5,7147.75,12.3214285714,12.9285714286,9.07142857143,6.82142857143,9.03571428571,18.8928571429,43.4642857143,93.6785714286,156.892857143,215.642857143,282.535714286,328.5,325.142857143,307.464285714,308.571428571,317.25,315.357142857,305.071428571,256.75,196.928571429,151.785714286,114.571428571,77.7142857143,40.6785714286,3933.25,4006.75,5030.0,3686.0,3710.5,3768.5,3214.5
