zone_id,area_id,total,daytype_inweek,daytype_weekend,hod_00h,hod_01h,hod_02h,hod_03h,hod_04h,hod_05h,hod_06h,hod_07h,hod_08h,hod_09h,hod_10h,hod_11h,hod_12h,hod_13h,hod_14h,hod_15h,hod_16h,hod_17h,hod_18h,hod_19h,hod_20h,hod_21h,hod_22h,hod_23h,dow_mon,dow_tue,dow_wed,dow_thu,dow_fri,dow_sat,dow_sun
E07000130,E02005358,2803.14285714,15084.25,4764.75,10.3928571429,9.64285714286,7.03571428571,5.78571428571,8.0,16.4285714286,52.2857142857,108.214285714,167.464285714,165.892857143,178.071428571,191.321428571,197.25,202.107142857,200.178571429,201.0,207.571428571,211.857142857,190.0,154.428571429,119.535714286,90.2857142857,70.2857142857,38.1071428571,2718.25,2939.5,3677.5,2942.5,2806.5,2491.25,2046.5
