zone_id,area_id,total,daytype_inweek,daytype_weekend,hod_00h,hod_01h,hod_02h,hod_03h,hod_04h,hod_05h,hod_06h,hod_07h,hod_08h,hod_09h,hod_10h,hod_11h,hod_12h,hod_13h,hod_14h,hod_15h,hod_16h,hod_17h,hod_18h,hod_19h,hod_20h,hod_21h,hod_22h,hod_23h,dow_mon,dow_tue,dow_wed,dow_thu,dow_fri,dow_sat,dow_sun
S12000035,S02001390,112.285714286,610.75,197.25,0.714285714286,0.392857142857,0.607142857143,0.357142857143,0.642857142857,0.642857142857,1.96428571429,3.03571428571,4.60714285714,7.53571428571,8.07142857143,6.17857142857,7.67857142857,9.71428571429,8.21428571429,6.82142857143,7.67857142857,7.85714285714,6.96428571429,6.85714285714,5.46428571429,4.78571428571,3.78571428571,1.71428571429,120.5,120.0,140.0,126.5,103.75,98.5,76.75
