zone_id,area_id,total,daytype_inweek,daytype_weekend,hod_00h,hod_01h,hod_02h,hod_03h,hod_04h,hod_05h,hod_06h,hod_07h,hod_08h,hod_09h,hod_10h,hod_11h,hod_12h,hod_13h,hod_14h,hod_15h,hod_16h,hod_17h,hod_18h,hod_19h,hod_20h,hod_21h,hod_22h,hod_23h,dow_mon,dow_tue,dow_wed,dow_thu,dow_fri,dow_sat,dow_sun
E09000016,E02000464,1595.75,8326.0,2858.5,12.1785714286,8.85714285714,5.17857142857,5.5,5.78571428571,13.5,28.0714285714,52.4642857143,78.2857142857,89.6071428571,95.75,107.928571429,114.714285714,108.571428571,108.464285714,109.428571429,113.785714286,112.785714286,113.714285714,99.8928571429,77.5357142857,67.1428571429,41.6785714286,24.9285714286,1534.25,1583.0,2059.5,1534.25,1615.0,1520.0,1324.25
