zone_id,area_id,total,daytype_inweek,daytype_weekend,hod_00h,hod_01h,hod_02h,hod_03h,hod_04h,hod_05h,hod_06h,hod_07h,hod_08h,hod_09h,hod_10h,hod_11h,hod_12h,hod_13h,hod_14h,hod_15h,hod_16h,hod_17h,hod_18h,hod_19h,hod_20h,hod_21h,hod_22h,hod_23h,dow_mon,dow_tue,dow_wed,dow_thu,dow_fri,dow_sat,dow_sun
E07000072,E02004536,1292.39285714,6899.25,2203.75,8.32142857143,6.82142857143,5.10714285714,2.25,3.5,9.17857142857,19.8571428571,40.8214285714,65.9285714286,80.6071428571,88.5357142857,89.75,92.4642857143,87.25,85.9285714286,87.6071428571,87.0,88.7857142857,84.9642857143,77.7142857143,65.6428571429,53.8571428571,37.7142857143,22.7857142857,1230.75,1411.25,1688.0,1301.25,1268.0,1174.5,973.0
