zone_id,area_id,total,daytype_inweek,daytype_weekend,hod_00h,hod_01h,hod_02h,hod_03h,hod_04h,hod_05h,hod_06h,hod_07h,hod_08h,hod_09h,hod_10h,hod_11h,hod_12h,hod_13h,hod_14h,hod_15h,hod_16h,hod_17h,hod_18h,hod_19h,hod_20h,hod_21h,hod_22h,hod_23h,dow_mon,dow_tue,dow_wed,dow_thu,dow_fri,dow_sat,dow_sun
E07000134,E02005406,3390.28571429,18525.5,5432.5,14.3214285714,12.75,11.6071428571,10.6071428571,18.6428571429,40.8928571429,64.0,130.75,213.178571429,198.285714286,210.75,220.464285714,249.035714286,244.714285714,235.857142857,233.357142857,240.892857143,262.428571429,219.535714286,180.464285714,143.964285714,113.071428571,78.25,42.4642857143,3164.75,3771.75,4634.0,3551.5,3403.5,2938.75,2267.75
