zone_id,area_id,total,daytype_inweek,daytype_weekend,hod_00h,hod_01h,hod_02h,hod_03h,hod_04h,hod_05h,hod_06h,hod_07h,hod_08h,hod_09h,hod_10h,hod_11h,hod_12h,hod_13h,hod_14h,hod_15h,hod_16h,hod_17h,hod_18h,hod_19h,hod_20h,hod_21h,hod_22h,hod_23h,dow_mon,dow_tue,dow_wed,dow_thu,dow_fri,dow_sat,dow_sun
E07000121,E02005225,1565.07142857,8518.25,2693.0,6.35714285714,5.57142857143,5.32142857143,4.82142857143,5.71428571429,10.5,22.3214285714,56.5357142857,81.6071428571,87.8214285714,98.5357142857,107.178571429,113.321428571,117.25,116.678571429,117.464285714,120.928571429,123.142857143,108.25,83.5,62.1071428571,54.8571428571,35.1785714286,20.1071428571,1591.5,1669.5,2141.25,1631.0,1485.0,1335.75,1101.5
