zone_id,area_id,total,daytype_inweek,daytype_weekend,hod_00h,hod_01h,hod_02h,hod_03h,hod_04h,hod_05h,hod_06h,hod_07h,hod_08h,hod_09h,hod_10h,hod_11h,hod_12h,hod_13h,hod_14h,hod_15h,hod_16h,hod_17h,hod_18h,hod_19h,hod_20h,hod_21h,hod_22h,hod_23h,dow_mon,dow_tue,dow_wed,dow_thu,dow_fri,dow_sat,dow_sun
S12000046,S02001854,1421.82142857,7515.25,2523.0,6.60714285714,8.07142857143,6.14285714286,6.07142857143,5.89285714286,10.9285714286,25.6071428571,61.1428571429,80.9285714286,69.8928571429,69.7857142857,78.0357142857,86.8928571429,90.4642857143,96.5714285714,104.964285714,113.214285714,117.607142857,101.892857143,88.6071428571,68.4285714286,58.9642857143,39.25,25.8571428571,1429.75,1446.25,1788.25,1365.75,1485.25,1344.25,1093.25
