zone_id,area_id,total,daytype_inweek,daytype_weekend,hod_00h,hod_01h,hod_02h,hod_03h,hod_04h,hod_05h,hod_06h,hod_07h,hod_08h,hod_09h,hod_10h,hod_11h,hod_12h,hod_13h,hod_14h,hod_15h,hod_16h,hod_17h,hod_18h,hod_19h,hod_20h,hod_21h,hod_22h,hod_23h,dow_mon,dow_tue,dow_wed,dow_thu,dow_fri,dow_sat,dow_sun
S12000034,S02001288,819.857142857,4393.75,1476.5,2.96428571429,2.78571428571,2.10714285714,1.21428571429,2.25,9.96428571429,26.5357142857,36.8571428571,50.3571428571,47.8571428571,44.7142857143,45.2857142857,50.1071428571,51.8214285714,55.25,63.0714285714,74.5714285714,61.6428571429,53.5714285714,42.7142857143,35.8214285714,30.75,19.0714285714,8.57142857143,853.25,902.5,1041.5,796.5,800.0,722.0,623.25
