zone_id,area_id,total,daytype_inweek,daytype_weekend,hod_00h,hod_01h,hod_02h,hod_03h,hod_04h,hod_05h,hod_06h,hod_07h,hod_08h,hod_09h,hod_10h,hod_11h,hod_12h,hod_13h,hod_14h,hod_15h,hod_16h,hod_17h,hod_18h,hod_19h,hod_20h,hod_21h,hod_22h,hod_23h,dow_mon,dow_tue,dow_wed,dow_thu,dow_fri,dow_sat,dow_sun
E07000084,E02004678,2265.5,12167.25,3881.0,11.8928571429,10.4642857143,8.60714285714,7.92857142857,8.53571428571,20.0357142857,43.2142857143,113.428571429,136.535714286,131.964285714,147.5,147.75,148.464285714,143.5,138.607142857,144.75,168.821428571,170.642857143,142.214285714,126.892857143,100.035714286,80.8214285714,70.7142857143,42.1785714286,2212.25,2379.25,3019.0,2294.5,2262.25,2022.5,1668.75
