zone_id,area_id,total,daytype_inweek,daytype_weekend,hod_00h,hod_01h,hod_02h,hod_03h,hod_04h,hod_05h,hod_06h,hod_07h,hod_08h,hod_09h,hod_10h,hod_11h,hod_12h,hod_13h,hod_14h,hod_15h,hod_16h,hod_17h,hod_18h,hod_19h,hod_20h,hod_21h,hod_22h,hod_23h,dow_mon,dow_tue,dow_wed,dow_thu,dow_fri,dow_sat,dow_sun
E06000045,E02003555,2576.57142857,13685.0,4381.5,10.9285714286,13.6071428571,10.6428571429,8.64285714286,11.3928571429,26.1428571429,52.5357142857,101.821428571,135.071428571,142.428571429,153.642857143,176.25,175.642857143,172.821428571,170.071428571,169.0,183.75,189.75,173.75,153.607142857,124.607142857,101.964285714,76.5357142857,41.9642857143,2465.75,2722.0,3311.5,2517.5,2668.25,2435.25,1915.75
