zone_id,area_id,total,daytype_inweek,daytype_weekend,hod_00h,hod_01h,hod_02h,hod_03h,hod_04h,hod_05h,hod_06h,hod_07h,hod_08h,hod_09h,hod_10h,hod_11h,hod_12h,hod_13h,hod_14h,hod_15h,hod_16h,hod_17h,hod_18h,hod_19h,hod_20h,hod_21h,hod_22h,hod_23h,dow_mon,dow_tue,dow_wed,dow_thu,dow_fri,dow_sat,dow_sun
E09000005,E02000100,3267.85714286,17049.0,5690.75,29.9642857143,28.5357142857,20.4285714286,16.5357142857,14.0,21.2142857143,53.3571428571,94.3214285714,154.0,168.0,184.178571429,202.178571429,211.357142857,215.857142857,220.107142857,215.785714286,223.428571429,231.535714286,218.857142857,217.142857143,186.357142857,150.214285714,112.785714286,77.7142857143,3094.75,3388.0,4204.5,3167.0,3194.75,3230.0,2596.0
