zone_id,area_id,total,daytype_inweek,daytype_weekend,hod_00h,hod_01h,hod_02h,hod_03h,hod_04h,hod_05h,hod_06h,hod_07h,hod_08h,hod_09h,hod_10h,hod_11h,hod_12h,hod_13h,hod_14h,hod_15h,hod_16h,hod_17h,hod_18h,hod_19h,hod_20h,hod_21h,hod_22h,hod_23h,dow_mon,dow_tue,dow_wed,dow_thu,dow_fri,dow_sat,dow_sun
E06000012,E02002731,3198.42857143,16848.25,5423.5,10.2857142857,14.1071428571,10.25,12.8571428571,17.5,34.1428571429,52.6071428571,102.642857143,141.892857143,169.428571429,207.75,219.428571429,234.071428571,248.821428571,248.428571429,245.357142857,250.857142857,246.464285714,204.714285714,169.071428571,143.035714286,108.357142857,71.3571428571,35.0,2970.75,3298.25,4028.75,3145.75,3404.75,3088.0,2452.75
