zone_id,area_id,total,daytype_inweek,daytype_weekend,hod_00h,hod_01h,hod_02h,hod_03h,hod_04h,hod_05h,hod_06h,hod_07h,hod_08h,hod_09h,hod_10h,hod_11h,hod_12h,hod_13h,hod_14h,hod_15h,hod_16h,hod_17h,hod_18h,hod_19h,hod_20h,hod_21h,hod_22h,hod_23h,dow_mon,dow_tue,dow_wed,dow_thu,dow_fri,dow_sat,dow_sun
E09000028,E02000823,1537.39285714,8123.0,2609.5,19.6428571429,18.8571428571,13.8214285714,9.46428571429,9.10714285714,11.1071428571,16.8571428571,34.1785714286,75.2142857143,79.7857142857,84.0357142857,90.0357142857,94.7857142857,99.1071428571,100.142857143,95.6428571429,91.7857142857,107.357142857,112.607142857,98.1785714286,89.2857142857,76.5,63.5714285714,46.3214285714,1404.25,1585.0,2039.5,1528.5,1565.75,1433.5,1205.25
