zone_id,area_id,total,daytype_inweek,daytype_weekend,hod_00h,hod_01h,hod_02h,hod_03h,hod_04h,hod_05h,hod_06h,hod_07h,hod_08h,hod_09h,hod_10h,hod_11h,hod_12h,hod_13h,hod_14h,hod_15h,hod_16h,hod_17h,hod_18h,hod_19h,hod_20h,hod_21h,hod_22h,hod_23h,dow_mon,dow_tue,dow_wed,dow_thu,dow_fri,dow_sat,dow_sun
E07000004,E02003668,2855.21428571,15564.5,4737.5,13.75,13.75,10.8571428571,9.57142857143,11.1071428571,22.3571428571,51.5,109.214285714,155.964285714,154.035714286,168.285714286,180.392857143,186.892857143,189.571428571,191.25,198.142857143,206.428571429,223.321428571,192.0,174.857142857,143.571428571,109.178571429,87.0714285714,52.1428571429,2735.75,3115.25,3928.25,2897.75,2887.5,2420.25,2001.75
