zone_id,area_id,total,daytype_inweek,daytype_weekend,hod_00h,hod_01h,hod_02h,hod_03h,hod_04h,hod_05h,hod_06h,hod_07h,hod_08h,hod_09h,hod_10h,hod_11h,hod_12h,hod_13h,hod_14h,hod_15h,hod_16h,hod_17h,hod_18h,hod_19h,hod_20h,hod_21h,hod_22h,hod_23h,dow_mon,dow_tue,dow_wed,dow_thu,dow_fri,dow_sat,dow_sun
E08000021,E02001718,1960.57142857,10406.25,3327.0,10.75,10.1785714286,7.53571428571,6.57142857143,8.5,15.0357142857,31.5357142857,70.1071428571,96.7142857143,103.107142857,127.214285714,139.928571429,144.0,145.642857143,138.857142857,143.071428571,141.714285714,145.25,128.892857143,110.714285714,92.1071428571,64.3928571429,47.2857142857,31.4642857143,1919.75,1996.25,2493.5,1943.0,2053.75,1910.5,1407.25
