zone_id,area_id,total,daytype_inweek,daytype_weekend,hod_00h,hod_01h,hod_02h,hod_03h,hod_04h,hod_05h,hod_06h,hod_07h,hod_08h,hod_09h,hod_10h,hod_11h,hod_12h,hod_13h,hod_14h,hod_15h,hod_16h,hod_17h,hod_18h,hod_19h,hod_20h,hod_21h,hod_22h,hod_23h,dow_mon,dow_tue,dow_wed,dow_thu,dow_fri,dow_sat,dow_sun
E09000032,E02000947,2207.21428571,11637.75,3899.5,20.8214285714,19.4285714286,13.5,9.03571428571,8.07142857143,9.67857142857,25.1071428571,62.0,107.035714286,123.857142857,132.035714286,138.75,149.678571429,148.214285714,142.107142857,146.107142857,145.857142857,143.142857143,161.142857143,151.678571429,123.785714286,93.5714285714,80.2857142857,52.3214285714,2162.0,2283.75,2905.5,2142.25,2144.25,2075.25,1737.5
