zone_id,area_id,total,daytype_inweek,daytype_weekend,hod_00h,hod_01h,hod_02h,hod_03h,hod_04h,hod_05h,hod_06h,hod_07h,hod_08h,hod_09h,hod_10h,hod_11h,hod_12h,hod_13h,hod_14h,hod_15h,hod_16h,hod_17h,hod_18h,hod_19h,hod_20h,hod_21h,hod_22h,hod_23h,dow_mon,dow_tue,dow_wed,dow_thu,dow_fri,dow_sat,dow_sun
E07000043,E02004181,3686.78571429,19617.0,6177.5,13.5,12.1071428571,7.60714285714,7.78571428571,8.78571428571,17.1785714286,39.8571428571,121.285714286,179.535714286,217.392857143,262.0,285.75,299.25,286.964285714,284.571428571,293.392857143,286.857142857,280.321428571,222.964285714,180.607142857,137.392857143,108.285714286,85.1428571429,48.25,3517.25,3783.0,4878.5,3747.0,3691.25,3530.25,2660.25
