zone_id,area_id,total,daytype_inweek,daytype_weekend,hod_00h,hod_01h,hod_02h,hod_03h,hod_04h,hod_05h,hod_06h,hod_07h,hod_08h,hod_09h,hod_10h,hod_11h,hod_12h,hod_13h,hod_14h,hod_15h,hod_16h,hod_17h,hod_18h,hod_19h,hod_20h,hod_21h,hod_22h,hod_23h,dow_mon,dow_tue,dow_wed,dow_thu,dow_fri,dow_sat,dow_sun
E07000171,E02005836,1689.39285714,9061.5,2923.75,7.78571428571,7.57142857143,5.10714285714,4.14285714286,7.42857142857,16.0357142857,30.0714285714,61.6428571429,93.1428571429,101.892857143,118.464285714,126.357142857,121.392857143,115.607142857,117.535714286,115.392857143,122.964285714,116.642857143,101.75,87.5714285714,73.1785714286,62.5714285714,46.9285714286,28.2142857143,1681.5,1748.5,2220.75,1757.25,1653.5,1522.0,1242.25
