zone_id,area_id,total,daytype_inweek,daytype_weekend,hod_00h,hod_01h,hod_02h,hod_03h,hod_04h,hod_05h,hod_06h,hod_07h,hod_08h,hod_09h,hod_10h,hod_11h,hod_12h,hod_13h,hod_14h,hod_15h,hod_16h,hod_17h,hod_18h,hod_19h,hod_20h,hod_21h,hod_22h,hod_23h,dow_mon,dow_tue,dow_wed,dow_thu,dow_fri,dow_sat,dow_sun
E07000066,E02004427,2361.67857143,12630.25,4036.25,15.3214285714,13.1428571429,9.67857142857,6.35714285714,6.25,13.7142857143,27.25,79.9642857143,122.464285714,139.214285714,152.75,165.535714286,168.464285714,155.964285714,162.392857143,153.75,159.25,169.892857143,157.535714286,144.392857143,122.035714286,93.5,71.5714285714,51.2857142857,2309.5,2498.25,3159.5,2353.75,2309.25,2174.75,1726.75
