zone_id,area_id,total,daytype_inweek,daytype_weekend,hod_00h,hod_01h,hod_02h,hod_03h,hod_04h,hod_05h,hod_06h,hod_07h,hod_08h,hod_09h,hod_10h,hod_11h,hod_12h,hod_13h,hod_14h,hod_15h,hod_16h,hod_17h,hod_18h,hod_19h,hod_20h,hod_21h,hod_22h,hod_23h,dow_mon,dow_tue,dow_wed,dow_thu,dow_fri,dow_sat,dow_sun
E09000026,E02000754,1166.03571429,6123.25,2065.25,9.39285714286,8.25,5.92857142857,4.0,4.71428571429,4.92857142857,13.5357142857,26.75,50.75,66.4642857143,71.0,74.6428571429,77.1785714286,73.2142857143,73.4642857143,71.4642857143,76.1785714286,82.0357142857,82.75,81.6785714286,72.6785714286,61.1071428571,46.75,27.1785714286,1130.5,1233.0,1475.0,1136.0,1148.75,1104.25,934.75
