zone_id,area_id,total,daytype_inweek,daytype_weekend,hod_00h,hod_01h,hod_02h,hod_03h,hod_04h,hod_05h,hod_06h,hod_07h,hod_08h,hod_09h,hod_10h,hod_11h,hod_12h,hod_13h,hod_14h,hod_15h,hod_16h,hod_17h,hod_18h,hod_19h,hod_20h,hod_21h,hod_22h,hod_23h,dow_mon,dow_tue,dow_wed,dow_thu,dow_fri,dow_sat,dow_sun
E06000018,E02002877,3477.82142857,18528.0,5917.75,22.2142857143,23.3571428571,15.9642857143,13.9642857143,10.3214285714,26.5,52.5357142857,127.142857143,200.464285714,191.607142857,204.107142857,209.5,231.25,234.607142857,230.071428571,236.642857143,252.214285714,266.25,241.178571429,209.714285714,166.571428571,135.178571429,108.214285714,68.25,3301.0,3632.0,4531.5,3407.75,3655.75,3200.0,2616.75
