zone_id,area_id,total,daytype_inweek,daytype_weekend,hod_00h,hod_01h,hod_02h,hod_03h,hod_04h,hod_05h,hod_06h,hod_07h,hod_08h,hod_09h,hod_10h,hod_11h,hod_12h,hod_13h,hod_14h,hod_15h,hod_16h,hod_17h,hod_18h,hod_19h,hod_20h,hod_21h,hod_22h,hod_23h,dow_mon,dow_tue,dow_wed,dow_thu,dow_fri,dow_sat,dow_sun
E06000005,E02002572,1513.35714286,8138.25,2535.75,8.64285714286,8.5,6.17857142857,5.71428571429,6.46428571429,10.75,19.1785714286,50.1428571429,77.9285714286,82.9285714286,94.1785714286,102.714285714,106.678571429,105.75,100.964285714,103.5,110.321428571,119.642857143,104.607142857,90.5714285714,75.9642857143,57.0357142857,41.0357142857,23.9642857143,1446.5,1588.0,2025.25,1555.75,1522.75,1366.0,1089.25
