zone_id,area_id,total,daytype_inweek,daytype_weekend,hod_00h,hod_01h,hod_02h,hod_03h,hod_04h,hod_05h,hod_06h,hod_07h,hod_08h,hod_09h,hod_10h,hod_11h,hod_12h,hod_13h,hod_14h,hod_15h,hod_16h,hod_17h,hod_18h,hod_19h,hod_20h,hod_21h,hod_22h,hod_23h,dow_mon,dow_tue,dow_wed,dow_thu,dow_fri,dow_sat,dow_sun
E06000031,E02006878,4708.5,25346.5,8141.25,26.0357142857,27.25,19.25,15.4642857143,16.6071428571,49.1785714286,91.1785714286,202.857142857,309.035714286,232.214285714,240.142857143,265.964285714,295.0,298.285714286,299.214285714,309.035714286,350.75,402.321428571,326.607142857,287.75,230.75,192.535714286,146.071428571,75.0,4604.5,5083.0,6138.75,4754.25,4766.0,4076.25,3536.75
