zone_id,area_id,total,daytype_inweek,daytype_weekend,hod_00h,hod_01h,hod_02h,hod_03h,hod_04h,hod_05h,hod_06h,hod_07h,hod_08h,hod_09h,hod_10h,hod_11h,hod_12h,hod_13h,hod_14h,hod_15h,hod_16h,hod_17h,hod_18h,hod_19h,hod_20h,hod_21h,hod_22h,hod_23h,dow_mon,dow_tue,dow_wed,dow_thu,dow_fri,dow_sat,dow_sun
E07000180,E02005987,3722.89285714,20582.25,6078.75,16.7857142857,15.25,10.1071428571,11.3571428571,11.7857142857,28.0714285714,76.3571428571,188.071428571,228.071428571,224.714285714,234.821428571,240.821428571,258.857142857,249.607142857,239.821428571,247.571428571,280.0,282.821428571,241.071428571,201.607142857,157.571428571,120.142857143,98.1428571429,59.4642857143,3698.25,4025.75,5163.75,3923.75,3770.75,3097.5,2380.5
