zone_id,area_id,total,daytype_inweek,daytype_weekend,hod_00h,hod_01h,hod_02h,hod_03h,hod_04h,hod_05h,hod_06h,hod_07h,hod_08h,hod_09h,hod_10h,hod_11h,hod_12h,hod_13h,hod_14h,hod_15h,hod_16h,hod_17h,hod_18h,hod_19h,hod_20h,hod_21h,hod_22h,hod_23h,dow_mon,dow_tue,dow_wed,dow_thu,dow_fri,dow_sat,dow_sun
E07000088,E02004743,1746.75,9149.25,3042.25,8.32142857143,8.03571428571,4.89285714286,4.5,5.21428571429,14.2142857143,31.3928571429,53.7857142857,87.2142857143,99.8928571429,115.178571429,122.214285714,129.535714286,125.142857143,122.464285714,120.678571429,125.392857143,124.142857143,117.642857143,106.821428571,88.2857142857,63.3214285714,42.9642857143,25.5,1672.25,1729.0,2122.5,1723.25,1902.25,1708.0,1370.0
