zone_id,area_id,total,daytype_inweek,daytype_weekend,hod_00h,hod_01h,hod_02h,hod_03h,hod_04h,hod_05h,hod_06h,hod_07h,hod_08h,hod_09h,hod_10h,hod_11h,hod_12h,hod_13h,hod_14h,hod_15h,hod_16h,hod_17h,hod_18h,hod_19h,hod_20h,hod_21h,hod_22h,hod_23h,dow_mon,dow_tue,dow_wed,dow_thu,dow_fri,dow_sat,dow_sun
E07000106,E02006855,3013.92857143,15901.75,5132.25,12.9285714286,9.67857142857,8.64285714286,6.14285714286,8.82142857143,18.5,49.9285714286,123.0,168.392857143,173.071428571,196.142857143,215.571428571,218.964285714,215.464285714,210.714285714,207.607142857,228.25,227.214285714,201.107142857,173.107142857,127.0,101.857142857,71.4642857143,40.3571428571,2810.75,3133.0,3762.5,3085.75,3109.75,2874.25,2321.5
