zone_id,area_id,total,daytype_inweek,daytype_weekend,hod_00h,hod_01h,hod_02h,hod_03h,hod_04h,hod_05h,hod_06h,hod_07h,hod_08h,hod_09h,hod_10h,hod_11h,hod_12h,hod_13h,hod_14h,hod_15h,hod_16h,hod_17h,hod_18h,hod_19h,hod_20h,hod_21h,hod_22h,hod_23h,dow_mon,dow_tue,dow_wed,dow_thu,dow_fri,dow_sat,dow_sun
S12000015,S02001755,1570.82142857,8348.25,2715.25,7.53571428571,6.75,5.60714285714,2.78571428571,3.07142857143,10.5357142857,29.5,63.3928571429,91.0357142857,85.8571428571,87.6071428571,96.6428571429,109.535714286,106.785714286,108.607142857,121.892857143,129.071428571,125.428571429,115.928571429,86.0357142857,68.25,52.6071428571,34.6071428571,21.75,1546.5,1662.25,2051.75,1517.5,1570.25,1478.75,1168.75
