zone_id,area_id,total,daytype_inweek,daytype_weekend,hod_00h,hod_01h,hod_02h,hod_03h,hod_04h,hod_05h,hod_06h,hod_07h,hod_08h,hod_09h,hod_10h,hod_11h,hod_12h,hod_13h,hod_14h,hod_15h,hod_16h,hod_17h,hod_18h,hod_19h,hod_20h,hod_21h,hod_22h,hod_23h,dow_mon,dow_tue,dow_wed,dow_thu,dow_fri,dow_sat,dow_sun
E06000035,E02003344,3454.0,18030.75,6051.25,15.0714285714,16.0357142857,12.4285714286,10.3214285714,11.0357142857,24.8928571429,57.5357142857,124.785714286,168.75,200.678571429,217.357142857,231.785714286,232.821428571,230.785714286,234.107142857,235.821428571,246.607142857,267.357142857,249.178571429,219.214285714,176.035714286,129.428571429,93.7142857143,48.25,3304.25,3509.25,4382.25,3391.0,3444.0,3400.25,2747.0
