zone_id,area_id,total,daytype_inweek,daytype_weekend,hod_00h,hod_01h,hod_02h,hod_03h,hod_04h,hod_05h,hod_06h,hod_07h,hod_08h,hod_09h,hod_10h,hod_11h,hod_12h,hod_13h,hod_14h,hod_15h,hod_16h,hod_17h,hod_18h,hod_19h,hod_20h,hod_21h,hod_22h,hod_23h,dow_mon,dow_tue,dow_wed,dow_thu,dow_fri,dow_sat,dow_sun
E07000006,E02003694,1657.14285714,8526.25,3033.5,9.46428571429,8.78571428571,7.39285714286,3.71428571429,5.10714285714,6.53571428571,20.0,54.7142857143,72.7142857143,91.8214285714,105.714285714,115.785714286,124.285714286,118.071428571,113.571428571,116.071428571,114.571428571,121.0,111.535714286,104.857142857,90.1785714286,65.5,46.5357142857,29.2142857143,1574.5,1675.75,2070.75,1561.5,1643.75,1614.75,1459.0
