zone_id,area_id,total,daytype_inweek,daytype_weekend,hod_00h,hod_01h,hod_02h,hod_03h,hod_04h,hod_05h,hod_06h,hod_07h,hod_08h,hod_09h,hod_10h,hod_11h,hod_12h,hod_13h,hod_14h,hod_15h,hod_16h,hod_17h,hod_18h,hod_19h,hod_20h,hod_21h,hod_22h,hod_23h,dow_mon,dow_tue,dow_wed,dow_thu,dow_fri,dow_sat,dow_sun
S12000006,S02001435,2083.42857143,11494.5,3493.0,8.67857142857,8.32142857143,5.21428571429,5.21428571429,9.03571428571,26.5714285714,47.4642857143,94.7857142857,133.785714286,124.607142857,127.392857143,135.785714286,137.607142857,147.642857143,154.5,157.285714286,165.714285714,164.0,125.964285714,101.142857143,73.75,57.1785714286,45.6428571429,26.1428571429,2122.0,2321.5,2800.0,2246.0,2005.0,1718.5,1371.0
