zone_id,area_id,total,daytype_inweek,daytype_weekend,hod_00h,hod_01h,hod_02h,hod_03h,hod_04h,hod_05h,hod_06h,hod_07h,hod_08h,hod_09h,hod_10h,hod_11h,hod_12h,hod_13h,hod_14h,hod_15h,hod_16h,hod_17h,hod_18h,hod_19h,hod_20h,hod_21h,hod_22h,hod_23h,dow_mon,dow_tue,dow_wed,dow_thu,dow_fri,dow_sat,dow_sun
E08000022,E02001763,2018.10714286,10633.75,3560.25,8.21428571429,8.03571428571,6.42857142857,5.10714285714,6.28571428571,12.2857142857,31.3214285714,68.6785714286,93.4285714286,104.642857143,128.285714286,143.892857143,161.25,149.714285714,148.964285714,147.964285714,151.75,154.321428571,132.75,116.142857143,95.7857142857,68.8928571429,46.2142857143,27.75,2012.25,2031.0,2569.0,1950.25,2071.25,1945.0,1548.0
