zone_id,area_id,total,daytype_inweek,daytype_weekend,hod_00h,hod_01h,hod_02h,hod_03h,hod_04h,hod_05h,hod_06h,hod_07h,hod_08h,hod_09h,hod_10h,hod_11h,hod_12h,hod_13h,hod_14h,hod_15h,hod_16h,hod_17h,hod_18h,hod_19h,hod_20h,hod_21h,hod_22h,hod_23h,dow_mon,dow_tue,dow_wed,dow_thu,dow_fri,dow_sat,dow_sun
E09000008,E02000230,3856.78571429,20282.5,6627.25,30.9642857143,28.0714285714,16.6785714286,13.9642857143,14.5357142857,28.7142857143,65.3928571429,139.5,211.0,220.642857143,231.928571429,246.428571429,260.321428571,261.857142857,249.821428571,248.785714286,248.785714286,269.107142857,260.785714286,243.25,203.678571429,158.892857143,124.821428571,78.8571428571,3666.75,3942.25,4929.75,3812.75,3931.0,3754.5,2960.5
