zone_id,area_id,total,daytype_inweek,daytype_weekend,hod_00h,hod_01h,hod_02h,hod_03h,hod_04h,hod_05h,hod_06h,hod_07h,hod_08h,hod_09h,hod_10h,hod_11h,hod_12h,hod_13h,hod_14h,hod_15h,hod_16h,hod_17h,hod_18h,hod_19h,hod_20h,hod_21h,hod_22h,hod_23h,dow_mon,dow_tue,dow_wed,dow_thu,dow_fri,dow_sat,dow_sun
E07000093,E02004823,953.25,5233.0,1642.75,4.57142857143,3.92857142857,2.10714285714,1.92857142857,2.57142857143,5.5,12.8214285714,34.3928571429,51.5357142857,55.8214285714,58.8928571429,58.9285714286,64.25,62.1428571429,60.6428571429,64.2857142857,70.75,77.2857142857,66.25,57.0714285714,43.2857142857,40.2857142857,33.0357142857,20.9642857143,977.75,1034.25,1318.0,1037.75,865.25,774.75,665.0
