zone_id,area_id,total,daytype_inweek,daytype_weekend,hod_00h,hod_01h,hod_02h,hod_03h,hod_04h,hod_05h,hod_06h,hod_07h,hod_08h,hod_09h,hod_10h,hod_11h,hod_12h,hod_13h,hod_14h,hod_15h,hod_16h,hod_17h,hod_18h,hod_19h,hod_20h,hod_21h,hod_22h,hod_23h,dow_mon,dow_tue,dow_wed,dow_thu,dow_fri,dow_sat,dow_sun
E09000013,E02000379,1412.32142857,7509.25,2420.0,12.5357142857,11.2142857143,7.71428571429,4.92857142857,4.07142857143,6.0,15.8571428571,34.2142857143,69.1428571429,74.4285714286,84.6428571429,92.0357142857,96.6428571429,102.142857143,96.6785714286,97.1785714286,96.1428571429,100.357142857,106.142857143,91.3214285714,75.2857142857,61.2142857143,44.0714285714,28.3571428571,1335.0,1515.75,1830.5,1384.25,1443.75,1292.0,1085.0
