zone_id,area_id,total,daytype_inweek,daytype_weekend,hod_00h,hod_01h,hod_02h,hod_03h,hod_04h,hod_05h,hod_06h,hod_07h,hod_08h,hod_09h,hod_10h,hod_11h,hod_12h,hod_13h,hod_14h,hod_15h,hod_16h,hod_17h,hod_18h,hod_19h,hod_20h,hod_21h,hod_22h,hod_23h,dow_mon,dow_tue,dow_wed,dow_thu,dow_fri,dow_sat,dow_sun
E07000011,E02003758,4098.17857143,22588.0,6782.0,17.7142857143,15.6428571429,13.0,14.4642857143,14.8571428571,46.1071428571,100.321428571,222.571428571,269.464285714,235.464285714,248.071428571,247.25,257.964285714,250.535714286,254.785714286,254.071428571,305.5,332.035714286,261.321428571,221.357142857,187.678571429,148.785714286,116.75,62.4642857143,4020.25,4434.75,5650.5,4309.75,4172.75,3337.5,2761.75
