zone_id,area_id,total,daytype_inweek,daytype_weekend,hod_00h,hod_01h,hod_02h,hod_03h,hod_04h,hod_05h,hod_06h,hod_07h,hod_08h,hod_09h,hod_10h,hod_11h,hod_12h,hod_13h,hod_14h,hod_15h,hod_16h,hod_17h,hod_18h,hod_19h,hod_20h,hod_21h,hod_22h,hod_23h,dow_mon,dow_tue,dow_wed,dow_thu,dow_fri,dow_sat,dow_sun
E07000124,E02005277,2281.5,12467.75,3885.5,13.4642857143,12.2142857143,7.92857142857,6.35714285714,8.25,11.7857142857,31.3571428571,79.8214285714,116.5,140.464285714,152.464285714,149.214285714,165.285714286,157.964285714,155.357142857,152.285714286,159.964285714,154.25,142.321428571,127.535714286,106.75,96.7857142857,78.25,54.9285714286,2262.75,2546.0,3156.25,2360.25,2142.5,1880.0,1622.75
