zone_id,area_id,total,daytype_inweek,daytype_weekend,hod_00h,hod_01h,hod_02h,hod_03h,hod_04h,hod_05h,hod_06h,hod_07h,hod_08h,hod_09h,hod_10h,hod_11h,hod_12h,hod_13h,hod_14h,hod_15h,hod_16h,hod_17h,hod_18h,hod_19h,hod_20h,hod_21h,hod_22h,hod_23h,dow_mon,dow_tue,dow_wed,dow_thu,dow_fri,dow_sat,dow_sun
E06000054,E02006644,1373.71428571,7350.25,2392.5,7.21428571429,4.42857142857,3.46428571429,2.78571428571,4.78571428571,9.5,25.8571428571,55.5,82.3571428571,81.4642857143,95.2857142857,92.8928571429,89.6785714286,92.9285714286,88.9642857143,87.6428571429,99.2142857143,101.642857143,90.25,72.1785714286,63.7142857143,50.0714285714,44.8928571429,27.0,1343.75,1481.5,1815.0,1376.75,1333.25,1217.0,1048.75
