zone_id,area_id,total,daytype_inweek,daytype_weekend,hod_00h,hod_01h,hod_02h,hod_03h,hod_04h,hod_05h,hod_06h,hod_07h,hod_08h,hod_09h,hod_10h,hod_11h,hod_12h,hod_13h,hod_14h,hod_15h,hod_16h,hod_17h,hod_18h,hod_19h,hod_20h,hod_21h,hod_22h,hod_23h,dow_mon,dow_tue,dow_wed,dow_thu,dow_fri,dow_sat,dow_sun
S12000044,S02002206,3027.39285714,16478.5,5256.25,14.6785714286,16.75,14.1428571429,10.3571428571,11.4285714286,25.1785714286,61.8214285714,130.964285714,176.928571429,158.607142857,172.428571429,189.178571429,204.535714286,210.357142857,207.5,222.285714286,234.5,227.714285714,194.928571429,165.821428571,139.107142857,114.214285714,79.1071428571,44.8571428571,3085.5,3202.5,4057.5,3031.0,3102.0,2542.5,2170.75
