zone_id,area_id,total,daytype_inweek,daytype_weekend,hod_00h,hod_01h,hod_02h,hod_03h,hod_04h,hod_05h,hod_06h,hod_07h,hod_08h,hod_09h,hod_10h,hod_11h,hod_12h,hod_13h,hod_14h,hod_15h,hod_16h,hod_17h,hod_18h,hod_19h,hod_20h,hod_21h,hod_22h,hod_23h,dow_mon,dow_tue,dow_wed,dow_thu,dow_fri,dow_sat,dow_sun
E07000218,E02006468,1014.57142857,5489.5,1807.75,5.96428571429,4.82142857143,4.42857142857,5.14285714286,7.5,13.75,18.1785714286,35.6071428571,49.25,57.0,61.0357142857,62.1785714286,63.2857142857,64.9642857143,64.9285714286,64.0357142857,65.9285714286,69.8214285714,66.4285714286,58.6428571429,51.8571428571,49.75,42.4285714286,27.6428571429,1032.75,1053.25,1398.25,1006.5,998.75,837.5,775.0
