zone_id,area_id,total,daytype_inweek,daytype_weekend,hod_00h,hod_01h,hod_02h,hod_03h,hod_04h,hod_05h,hod_06h,hod_07h,hod_08h,hod_09h,hod_10h,hod_11h,hod_12h,hod_13h,hod_14h,hod_15h,hod_16h,hod_17h,hod_18h,hod_19h,hod_20h,hod_21h,hod_22h,hod_23h,dow_mon,dow_tue,dow_wed,dow_thu,dow_fri,dow_sat,dow_sun
E06000026,E02003135,6385.82142857,34576.5,10545.75,33.4285714286,29.7857142857,22.7142857143,16.7142857143,19.0357142857,45.5357142857,160.75,303.25,317.857142857,337.714285714,394.142857143,437.357142857,449.714285714,441.5,439.964285714,463.678571429,493.642857143,472.928571429,400.178571429,336.928571429,270.285714286,214.714285714,175.107142857,108.892857143,6026.0,6982.5,8491.5,6565.75,6510.75,5604.5,4519.75
