zone_id,area_id,total,daytype_inweek,daytype_weekend,hod_00h,hod_01h,hod_02h,hod_03h,hod_04h,hod_05h,hod_06h,hod_07h,hod_08h,hod_09h,hod_10h,hod_11h,hod_12h,hod_13h,hod_14h,hod_15h,hod_16h,hod_17h,hod_18h,hod_19h,hod_20h,hod_21h,hod_22h,hod_23h,dow_mon,dow_tue,dow_wed,dow_thu,dow_fri,dow_sat,dow_sun
E07000149,E02005598,2852.53571429,15603.75,4797.5,11.5,9.89285714286,9.21428571429,6.42857142857,9.39285714286,21.8214285714,60.6428571429,144.464285714,184.142857143,176.035714286,183.571428571,182.392857143,193.285714286,191.571428571,189.571428571,183.071428571,205.821428571,220.857142857,178.25,154.142857143,123.714285714,99.3214285714,71.8571428571,41.5714285714,2782.5,3131.25,3861.75,2961.0,2867.25,2349.0,2015.0
