zone_id,area_id,total,daytype_inweek,daytype_weekend,hod_00h,hod_01h,hod_02h,hod_03h,hod_04h,hod_05h,hod_06h,hod_07h,hod_08h,hod_09h,hod_10h,hod_11h,hod_12h,hod_13h,hod_14h,hod_15h,hod_16h,hod_17h,hod_18h,hod_19h,hod_20h,hod_21h,hod_22h,hod_23h,dow_mon,dow_tue,dow_wed,dow_thu,dow_fri,dow_sat,dow_sun
E09000030,E02000874,1340.28571429,7209.25,2399.0,21.3928571429,22.4642857143,14.3214285714,9.82142857143,7.21428571429,10.3571428571,13.75,28.1071428571,61.3928571429,64.3928571429,69.3214285714,79.3928571429,81.1071428571,81.9285714286,80.9642857143,80.3928571429,77.7142857143,92.6428571429,94.3571428571,90.5,84.8571428571,69.5,59.4642857143,44.9285714286,1327.25,1384.0,1771.25,1370.75,1356.0,1101.0,1071.75
