zone_id,area_id,total,daytype_inweek,daytype_weekend,hod_00h,hod_01h,hod_02h,hod_03h,hod_04h,hod_05h,hod_06h,hod_07h,hod_08h,hod_09h,hod_10h,hod_11h,hod_12h,hod_13h,hod_14h,hod_15h,hod_16h,hod_17h,hod_18h,hod_19h,hod_20h,hod_21h,hod_22h,hod_23h,dow_mon,dow_tue,dow_wed,dow_thu,dow_fri,dow_sat,dow_sun
E09000031,E02000919,1440.35714286,7424.75,2601.25,20.25,20.4285714286,14.4285714286,10.7857142857,10.5,13.3571428571,21.7142857143,32.8928571429,48.1785714286,66.2142857143,73.7142857143,83.3928571429,83.25,91.1071428571,91.6071428571,88.6785714286,94.8928571429,97.9642857143,101.642857143,102.035714286,95.2142857143,75.4642857143,62.6785714286,39.9642857143,1401.5,1473.75,1808.75,1303.75,1437.0,1458.0,1199.75
