zone_id,area_id,total,daytype_inweek,daytype_weekend,hod_00h,hod_01h,hod_02h,hod_03h,hod_04h,hod_05h,hod_06h,hod_07h,hod_08h,hod_09h,hod_10h,hod_11h,hod_12h,hod_13h,hod_14h,hod_15h,hod_16h,hod_17h,hod_18h,hod_19h,hod_20h,hod_21h,hod_22h,hod_23h,dow_mon,dow_tue,dow_wed,dow_thu,dow_fri,dow_sat,dow_sun
E07000155,E02005688,1919.92857143,10294.25,3403.75,8.28571428571,8.28571428571,7.03571428571,4.64285714286,5.0,9.53571428571,28.1785714286,64.0714285714,101.464285714,128.714285714,124.035714286,123.178571429,129.428571429,126.678571429,120.714285714,122.321428571,131.357142857,132.678571429,132.142857143,117.5,97.3928571429,89.25,70.7857142857,37.25,1839.0,2048.25,2606.25,1972.25,1828.5,1580.5,1564.75
