zone_id,area_id,total,daytype_inweek,daytype_weekend,hod_00h,hod_01h,hod_02h,hod_03h,hod_04h,hod_05h,hod_06h,hod_07h,hod_08h,hod_09h,hod_10h,hod_11h,hod_12h,hod_13h,hod_14h,hod_15h,hod_16h,hod_17h,hod_18h,hod_19h,hod_20h,hod_21h,hod_22h,hod_23h,dow_mon,dow_tue,dow_wed,dow_thu,dow_fri,dow_sat,dow_sun
E07000216,E02006450,1546.46428571,8283.5,2656.0,8.46428571429,5.35714285714,4.14285714286,4.14285714286,3.96428571429,7.39285714286,19.2857142857,62.1071428571,86.3571428571,97.3928571429,112.75,114.428571429,109.821428571,110.464285714,107.642857143,108.357142857,107.607142857,107.178571429,94.5,84.3214285714,63.0,50.8571428571,45.1785714286,31.75,1521.5,1645.0,2054.75,1571.0,1491.25,1407.25,1134.5
