zone_id,area_id,total,daytype_inweek,daytype_weekend,hod_00h,hod_01h,hod_02h,hod_03h,hod_04h,hod_05h,hod_06h,hod_07h,hod_08h,hod_09h,hod_10h,hod_11h,hod_12h,hod_13h,hod_14h,hod_15h,hod_16h,hod_17h,hod_18h,hod_19h,hod_20h,hod_21h,hod_22h,hod_23h,dow_mon,dow_tue,dow_wed,dow_thu,dow_fri,dow_sat,dow_sun
E06000026,E02003152,6026.5,32451.5,10171.5,30.8214285714,32.3571428571,21.8214285714,19.6071428571,19.7142857143,36.7857142857,108.035714286,237.5,325.142857143,327.464285714,376.571428571,404.392857143,424.428571429,427.428571429,422.357142857,432.464285714,447.285714286,459.464285714,391.035714286,325.071428571,266.142857143,208.857142857,178.464285714,103.285714286,5750.0,6494.25,7971.75,6121.75,6113.75,5312.5,4421.5
