zone_id,area_id,total,daytype_inweek,daytype_weekend,hod_00h,hod_01h,hod_02h,hod_03h,hod_04h,hod_05h,hod_06h,hod_07h,hod_08h,hod_09h,hod_10h,hod_11h,hod_12h,hod_13h,hod_14h,hod_15h,hod_16h,hod_17h,hod_18h,hod_19h,hod_20h,hod_21h,hod_22h,hod_23h,dow_mon,dow_tue,dow_wed,dow_thu,dow_fri,dow_sat,dow_sun
E08000025,E02001927,2557.10714286,13697.75,4356.5,18.6428571429,19.3928571429,11.7142857143,10.7142857143,14.3571428571,21.9642857143,52.9642857143,100.285714286,123.464285714,128.857142857,145.178571429,165.928571429,173.964285714,169.178571429,172.714285714,178.25,187.464285714,183.5,167.142857143,149.678571429,129.214285714,102.714285714,78.9285714286,50.8928571429,2471.5,2638.5,3347.25,2606.0,2634.5,2317.0,1885.0
