zone_id,area_id,total,daytype_inweek,daytype_weekend,hod_00h,hod_01h,hod_02h,hod_03h,hod_04h,hod_05h,hod_06h,hod_07h,hod_08h,hod_09h,hod_10h,hod_11h,hod_12h,hod_13h,hod_14h,hod_15h,hod_16h,hod_17h,hod_18h,hod_19h,hod_20h,hod_21h,hod_22h,hod_23h,dow_mon,dow_tue,dow_wed,dow_thu,dow_fri,dow_sat,dow_sun
E06000004,E02002538,2038.25,11186.0,3319.5,9.0,9.03571428571,6.25,7.25,6.35714285714,13.8928571429,38.6785714286,88.0,109.142857143,118.428571429,131.071428571,145.535714286,159.821428571,149.928571429,151.642857143,146.0,156.892857143,148.785714286,123.178571429,100.857142857,84.0714285714,61.8214285714,43.9285714286,28.6785714286,1951.25,2242.5,2748.25,2120.0,2124.0,1713.5,1368.25
