zone_id,area_id,total,daytype_inweek,daytype_weekend,hod_00h,hod_01h,hod_02h,hod_03h,hod_04h,hod_05h,hod_06h,hod_07h,hod_08h,hod_09h,hod_10h,hod_11h,hod_12h,hod_13h,hod_14h,hod_15h,hod_16h,hod_17h,hod_18h,hod_19h,hod_20h,hod_21h,hod_22h,hod_23h,dow_mon,dow_tue,dow_wed,dow_thu,dow_fri,dow_sat,dow_sun
S12000006,S02001426,3034.92857143,16158.25,5395.5,11.3928571429,11.3571428571,8.0,7.67857142857,10.25,18.6428571429,50.0714285714,107.071428571,164.035714286,174.928571429,203.285714286,222.107142857,229.321428571,229.714285714,227.214285714,240.178571429,250.357142857,230.178571429,184.035714286,141.178571429,121.25,93.8928571429,64.2142857143,34.5714285714,3050.5,3230.25,3889.25,3083.25,2905.0,2741.25,2345.0
