zone_id,area_id,total,daytype_inweek,daytype_weekend,hod_00h,hod_01h,hod_02h,hod_03h,hod_04h,hod_05h,hod_06h,hod_07h,hod_08h,hod_09h,hod_10h,hod_11h,hod_12h,hod_13h,hod_14h,hod_15h,hod_16h,hod_17h,hod_18h,hod_19h,hod_20h,hod_21h,hod_22h,hod_23h,dow_mon,dow_tue,dow_wed,dow_thu,dow_fri,dow_sat,dow_sun
E07000221,E02006508,1536.39285714,8468.75,2711.5,8.85714285714,6.96428571429,6.75,5.71428571429,5.14285714286,17.3571428571,50.7142857143,77.9642857143,95.0357142857,90.0357142857,90.7142857143,95.3214285714,91.25,90.8214285714,90.6785714286,96.7142857143,106.535714286,113.071428571,100.75,83.8928571429,70.5,62.3214285714,52.1428571429,27.1428571429,1614.0,1697.25,2118.75,1654.75,1384.0,1188.5,1097.5
