zone_id,area_id,total,daytype_inweek,daytype_weekend,hod_00h,hod_01h,hod_02h,hod_03h,hod_04h,hod_05h,hod_06h,hod_07h,hod_08h,hod_09h,hod_10h,hod_11h,hod_12h,hod_13h,hod_14h,hod_15h,hod_16h,hod_17h,hod_18h,hod_19h,hod_20h,hod_21h,hod_22h,hod_23h,dow_mon,dow_tue,dow_wed,dow_thu,dow_fri,dow_sat,dow_sun
E07000051,E02004265,4178.53571429,22144.25,7775.75,15.8214285714,10.8214285714,7.67857142857,7.82142857143,8.92857142857,18.0,42.9642857143,107.392857143,170.964285714,226.321428571,296.857142857,331.142857143,321.321428571,300.892857143,307.714285714,303.535714286,327.714285714,325.678571429,274.678571429,231.75,188.107142857,157.142857143,124.5,70.7857142857,4457.25,4464.25,5524.0,3988.25,3710.5,3787.0,3318.5
