zone_id,area_id,total,daytype_inweek,daytype_weekend,hod_00h,hod_01h,hod_02h,hod_03h,hod_04h,hod_05h,hod_06h,hod_07h,hod_08h,hod_09h,hod_10h,hod_11h,hod_12h,hod_13h,hod_14h,hod_15h,hod_16h,hod_17h,hod_18h,hod_19h,hod_20h,hod_21h,hod_22h,hod_23h,dow_mon,dow_tue,dow_wed,dow_thu,dow_fri,dow_sat,dow_sun
S12000035,S02001392,486.714285714,2601.75,856.25,2.17857142857,2.46428571429,2.57142857143,1.78571428571,2.25,3.35714285714,5.89285714286,15.3928571429,22.1785714286,25.6071428571,32.4642857143,32.9642857143,37.1785714286,35.5357142857,33.3571428571,38.0357142857,36.2857142857,35.1785714286,33.2142857143,28.1071428571,21.5357142857,18.3571428571,13.5357142857,7.28571428571,506.75,500.75,638.75,504.25,451.25,455.75,349.5
