zone_id,area_id,total,daytype_inweek,daytype_weekend,hod_00h,hod_01h,hod_02h,hod_03h,hod_04h,hod_05h,hod_06h,hod_07h,hod_08h,hod_09h,hod_10h,hod_11h,hod_12h,hod_13h,hod_14h,hod_15h,hod_16h,hod_17h,hod_18h,hod_19h,hod_20h,hod_21h,hod_22h,hod_23h,dow_mon,dow_tue,dow_wed,dow_thu,dow_fri,dow_sat,dow_sun
E07000094,E02004829,1521.42857143,8285.25,2721.0,9.46428571429,5.07142857143,4.46428571429,4.60714285714,4.5,8.60714285714,18.4285714286,58.7142857143,89.8928571429,93.5714285714,104.75,115.107142857,108.857142857,103.571428571,101.678571429,101.571428571,110.0,109.535714286,95.25,82.8571428571,61.7857142857,55.6428571429,43.8214285714,29.6785714286,1625.5,1603.0,2001.5,1592.5,1462.75,1269.25,1095.5
