zone_id,area_id,total,daytype_inweek,daytype_weekend,hod_00h,hod_01h,hod_02h,hod_03h,hod_04h,hod_05h,hod_06h,hod_07h,hod_08h,hod_09h,hod_10h,hod_11h,hod_12h,hod_13h,hod_14h,hod_15h,hod_16h,hod_17h,hod_18h,hod_19h,hod_20h,hod_21h,hod_22h,hod_23h,dow_mon,dow_tue,dow_wed,dow_thu,dow_fri,dow_sat,dow_sun
S12000033,S02001243,4602.64285714,25034.75,7929.0,15.1071428571,18.4642857143,14.8571428571,13.5,14.4285714286,40.0714285714,151.892857143,279.392857143,302.464285714,258.785714286,267.857142857,292.071428571,313.035714286,300.285714286,315.785714286,324.428571429,371.107142857,359.571428571,300.535714286,226.785714286,170.607142857,123.964285714,81.7142857143,45.9285714286,4666.25,4911.5,6111.5,4559.25,4786.25,3921.0,3262.75
