zone_id,area_id,total,daytype_inweek,daytype_weekend,hod_00h,hod_01h,hod_02h,hod_03h,hod_04h,hod_05h,hod_06h,hod_07h,hod_08h,hod_09h,hod_10h,hod_11h,hod_12h,hod_13h,hod_14h,hod_15h,hod_16h,hod_17h,hod_18h,hod_19h,hod_20h,hod_21h,hod_22h,hod_23h,dow_mon,dow_tue,dow_wed,dow_thu,dow_fri,dow_sat,dow_sun
E06000015,E02002798,2980.67857143,15855.75,5159.75,13.0,15.2857142857,13.1071428571,9.82142857143,9.82142857143,23.2142857143,50.8214285714,113.964285714,158.035714286,166.071428571,187.214285714,197.964285714,207.678571429,211.392857143,197.571428571,199.214285714,223.75,226.071428571,202.214285714,173.607142857,145.5,110.607142857,86.0,38.75,2902.5,3079.75,3874.5,2981.5,3017.5,2751.75,2257.25
