zone_id,area_id,total,daytype_inweek,daytype_weekend,hod_00h,hod_01h,hod_02h,hod_03h,hod_04h,hod_05h,hod_06h,hod_07h,hod_08h,hod_09h,hod_10h,hod_11h,hod_12h,hod_13h,hod_14h,hod_15h,hod_16h,hod_17h,hod_18h,hod_19h,hod_20h,hod_21h,hod_22h,hod_23h,dow_mon,dow_tue,dow_wed,dow_thu,dow_fri,dow_sat,dow_sun
E08000028,E02002060,3359.64285714,18198.75,5537.25,23.3571428571,25.1071428571,17.6428571429,14.1428571429,16.4642857143,40.4285714286,71.3928571429,106.0,141.392857143,167.428571429,196.714285714,223.214285714,245.642857143,244.464285714,240.428571429,236.464285714,236.678571429,249.642857143,222.357142857,191.285714286,164.75,126.357142857,96.0714285714,62.2142857143,3221.5,3565.75,4552.75,3401.0,3457.75,3003.0,2315.75
