zone_id,area_id,total,daytype_inweek,daytype_weekend,hod_00h,hod_01h,hod_02h,hod_03h,hod_04h,hod_05h,hod_06h,hod_07h,hod_08h,hod_09h,hod_10h,hod_11h,hod_12h,hod_13h,hod_14h,hod_15h,hod_16h,hod_17h,hod_18h,hod_19h,hod_20h,hod_21h,hod_22h,hod_23h,dow_mon,dow_tue,dow_wed,dow_thu,dow_fri,dow_sat,dow_sun
S12000041,S02001347,1301.89285714,7001.0,2386.75,5.78571428571,6.25,3.71428571429,1.92857142857,2.32142857143,6.85714285714,20.7857142857,42.6071428571,81.75,75.1071428571,82.0357142857,86.8928571429,93.25,91.1428571429,95.0,106.678571429,103.428571429,92.0,79.7857142857,68.4285714286,60.9285714286,45.4285714286,31.8214285714,17.9642857143,1401.5,1416.5,1717.25,1264.75,1201.0,1127.0,985.25
