zone_id,area_id,total,daytype_inweek,daytype_weekend,hod_00h,hod_01h,hod_02h,hod_03h,hod_04h,hod_05h,hod_06h,hod_07h,hod_08h,hod_09h,hod_10h,hod_11h,hod_12h,hod_13h,hod_14h,hod_15h,hod_16h,hod_17h,hod_18h,hod_19h,hod_20h,hod_21h,hod_22h,hod_23h,dow_mon,dow_tue,dow_wed,dow_thu,dow_fri,dow_sat,dow_sun
S12000026,S02002297,2750.67857143,14667.0,4657.0,8.57142857143,9.28571428571,4.85714285714,5.07142857143,7.89285714286,15.25,41.0,117.0,180.928571429,151.285714286,170.75,188.892857143,208.642857143,228.285714286,215.857142857,214.75,235.785714286,229.142857143,157.607142857,119.214285714,99.1785714286,75.0357142857,45.7142857143,20.6785714286,2661.25,2799.5,3493.0,2750.5,2962.75,2592.0,1995.75
