zone_id,area_id,total,daytype_inweek,daytype_weekend,hod_00h,hod_01h,hod_02h,hod_03h,hod_04h,hod_05h,hod_06h,hod_07h,hod_08h,hod_09h,hod_10h,hod_11h,hod_12h,hod_13h,hod_14h,hod_15h,hod_16h,hod_17h,hod_18h,hod_19h,hod_20h,hod_21h,hod_22h,hod_23h,dow_mon,dow_tue,dow_wed,dow_thu,dow_fri,dow_sat,dow_sun
S12000015,S02001806,1971.89285714,10673.75,3434.0,8.25,8.32142857143,4.42857142857,4.03571428571,5.71428571429,15.1785714286,45.0,90.9285714286,115.357142857,100.535714286,106.071428571,124.892857143,142.821428571,142.107142857,140.178571429,148.25,159.714285714,152.285714286,128.392857143,105.892857143,85.5714285714,71.5714285714,44.0357142857,22.3571428571,2011.0,2045.75,2602.0,1924.75,2090.25,1706.5,1423.0
