zone_id,area_id,total,daytype_inweek,daytype_weekend,hod_00h,hod_01h,hod_02h,hod_03h,hod_04h,hod_05h,hod_06h,hod_07h,hod_08h,hod_09h,hod_10h,hod_11h,hod_12h,hod_13h,hod_14h,hod_15h,hod_16h,hod_17h,hod_18h,hod_19h,hod_20h,hod_21h,hod_22h,hod_23h,dow_mon,dow_tue,dow_wed,dow_thu,dow_fri,dow_sat,dow_sun
E07000121,E02005238,1371.67857143,7588.25,2269.75,4.71428571429,4.25,4.32142857143,3.60714285714,4.10714285714,7.67857142857,17.0357142857,42.6785714286,78.8214285714,83.7142857143,94.3928571429,93.25,92.1428571429,98.9285714286,91.0,94.9642857143,99.5357142857,117.607142857,100.571428571,76.5,64.0,47.6071428571,32.5357142857,17.7142857143,1364.75,1509.5,1869.5,1468.25,1376.25,1108.5,905.0
