zone_id,area_id,total,daytype_inweek,daytype_weekend,hod_00h,hod_01h,hod_02h,hod_03h,hod_04h,hod_05h,hod_06h,hod_07h,hod_08h,hod_09h,hod_10h,hod_11h,hod_12h,hod_13h,hod_14h,hod_15h,hod_16h,hod_17h,hod_18h,hod_19h,hod_20h,hod_21h,hod_22h,hod_23h,dow_mon,dow_tue,dow_wed,dow_thu,dow_fri,dow_sat,dow_sun
E08000011,E02001341,2223.07142857,12172.5,3646.0,15.25,14.8571428571,11.2142857143,8.53571428571,10.0357142857,17.5,36.5714285714,87.4285714286,105.642857143,104.214285714,123.357142857,142.392857143,146.357142857,154.357142857,160.142857143,157.964285714,168.892857143,174.928571429,150.142857143,130.607142857,107.142857143,89.4642857143,63.5357142857,42.5357142857,2176.5,2330.0,2969.0,2338.25,2358.75,1919.5,1469.5
