zone_id,area_id,total,daytype_inweek,daytype_weekend,hod_00h,hod_01h,hod_02h,hod_03h,hod_04h,hod_05h,hod_06h,hod_07h,hod_08h,hod_09h,hod_10h,hod_11h,hod_12h,hod_13h,hod_14h,hod_15h,hod_16h,hod_17h,hod_18h,hod_19h,hod_20h,hod_21h,hod_22h,hod_23h,dow_mon,dow_tue,dow_wed,dow_thu,dow_fri,dow_sat,dow_sun
W06000015,W02000381,2664.28571429,14365.75,4630.25,15.75,14.9285714286,12.2857142857,10.4642857143,10.3214285714,22.6428571429,35.6785714286,100.892857143,136.892857143,142.464285714,148.142857143,165.821428571,173.178571429,174.571428571,177.214285714,176.392857143,192.142857143,214.142857143,190.214285714,159.285714286,136.928571429,112.964285714,87.5357142857,53.4285714286,2621.75,2862.5,3476.5,2723.0,2682.0,2275.75,2008.5
