zone_id,area_id,total,daytype_inweek,daytype_weekend,hod_00h,hod_01h,hod_02h,hod_03h,hod_04h,hod_05h,hod_06h,hod_07h,hod_08h,hod_09h,hod_10h,hod_11h,hod_12h,hod_13h,hod_14h,hod_15h,hod_16h,hod_17h,hod_18h,hod_19h,hod_20h,hod_21h,hod_22h,hod_23h,dow_mon,dow_tue,dow_wed,dow_thu,dow_fri,dow_sat,dow_sun
E06000055,E02003619,3521.42857143,18967.0,6065.25,14.1428571429,19.2142857143,14.0,9.96428571429,14.5357142857,33.6071428571,74.7857142857,151.964285714,215.285714286,204.321428571,220.464285714,227.964285714,243.535714286,242.107142857,236.678571429,242.857142857,251.25,278.428571429,227.464285714,191.107142857,155.821428571,116.642857143,85.8928571429,49.3928571429,3449.25,3719.5,4735.75,3514.0,3548.5,3067.0,2616.0
