zone_id,area_id,total,daytype_inweek,daytype_weekend,hod_00h,hod_01h,hod_02h,hod_03h,hod_04h,hod_05h,hod_06h,hod_07h,hod_08h,hod_09h,hod_10h,hod_11h,hod_12h,hod_13h,hod_14h,hod_15h,hod_16h,hod_17h,hod_18h,hod_19h,hod_20h,hod_21h,hod_22h,hod_23h,dow_mon,dow_tue,dow_wed,dow_thu,dow_fri,dow_sat,dow_sun
S12000015,S02001771,3797.32142857,19868.75,6962.25,19.3571428571,18.5714285714,11.9642857143,7.53571428571,12.0714285714,29.1785714286,84.9285714286,168.107142857,232.428571429,201.214285714,205.642857143,231.642857143,244.071428571,257.642857143,260.785714286,284.892857143,310.25,306.428571429,267.5,203.75,172.821428571,139.107142857,81.6071428571,45.8214285714,3715.75,3845.5,4788.0,3723.5,3796.0,3466.0,3246.5
