zone_id,area_id,total,daytype_inweek,daytype_weekend,hod_00h,hod_01h,hod_02h,hod_03h,hod_04h,hod_05h,hod_06h,hod_07h,hod_08h,hod_09h,hod_10h,hod_11h,hod_12h,hod_13h,hod_14h,hod_15h,hod_16h,hod_17h,hod_18h,hod_19h,hod_20h,hod_21h,hod_22h,hod_23h,dow_mon,dow_tue,dow_wed,dow_thu,dow_fri,dow_sat,dow_sun
E08000007,E02001193,3582.60714286,19185.5,5912.0,19.6428571429,24.0714285714,13.6428571429,11.7142857143,12.3571428571,31.5,60.0714285714,124.785714286,197.857142857,199.964285714,218.0,237.571428571,256.928571429,260.178571429,261.214285714,251.214285714,258.785714286,280.607142857,232.607142857,194.428571429,164.178571429,117.107142857,92.8928571429,61.2857142857,3343.75,3759.5,4733.25,3607.25,3741.75,3324.5,2568.25
