zone_id,area_id,total,daytype_inweek,daytype_weekend,hod_00h,hod_01h,hod_02h,hod_03h,hod_04h,hod_05h,hod_06h,hod_07h,hod_08h,hod_09h,hod_10h,hod_11h,hod_12h,hod_13h,hod_14h,hod_15h,hod_16h,hod_17h,hod_18h,hod_19h,hod_20h,hod_21h,hod_22h,hod_23h,dow_mon,dow_tue,dow_wed,dow_thu,dow_fri,dow_sat,dow_sun
E09000010,E02000303,2587.57142857,13586.75,4429.75,28.6785714286,25.2142857143,15.4285714286,14.1785714286,12.7142857143,20.8928571429,40.6071428571,80.9285714286,104.892857143,130.857142857,145.928571429,159.392857143,174.75,174.5,176.285714286,168.285714286,168.214285714,169.214285714,177.892857143,165.821428571,145.714285714,124.25,94.1785714286,68.75,2390.25,2668.5,3445.75,2582.25,2500.0,2486.75,2039.5
