zone_id,area_id,total,daytype_inweek,daytype_weekend,hod_00h,hod_01h,hod_02h,hod_03h,hod_04h,hod_05h,hod_06h,hod_07h,hod_08h,hod_09h,hod_10h,hod_11h,hod_12h,hod_13h,hod_14h,hod_15h,hod_16h,hod_17h,hod_18h,hod_19h,hod_20h,hod_21h,hod_22h,hod_23h,dow_mon,dow_tue,dow_wed,dow_thu,dow_fri,dow_sat,dow_sun
E07000190,E02006111,3993.03571429,22006.25,6627.75,14.25,14.4285714286,12.1785714286,10.6071428571,14.1071428571,25.8928571429,61.0,182.857142857,253.571428571,238.071428571,259.571428571,270.678571429,272.071428571,256.25,258.464285714,264.678571429,276.892857143,307.821428571,266.607142857,223.535714286,173.571428571,145.535714286,118.178571429,72.2142857143,3938.25,4443.5,5538.25,4202.0,3884.25,3255.5,2689.5
