zone_id,area_id,total,daytype_inweek,daytype_weekend,hod_00h,hod_01h,hod_02h,hod_03h,hod_04h,hod_05h,hod_06h,hod_07h,hod_08h,hod_09h,hod_10h,hod_11h,hod_12h,hod_13h,hod_14h,hod_15h,hod_16h,hod_17h,hod_18h,hod_19h,hod_20h,hod_21h,hod_22h,hod_23h,dow_mon,dow_tue,dow_wed,dow_thu,dow_fri,dow_sat,dow_sun
E09000003,E02000028,1574.92857143,8501.5,2662.5,14.1785714286,10.0357142857,7.32142857143,5.39285714286,4.89285714286,8.17857142857,17.3571428571,44.1428571429,79.75,93.5,99.2142857143,104.0,106.071428571,107.178571429,106.357142857,108.857142857,108.785714286,109.5,105.964285714,97.4285714286,84.0,64.2857142857,51.9285714286,36.6071428571,1508.25,1744.75,2109.25,1576.25,1563.0,1368.75,1154.25
