zone_id,area_id,total,daytype_inweek,daytype_weekend,hod_00h,hod_01h,hod_02h,hod_03h,hod_04h,hod_05h,hod_06h,hod_07h,hod_08h,hod_09h,hod_10h,hod_11h,hod_12h,hod_13h,hod_14h,hod_15h,hod_16h,hod_17h,hod_18h,hod_19h,hod_20h,hod_21h,hod_22h,hod_23h,dow_mon,dow_tue,dow_wed,dow_thu,dow_fri,dow_sat,dow_sun
E07000242,E02004888,2070.35714286,10944.75,3511.75,10.0714285714,12.7142857143,7.64285714286,6.71428571429,7.89285714286,16.4285714286,32.0714285714,77.2857142857,123.785714286,122.571428571,130.535714286,137.178571429,143.035714286,139.642857143,138.428571429,136.571428571,141.678571429,151.357142857,137.357142857,121.142857143,101.428571429,79.8928571429,59.0,35.9285714286,1912.75,2149.25,2645.5,2071.75,2165.5,1948.75,1599.0
