zone_id,area_id,total,daytype_inweek,daytype_weekend,hod_00h,hod_01h,hod_02h,hod_03h,hod_04h,hod_05h,hod_06h,hod_07h,hod_08h,hod_09h,hod_10h,hod_11h,hod_12h,hod_13h,hod_14h,hod_15h,hod_16h,hod_17h,hod_18h,hod_19h,hod_20h,hod_21h,hod_22h,hod_23h,dow_mon,dow_tue,dow_wed,dow_thu,dow_fri,dow_sat,dow_sun
E07000062,E02004370,4502.89285714,23622.0,7610.0,19.3928571429,15.6071428571,15.3928571429,13.1428571429,11.25,20.8571428571,52.7857142857,132.821428571,203.678571429,248.607142857,302.892857143,352.071428571,361.892857143,348.0,339.75,331.678571429,339.928571429,337.071428571,294.857142857,248.5,203.571428571,148.0,107.892857143,53.25,4161.5,4658.25,5800.0,4427.75,4574.5,4449.75,3448.5
