zone_id,area_id,total,daytype_inweek,daytype_weekend,hod_00h,hod_01h,hod_02h,hod_03h,hod_04h,hod_05h,hod_06h,hod_07h,hod_08h,hod_09h,hod_10h,hod_11h,hod_12h,hod_13h,hod_14h,hod_15h,hod_16h,hod_17h,hod_18h,hod_19h,hod_20h,hod_21h,hod_22h,hod_23h,dow_mon,dow_tue,dow_wed,dow_thu,dow_fri,dow_sat,dow_sun
E07000172,E02005852,1214.89285714,6471.25,2142.75,5.0,8.21428571429,4.89285714286,3.10714285714,4.0,7.17857142857,19.1428571429,34.6428571429,52.75,67.3571428571,85.0357142857,89.25,86.6785714286,87.2142857143,86.1071428571,84.75,85.1071428571,84.6785714286,81.6785714286,73.5357142857,65.8928571429,47.1785714286,34.5,17.0,1217.75,1252.75,1545.5,1261.25,1194.0,1108.0,925.0
