zone_id,area_id,total,daytype_inweek,daytype_weekend,hod_00h,hod_01h,hod_02h,hod_03h,hod_04h,hod_05h,hod_06h,hod_07h,hod_08h,hod_09h,hod_10h,hod_11h,hod_12h,hod_13h,hod_14h,hod_15h,hod_16h,hod_17h,hod_18h,hod_19h,hod_20h,hod_21h,hod_22h,hod_23h,dow_mon,dow_tue,dow_wed,dow_thu,dow_fri,dow_sat,dow_sun
E08000014,E02001453,3869.35714286,20176.5,6688.75,18.4285714286,20.4285714286,12.8214285714,9.21428571429,9.28571428571,18.5357142857,49.6785714286,128.107142857,192.071428571,205.678571429,229.714285714,250.035714286,270.25,276.642857143,284.928571429,283.928571429,294.857142857,291.821428571,274.964285714,243.25,193.25,145.5,105.178571429,60.7857142857,3600.75,3942.0,4884.0,3816.25,3933.5,3821.0,3088.0
