zone_id,area_id,total,daytype_inweek,daytype_weekend,hod_00h,hod_01h,hod_02h,hod_03h,hod_04h,hod_05h,hod_06h,hod_07h,hod_08h,hod_09h,hod_10h,hod_11h,hod_12h,hod_13h,hod_14h,hod_15h,hod_16h,hod_17h,hod_18h,hod_19h,hod_20h,hod_21h,hod_22h,hod_23h,dow_mon,dow_tue,dow_wed,dow_thu,dow_fri,dow_sat,dow_sun
E07000198,E02006213,1518.39285714,8101.5,2714.25,4.92857142857,3.28571428571,3.0,2.35714285714,3.71428571429,12.8571428571,29.4642857143,58.7142857143,95.0357142857,106.214285714,104.0,108.75,100.357142857,95.2142857143,95.9285714286,93.8214285714,97.3571428571,108.928571429,110.357142857,101.678571429,68.5714285714,52.6785714286,40.0357142857,21.1428571429,1516.5,1630.0,2024.25,1482.5,1448.25,1329.5,1197.75
