zone_id,area_id,total,daytype_inweek,daytype_weekend,hod_00h,hod_01h,hod_02h,hod_03h,hod_04h,hod_05h,hod_06h,hod_07h,hod_08h,hod_09h,hod_10h,hod_11h,hod_12h,hod_13h,hod_14h,hod_15h,hod_16h,hod_17h,hod_18h,hod_19h,hod_20h,hod_21h,hod_22h,hod_23h,dow_mon,dow_tue,dow_wed,dow_thu,dow_fri,dow_sat,dow_sun
E07000034,E02004063,2786.07142857,14707.0,4728.5,11.8571428571,12.5357142857,11.2142857143,8.75,7.39285714286,15.1785714286,34.6428571429,84.5,138.464285714,155.821428571,174.571428571,184.5,201.75,196.571428571,199.5,204.571428571,212.035714286,224.928571429,187.357142857,166.785714286,133.535714286,106.0,73.3928571429,40.2142857143,2646.0,2843.75,3516.5,2752.75,2948.0,2713.0,2082.5
