zone_id,area_id,total,daytype_inweek,daytype_weekend,hod_00h,hod_01h,hod_02h,hod_03h,hod_04h,hod_05h,hod_06h,hod_07h,hod_08h,hod_09h,hod_10h,hod_11h,hod_12h,hod_13h,hod_14h,hod_15h,hod_16h,hod_17h,hod_18h,hod_19h,hod_20h,hod_21h,hod_22h,hod_23h,dow_mon,dow_tue,dow_wed,dow_thu,dow_fri,dow_sat,dow_sun
E09000017,E02000500,2740.67857143,14453.75,4777.25,16.75,14.2142857143,9.21428571429,8.0,9.57142857143,15.8928571429,36.8214285714,84.1785714286,132.428571429,157.714285714,171.285714286,184.071428571,198.321428571,191.607142857,188.357142857,184.857142857,185.714285714,192.392857143,195.642857143,178.035714286,140.392857143,113.25,81.3571428571,50.6071428571,2611.5,2825.5,3552.5,2667.0,2797.25,2565.25,2165.75
