zone_id,area_id,total,daytype_inweek,daytype_weekend,hod_00h,hod_01h,hod_02h,hod_03h,hod_04h,hod_05h,hod_06h,hod_07h,hod_08h,hod_09h,hod_10h,hod_11h,hod_12h,hod_13h,hod_14h,hod_15h,hod_16h,hod_17h,hod_18h,hod_19h,hod_20h,hod_21h,hod_22h,hod_23h,dow_mon,dow_tue,dow_wed,dow_thu,dow_fri,dow_sat,dow_sun
E09000025,E02000739,1765.35714286,8919.0,3266.5,20.2857142857,18.7857142857,12.1428571429,8.39285714286,8.14285714286,11.5,22.7142857143,39.3928571429,57.1785714286,73.2857142857,86.1428571429,105.428571429,124.035714286,124.357142857,120.857142857,123.642857143,125.607142857,122.714285714,123.071428571,118.892857143,108.0,89.0357142857,72.75,49.0,1596.25,1724.75,2149.75,1702.0,1746.25,1768.25,1670.25
