zone_id,area_id,total,daytype_inweek,daytype_weekend,hod_00h,hod_01h,hod_02h,hod_03h,hod_04h,hod_05h,hod_06h,hod_07h,hod_08h,hod_09h,hod_10h,hod_11h,hod_12h,hod_13h,hod_14h,hod_15h,hod_16h,hod_17h,hod_18h,hod_19h,hod_20h,hod_21h,hod_22h,hod_23h,dow_mon,dow_tue,dow_wed,dow_thu,dow_fri,dow_sat,dow_sun
E07000226,E02006580,3193.14285714,16941.25,5443.0,17.8571428571,17.8571428571,20.1071428571,25.2142857143,27.1785714286,44.0357142857,58.9285714286,117.642857143,161.75,152.071428571,176.464285714,202.75,216.535714286,217.607142857,216.392857143,217.75,225.892857143,237.535714286,221.75,186.035714286,152.321428571,119.214285714,94.3571428571,65.8928571429,3037.0,3330.5,4009.25,3268.0,3296.5,3004.75,2406.0
