zone_id,area_id,total,daytype_inweek,daytype_weekend,hod_00h,hod_01h,hod_02h,hod_03h,hod_04h,hod_05h,hod_06h,hod_07h,hod_08h,hod_09h,hod_10h,hod_11h,hod_12h,hod_13h,hod_14h,hod_15h,hod_16h,hod_17h,hod_18h,hod_19h,hod_20h,hod_21h,hod_22h,hod_23h,dow_mon,dow_tue,dow_wed,dow_thu,dow_fri,dow_sat,dow_sun
E06000041,E02003447,3327.92857143,17854.75,5730.0,16.6071428571,13.4642857143,8.07142857143,6.17857142857,6.39285714286,14.2142857143,44.1071428571,111.642857143,187.857142857,210.0,219.785714286,226.035714286,239.75,229.5,221.428571429,222.964285714,233.964285714,255.892857143,230.821428571,204.035714286,155.464285714,121.607142857,96.6428571429,51.5,3231.0,3489.0,4366.25,3318.5,3450.0,2941.75,2499.0
