zone_id,area_id,total,daytype_inweek,daytype_weekend,hod_00h,hod_01h,hod_02h,hod_03h,hod_04h,hod_05h,hod_06h,hod_07h,hod_08h,hod_09h,hod_10h,hod_11h,hod_12h,hod_13h,hod_14h,hod_15h,hod_16h,hod_17h,hod_18h,hod_19h,hod_20h,hod_21h,hod_22h,hod_23h,dow_mon,dow_tue,dow_wed,dow_thu,dow_fri,dow_sat,dow_sun
E08000033,E02002256,1118.5,5977.0,1898.0,5.92857142857,3.71428571429,2.57142857143,3.21428571429,2.53571428571,6.42857142857,15.75,53.5714285714,60.9642857143,61.25,69.8928571429,74.3571428571,86.5714285714,84.2142857143,85.9285714286,86.6428571429,86.8928571429,85.0714285714,63.4642857143,54.8571428571,41.4285714286,36.4285714286,28.0714285714,18.75,1067.75,1131.25,1504.25,1183.0,1090.75,1022.25,830.25
