zone_id,area_id,total,daytype_inweek,daytype_weekend,hod_00h,hod_01h,hod_02h,hod_03h,hod_04h,hod_05h,hod_06h,hod_07h,hod_08h,hod_09h,hod_10h,hod_11h,hod_12h,hod_13h,hod_14h,hod_15h,hod_16h,hod_17h,hod_18h,hod_19h,hod_20h,hod_21h,hod_22h,hod_23h,dow_mon,dow_tue,dow_wed,dow_thu,dow_fri,dow_sat,dow_sun
E09000022,E02000649,2462.46428571,12588.25,4470.25,33.9642857143,31.4285714286,19.6428571429,15.2142857143,14.2857142857,19.3214285714,38.4642857143,70.1428571429,104.357142857,113.892857143,128.821428571,135.464285714,149.107142857,156.214285714,153.428571429,157.714285714,158.678571429,165.142857143,179.285714286,170.214285714,147.642857143,122.178571429,101.571428571,76.2857142857,2285.5,2485.75,3090.5,2346.25,2380.25,2464.25,2184.75
