zone_id,area_id,total,daytype_inweek,daytype_weekend,hod_00h,hod_01h,hod_02h,hod_03h,hod_04h,hod_05h,hod_06h,hod_07h,hod_08h,hod_09h,hod_10h,hod_11h,hod_12h,hod_13h,hod_14h,hod_15h,hod_16h,hod_17h,hod_18h,hod_19h,hod_20h,hod_21h,hod_22h,hod_23h,dow_mon,dow_tue,dow_wed,dow_thu,dow_fri,dow_sat,dow_sun
E09000022,E02000636,1788.92857143,8691.25,3427.75,19.2857142857,21.4642857143,16.5357142857,12.6071428571,8.53571428571,11.0357142857,18.6071428571,39.2142857143,75.5,83.5357142857,95.6428571429,96.8571428571,106.142857143,112.571428571,113.0,114.964285714,112.178571429,118.035714286,125.642857143,127.357142857,107.857142857,94.8571428571,80.1428571429,77.3571428571,1752.75,1668.75,2096.0,1612.5,1561.25,2156.25,1675.0
