zone_id,area_id,total,daytype_inweek,daytype_weekend,hod_00h,hod_01h,hod_02h,hod_03h,hod_04h,hod_05h,hod_06h,hod_07h,hod_08h,hod_09h,hod_10h,hod_11h,hod_12h,hod_13h,hod_14h,hod_15h,hod_16h,hod_17h,hod_18h,hod_19h,hod_20h,hod_21h,hod_22h,hod_23h,dow_mon,dow_tue,dow_wed,dow_thu,dow_fri,dow_sat,dow_sun
E06000027,E02003159,1797.10714286,9489.5,3138.5,9.85714285714,6.82142857143,6.25,5.67857142857,5.96428571429,8.85714285714,21.1785714286,50.8928571429,81.8571428571,88.0714285714,104.642857143,120.428571429,121.285714286,123.357142857,124.357142857,131.285714286,135.428571429,145.321428571,130.285714286,114.285714286,93.8928571429,72.8571428571,61.4285714286,32.8214285714,1755.25,1885.25,2404.25,1775.0,1669.75,1707.0,1383.25
