zone_id,area_id,total,daytype_inweek,daytype_weekend,hod_00h,hod_01h,hod_02h,hod_03h,hod_04h,hod_05h,hod_06h,hod_07h,hod_08h,hod_09h,hod_10h,hod_11h,hod_12h,hod_13h,hod_14h,hod_15h,hod_16h,hod_17h,hod_18h,hod_19h,hod_20h,hod_21h,hod_22h,hod_23h,dow_mon,dow_tue,dow_wed,dow_thu,dow_fri,dow_sat,dow_sun
E06000054,E02006676,2178.85714286,11779.0,3622.75,9.07142857143,6.75,3.57142857143,4.14285714286,5.21428571429,10.8214285714,41.5714285714,107.107142857,139.357142857,138.357142857,144.25,159.214285714,163.571428571,149.0,148.714285714,151.892857143,165.25,169.142857143,136.75,104.964285714,80.7142857143,63.2142857143,48.2142857143,28.0,2101.5,2291.0,2914.5,2198.5,2273.5,1951.75,1521.25
