zone_id,area_id,total,daytype_inweek,daytype_weekend,hod_00h,hod_01h,hod_02h,hod_03h,hod_04h,hod_05h,hod_06h,hod_07h,hod_08h,hod_09h,hod_10h,hod_11h,hod_12h,hod_13h,hod_14h,hod_15h,hod_16h,hod_17h,hod_18h,hod_19h,hod_20h,hod_21h,hod_22h,hod_23h,dow_mon,dow_tue,dow_wed,dow_thu,dow_fri,dow_sat,dow_sun
E09000004,E02000075,1858.10714286,9434.75,3249.5,10.5714285714,10.7142857143,7.14285714286,5.0,4.5,11.2142857143,23.75,46.0,85.5,101.714285714,116.428571429,130.071428571,136.321428571,133.5,137.428571429,129.535714286,129.821428571,127.321428571,129.285714286,121.642857143,96.3214285714,74.4642857143,54.7857142857,35.0714285714,1674.5,1752.0,2325.0,1815.5,1867.75,1997.0,1575.0
