zone_id,area_id,total,daytype_inweek,daytype_weekend,hod_00h,hod_01h,hod_02h,hod_03h,hod_04h,hod_05h,hod_06h,hod_07h,hod_08h,hod_09h,hod_10h,hod_11h,hod_12h,hod_13h,hod_14h,hod_15h,hod_16h,hod_17h,hod_18h,hod_19h,hod_20h,hod_21h,hod_22h,hod_23h,dow_mon,dow_tue,dow_wed,dow_thu,dow_fri,dow_sat,dow_sun
E06000057,E02005704,6349.5,33645.75,11196.75,16.3214285714,15.1428571429,10.5,8.46428571429,13.4642857143,31.6785714286,92.0357142857,217.178571429,313.714285714,396.178571429,488.964285714,513.785714286,498.321428571,500.428571429,513.678571429,532.357142857,552.5,485.0,375.464285714,268.678571429,206.571428571,151.571428571,95.7142857143,51.7857142857,6357.5,6595.75,8210.25,6432.0,6050.25,5961.5,4839.25
