zone_id,area_id,total,daytype_inweek,daytype_weekend,hod_00h,hod_01h,hod_02h,hod_03h,hod_04h,hod_05h,hod_06h,hod_07h,hod_08h,hod_09h,hod_10h,hod_11h,hod_12h,hod_13h,hod_14h,hod_15h,hod_16h,hod_17h,hod_18h,hod_19h,hod_20h,hod_21h,hod_22h,hod_23h,dow_mon,dow_tue,dow_wed,dow_thu,dow_fri,dow_sat,dow_sun
E08000024,E02001824,3706.07142857,19866.75,6198.0,19.8214285714,24.1428571429,14.75,10.7857142857,10.75,19.25,61.9285714286,145.178571429,193.035714286,207.535714286,230.285714286,246.785714286,259.464285714,253.464285714,253.857142857,256.714285714,284.357142857,283.857142857,247.428571429,210.464285714,179.785714286,131.035714286,96.9642857143,64.4285714286,3471.0,3817.25,4922.25,3788.5,3867.75,3348.75,2727.0
