zone_id,area_id,total,daytype_inweek,daytype_weekend,hod_00h,hod_01h,hod_02h,hod_03h,hod_04h,hod_05h,hod_06h,hod_07h,hod_08h,hod_09h,hod_10h,hod_11h,hod_12h,hod_13h,hod_14h,hod_15h,hod_16h,hod_17h,hod_18h,hod_19h,hod_20h,hod_21h,hod_22h,hod_23h,dow_mon,dow_tue,dow_wed,dow_thu,dow_fri,dow_sat,dow_sun
E07000234,E02006698,997.142857143,5441.25,1703.0,5.0,5.10714285714,3.28571428571,2.21428571429,2.0,4.32142857143,12.3571428571,30.9642857143,50.9642857143,58.9285714286,66.75,72.6071428571,68.6785714286,71.6428571429,67.3214285714,66.7857142857,73.1071428571,74.25,68.2857142857,61.7142857143,47.5714285714,37.1071428571,27.5714285714,18.6071428571,992.5,1081.5,1307.25,1044.75,1015.25,828.25,710.5
