zone_id,area_id,total,daytype_inweek,daytype_weekend,hod_00h,hod_01h,hod_02h,hod_03h,hod_04h,hod_05h,hod_06h,hod_07h,hod_08h,hod_09h,hod_10h,hod_11h,hod_12h,hod_13h,hod_14h,hod_15h,hod_16h,hod_17h,hod_18h,hod_19h,hod_20h,hod_21h,hod_22h,hod_23h,dow_mon,dow_tue,dow_wed,dow_thu,dow_fri,dow_sat,dow_sun
E09000001,E02000001,60194.0,361469.5,71849.0,303.071428571,299.071428571,181.642857143,136.357142857,100.5,114.857142857,261.642857143,794.928571429,2083.64285714,2844.92857143,3386.14285714,4089.28571429,6778.71428571,6864.71428571,5163.35714286,4484.0,3970.28571429,4769.14285714,4361.57142857,2872.78571429,2102.92857143,1550.42857143,1289.28571429,1390.71428571,49009.0,70423.5,95199.5,74791.0,72046.5,37048.5,22840.0
