zone_id,area_id,total,daytype_inweek,daytype_weekend,hod_00h,hod_01h,hod_02h,hod_03h,hod_04h,hod_05h,hod_06h,hod_07h,hod_08h,hod_09h,hod_10h,hod_11h,hod_12h,hod_13h,hod_14h,hod_15h,hod_16h,hod_17h,hod_18h,hod_19h,hod_20h,hod_21h,hod_22h,hod_23h,dow_mon,dow_tue,dow_wed,dow_thu,dow_fri,dow_sat,dow_sun
E07000045,E02004213,2039.53571429,10985.5,3628.25,7.42857142857,6.10714285714,5.21428571429,4.35714285714,9.25,15.0714285714,29.4642857143,71.2142857143,102.0,114.892857143,136.464285714,143.571428571,147.857142857,146.892857143,148.107142857,146.214285714,160.035714286,161.607142857,131.821428571,110.285714286,88.5,72.1428571429,52.5357142857,28.5,2096.0,2184.25,2663.75,2098.5,1943.0,1759.0,1532.25
