zone_id,area_id,total,daytype_inweek,daytype_weekend,hod_00h,hod_01h,hod_02h,hod_03h,hod_04h,hod_05h,hod_06h,hod_07h,hod_08h,hod_09h,hod_10h,hod_11h,hod_12h,hod_13h,hod_14h,hod_15h,hod_16h,hod_17h,hod_18h,hod_19h,hod_20h,hod_21h,hod_22h,hod_23h,dow_mon,dow_tue,dow_wed,dow_thu,dow_fri,dow_sat,dow_sun
S12000041,S02001365,2333.21428571,12655.75,3990.0,7.89285714286,7.0,6.17857142857,4.57142857143,5.57142857143,14.7142857143,49.5357142857,107.107142857,157.107142857,137.714285714,140.428571429,150.035714286,167.535714286,174.785714286,166.75,175.357142857,190.821428571,171.392857143,140.75,116.678571429,92.6785714286,76.2857142857,47.8928571429,24.4285714286,2305.5,2460.5,3125.5,2439.5,2324.75,1992.25,1684.5
