zone_id,area_id,total,daytype_inweek,daytype_weekend,hod_00h,hod_01h,hod_02h,hod_03h,hod_04h,hod_05h,hod_06h,hod_07h,hod_08h,hod_09h,hod_10h,hod_11h,hod_12h,hod_13h,hod_14h,hod_15h,hod_16h,hod_17h,hod_18h,hod_19h,hod_20h,hod_21h,hod_22h,hod_23h,dow_mon,dow_tue,dow_wed,dow_thu,dow_fri,dow_sat,dow_sun
E07000088,E02004744,1592.64285714,8383.5,2763.25,7.10714285714,7.78571428571,5.0,5.39285714286,5.67857142857,13.7857142857,26.1785714286,50.2142857143,69.5,91.0357142857,106.928571429,115.071428571,118.5,115.428571429,112.321428571,109.107142857,114.571428571,110.214285714,108.785714286,97.8928571429,77.3214285714,61.25,38.1071428571,25.4642857143,1519.25,1549.75,1982.75,1498.75,1833.0,1521.0,1244.0
