zone_id,area_id,total,daytype_inweek,daytype_weekend,hod_00h,hod_01h,hod_02h,hod_03h,hod_04h,hod_05h,hod_06h,hod_07h,hod_08h,hod_09h,hod_10h,hod_11h,hod_12h,hod_13h,hod_14h,hod_15h,hod_16h,hod_17h,hod_18h,hod_19h,hod_20h,hod_21h,hod_22h,hod_23h,dow_mon,dow_tue,dow_wed,dow_thu,dow_fri,dow_sat,dow_sun
E07000066,E02004436,1880.89285714,9982.0,3166.0,7.89285714286,8.46428571429,7.21428571429,4.35714285714,6.5,12.5714285714,28.0714285714,58.0357142857,93.4285714286,101.0,116.75,136.464285714,148.071428571,137.642857143,137.642857143,139.285714286,140.5,134.392857143,126.0,107.607142857,89.5,65.1428571429,46.7142857143,27.6428571429,1746.0,1953.25,2444.25,1877.0,1961.5,1764.25,1420.0
