zone_id,area_id,total,daytype_inweek,daytype_weekend,hod_00h,hod_01h,hod_02h,hod_03h,hod_04h,hod_05h,hod_06h,hod_07h,hod_08h,hod_09h,hod_10h,hod_11h,hod_12h,hod_13h,hod_14h,hod_15h,hod_16h,hod_17h,hod_18h,hod_19h,hod_20h,hod_21h,hod_22h,hod_23h,dow_mon,dow_tue,dow_wed,dow_thu,dow_fri,dow_sat,dow_sun
E06000018,E02002874,5279.14285714,28042.5,8905.0,30.3928571429,37.7142857143,25.5714285714,21.8571428571,18.2857142857,42.2142857143,94.2142857143,197.571428571,264.678571429,274.178571429,303.535714286,342.571428571,376.25,377.535714286,368.464285714,366.178571429,381.892857143,387.035714286,350.0,302.071428571,252.928571429,207.964285714,152.357142857,103.678571429,4948.75,5259.0,6813.0,5316.75,5705.0,4955.25,3956.25
