zone_id,area_id,total,daytype_inweek,daytype_weekend,hod_00h,hod_01h,hod_02h,hod_03h,hod_04h,hod_05h,hod_06h,hod_07h,hod_08h,hod_09h,hod_10h,hod_11h,hod_12h,hod_13h,hod_14h,hod_15h,hod_16h,hod_17h,hod_18h,hod_19h,hod_20h,hod_21h,hod_22h,hod_23h,dow_mon,dow_tue,dow_wed,dow_thu,dow_fri,dow_sat,dow_sun
E09000011,E02000333,1569.03571429,8089.0,2850.5,14.4642857143,10.2857142857,7.32142857143,4.82142857143,4.89285714286,7.96428571429,18.1428571429,37.75,66.8214285714,78.5714285714,89.7857142857,105.857142857,111.75,118.892857143,115.142857143,109.035714286,111.178571429,111.285714286,106.214285714,99.9642857143,82.5714285714,66.3928571429,53.9285714286,36.0,1490.5,1564.5,2008.25,1519.5,1506.25,1534.25,1360.0
