zone_id,area_id,total,daytype_inweek,daytype_weekend,hod_00h,hod_01h,hod_02h,hod_03h,hod_04h,hod_05h,hod_06h,hod_07h,hod_08h,hod_09h,hod_10h,hod_11h,hod_12h,hod_13h,hod_14h,hod_15h,hod_16h,hod_17h,hod_18h,hod_19h,hod_20h,hod_21h,hod_22h,hod_23h,dow_mon,dow_tue,dow_wed,dow_thu,dow_fri,dow_sat,dow_sun
E07000072,E02004527,1814.64285714,9684.0,3051.25,11.9285714286,10.2142857143,4.57142857143,6.35714285714,6.75,11.1785714286,28.1071428571,60.9642857143,92.5714285714,109.714285714,120.107142857,126.642857143,126.214285714,124.107142857,122.571428571,122.392857143,123.25,128.892857143,114.678571429,108.678571429,88.7142857143,74.6428571429,58.9285714286,32.4642857143,1751.5,1866.5,2360.75,1861.75,1843.5,1718.75,1299.75
