zone_id,area_id,total,daytype_inweek,daytype_weekend,hod_00h,hod_01h,hod_02h,hod_03h,hod_04h,hod_05h,hod_06h,hod_07h,hod_08h,hod_09h,hod_10h,hod_11h,hod_12h,hod_13h,hod_14h,hod_15h,hod_16h,hod_17h,hod_18h,hod_19h,hod_20h,hod_21h,hod_22h,hod_23h,dow_mon,dow_tue,dow_wed,dow_thu,dow_fri,dow_sat,dow_sun
E09000026,E02000762,1142.64285714,5810.5,2142.75,12.1428571429,12.25,6.89285714286,3.92857142857,4.28571428571,6.39285714286,10.9642857143,22.75,39.4285714286,55.4285714286,67.9642857143,72.9285714286,75.9642857143,76.0,76.8571428571,73.2857142857,74.4285714286,76.4642857143,82.8928571429,83.9285714286,72.7142857143,57.0714285714,46.6071428571,31.0714285714,1095.0,1138.0,1404.25,1060.5,1112.75,1140.25,1047.75
