zone_id,area_id,total,daytype_inweek,daytype_weekend,hod_00h,hod_01h,hod_02h,hod_03h,hod_04h,hod_05h,hod_06h,hod_07h,hod_08h,hod_09h,hod_10h,hod_11h,hod_12h,hod_13h,hod_14h,hod_15h,hod_16h,hod_17h,hod_18h,hod_19h,hod_20h,hod_21h,hod_22h,hod_23h,dow_mon,dow_tue,dow_wed,dow_thu,dow_fri,dow_sat,dow_sun
E08000007,E02001204,3918.78571429,20764.0,6803.75,21.8571428571,23.6071428571,16.0357142857,12.4285714286,12.5,27.8928571429,56.2857142857,131.75,210.214285714,215.571428571,229.392857143,252.107142857,267.678571429,265.321428571,270.714285714,275.428571429,280.5,297.607142857,272.678571429,243.642857143,203.285714286,149.75,110.678571429,71.8571428571,3738.75,4059.0,5192.75,3819.5,3954.0,3602.5,3065.0
