zone_id,area_id,total,daytype_inweek,daytype_weekend,hod_00h,hod_01h,hod_02h,hod_03h,hod_04h,hod_05h,hod_06h,hod_07h,hod_08h,hod_09h,hod_10h,hod_11h,hod_12h,hod_13h,hod_14h,hod_15h,hod_16h,hod_17h,hod_18h,hod_19h,hod_20h,hod_21h,hod_22h,hod_23h,dow_mon,dow_tue,dow_wed,dow_thu,dow_fri,dow_sat,dow_sun
W06000015,W02000367,2553.39285714,13691.25,4381.0,14.5714285714,13.3928571429,11.0357142857,9.42857142857,8.39285714286,15.8571428571,29.8214285714,95.5,146.964285714,135.678571429,146.214285714,159.964285714,170.428571429,171.0,163.857142857,168.0,191.357142857,204.5,177.392857143,158.25,127.25,100.892857143,84.25,49.3928571429,2482.75,2640.0,3379.5,2607.75,2581.25,2284.25,1898.25
