zone_id,area_id,total,daytype_inweek,daytype_weekend,hod_00h,hod_01h,hod_02h,hod_03h,hod_04h,hod_05h,hod_06h,hod_07h,hod_08h,hod_09h,hod_10h,hod_11h,hod_12h,hod_13h,hod_14h,hod_15h,hod_16h,hod_17h,hod_18h,hod_19h,hod_20h,hod_21h,hod_22h,hod_23h,dow_mon,dow_tue,dow_wed,dow_thu,dow_fri,dow_sat,dow_sun
E06000051,E02006041,884.178571429,4864.0,1550.75,3.03571428571,2.57142857143,1.89285714286,2.0,3.67857142857,10.2857142857,22.2142857143,38.5714285714,52.8214285714,51.5714285714,62.2857142857,62.7142857143,60.8214285714,59.4642857143,64.7857142857,64.2142857143,69.5714285714,70.25,58.2142857143,40.25,32.4285714286,25.5,16.5357142857,8.5,944.5,999.0,1197.75,940.75,782.0,719.0,606.25
