zone_id,area_id,total,daytype_inweek,daytype_weekend,hod_00h,hod_01h,hod_02h,hod_03h,hod_04h,hod_05h,hod_06h,hod_07h,hod_08h,hod_09h,hod_10h,hod_11h,hod_12h,hod_13h,hod_14h,hod_15h,hod_16h,hod_17h,hod_18h,hod_19h,hod_20h,hod_21h,hod_22h,hod_23h,dow_mon,dow_tue,dow_wed,dow_thu,dow_fri,dow_sat,dow_sun
W06000016,W02000254,813.535714286,4394.0,1321.0,3.46428571429,2.78571428571,2.46428571429,1.39285714286,3.03571428571,3.53571428571,17.4285714286,35.7142857143,39.0,45.1071428571,48.3571428571,56.9285714286,57.7857142857,65.7142857143,65.75,61.8571428571,61.2142857143,53.7142857143,47.0,43.0,30.0357142857,29.6785714286,22.6785714286,15.8928571429,763.0,847.5,1070.5,850.5,862.5,742.75,558.0
