zone_id,area_id,total,daytype_inweek,daytype_weekend,hod_00h,hod_01h,hod_02h,hod_03h,hod_04h,hod_05h,hod_06h,hod_07h,hod_08h,hod_09h,hod_10h,hod_11h,hod_12h,hod_13h,hod_14h,hod_15h,hod_16h,hod_17h,hod_18h,hod_19h,hod_20h,hod_21h,hod_22h,hod_23h,dow_mon,dow_tue,dow_wed,dow_thu,dow_fri,dow_sat,dow_sun
E07000169,E02005811,3162.75,16830.75,5713.0,15.4285714286,14.75,10.8214285714,9.89285714286,10.6428571429,25.8214285714,60.3214285714,135.642857143,181.785714286,190.071428571,206.5,210.964285714,216.285714286,213.642857143,204.535714286,198.25,215.392857143,225.071428571,207.857142857,177.178571429,154.535714286,128.214285714,94.8571428571,54.2857142857,3233.25,3284.25,4192.5,3028.0,3092.75,2828.75,2479.75
