zone_id,area_id,total,daytype_inweek,daytype_weekend,hod_00h,hod_01h,hod_02h,hod_03h,hod_04h,hod_05h,hod_06h,hod_07h,hod_08h,hod_09h,hod_10h,hod_11h,hod_12h,hod_13h,hod_14h,hod_15h,hod_16h,hod_17h,hod_18h,hod_19h,hod_20h,hod_21h,hod_22h,hod_23h,dow_mon,dow_tue,dow_wed,dow_thu,dow_fri,dow_sat,dow_sun
E06000049,E02003834,3942.28571429,21519.5,6561.25,19.0714285714,16.2142857143,12.3214285714,13.9285714286,15.3928571429,64.2857142857,89.8571428571,177.107142857,217.928571429,219.107142857,239.357142857,249.964285714,269.178571429,268.714285714,267.785714286,266.321428571,294.25,308.964285714,256.428571429,212.535714286,168.857142857,131.428571429,103.107142857,60.1785714286,3771.25,4261.0,5307.5,4055.5,4124.25,3286.5,2790.0
