zone_id,area_id,total,daytype_inweek,daytype_weekend,hod_00h,hod_01h,hod_02h,hod_03h,hod_04h,hod_05h,hod_06h,hod_07h,hod_08h,hod_09h,hod_10h,hod_11h,hod_12h,hod_13h,hod_14h,hod_15h,hod_16h,hod_17h,hod_18h,hod_19h,hod_20h,hod_21h,hod_22h,hod_23h,dow_mon,dow_tue,dow_wed,dow_thu,dow_fri,dow_sat,dow_sun
E09000014,E02000414,1523.5,7734.75,2833.25,17.6071428571,15.6071428571,11.7857142857,9.21428571429,8.75,10.4285714286,17.2857142857,32.4285714286,47.25,67.7857142857,76.8571428571,87.7857142857,100.214285714,110.607142857,105.392857143,110.107142857,108.142857143,104.142857143,107.428571429,101.464285714,94.3571428571,76.0714285714,62.5,40.2857142857,1473.75,1555.25,1859.0,1401.5,1445.25,1570.25,1359.5
