zone_id,area_id,total,daytype_inweek,daytype_weekend,hod_00h,hod_01h,hod_02h,hod_03h,hod_04h,hod_05h,hod_06h,hod_07h,hod_08h,hod_09h,hod_10h,hod_11h,hod_12h,hod_13h,hod_14h,hod_15h,hod_16h,hod_17h,hod_18h,hod_19h,hod_20h,hod_21h,hod_22h,hod_23h,dow_mon,dow_tue,dow_wed,dow_thu,dow_fri,dow_sat,dow_sun
E07000190,E02006103,2320.32142857,12750.0,3897.75,9.67857142857,11.6071428571,7.67857142857,6.85714285714,10.1428571429,16.7857142857,36.5714285714,111.25,137.75,147.214285714,156.035714286,156.642857143,147.25,148.035714286,147.5,148.142857143,153.392857143,170.75,153.964285714,133.571428571,104.75,91.6428571429,74.25,38.8571428571,2334.5,2572.0,3180.25,2497.0,2166.25,1929.0,1563.25
