zone_id,area_id,total,daytype_inweek,daytype_weekend,hod_00h,hod_01h,hod_02h,hod_03h,hod_04h,hod_05h,hod_06h,hod_07h,hod_08h,hod_09h,hod_10h,hod_11h,hod_12h,hod_13h,hod_14h,hod_15h,hod_16h,hod_17h,hod_18h,hod_19h,hod_20h,hod_21h,hod_22h,hod_23h,dow_mon,dow_tue,dow_wed,dow_thu,dow_fri,dow_sat,dow_sun
E07000086,E02004712,1559.32142857,8351.75,2651.75,5.39285714286,5.64285714286,4.82142857143,3.60714285714,4.07142857143,8.71428571429,17.0714285714,56.6428571429,86.5714285714,83.3928571429,100.0,107.678571429,104.5,104.25,104.071428571,103.642857143,111.964285714,117.821428571,108.678571429,93.5,75.8928571429,62.5,52.7857142857,36.1071428571,1504.5,1717.25,2038.75,1486.0,1605.25,1416.25,1147.25
