zone_id,area_id,total,daytype_inweek,daytype_weekend,hod_00h,hod_01h,hod_02h,hod_03h,hod_04h,hod_05h,hod_06h,hod_07h,hod_08h,hod_09h,hod_10h,hod_11h,hod_12h,hod_13h,hod_14h,hod_15h,hod_16h,hod_17h,hod_18h,hod_19h,hod_20h,hod_21h,hod_22h,hod_23h,dow_mon,dow_tue,dow_wed,dow_thu,dow_fri,dow_sat,dow_sun
E06000044,E02003542,2621.46428571,13413.0,4667.75,13.0714285714,15.7142857143,11.5714285714,8.35714285714,8.39285714286,16.3214285714,39.3571428571,90.0357142857,134.107142857,136.714285714,154.142857143,176.0,185.678571429,188.142857143,188.428571429,192.214285714,195.714285714,195.714285714,176.178571429,145.678571429,121.678571429,96.7857142857,73.25,58.2142857143,2407.0,2534.75,3188.25,2508.75,2774.25,2676.5,2260.75
