zone_id,area_id,total,daytype_inweek,daytype_weekend,hod_00h,hod_01h,hod_02h,hod_03h,hod_04h,hod_05h,hod_06h,hod_07h,hod_08h,hod_09h,hod_10h,hod_11h,hod_12h,hod_13h,hod_14h,hod_15h,hod_16h,hod_17h,hod_18h,hod_19h,hod_20h,hod_21h,hod_22h,hod_23h,dow_mon,dow_tue,dow_wed,dow_thu,dow_fri,dow_sat,dow_sun
S12000046,S02001961,1886.03571429,10167.0,3320.75,11.4642857143,12.5,8.75,6.5,6.53571428571,11.75,27.6785714286,71.6428571429,131.607142857,102.0,96.8928571429,109.0,121.357142857,131.821428571,131.357142857,137.821428571,139.392857143,151.928571429,128.5,111.035714286,87.8571428571,68.0,49.6428571429,31.0,1962.25,1968.0,2439.75,1871.25,1925.75,1676.75,1358.5
