zone_id,area_id,total,daytype_inweek,daytype_weekend,hod_00h,hod_01h,hod_02h,hod_03h,hod_04h,hod_05h,hod_06h,hod_07h,hod_08h,hod_09h,hod_10h,hod_11h,hod_12h,hod_13h,hod_14h,hod_15h,hod_16h,hod_17h,hod_18h,hod_19h,hod_20h,hod_21h,hod_22h,hod_23h,dow_mon,dow_tue,dow_wed,dow_thu,dow_fri,dow_sat,dow_sun
E06000030,E02003228,7148.10714286,37935.25,12062.75,37.2142857143,47.5,35.9642857143,30.0714285714,37.25,80.75,128.928571429,251.75,350.857142857,368.214285714,413.357142857,457.178571429,503.428571429,525.214285714,509.642857143,495.321428571,521.321428571,533.571428571,463.464285714,399.75,331.571428571,280.392857143,222.25,123.142857143,6752.75,7460.5,9201.5,7075.5,7445.0,6791.5,5310.0
