zone_id,area_id,total,daytype_inweek,daytype_weekend,hod_00h,hod_01h,hod_02h,hod_03h,hod_04h,hod_05h,hod_06h,hod_07h,hod_08h,hod_09h,hod_10h,hod_11h,hod_12h,hod_13h,hod_14h,hod_15h,hod_16h,hod_17h,hod_18h,hod_19h,hod_20h,hod_21h,hod_22h,hod_23h,dow_mon,dow_tue,dow_wed,dow_thu,dow_fri,dow_sat,dow_sun
E07000067,E02004463,1740.03571429,9375.5,2968.75,9.75,6.64285714286,5.46428571429,4.03571428571,4.25,12.2142857143,32.4642857143,72.3571428571,99.0357142857,99.9642857143,110.035714286,115.428571429,117.607142857,115.392857143,117.035714286,113.107142857,121.535714286,139.392857143,118.357142857,100.428571429,78.7857142857,67.75,50.5,28.5,1649.5,1843.75,2339.0,1845.25,1698.0,1485.5,1319.25
