zone_id,area_id,total,daytype_inweek,daytype_weekend,hod_00h,hod_01h,hod_02h,hod_03h,hod_04h,hod_05h,hod_06h,hod_07h,hod_08h,hod_09h,hod_10h,hod_11h,hod_12h,hod_13h,hod_14h,hod_15h,hod_16h,hod_17h,hod_18h,hod_19h,hod_20h,hod_21h,hod_22h,hod_23h,dow_mon,dow_tue,dow_wed,dow_thu,dow_fri,dow_sat,dow_sun
S12000046,S02001955,2239.17857143,12050.25,3943.5,16.4285714286,19.2142857143,13.2857142857,10.7142857143,6.75,11.9642857143,29.1428571429,80.6428571429,164.607142857,117.678571429,111.607142857,126.607142857,134.178571429,138.714285714,140.214285714,144.714285714,164.392857143,188.25,159.642857143,138.0,112.321428571,88.0,71.4642857143,50.6428571429,2249.75,2342.75,2902.0,2309.75,2246.0,1930.25,1693.75
