zone_id,area_id,total,daytype_inweek,daytype_weekend,hod_00h,hod_01h,hod_02h,hod_03h,hod_04h,hod_05h,hod_06h,hod_07h,hod_08h,hod_09h,hod_10h,hod_11h,hod_12h,hod_13h,hod_14h,hod_15h,hod_16h,hod_17h,hod_18h,hod_19h,hod_20h,hod_21h,hod_22h,hod_23h,dow_mon,dow_tue,dow_wed,dow_thu,dow_fri,dow_sat,dow_sun
E08000030,E02002123,1579.14285714,8365.0,2716.0,9.39285714286,8.03571428571,6.92857142857,4.71428571429,6.67857142857,17.1785714286,30.6785714286,47.5714285714,64.5,78.6071428571,91.7142857143,104.464285714,109.464285714,110.964285714,110.75,113.535714286,120.035714286,118.571428571,110.857142857,100.285714286,78.9642857143,62.75,46.4285714286,26.0714285714,1507.0,1634.25,2064.0,1578.0,1581.75,1480.0,1209.0
