zone_id,area_id,total,daytype_inweek,daytype_weekend,hod_00h,hod_01h,hod_02h,hod_03h,hod_04h,hod_05h,hod_06h,hod_07h,hod_08h,hod_09h,hod_10h,hod_11h,hod_12h,hod_13h,hod_14h,hod_15h,hod_16h,hod_17h,hod_18h,hod_19h,hod_20h,hod_21h,hod_22h,hod_23h,dow_mon,dow_tue,dow_wed,dow_thu,dow_fri,dow_sat,dow_sun
E06000047,E02004294,2779.53571429,14743.75,4758.0,10.1785714286,12.1428571429,8.21428571429,7.64285714286,6.17857142857,11.9642857143,45.75,106.75,157.964285714,160.857142857,182.285714286,194.178571429,200.428571429,197.392857143,196.5,206.107142857,217.392857143,216.928571429,187.5,149.571428571,114.964285714,86.7142857143,66.0,35.9285714286,2693.5,2866.5,3613.25,2728.5,2842.0,2648.5,2064.5
