zone_id,area_id,total,daytype_inweek,daytype_weekend,hod_00h,hod_01h,hod_02h,hod_03h,hod_04h,hod_05h,hod_06h,hod_07h,hod_08h,hod_09h,hod_10h,hod_11h,hod_12h,hod_13h,hod_14h,hod_15h,hod_16h,hod_17h,hod_18h,hod_19h,hod_20h,hod_21h,hod_22h,hod_23h,dow_mon,dow_tue,dow_wed,dow_thu,dow_fri,dow_sat,dow_sun
S12000034,S02001306,1655.07142857,8913.5,2960.25,4.57142857143,4.25,3.53571428571,3.10714285714,4.0,14.3214285714,46.5357142857,86.5357142857,100.785714286,104.178571429,106.178571429,112.035714286,120.0,115.25,118.285714286,125.642857143,137.428571429,126.178571429,100.928571429,80.5357142857,60.6428571429,45.0357142857,24.7857142857,10.3214285714,1706.5,1780.75,2214.5,1586.25,1625.5,1418.25,1253.75
