zone_id,area_id,total,daytype_inweek,daytype_weekend,hod_00h,hod_01h,hod_02h,hod_03h,hod_04h,hod_05h,hod_06h,hod_07h,hod_08h,hod_09h,hod_10h,hod_11h,hod_12h,hod_13h,hod_14h,hod_15h,hod_16h,hod_17h,hod_18h,hod_19h,hod_20h,hod_21h,hod_22h,hod_23h,dow_mon,dow_tue,dow_wed,dow_thu,dow_fri,dow_sat,dow_sun
E07000120,E02005216,1444.42857143,7794.0,2408.0,8.10714285714,9.64285714286,6.28571428571,5.39285714286,5.57142857143,10.6785714286,19.8214285714,43.9642857143,65.0714285714,74.6428571429,89.6071428571,95.7142857143,99.7142857143,96.0714285714,93.5357142857,96.2857142857,102.821428571,106.357142857,94.8214285714,94.3571428571,81.8214285714,62.7857142857,50.7857142857,30.5714285714,1401.75,1473.5,1936.0,1488.5,1494.25,1310.75,1006.25
