zone_id,area_id,total,daytype_inweek,daytype_weekend,hod_00h,hod_01h,hod_02h,hod_03h,hod_04h,hod_05h,hod_06h,hod_07h,hod_08h,hod_09h,hod_10h,hod_11h,hod_12h,hod_13h,hod_14h,hod_15h,hod_16h,hod_17h,hod_18h,hod_19h,hod_20h,hod_21h,hod_22h,hod_23h,dow_mon,dow_tue,dow_wed,dow_thu,dow_fri,dow_sat,dow_sun
E07000227,E02006596,3608.17857143,19190.75,6127.5,13.9285714286,11.8928571429,9.60714285714,4.92857142857,6.39285714286,19.7857142857,44.5714285714,138.785714286,228.0,217.107142857,238.571428571,243.714285714,258.25,256.714285714,247.178571429,239.678571429,254.142857143,304.571428571,245.892857143,203.142857143,152.142857143,118.964285714,89.5714285714,60.6428571429,3428.25,3665.75,4671.0,3729.25,3696.5,3367.25,2699.25
