zone_id,area_id,total,daytype_inweek,daytype_weekend,hod_00h,hod_01h,hod_02h,hod_03h,hod_04h,hod_05h,hod_06h,hod_07h,hod_08h,hod_09h,hod_10h,hod_11h,hod_12h,hod_13h,hod_14h,hod_15h,hod_16h,hod_17h,hod_18h,hod_19h,hod_20h,hod_21h,hod_22h,hod_23h,dow_mon,dow_tue,dow_wed,dow_thu,dow_fri,dow_sat,dow_sun
E06000050,E02003851,3436.53571429,17982.75,5994.0,15.1785714286,15.6071428571,11.7857142857,8.89285714286,10.75,21.9285714286,52.8214285714,119.607142857,165.178571429,165.214285714,192.107142857,220.892857143,239.071428571,238.178571429,247.214285714,250.821428571,267.785714286,281.071428571,247.071428571,208.607142857,174.964285714,130.392857143,97.0,54.3928571429,3209.5,3391.0,4411.25,3357.0,3614.0,3288.5,2784.5
