zone_id,area_id,total,daytype_inweek,daytype_weekend,hod_00h,hod_01h,hod_02h,hod_03h,hod_04h,hod_05h,hod_06h,hod_07h,hod_08h,hod_09h,hod_10h,hod_11h,hod_12h,hod_13h,hod_14h,hod_15h,hod_16h,hod_17h,hod_18h,hod_19h,hod_20h,hod_21h,hod_22h,hod_23h,dow_mon,dow_tue,dow_wed,dow_thu,dow_fri,dow_sat,dow_sun
E07000189,E02006082,1967.60714286,10444.0,3359.75,6.25,5.35714285714,4.75,4.64285714286,5.35714285714,20.3928571429,44.5,92.5357142857,124.928571429,120.857142857,127.857142857,130.0,128.535714286,134.5,134.642857143,138.25,147.535714286,156.0,124.535714286,98.75,77.9285714286,66.4285714286,47.3214285714,25.75,1885.5,2042.75,2518.75,1978.75,2018.25,1855.0,1474.25
