zone_id,area_id,total,daytype_inweek,daytype_weekend,hod_00h,hod_01h,hod_02h,hod_03h,hod_04h,hod_05h,hod_06h,hod_07h,hod_08h,hod_09h,hod_10h,hod_11h,hod_12h,hod_13h,hod_14h,hod_15h,hod_16h,hod_17h,hod_18h,hod_19h,hod_20h,hod_21h,hod_22h,hod_23h,dow_mon,dow_tue,dow_wed,dow_thu,dow_fri,dow_sat,dow_sun
E07000106,E02005020,4947.03571429,25703.5,8562.75,18.6071428571,14.75,10.6785714286,9.25,12.5357142857,31.6071428571,82.3928571429,235.857142857,283.642857143,290.357142857,337.892857143,353.678571429,365.0,362.607142857,350.214285714,354.821428571,367.5,385.357142857,320.214285714,256.892857143,193.75,148.857142857,107.5,53.0714285714,4500.75,5041.5,6214.5,4794.0,5152.75,4863.75,4062.0
