zone_id,area_id,total,daytype_inweek,daytype_weekend,hod_00h,hod_01h,hod_02h,hod_03h,hod_04h,hod_05h,hod_06h,hod_07h,hod_08h,hod_09h,hod_10h,hod_11h,hod_12h,hod_13h,hod_14h,hod_15h,hod_16h,hod_17h,hod_18h,hod_19h,hod_20h,hod_21h,hod_22h,hod_23h,dow_mon,dow_tue,dow_wed,dow_thu,dow_fri,dow_sat,dow_sun
S12000015,S02001739,1710.96428571,9358.25,2943.75,7.82142857143,7.32142857143,5.21428571429,5.89285714286,6.21428571429,21.3928571429,62.7142857143,85.9642857143,108.642857143,89.8928571429,90.9285714286,100.321428571,111.857142857,108.821428571,110.357142857,122.142857143,133.071428571,137.678571429,114.75,87.4285714286,76.3928571429,60.1428571429,37.5,18.5,1727.25,1846.75,2254.75,1785.0,1744.5,1402.0,1216.5
