zone_id,area_id,total,daytype_inweek,daytype_weekend,hod_00h,hod_01h,hod_02h,hod_03h,hod_04h,hod_05h,hod_06h,hod_07h,hod_08h,hod_09h,hod_10h,hod_11h,hod_12h,hod_13h,hod_14h,hod_15h,hod_16h,hod_17h,hod_18h,hod_19h,hod_20h,hod_21h,hod_22h,hod_23h,dow_mon,dow_tue,dow_wed,dow_thu,dow_fri,dow_sat,dow_sun
S12000017,S02001979,1143.75,5891.0,2068.25,2.67857142857,3.75,2.53571428571,1.32142857143,2.57142857143,5.35714285714,14.8214285714,33.1785714286,51.2857142857,74.3214285714,96.0,97.5,98.1785714286,99.8928571429,99.3928571429,94.1071428571,84.8928571429,84.7857142857,66.8571428571,46.1428571429,35.1071428571,25.5357142857,16.3571428571,7.17857142857,1193.5,1212.25,1432.75,1073.5,979.0,1240.5,874.75
