zone_id,area_id,total,daytype_inweek,daytype_weekend,hod_00h,hod_01h,hod_02h,hod_03h,hod_04h,hod_05h,hod_06h,hod_07h,hod_08h,hod_09h,hod_10h,hod_11h,hod_12h,hod_13h,hod_14h,hod_15h,hod_16h,hod_17h,hod_18h,hod_19h,hod_20h,hod_21h,hod_22h,hod_23h,dow_mon,dow_tue,dow_wed,dow_thu,dow_fri,dow_sat,dow_sun
E07000179,E02005977,1369.78571429,7278.75,2386.75,7.5,5.28571428571,3.85714285714,2.85714285714,1.85714285714,6.46428571429,17.8928571429,46.6071428571,91.5357142857,88.3214285714,95.8928571429,102.035714286,101.714285714,96.1071428571,96.8928571429,93.25,100.178571429,105.678571429,83.7142857143,68.4285714286,52.4642857143,43.5357142857,34.0357142857,23.6785714286,1321.75,1457.75,1732.75,1375.25,1391.25,1244.75,1065.0
