zone_id,area_id,total,daytype_inweek,daytype_weekend,hod_00h,hod_01h,hod_02h,hod_03h,hod_04h,hod_05h,hod_06h,hod_07h,hod_08h,hod_09h,hod_10h,hod_11h,hod_12h,hod_13h,hod_14h,hod_15h,hod_16h,hod_17h,hod_18h,hod_19h,hod_20h,hod_21h,hod_22h,hod_23h,dow_mon,dow_tue,dow_wed,dow_thu,dow_fri,dow_sat,dow_sun
E08000019,E02001671,3323.14285714,17680.5,5620.25,14.9642857143,16.8571428571,10.0,9.03571428571,12.3928571429,42.1428571429,70.8214285714,141.821428571,173.0,177.035714286,195.464285714,221.75,234.178571429,232.357142857,239.571428571,239.821428571,252.5,260.0,221.714285714,178.75,149.678571429,108.25,72.7142857143,48.3214285714,3161.25,3409.25,4285.25,3319.5,3505.25,3122.5,2459.0
