zone_id,area_id,total,daytype_inweek,daytype_weekend,hod_00h,hod_01h,hod_02h,hod_03h,hod_04h,hod_05h,hod_06h,hod_07h,hod_08h,hod_09h,hod_10h,hod_11h,hod_12h,hod_13h,hod_14h,hod_15h,hod_16h,hod_17h,hod_18h,hod_19h,hod_20h,hod_21h,hod_22h,hod_23h,dow_mon,dow_tue,dow_wed,dow_thu,dow_fri,dow_sat,dow_sun
E08000025,E02001902,2044.14285714,10735.75,3461.0,16.8571428571,21.4642857143,13.5357142857,10.8571428571,10.0,19.0714285714,34.1071428571,75.4642857143,89.2857142857,96.2857142857,105.607142857,114.5,129.428571429,138.785714286,130.964285714,137.857142857,149.535714286,161.071428571,146.285714286,133.428571429,106.035714286,92.5,67.0,44.2142857143,1889.25,2040.75,2740.25,2000.0,2065.5,2001.5,1571.75
