zone_id,area_id,total,daytype_inweek,daytype_weekend,hod_00h,hod_01h,hod_02h,hod_03h,hod_04h,hod_05h,hod_06h,hod_07h,hod_08h,hod_09h,hod_10h,hod_11h,hod_12h,hod_13h,hod_14h,hod_15h,hod_16h,hod_17h,hod_18h,hod_19h,hod_20h,hod_21h,hod_22h,hod_23h,dow_mon,dow_tue,dow_wed,dow_thu,dow_fri,dow_sat,dow_sun
E08000032,E02002221,30402.1785714,159099.0,50649.0,282.142857143,312.821428571,203.928571429,157.607142857,137.642857143,224.607142857,400.428571429,838.071428571,1226.67857143,1359.5,1565.5,1804.46428571,2074.96428571,2229.17857143,2327.32142857,2287.21428571,2343.42857143,2458.85714286,2011.32142857,1726.53571429,1464.0,1230.46428571,1005.64285714,729.857142857,28202.25,31033.25,38972.25,29402.25,31489.0,31269.5,22446.75
