zone_id,area_id,total,daytype_inweek,daytype_weekend,hod_00h,hod_01h,hod_02h,hod_03h,hod_04h,hod_05h,hod_06h,hod_07h,hod_08h,hod_09h,hod_10h,hod_11h,hod_12h,hod_13h,hod_14h,hod_15h,hod_16h,hod_17h,hod_18h,hod_19h,hod_20h,hod_21h,hod_22h,hod_23h,dow_mon,dow_tue,dow_wed,dow_thu,dow_fri,dow_sat,dow_sun
E06000007,E02002599,5116.53571429,26976.25,8663.75,21.0357142857,23.25,16.0,14.1071428571,17.9285714286,33.7857142857,81.5714285714,178.5,274.928571429,268.928571429,298.464285714,328.5,358.428571429,355.571428571,345.321428571,363.035714286,381.035714286,400.857142857,361.357142857,321.107142857,260.321428571,188.678571429,140.535714286,83.2857142857,4713.5,5250.0,6566.0,5056.75,5390.0,4889.25,3950.25
