zone_id,area_id,total,daytype_inweek,daytype_weekend,hod_00h,hod_01h,hod_02h,hod_03h,hod_04h,hod_05h,hod_06h,hod_07h,hod_08h,hod_09h,hod_10h,hod_11h,hod_12h,hod_13h,hod_14h,hod_15h,hod_16h,hod_17h,hod_18h,hod_19h,hod_20h,hod_21h,hod_22h,hod_23h,dow_mon,dow_tue,dow_wed,dow_thu,dow_fri,dow_sat,dow_sun
E08000021,E02001731,28429.1785714,148092.5,43772.75,190.892857143,256.964285714,238.785714286,217.071428571,134.714285714,130.928571429,306.892857143,755.571428571,1287.89285714,1329.82142857,1503.42857143,1793.0,2076.28571429,2189.78571429,2208.64285714,2098.75,2180.78571429,2305.21428571,1820.03571429,1624.17857143,1233.25,1017.5,883.535714286,645.25,25233.5,29302.25,36791.5,27616.0,29149.25,32372.5,18539.25
