zone_id,area_id,total,daytype_inweek,daytype_weekend,hod_00h,hod_01h,hod_02h,hod_03h,hod_04h,hod_05h,hod_06h,hod_07h,hod_08h,hod_09h,hod_10h,hod_11h,hod_12h,hod_13h,hod_14h,hod_15h,hod_16h,hod_17h,hod_18h,hod_19h,hod_20h,hod_21h,hod_22h,hod_23h,dow_mon,dow_tue,dow_wed,dow_thu,dow_fri,dow_sat,dow_sun
E08000012,E02001368,5214.14285714,28084.25,8565.75,34.25,44.3928571429,37.1785714286,29.1071428571,23.4642857143,39.6785714286,90.5,193.535714286,265.571428571,278.857142857,292.535714286,327.607142857,363.392857143,370.142857143,373.321428571,371.892857143,382.142857143,394.321428571,322.142857143,284.678571429,232.214285714,199.178571429,159.714285714,104.321428571,4994.75,5468.25,6854.0,5240.5,5526.75,4843.75,3571.0
