zone_id,area_id,total,daytype_inweek,daytype_weekend,hod_00h,hod_01h,hod_02h,hod_03h,hod_04h,hod_05h,hod_06h,hod_07h,hod_08h,hod_09h,hod_10h,hod_11h,hod_12h,hod_13h,hod_14h,hod_15h,hod_16h,hod_17h,hod_18h,hod_19h,hod_20h,hod_21h,hod_22h,hod_23h,dow_mon,dow_tue,dow_wed,dow_thu,dow_fri,dow_sat,dow_sun
E08000006,E02001182,2445.03571429,13070.75,4090.75,13.9285714286,16.3571428571,10.7142857143,9.10714285714,12.5,22.8571428571,52.25,82.75,111.678571429,115.821428571,128.428571429,149.035714286,171.464285714,177.678571429,174.5,178.214285714,176.75,184.535714286,170.142857143,155.464285714,125.571428571,94.7857142857,67.8571428571,42.6428571429,2276.25,2548.0,3227.75,2454.75,2564.0,2230.0,1814.5
