zone_id,area_id,total,daytype_inweek,daytype_weekend,hod_00h,hod_01h,hod_02h,hod_03h,hod_04h,hod_05h,hod_06h,hod_07h,hod_08h,hod_09h,hod_10h,hod_11h,hod_12h,hod_13h,hod_14h,hod_15h,hod_16h,hod_17h,hod_18h,hod_19h,hod_20h,hod_21h,hod_22h,hod_23h,dow_mon,dow_tue,dow_wed,dow_thu,dow_fri,dow_sat,dow_sun
E07000011,E02003764,9829.92857143,53155.75,16510.0,32.9642857143,30.9642857143,22.1785714286,22.9642857143,33.2857142857,86.1785714286,189.214285714,446.464285714,626.785714286,575.821428571,653.785714286,689.642857143,737.5,717.821428571,700.107142857,682.035714286,722.642857143,760.821428571,595.607142857,481.25,401.071428571,293.321428571,209.071428571,118.428571429,9437.25,10530.25,13168.0,10115.5,9904.75,8581.0,7072.75
