area_id,total,daytype_inweek,daytype_weekend,hod_00h,hod_01h,hod_02h,hod_03h,hod_04h,hod_05h,hod_06h,hod_07h,hod_08h,hod_09h,hod_10h,hod_11h,hod_12h,hod_13h,hod_14h,hod_15h,hod_16h,hod_17h,hod_18h,hod_19h,hod_20h,hod_21h,hod_22h,hod_23h,dow_mon,dow_tue,dow_wed,dow_thu,dow_fri,dow_sat,dow_sun
01059,12.7857142857,71.75,19.5,0.0357142857143,0.0357142857143,0.0357142857143,0.0357142857143,0.142857142857,0.321428571429,0.392857142857,1.0,0.535714285714,0.607142857143,0.785714285714,0.857142857143,0.928571428571,1.10714285714,0.357142857143,0.785714285714,0.928571428571,1.25,0.678571428571,0.821428571429,0.285714285714,0.321428571429,0.428571428571,0.107142857143,11.75,14.25,18.5,15.0,12.25,10.0,7.75
01036,25.2142857143,136.0,43.5,0.142857142857,0.214285714286,0.107142857143,0.142857142857,0.321428571429,0.392857142857,1.03571428571,1.96428571429,1.57142857143,1.39285714286,1.17857142857,1.57142857143,1.53571428571,1.53571428571,1.96428571429,1.32142857143,1.32142857143,1.28571428571,1.14285714286,1.57142857143,1.42857142857,1.35714285714,0.25,0.464285714286,26.75,25.75,36.25,22.5,24.75,23.75,16.75
01002,76.7857142857,412.5,138.25,0.75,0.75,0.571428571429,0.642857142857,1.03571428571,1.21428571429,2.25,3.07142857143,3.28571428571,3.07142857143,4.0,4.60714285714,5.03571428571,4.71428571429,5.0,3.57142857143,3.75,3.82142857143,5.17857142857,5.89285714286,5.07142857143,4.25,3.10714285714,2.14285714286,78.5,82.0,107.25,72.75,72.0,65.25,59.75
total,114.785714286,620.25,201.25,0.928571428571,1.0,0.714285714286,0.821428571429,1.5,1.92857142857,3.67857142857,6.03571428571,5.39285714286,5.07142857143,5.96428571429,7.03571428571,7.5,7.35714285714,7.32142857143,5.67857142857,6.0,6.35714285714,7.0,8.28571428571,6.78571428571,5.92857142857,3.78571428571,2.71428571429,117.0,122.0,162.0,110.25,109.0,99.0,84.25
