zone_id,area_id,total,daytype_inweek,daytype_weekend,hod_00h,hod_01h,hod_02h,hod_03h,hod_04h,hod_05h,hod_06h,hod_07h,hod_08h,hod_09h,hod_10h,hod_11h,hod_12h,hod_13h,hod_14h,hod_15h,hod_16h,hod_17h,hod_18h,hod_19h,hod_20h,hod_21h,hod_22h,hod_23h,dow_mon,dow_tue,dow_wed,dow_thu,dow_fri,dow_sat,dow_sun
E06000037,E02003374,1031.92857143,5558.25,1803.0,6.32142857143,4.89285714286,3.35714285714,4.0,4.64285714286,9.0,18.0,36.8214285714,53.0714285714,57.9642857143,61.25,69.75,66.6785714286,64.1071428571,68.2142857143,68.75,73.5357142857,78.0,70.0357142857,64.3571428571,57.7857142857,45.0357142857,29.6428571429,16.7142857143,1035.5,1102.0,1368.0,1066.5,986.25,897.75,767.5
