zone_id,area_id,total,daytype_inweek,daytype_weekend,hod_00h,hod_01h,hod_02h,hod_03h,hod_04h,hod_05h,hod_06h,hod_07h,hod_08h,hod_09h,hod_10h,hod_11h,hod_12h,hod_13h,hod_14h,hod_15h,hod_16h,hod_17h,hod_18h,hod_19h,hod_20h,hod_21h,hod_22h,hod_23h,dow_mon,dow_tue,dow_wed,dow_thu,dow_fri,dow_sat,dow_sun
E07000202,E02006254,7654.85714286,39858.5,12890.75,33.1071428571,37.6428571429,31.0,28.0,25.0714285714,49.6785714286,115.321428571,265.0,400.785714286,410.5,483.178571429,534.071428571,593.392857143,584.285714286,567.392857143,532.571428571,541.607142857,564.214285714,491.464285714,421.464285714,359.75,277.607142857,194.678571429,113.071428571,7031.25,7822.5,9782.0,7336.25,7886.5,7866.0,5859.5
