zone_id,area_id,total,daytype_inweek,daytype_weekend,hod_00h,hod_01h,hod_02h,hod_03h,hod_04h,hod_05h,hod_06h,hod_07h,hod_08h,hod_09h,hod_10h,hod_11h,hod_12h,hod_13h,hod_14h,hod_15h,hod_16h,hod_17h,hod_18h,hod_19h,hod_20h,hod_21h,hod_22h,hod_23h,dow_mon,dow_tue,dow_wed,dow_thu,dow_fri,dow_sat,dow_sun
E08000029,E02002104,1725.03571429,9090.25,3034.75,9.89285714286,8.60714285714,6.64285714286,5.46428571429,5.64285714286,9.92857142857,17.4285714286,57.5714285714,92.4642857143,97.6071428571,109.964285714,115.571428571,118.714285714,114.785714286,117.035714286,116.035714286,119.285714286,127.821428571,124.607142857,109.107142857,87.5357142857,70.3928571429,51.25,31.6785714286,1657.0,1780.25,2221.75,1702.0,1729.25,1607.25,1377.75
