zone_id,area_id,total,daytype_inweek,daytype_weekend,hod_00h,hod_01h,hod_02h,hod_03h,hod_04h,hod_05h,hod_06h,hod_07h,hod_08h,hod_09h,hod_10h,hod_11h,hod_12h,hod_13h,hod_14h,hod_15h,hod_16h,hod_17h,hod_18h,hod_19h,hod_20h,hod_21h,hod_22h,hod_23h,dow_mon,dow_tue,dow_wed,dow_thu,dow_fri,dow_sat,dow_sun
E07000200,E02006232,717.535714286,3805.5,1219.0,1.82142857143,1.42857142857,1.78571428571,1.28571428571,1.42857142857,4.67857142857,9.57142857143,20.9285714286,38.0357142857,49.3928571429,48.3571428571,51.6071428571,52.4642857143,53.6428571429,53.8571428571,51.7142857143,52.9285714286,51.2857142857,43.8928571429,39.8928571429,31.6785714286,25.0,18.8571428571,12.0,685.0,761.25,917.25,716.5,725.5,683.25,534.0
