zone_id,area_id,total,daytype_inweek,daytype_weekend,hod_00h,hod_01h,hod_02h,hod_03h,hod_04h,hod_05h,hod_06h,hod_07h,hod_08h,hod_09h,hod_10h,hod_11h,hod_12h,hod_13h,hod_14h,hod_15h,hod_16h,hod_17h,hod_18h,hod_19h,hod_20h,hod_21h,hod_22h,hod_23h,dow_mon,dow_tue,dow_wed,dow_thu,dow_fri,dow_sat,dow_sun
S12000026,S02002320,3298.39285714,18044.25,5690.0,9.25,8.78571428571,5.67857142857,5.39285714286,7.32142857143,20.8928571429,52.25,145.607142857,257.964285714,197.857142857,219.928571429,232.25,249.678571429,263.142857143,248.857142857,252.821428571,273.642857143,261.25,182.964285714,137.535714286,109.321428571,79.2142857143,50.5714285714,26.2142857143,3435.5,3568.25,4352.0,3381.5,3307.0,2790.0,2254.5
