zone_id,area_id,total,daytype_inweek,daytype_weekend,hod_00h,hod_01h,hod_02h,hod_03h,hod_04h,hod_05h,hod_06h,hod_07h,hod_08h,hod_09h,hod_10h,hod_11h,hod_12h,hod_13h,hod_14h,hod_15h,hod_16h,hod_17h,hod_18h,hod_19h,hod_20h,hod_21h,hod_22h,hod_23h,dow_mon,dow_tue,dow_wed,dow_thu,dow_fri,dow_sat,dow_sun
S12000034,S02001324,570.857142857,2994.75,1015.25,1.64285714286,1.82142857143,1.14285714286,1.42857142857,3.25,7.0,12.1071428571,22.75,34.4285714286,32.0357142857,34.3571428571,37.2142857143,39.1428571429,40.6785714286,43.2142857143,44.0357142857,46.3214285714,46.6428571429,36.4642857143,27.1785714286,22.0714285714,19.9642857143,11.1428571429,4.82142857143,564.75,601.5,719.0,558.25,551.25,550.75,450.5
