zone_id,area_id,total,daytype_inweek,daytype_weekend,hod_00h,hod_01h,hod_02h,hod_03h,hod_04h,hod_05h,hod_06h,hod_07h,hod_08h,hod_09h,hod_10h,hod_11h,hod_12h,hod_13h,hod_14h,hod_15h,hod_16h,hod_17h,hod_18h,hod_19h,hod_20h,hod_21h,hod_22h,hod_23h,dow_mon,dow_tue,dow_wed,dow_thu,dow_fri,dow_sat,dow_sun
E07000219,E02006482,2907.78571429,15556.5,4890.75,14.6785714286,15.5357142857,12.5714285714,11.4285714286,9.96428571429,34.0714285714,53.1071428571,99.8928571429,136.0,157.714285714,174.25,191.571428571,204.035714286,208.75,212.178571429,202.464285714,207.5,214.928571429,195.285714286,166.857142857,137.321428571,109.071428571,87.3214285714,51.2857142857,2731.75,3059.25,3791.5,2946.5,3027.5,2639.0,2159.0
