zone_id,area_id,total,daytype_inweek,daytype_weekend,hod_00h,hod_01h,hod_02h,hod_03h,hod_04h,hod_05h,hod_06h,hod_07h,hod_08h,hod_09h,hod_10h,hod_11h,hod_12h,hod_13h,hod_14h,hod_15h,hod_16h,hod_17h,hod_18h,hod_19h,hod_20h,hod_21h,hod_22h,hod_23h,dow_mon,dow_tue,dow_wed,dow_thu,dow_fri,dow_sat,dow_sun
S12000011,S02001563,706.928571429,3765.0,1361.75,3.39285714286,3.10714285714,2.42857142857,1.39285714286,1.60714285714,1.35714285714,4.17857142857,17.5,44.75,40.3928571429,46.8928571429,46.4642857143,50.1785714286,47.4285714286,51.7857142857,54.5,51.8571428571,51.9642857143,45.3571428571,46.0,35.2857142857,24.0714285714,21.8571428571,13.1785714286,794.25,773.5,876.75,663.25,657.25,616.0,567.5
