zone_id,area_id,total,daytype_inweek,daytype_weekend,hod_00h,hod_01h,hod_02h,hod_03h,hod_04h,hod_05h,hod_06h,hod_07h,hod_08h,hod_09h,hod_10h,hod_11h,hod_12h,hod_13h,hod_14h,hod_15h,hod_16h,hod_17h,hod_18h,hod_19h,hod_20h,hod_21h,hod_22h,hod_23h,dow_mon,dow_tue,dow_wed,dow_thu,dow_fri,dow_sat,dow_sun
E08000005,E02001139,4793.25,25645.0,8207.25,39.4642857143,37.7142857143,24.6428571429,16.0357142857,20.6071428571,38.5,67.7857142857,144.321428571,186.785714286,224.285714286,254.464285714,301.464285714,326.928571429,338.964285714,349.035714286,353.392857143,354.678571429,360.035714286,325.392857143,288.178571429,257.857142857,210.357142857,165.678571429,106.678571429,4672.5,4924.75,6241.0,4851.0,4955.75,4373.0,3534.75
