zone_id,area_id,total,daytype_inweek,daytype_weekend,hod_00h,hod_01h,hod_02h,hod_03h,hod_04h,hod_05h,hod_06h,hod_07h,hod_08h,hod_09h,hod_10h,hod_11h,hod_12h,hod_13h,hod_14h,hod_15h,hod_16h,hod_17h,hod_18h,hod_19h,hod_20h,hod_21h,hod_22h,hod_23h,dow_mon,dow_tue,dow_wed,dow_thu,dow_fri,dow_sat,dow_sun
E07000222,E02006528,4590.89285714,24509.5,7726.0,22.25,22.8571428571,17.0,16.7142857143,14.7142857143,28.0357142857,62.6785714286,162.928571429,270.392857143,263.75,284.035714286,305.714285714,331.821428571,327.607142857,310.821428571,320.928571429,332.321428571,369.0,313.5,267.321428571,208.035714286,156.5,115.642857143,66.3214285714,4418.75,4826.75,6143.75,4541.0,4579.25,4319.5,3307.25
