zone_id,area_id,total,daytype_inweek,daytype_weekend,hod_00h,hod_01h,hod_02h,hod_03h,hod_04h,hod_05h,hod_06h,hod_07h,hod_08h,hod_09h,hod_10h,hod_11h,hod_12h,hod_13h,hod_14h,hod_15h,hod_16h,hod_17h,hod_18h,hod_19h,hod_20h,hod_21h,hod_22h,hod_23h,dow_mon,dow_tue,dow_wed,dow_thu,dow_fri,dow_sat,dow_sun
S12000034,S02001294,720.321428571,3856.5,1284.25,2.42857142857,2.42857142857,0.928571428571,1.21428571429,1.67857142857,9.14285714286,29.2857142857,39.8214285714,41.1428571429,39.6428571429,40.5357142857,42.5,47.4285714286,47.2142857143,44.9285714286,55.1428571429,59.5,58.7142857143,48.0714285714,38.25,28.75,22.3571428571,13.0714285714,6.14285714286,715.0,764.25,964.25,720.5,692.5,616.5,569.25
