zone_id,area_id,total,daytype_inweek,daytype_weekend,hod_00h,hod_01h,hod_02h,hod_03h,hod_04h,hod_05h,hod_06h,hod_07h,hod_08h,hod_09h,hod_10h,hod_11h,hod_12h,hod_13h,hod_14h,hod_15h,hod_16h,hod_17h,hod_18h,hod_19h,hod_20h,hod_21h,hod_22h,hod_23h,dow_mon,dow_tue,dow_wed,dow_thu,dow_fri,dow_sat,dow_sun
E07000192,E02006119,1552.96428571,8106.75,2810.0,7.85714285714,6.03571428571,3.60714285714,2.60714285714,5.53571428571,16.4285714286,26.0714285714,50.5357142857,71.6428571429,77.6785714286,91.2857142857,102.821428571,112.321428571,115.142857143,108.321428571,109.535714286,116.75,121.5,109.285714286,95.7857142857,70.3214285714,60.9642857143,42.6071428571,28.3214285714,1489.75,1586.25,1972.25,1553.0,1505.5,1443.75,1320.25
