zone_id,area_id,total,daytype_inweek,daytype_weekend,hod_00h,hod_01h,hod_02h,hod_03h,hod_04h,hod_05h,hod_06h,hod_07h,hod_08h,hod_09h,hod_10h,hod_11h,hod_12h,hod_13h,hod_14h,hod_15h,hod_16h,hod_17h,hod_18h,hod_19h,hod_20h,hod_21h,hod_22h,hod_23h,dow_mon,dow_tue,dow_wed,dow_thu,dow_fri,dow_sat,dow_sun
E07000118,E02005202,2534.03571429,13476.75,4404.75,10.8928571429,12.6785714286,7.21428571429,7.10714285714,8.0,15.0357142857,26.3214285714,81.2857142857,123.678571429,131.678571429,153.821428571,169.821428571,179.928571429,184.75,182.107142857,172.321428571,191.214285714,195.142857143,173.571428571,153.25,124.214285714,103.357142857,75.9642857143,50.6785714286,2449.0,2723.25,3286.25,2495.25,2523.0,2305.75,1955.75
