zone_id,area_id,total,daytype_inweek,daytype_weekend,hod_00h,hod_01h,hod_02h,hod_03h,hod_04h,hod_05h,hod_06h,hod_07h,hod_08h,hod_09h,hod_10h,hod_11h,hod_12h,hod_13h,hod_14h,hod_15h,hod_16h,hod_17h,hod_18h,hod_19h,hod_20h,hod_21h,hod_22h,hod_23h,dow_mon,dow_tue,dow_wed,dow_thu,dow_fri,dow_sat,dow_sun
E06000055,E02003627,7585.28571429,39755.25,12733.0,32.5714285714,37.8928571429,29.8214285714,22.7142857143,30.5,54.1071428571,104.357142857,228.035714286,381.928571429,435.285714286,487.607142857,535.321428571,566.321428571,566.357142857,553.642857143,536.678571429,554.285714286,561.928571429,487.607142857,422.464285714,357.928571429,274.75,197.392857143,125.785714286,6966.0,7729.75,9792.0,7301.25,7966.25,7574.75,5767.0
