zone_id,area_id,total,daytype_inweek,daytype_weekend,hod_00h,hod_01h,hod_02h,hod_03h,hod_04h,hod_05h,hod_06h,hod_07h,hod_08h,hod_09h,hod_10h,hod_11h,hod_12h,hod_13h,hod_14h,hod_15h,hod_16h,hod_17h,hod_18h,hod_19h,hod_20h,hod_21h,hod_22h,hod_23h,dow_mon,dow_tue,dow_wed,dow_thu,dow_fri,dow_sat,dow_sun
E06000040,E02003433,1933.92857143,10269.5,3362.75,10.7857142857,7.46428571429,7.5,5.0,6.14285714286,11.5357142857,28.25,74.7857142857,105.25,124.214285714,134.035714286,136.357142857,138.428571429,131.964285714,126.178571429,126.821428571,136.25,137.464285714,127.892857143,115.071428571,91.6071428571,68.7142857143,51.3928571429,30.8214285714,1877.25,1991.25,2548.25,1904.75,1948.0,1782.5,1485.5
