zone_id,area_id,total,daytype_inweek,daytype_weekend,hod_00h,hod_01h,hod_02h,hod_03h,hod_04h,hod_05h,hod_06h,hod_07h,hod_08h,hod_09h,hod_10h,hod_11h,hod_12h,hod_13h,hod_14h,hod_15h,hod_16h,hod_17h,hod_18h,hod_19h,hod_20h,hod_21h,hod_22h,hod_23h,dow_mon,dow_tue,dow_wed,dow_thu,dow_fri,dow_sat,dow_sun
S12000015,S02001834,1023.60714286,5409.5,1831.0,4.25,6.10714285714,3.25,1.89285714286,3.07142857143,5.85714285714,13.6428571429,37.9642857143,56.3214285714,60.6071428571,64.1071428571,69.6785714286,76.7857142857,76.3571428571,79.1428571429,85.4285714286,84.8928571429,76.5714285714,60.7142857143,51.0357142857,40.1428571429,31.6785714286,22.0714285714,12.0357142857,1048.0,1061.25,1294.0,973.5,1032.75,972.75,783.0
