zone_id,area_id,total,daytype_inweek,daytype_weekend,hod_00h,hod_01h,hod_02h,hod_03h,hod_04h,hod_05h,hod_06h,hod_07h,hod_08h,hod_09h,hod_10h,hod_11h,hod_12h,hod_13h,hod_14h,hod_15h,hod_16h,hod_17h,hod_18h,hod_19h,hod_20h,hod_21h,hod_22h,hod_23h,dow_mon,dow_tue,dow_wed,dow_thu,dow_fri,dow_sat,dow_sun
S12000044,S02002183,1720.28571429,9309.25,2987.75,9.78571428571,9.89285714286,6.75,5.21428571429,6.0,15.8571428571,31.2142857143,70.75,106.678571429,84.5714285714,84.7857142857,91.0714285714,100.892857143,109.678571429,118.178571429,125.25,136.892857143,136.035714286,124.0,108.035714286,88.9642857143,72.3214285714,48.8214285714,28.6428571429,1738.25,1803.5,2242.5,1776.5,1748.5,1483.25,1249.5
