zone_id,area_id,total,daytype_inweek,daytype_weekend,hod_00h,hod_01h,hod_02h,hod_03h,hod_04h,hod_05h,hod_06h,hod_07h,hod_08h,hod_09h,hod_10h,hod_11h,hod_12h,hod_13h,hod_14h,hod_15h,hod_16h,hod_17h,hod_18h,hod_19h,hod_20h,hod_21h,hod_22h,hod_23h,dow_mon,dow_tue,dow_wed,dow_thu,dow_fri,dow_sat,dow_sun
E07000211,E02006380,2453.5,13144.25,4214.0,14.6428571429,10.7142857143,6.89285714286,5.71428571429,7.89285714286,15.3214285714,35.1071428571,101.5,160.035714286,155.0,163.785714286,164.142857143,176.321428571,165.178571429,163.178571429,156.285714286,165.285714286,182.321428571,161.214285714,142.785714286,114.607142857,79.5357142857,63.5,42.5357142857,2357.5,2629.0,3257.75,2479.0,2421.0,2173.75,1856.5
