zone_id,area_id,total,daytype_inweek,daytype_weekend,hod_00h,hod_01h,hod_02h,hod_03h,hod_04h,hod_05h,hod_06h,hod_07h,hod_08h,hod_09h,hod_10h,hod_11h,hod_12h,hod_13h,hod_14h,hod_15h,hod_16h,hod_17h,hod_18h,hod_19h,hod_20h,hod_21h,hod_22h,hod_23h,dow_mon,dow_tue,dow_wed,dow_thu,dow_fri,dow_sat,dow_sun
E06000026,E02003149,6794.82142857,36376.0,11340.5,32.7142857143,32.3214285714,27.0357142857,24.1428571429,22.7857142857,40.4642857143,113.464285714,235.571428571,342.571428571,353.035714286,408.25,473.107142857,498.75,497.0,492.678571429,492.642857143,525.928571429,505.178571429,429.535714286,364.0,296.428571429,240.392857143,215.964285714,130.857142857,6384.75,7615.0,8835.0,6757.5,6783.75,6232.0,4955.75
