zone_id,area_id,total,daytype_inweek,daytype_weekend,hod_00h,hod_01h,hod_02h,hod_03h,hod_04h,hod_05h,hod_06h,hod_07h,hod_08h,hod_09h,hod_10h,hod_11h,hod_12h,hod_13h,hod_14h,hod_15h,hod_16h,hod_17h,hod_18h,hod_19h,hod_20h,hod_21h,hod_22h,hod_23h,dow_mon,dow_tue,dow_wed,dow_thu,dow_fri,dow_sat,dow_sun
E09000016,E02000465,1807.25,9458.0,3239.25,13.2857142857,10.1428571429,6.53571428571,5.64285714286,6.21428571429,11.9642857143,29.1785714286,56.25,88.8214285714,97.5714285714,112.535714286,119.285714286,127.75,124.535714286,122.857142857,120.5,125.428571429,129.428571429,125.678571429,115.357142857,99.4285714286,76.1785714286,54.75,27.9285714286,1784.25,1748.0,2329.75,1775.0,1821.0,1737.75,1455.0
