zone_id,area_id,total,daytype_inweek,daytype_weekend,hod_00h,hod_01h,hod_02h,hod_03h,hod_04h,hod_05h,hod_06h,hod_07h,hod_08h,hod_09h,hod_10h,hod_11h,hod_12h,hod_13h,hod_14h,hod_15h,hod_16h,hod_17h,hod_18h,hod_19h,hod_20h,hod_21h,hod_22h,hod_23h,dow_mon,dow_tue,dow_wed,dow_thu,dow_fri,dow_sat,dow_sun
E08000012,E02001400,3358.92857143,17950.25,5675.75,20.7142857143,21.1785714286,14.6428571429,15.0714285714,12.3214285714,26.3571428571,59.3571428571,118.142857143,164.75,166.642857143,181.964285714,208.392857143,234.785714286,238.5,244.5,244.714285714,255.607142857,274.428571429,229.785714286,204.785714286,155.035714286,122.25,90.0357142857,54.9642857143,3198.5,3446.0,4389.75,3438.75,3477.25,3085.0,2477.25
