zone_id,area_id,total,daytype_inweek,daytype_weekend,hod_00h,hod_01h,hod_02h,hod_03h,hod_04h,hod_05h,hod_06h,hod_07h,hod_08h,hod_09h,hod_10h,hod_11h,hod_12h,hod_13h,hod_14h,hod_15h,hod_16h,hod_17h,hod_18h,hod_19h,hod_20h,hod_21h,hod_22h,hod_23h,dow_mon,dow_tue,dow_wed,dow_thu,dow_fri,dow_sat,dow_sun
E07000039,E02004119,1833.92857143,10055.0,3148.0,8.35714285714,8.32142857143,5.85714285714,7.17857142857,8.14285714286,18.3571428571,33.0714285714,60.1785714286,89.2857142857,103.25,110.607142857,118.214285714,118.285714286,123.607142857,125.857142857,122.5,130.785714286,140.535714286,120.357142857,111.392857143,91.0,82.6785714286,61.3214285714,34.7857142857,1803.75,1958.0,2610.0,1918.0,1765.25,1438.25,1344.25
