zone_id,area_id,total,daytype_inweek,daytype_weekend,hod_00h,hod_01h,hod_02h,hod_03h,hod_04h,hod_05h,hod_06h,hod_07h,hod_08h,hod_09h,hod_10h,hod_11h,hod_12h,hod_13h,hod_14h,hod_15h,hod_16h,hod_17h,hod_18h,hod_19h,hod_20h,hod_21h,hod_22h,hod_23h,dow_mon,dow_tue,dow_wed,dow_thu,dow_fri,dow_sat,dow_sun
S12000041,S02001362,987.464285714,5243.5,1712.75,3.82142857143,3.0,1.39285714286,0.928571428571,1.32142857143,4.71428571429,19.75,49.6071428571,64.5714285714,49.6785714286,56.1785714286,61.0357142857,69.2857142857,71.7857142857,72.8928571429,81.5,87.1071428571,79.7142857143,61.2142857143,47.0714285714,39.0,30.8214285714,20.8214285714,10.25,948.75,987.5,1295.25,981.75,1030.25,904.75,764.0
