zone_id,area_id,total,daytype_inweek,daytype_weekend,hod_00h,hod_01h,hod_02h,hod_03h,hod_04h,hod_05h,hod_06h,hod_07h,hod_08h,hod_09h,hod_10h,hod_11h,hod_12h,hod_13h,hod_14h,hod_15h,hod_16h,hod_17h,hod_18h,hod_19h,hod_20h,hod_21h,hod_22h,hod_23h,dow_mon,dow_tue,dow_wed,dow_thu,dow_fri,dow_sat,dow_sun
E09000002,E02000005,2002.25,10382.75,3590.25,16.8571428571,16.1785714286,10.6071428571,7.96428571429,10.6428571429,19.3571428571,28.6785714286,57.3571428571,87.0,102.285714286,120.785714286,129.678571429,136.785714286,141.785714286,135.571428571,125.535714286,136.285714286,139.821428571,136.178571429,130.642857143,110.571428571,90.3571428571,69.3571428571,41.9642857143,1901.5,2011.0,2518.5,1974.25,1977.5,1944.25,1688.75
