zone_id,area_id,total,daytype_inweek,daytype_weekend,hod_00h,hod_01h,hod_02h,hod_03h,hod_04h,hod_05h,hod_06h,hod_07h,hod_08h,hod_09h,hod_10h,hod_11h,hod_12h,hod_13h,hod_14h,hod_15h,hod_16h,hod_17h,hod_18h,hod_19h,hod_20h,hod_21h,hod_22h,hod_23h,dow_mon,dow_tue,dow_wed,dow_thu,dow_fri,dow_sat,dow_sun
E08000003,E02006913,4775.39285714,26009.0,7929.5,37.6785714286,45.4285714286,35.9642857143,29.4642857143,26.6428571429,32.1428571429,64.2142857143,150.821428571,247.5,252.321428571,264.071428571,283.321428571,331.321428571,326.892857143,328.428571429,337.142857143,337.892857143,357.892857143,330.678571429,284.25,222.785714286,182.392857143,154.25,111.892857143,4505.0,5213.25,6415.75,4976.25,4898.75,3994.25,3424.5
