zone_id,area_id,total,daytype_inweek,daytype_weekend,hod_00h,hod_01h,hod_02h,hod_03h,hod_04h,hod_05h,hod_06h,hod_07h,hod_08h,hod_09h,hod_10h,hod_11h,hod_12h,hod_13h,hod_14h,hod_15h,hod_16h,hod_17h,hod_18h,hod_19h,hod_20h,hod_21h,hod_22h,hod_23h,dow_mon,dow_tue,dow_wed,dow_thu,dow_fri,dow_sat,dow_sun
E06000045,E02003553,1995.28571429,10730.5,3380.0,11.5357142857,11.1071428571,8.39285714286,7.53571428571,7.5,14.7142857143,23.5357142857,66.1785714286,112.035714286,109.857142857,121.535714286,117.75,126.178571429,130.964285714,132.321428571,130.0,144.107142857,154.892857143,142.785714286,125.857142857,107.071428571,84.8214285714,64.4285714286,40.1785714286,1922.75,2126.75,2623.25,2012.0,2045.75,1779.25,1457.25
