zone_id,area_id,total,daytype_inweek,daytype_weekend,hod_00h,hod_01h,hod_02h,hod_03h,hod_04h,hod_05h,hod_06h,hod_07h,hod_08h,hod_09h,hod_10h,hod_11h,hod_12h,hod_13h,hod_14h,hod_15h,hod_16h,hod_17h,hod_18h,hod_19h,hod_20h,hod_21h,hod_22h,hod_23h,dow_mon,dow_tue,dow_wed,dow_thu,dow_fri,dow_sat,dow_sun
E06000016,E02002857,4966.85714286,26055.75,8374.75,29.25,38.3214285714,30.0,23.4285714286,24.0714285714,50.1428571429,87.9642857143,183.5,241.928571429,255.678571429,263.571428571,297.464285714,332.5,330.821428571,336.535714286,346.642857143,370.5,375.928571429,349.964285714,295.142857143,256.321428571,199.892857143,151.178571429,96.1071428571,4646.25,5119.25,6321.5,4817.5,5151.25,4983.75,3728.5
