zone_id,area_id,total,daytype_inweek,daytype_weekend,hod_00h,hod_01h,hod_02h,hod_03h,hod_04h,hod_05h,hod_06h,hod_07h,hod_08h,hod_09h,hod_10h,hod_11h,hod_12h,hod_13h,hod_14h,hod_15h,hod_16h,hod_17h,hod_18h,hod_19h,hod_20h,hod_21h,hod_22h,hod_23h,dow_mon,dow_tue,dow_wed,dow_thu,dow_fri,dow_sat,dow_sun
E07000093,E02004814,1808.32142857,9719.25,3170.5,7.85714285714,5.75,6.25,5.78571428571,5.82142857143,17.0714285714,35.25,87.0357142857,99.2142857143,94.2142857143,103.428571429,112.928571429,124.392857143,125.607142857,117.428571429,120.107142857,135.178571429,146.214285714,122.428571429,108.035714286,86.5,63.4285714286,52.2142857143,26.1785714286,1785.75,1855.75,2363.75,1860.5,1853.5,1554.25,1384.75
