zone_id,area_id,total,daytype_inweek,daytype_weekend,hod_00h,hod_01h,hod_02h,hod_03h,hod_04h,hod_05h,hod_06h,hod_07h,hod_08h,hod_09h,hod_10h,hod_11h,hod_12h,hod_13h,hod_14h,hod_15h,hod_16h,hod_17h,hod_18h,hod_19h,hod_20h,hod_21h,hod_22h,hod_23h,dow_mon,dow_tue,dow_wed,dow_thu,dow_fri,dow_sat,dow_sun
E09000010,E02000302,2135.60714286,11090.0,3840.25,21.3571428571,17.0,10.2857142857,8.78571428571,8.82142857143,13.1428571429,25.0,53.7142857143,84.8571428571,113.5,124.5,138.107142857,146.107142857,148.0,150.857142857,141.892857143,141.964285714,146.285714286,149.5,145.142857143,121.964285714,99.8928571429,75.8928571429,49.0357142857,2061.0,2235.75,2726.5,2046.75,2020.0,2080.0,1779.25
