zone_id,area_id,total,daytype_inweek,daytype_weekend,hod_00h,hod_01h,hod_02h,hod_03h,hod_04h,hod_05h,hod_06h,hod_07h,hod_08h,hod_09h,hod_10h,hod_11h,hod_12h,hod_13h,hod_14h,hod_15h,hod_16h,hod_17h,hod_18h,hod_19h,hod_20h,hod_21h,hod_22h,hod_23h,dow_mon,dow_tue,dow_wed,dow_thu,dow_fri,dow_sat,dow_sun
E07000073,E02004544,2349.85714286,12341.5,3948.75,12.1071428571,14.3928571429,8.07142857143,7.46428571429,9.03571428571,16.9642857143,31.6785714286,78.1428571429,108.928571429,128.0,145.321428571,158.607142857,175.357142857,170.321428571,169.428571429,163.964285714,165.0,168.642857143,159.392857143,139.964285714,124.642857143,90.6785714286,62.9642857143,40.7857142857,2204.5,2276.75,2959.75,2395.75,2504.75,2363.25,1744.25
