zone_id,area_id,total,daytype_inweek,daytype_weekend,hod_00h,hod_01h,hod_02h,hod_03h,hod_04h,hod_05h,hod_06h,hod_07h,hod_08h,hod_09h,hod_10h,hod_11h,hod_12h,hod_13h,hod_14h,hod_15h,hod_16h,hod_17h,hod_18h,hod_19h,hod_20h,hod_21h,hod_22h,hod_23h,dow_mon,dow_tue,dow_wed,dow_thu,dow_fri,dow_sat,dow_sun
E08000027,E02002041,1843.5,9619.25,3171.5,11.1785714286,9.35714285714,8.46428571429,5.57142857143,4.21428571429,9.57142857143,29.2857142857,56.4642857143,95.4642857143,100.928571429,111.142857143,125.714285714,128.642857143,126.071428571,123.607142857,127.214285714,134.392857143,134.571428571,125.964285714,117.607142857,96.5357142857,73.9285714286,52.2142857143,35.3928571429,1722.25,1800.75,2376.25,1831.25,1888.75,1836.0,1449.25
