zone_id,area_id,total,daytype_inweek,daytype_weekend,hod_00h,hod_01h,hod_02h,hod_03h,hod_04h,hod_05h,hod_06h,hod_07h,hod_08h,hod_09h,hod_10h,hod_11h,hod_12h,hod_13h,hod_14h,hod_15h,hod_16h,hod_17h,hod_18h,hod_19h,hod_20h,hod_21h,hod_22h,hod_23h,dow_mon,dow_tue,dow_wed,dow_thu,dow_fri,dow_sat,dow_sun
E07000193,E02006136,1666.5,9274.5,2790.0,6.71428571429,6.78571428571,6.25,4.82142857143,7.0,18.0714285714,37.1428571429,70.3214285714,94.9285714286,103.535714286,107.857142857,107.857142857,112.964285714,111.285714286,115.25,113.964285714,123.428571429,132.071428571,97.6071428571,82.25,70.9285714286,59.2857142857,46.4285714286,29.75,1732.0,1836.0,2266.0,1826.25,1614.25,1333.0,1058.0
