zone_id,area_id,total,daytype_inweek,daytype_weekend,hod_00h,hod_01h,hod_02h,hod_03h,hod_04h,hod_05h,hod_06h,hod_07h,hod_08h,hod_09h,hod_10h,hod_11h,hod_12h,hod_13h,hod_14h,hod_15h,hod_16h,hod_17h,hod_18h,hod_19h,hod_20h,hod_21h,hod_22h,hod_23h,dow_mon,dow_tue,dow_wed,dow_thu,dow_fri,dow_sat,dow_sun
E07000237,E02006744,3507.64285714,18182.0,5986.0,13.4642857143,20.1071428571,14.0714285714,12.0,15.6071428571,23.7142857143,47.5357142857,108.785714286,187.464285714,192.285714286,222.25,247.964285714,266.964285714,261.535714286,257.857142857,247.785714286,252.285714286,251.214285714,224.142857143,191.214285714,152.857142857,122.25,106.25,68.0357142857,3264.0,3440.75,4474.5,3360.5,3642.25,3649.5,2722.0
