zone_id,area_id,total,daytype_inweek,daytype_weekend,hod_00h,hod_01h,hod_02h,hod_03h,hod_04h,hod_05h,hod_06h,hod_07h,hod_08h,hod_09h,hod_10h,hod_11h,hod_12h,hod_13h,hod_14h,hod_15h,hod_16h,hod_17h,hod_18h,hod_19h,hod_20h,hod_21h,hod_22h,hod_23h,dow_mon,dow_tue,dow_wed,dow_thu,dow_fri,dow_sat,dow_sun
S12000019,S02002070,1571.21428571,8322.25,2848.75,6.57142857143,7.28571428571,6.92857142857,3.71428571429,5.85714285714,10.5714285714,23.25,58.4285714286,82.1071428571,86.6428571429,94.0714285714,100.071428571,114.428571429,116.928571429,108.357142857,118.964285714,115.821428571,116.571428571,106.071428571,92.3928571429,77.3928571429,60.6785714286,37.5,20.6071428571,1628.5,1591.25,1967.5,1487.0,1648.0,1456.0,1220.25
