zone_id,area_id,total,daytype_inweek,daytype_weekend,hod_00h,hod_01h,hod_02h,hod_03h,hod_04h,hod_05h,hod_06h,hod_07h,hod_08h,hod_09h,hod_10h,hod_11h,hod_12h,hod_13h,hod_14h,hod_15h,hod_16h,hod_17h,hod_18h,hod_19h,hod_20h,hod_21h,hod_22h,hod_23h,dow_mon,dow_tue,dow_wed,dow_thu,dow_fri,dow_sat,dow_sun
E07000121,E02005229,1627.28571429,8798.0,2784.0,7.92857142857,7.35714285714,7.03571428571,7.03571428571,5.53571428571,11.5357142857,24.0,62.6785714286,78.0,83.4285714286,95.1071428571,106.785714286,112.321428571,116.678571429,117.357142857,123.357142857,125.071428571,127.821428571,106.214285714,88.8928571429,72.0,63.8214285714,49.4642857143,27.8571428571,1600.75,1761.75,2150.5,1701.0,1584.0,1409.75,1183.25
