zone_id,area_id,total,daytype_inweek,daytype_weekend,hod_00h,hod_01h,hod_02h,hod_03h,hod_04h,hod_05h,hod_06h,hod_07h,hod_08h,hod_09h,hod_10h,hod_11h,hod_12h,hod_13h,hod_14h,hod_15h,hod_16h,hod_17h,hod_18h,hod_19h,hod_20h,hod_21h,hod_22h,hod_23h,dow_mon,dow_tue,dow_wed,dow_thu,dow_fri,dow_sat,dow_sun
E08000025,E02001873,7594.57142857,40683.75,13034.5,84.8571428571,92.7142857143,62.5357142857,49.3571428571,48.6428571429,85.6428571429,142.464285714,257.107142857,339.142857143,369.035714286,396.0,419.785714286,456.964285714,488.107142857,502.035714286,499.678571429,560.571428571,552.392857143,518.357142857,451.214285714,387.321428571,339.892857143,283.892857143,206.857142857,7312.5,8034.25,9834.25,7646.5,7856.25,6756.25,5722.0
