zone_id,area_id,total,daytype_inweek,daytype_weekend,hod_00h,hod_01h,hod_02h,hod_03h,hod_04h,hod_05h,hod_06h,hod_07h,hod_08h,hod_09h,hod_10h,hod_11h,hod_12h,hod_13h,hod_14h,hod_15h,hod_16h,hod_17h,hod_18h,hod_19h,hod_20h,hod_21h,hod_22h,hod_23h,dow_mon,dow_tue,dow_wed,dow_thu,dow_fri,dow_sat,dow_sun
E08000005,E02001142,2077.71428571,11147.0,3600.75,15.0357142857,13.9642857143,10.2142857143,8.03571428571,9.53571428571,13.9285714286,27.4285714286,62.6785714286,95.7142857143,112.964285714,129.535714286,132.964285714,136.107142857,141.178571429,140.321428571,141.392857143,146.535714286,152.75,151.107142857,132.75,106.357142857,87.8928571429,67.8571428571,41.4642857143,2037.0,2223.5,2695.25,2117.0,2074.25,1833.25,1563.75
