zone_id,area_id,total,daytype_inweek,daytype_weekend,hod_00h,hod_01h,hod_02h,hod_03h,hod_04h,hod_05h,hod_06h,hod_07h,hod_08h,hod_09h,hod_10h,hod_11h,hod_12h,hod_13h,hod_14h,hod_15h,hod_16h,hod_17h,hod_18h,hod_19h,hod_20h,hod_21h,hod_22h,hod_23h,dow_mon,dow_tue,dow_wed,dow_thu,dow_fri,dow_sat,dow_sun
E06000057,E02005706,5441.14285714,28264.0,9795.75,17.4285714286,19.75,12.8571428571,12.4285714286,12.75,24.4285714286,57.7142857143,152.928571429,238.428571429,312.857142857,426.714285714,458.535714286,468.107142857,458.25,465.428571429,459.321428571,456.071428571,385.678571429,298.285714286,231.535714286,188.428571429,137.214285714,93.7857142857,52.2142857143,5349.5,5463.0,7044.25,5198.0,5209.25,5377.75,4446.25
