zone_id,area_id,total,daytype_inweek,daytype_weekend,hod_00h,hod_01h,hod_02h,hod_03h,hod_04h,hod_05h,hod_06h,hod_07h,hod_08h,hod_09h,hod_10h,hod_11h,hod_12h,hod_13h,hod_14h,hod_15h,hod_16h,hod_17h,hod_18h,hod_19h,hod_20h,hod_21h,hod_22h,hod_23h,dow_mon,dow_tue,dow_wed,dow_thu,dow_fri,dow_sat,dow_sun
E06000035,E02003320,8088.75,43298.75,13564.75,45.1785714286,42.3571428571,36.3571428571,32.2857142857,32.6071428571,56.3571428571,125.035714286,309.75,404.071428571,449.0,505.178571429,543.607142857,591.75,592.714285714,570.535714286,569.964285714,600.0,590.571428571,527.285714286,457.857142857,370.571428571,299.678571429,204.821428571,131.214285714,7740.0,8544.0,10622.75,8043.75,8348.25,7497.75,5824.75
