zone_id,area_id,total,daytype_inweek,daytype_weekend,hod_00h,hod_01h,hod_02h,hod_03h,hod_04h,hod_05h,hod_06h,hod_07h,hod_08h,hod_09h,hod_10h,hod_11h,hod_12h,hod_13h,hod_14h,hod_15h,hod_16h,hod_17h,hod_18h,hod_19h,hod_20h,hod_21h,hod_22h,hod_23h,dow_mon,dow_tue,dow_wed,dow_thu,dow_fri,dow_sat,dow_sun
S12000006,S02001406,1078.53571429,5784.5,1856.25,9.17857142857,9.17857142857,5.89285714286,3.60714285714,5.53571428571,8.96428571429,17.6071428571,34.0714285714,55.9642857143,63.2857142857,73.5,72.1785714286,77.6428571429,80.1071428571,86.6785714286,85.1785714286,85.1785714286,77.0,62.7857142857,41.8214285714,41.3214285714,35.5,34.7857142857,11.5714285714,1077.25,1034.5,1371.25,1191.5,1110.0,986.25,779.0
