zone_id,area_id,total,daytype_inweek,daytype_weekend,hod_00h,hod_01h,hod_02h,hod_03h,hod_04h,hod_05h,hod_06h,hod_07h,hod_08h,hod_09h,hod_10h,hod_11h,hod_12h,hod_13h,hod_14h,hod_15h,hod_16h,hod_17h,hod_18h,hod_19h,hod_20h,hod_21h,hod_22h,hod_23h,dow_mon,dow_tue,dow_wed,dow_thu,dow_fri,dow_sat,dow_sun
S12000017,S02002008,1379.53571429,7567.5,2404.5,0.607142857143,2.03571428571,2.25,2.07142857143,3.64285714286,6.53571428571,18.4285714286,40.8214285714,66.5,88.25,116.464285714,117.928571429,128.392857143,132.857142857,125.285714286,118.321428571,113.821428571,105.964285714,79.5357142857,49.75,32.4642857143,18.8571428571,7.57142857143,1.17857142857,1430.25,1529.75,1820.0,1479.0,1308.5,1115.0,974.25
