zone_id,area_id,total,daytype_inweek,daytype_weekend,hod_00h,hod_01h,hod_02h,hod_03h,hod_04h,hod_05h,hod_06h,hod_07h,hod_08h,hod_09h,hod_10h,hod_11h,hod_12h,hod_13h,hod_14h,hod_15h,hod_16h,hod_17h,hod_18h,hod_19h,hod_20h,hod_21h,hod_22h,hod_23h,dow_mon,dow_tue,dow_wed,dow_thu,dow_fri,dow_sat,dow_sun
E06000025,E02003102,2611.32142857,13965.25,4509.25,12.0,10.4285714286,8.10714285714,6.35714285714,7.96428571429,16.3571428571,46.6785714286,101.392857143,140.714285714,148.5,165.214285714,178.714285714,182.142857143,184.571428571,181.964285714,176.25,183.928571429,193.75,170.214285714,154.857142857,122.178571429,98.9285714286,76.1428571429,43.9642857143,2540.25,2711.25,3463.5,2610.25,2640.0,2345.0,1969.0
