zone_id,area_id,total,daytype_inweek,daytype_weekend,hod_00h,hod_01h,hod_02h,hod_03h,hod_04h,hod_05h,hod_06h,hod_07h,hod_08h,hod_09h,hod_10h,hod_11h,hod_12h,hod_13h,hod_14h,hod_15h,hod_16h,hod_17h,hod_18h,hod_19h,hod_20h,hod_21h,hod_22h,hod_23h,dow_mon,dow_tue,dow_wed,dow_thu,dow_fri,dow_sat,dow_sun
E09000022,E02000648,1635.85714286,8530.75,3011.75,23.5357142857,19.6071428571,12.1428571429,11.9642857143,10.0714285714,11.1428571429,20.0,46.4642857143,71.0357142857,79.7857142857,96.9285714286,96.25,99.25,104.75,104.785714286,99.4642857143,104.214285714,105.607142857,110.428571429,107.5,94.5,82.7142857143,72.6071428571,51.1071428571,1598.75,1678.0,2083.25,1537.25,1633.5,1507.25,1413.0
