zone_id,area_id,total,daytype_inweek,daytype_weekend,hod_00h,hod_01h,hod_02h,hod_03h,hod_04h,hod_05h,hod_06h,hod_07h,hod_08h,hod_09h,hod_10h,hod_11h,hod_12h,hod_13h,hod_14h,hod_15h,hod_16h,hod_17h,hod_18h,hod_19h,hod_20h,hod_21h,hod_22h,hod_23h,dow_mon,dow_tue,dow_wed,dow_thu,dow_fri,dow_sat,dow_sun
S12000030,S02002439,1539.96428571,8115.25,2767.25,6.96428571429,6.5,5.21428571429,4.32142857143,4.35714285714,5.39285714286,17.1428571429,42.2857142857,91.6785714286,89.9642857143,93.7142857143,103.571428571,114.75,118.285714286,110.964285714,116.25,122.642857143,130.357142857,101.928571429,85.1428571429,70.0357142857,52.4285714286,30.2142857143,15.8571428571,1553.5,1582.0,2003.0,1452.0,1524.75,1450.75,1213.75
