zone_id,area_id,total,daytype_inweek,daytype_weekend,hod_00h,hod_01h,hod_02h,hod_03h,hod_04h,hod_05h,hod_06h,hod_07h,hod_08h,hod_09h,hod_10h,hod_11h,hod_12h,hod_13h,hod_14h,hod_15h,hod_16h,hod_17h,hod_18h,hod_19h,hod_20h,hod_21h,hod_22h,hod_23h,dow_mon,dow_tue,dow_wed,dow_thu,dow_fri,dow_sat,dow_sun
E07000061,E02006858,3327.75,17254.0,5854.25,9.82142857143,11.9285714286,9.21428571429,9.78571428571,9.57142857143,17.75,35.5,79.1071428571,139.321428571,181.214285714,216.428571429,248.214285714,258.107142857,253.892857143,259.214285714,250.285714286,244.535714286,253.035714286,228.178571429,189.928571429,160.678571429,121.928571429,92.6428571429,47.4642857143,3172.5,3366.0,4098.75,3242.75,3374.0,3358.5,2681.75
