zone_id,area_id,total,daytype_inweek,daytype_weekend,hod_00h,hod_01h,hod_02h,hod_03h,hod_04h,hod_05h,hod_06h,hod_07h,hod_08h,hod_09h,hod_10h,hod_11h,hod_12h,hod_13h,hod_14h,hod_15h,hod_16h,hod_17h,hod_18h,hod_19h,hod_20h,hod_21h,hod_22h,hod_23h,dow_mon,dow_tue,dow_wed,dow_thu,dow_fri,dow_sat,dow_sun
E08000034,E02002283,3188.21428571,16664.75,5642.5,30.0714285714,28.6785714286,16.4642857143,11.8214285714,9.67857142857,27.7857142857,49.2142857143,85.1785714286,119.785714286,146.392857143,167.857142857,185.321428571,209.857142857,209.607142857,219.571428571,226.0,234.964285714,239.107142857,221.0,209.535714286,182.678571429,159.892857143,119.75,78.0,3037.25,3204.75,4071.0,3096.25,3255.5,3047.5,2605.25
