zone_id,area_id,total,daytype_inweek,daytype_weekend,hod_00h,hod_01h,hod_02h,hod_03h,hod_04h,hod_05h,hod_06h,hod_07h,hod_08h,hod_09h,hod_10h,hod_11h,hod_12h,hod_13h,hod_14h,hod_15h,hod_16h,hod_17h,hod_18h,hod_19h,hod_20h,hod_21h,hod_22h,hod_23h,dow_mon,dow_tue,dow_wed,dow_thu,dow_fri,dow_sat,dow_sun
E07000173,E02005877,1382.14285714,7240.75,2428.75,6.39285714286,6.0,5.14285714286,3.82142857143,4.60714285714,9.0,17.6428571429,42.8214285714,65.6428571429,75.5714285714,84.7142857143,94.4285714286,101.892857143,98.6785714286,95.1071428571,104.75,105.035714286,103.428571429,92.5,85.1785714286,69.0,53.1071428571,37.1428571429,20.5357142857,1332.25,1394.5,1772.0,1330.5,1411.5,1337.75,1096.5
