zone_id,area_id,total,daytype_inweek,daytype_weekend,hod_00h,hod_01h,hod_02h,hod_03h,hod_04h,hod_05h,hod_06h,hod_07h,hod_08h,hod_09h,hod_10h,hod_11h,hod_12h,hod_13h,hod_14h,hod_15h,hod_16h,hod_17h,hod_18h,hod_19h,hod_20h,hod_21h,hod_22h,hod_23h,dow_mon,dow_tue,dow_wed,dow_thu,dow_fri,dow_sat,dow_sun
E06000012,E02002734,1919.53571429,10128.75,3207.75,7.28571428571,6.96428571429,6.03571428571,4.57142857143,10.8214285714,26.0357142857,38.8214285714,57.8928571429,87.9285714286,95.8214285714,120.321428571,134.535714286,141.964285714,153.142857143,150.142857143,147.107142857,147.107142857,149.785714286,124.142857143,101.428571429,80.5,61.0,45.5,20.6785714286,1769.75,1964.75,2462.25,1857.25,2074.75,1870.0,1438.0
