zone_id,area_id,total,daytype_inweek,daytype_weekend,hod_00h,hod_01h,hod_02h,hod_03h,hod_04h,hod_05h,hod_06h,hod_07h,hod_08h,hod_09h,hod_10h,hod_11h,hod_12h,hod_13h,hod_14h,hod_15h,hod_16h,hod_17h,hod_18h,hod_19h,hod_20h,hod_21h,hod_22h,hod_23h,dow_mon,dow_tue,dow_wed,dow_thu,dow_fri,dow_sat,dow_sun
E07000041,E02004159,7739.42857143,43140.5,12120.0,28.9642857143,31.1785714286,22.9285714286,21.8571428571,24.3571428571,45.0357142857,107.392857143,325.392857143,479.071428571,457.607142857,499.142857143,544.5,580.821428571,578.5,548.071428571,544.392857143,589.714285714,619.392857143,487.178571429,400.321428571,300.142857143,230.392857143,169.857142857,103.214285714,7342.75,8581.25,10803.75,8432.75,7980.0,6258.25,4777.25
