zone_id,area_id,total,daytype_inweek,daytype_weekend,hod_00h,hod_01h,hod_02h,hod_03h,hod_04h,hod_05h,hod_06h,hod_07h,hod_08h,hod_09h,hod_10h,hod_11h,hod_12h,hod_13h,hod_14h,hod_15h,hod_16h,hod_17h,hod_18h,hod_19h,hod_20h,hod_21h,hod_22h,hod_23h,dow_mon,dow_tue,dow_wed,dow_thu,dow_fri,dow_sat,dow_sun
W06000013,W02000227,2230.85714286,11782.0,3849.25,10.7142857143,9.25,5.57142857143,4.85714285714,3.57142857143,12.0,27.5,75.6071428571,112.535714286,123.25,135.035714286,146.392857143,156.035714286,155.142857143,161.357142857,169.785714286,173.785714286,181.0,150.464285714,124.892857143,100.0,85.2142857143,65.8928571429,41.0,2114.25,2362.5,2787.75,2158.75,2358.75,2099.0,1735.0
