zone_id,area_id,total,daytype_inweek,daytype_weekend,hod_00h,hod_01h,hod_02h,hod_03h,hod_04h,hod_05h,hod_06h,hod_07h,hod_08h,hod_09h,hod_10h,hod_11h,hod_12h,hod_13h,hod_14h,hod_15h,hod_16h,hod_17h,hod_18h,hod_19h,hod_20h,hod_21h,hod_22h,hod_23h,dow_mon,dow_tue,dow_wed,dow_thu,dow_fri,dow_sat,dow_sun
S12000036,S02001650,2811.28571429,14883.25,5060.75,17.6785714286,21.3214285714,13.3571428571,12.25,14.0357142857,21.7142857143,50.5357142857,116.25,191.392857143,151.5,148.464285714,157.785714286,169.857142857,174.642857143,177.607142857,184.464285714,209.071428571,229.892857143,203.821428571,164.071428571,137.071428571,106.464285714,81.5714285714,56.4642857143,2832.25,2878.5,3592.75,2690.0,2889.75,2567.25,2228.5
