zone_id,area_id,total,daytype_inweek,daytype_weekend,hod_00h,hod_01h,hod_02h,hod_03h,hod_04h,hod_05h,hod_06h,hod_07h,hod_08h,hod_09h,hod_10h,hod_11h,hod_12h,hod_13h,hod_14h,hod_15h,hod_16h,hod_17h,hod_18h,hod_19h,hod_20h,hod_21h,hod_22h,hod_23h,dow_mon,dow_tue,dow_wed,dow_thu,dow_fri,dow_sat,dow_sun
E06000023,E02003024,4200.28571429,22714.75,7174.5,26.75,29.4642857143,22.5357142857,17.2857142857,16.3214285714,31.2857142857,89.2857142857,173.321428571,239.464285714,223.714285714,238.357142857,251.428571429,275.0,278.0,274.464285714,286.25,311.964285714,319.178571429,285.357142857,240.178571429,199.25,161.821428571,128.035714286,81.5714285714,4094.5,4537.5,5639.75,4310.0,4133.0,3607.25,3080.0
