zone_id,area_id,total,daytype_inweek,daytype_weekend,hod_00h,hod_01h,hod_02h,hod_03h,hod_04h,hod_05h,hod_06h,hod_07h,hod_08h,hod_09h,hod_10h,hod_11h,hod_12h,hod_13h,hod_14h,hod_15h,hod_16h,hod_17h,hod_18h,hod_19h,hod_20h,hod_21h,hod_22h,hod_23h,dow_mon,dow_tue,dow_wed,dow_thu,dow_fri,dow_sat,dow_sun
S12000024,S02002230,4677.78571429,25093.0,7944.0,13.8928571429,18.8571428571,13.0,10.8928571429,11.5714285714,25.8928571429,77.3571428571,197.464285714,318.214285714,275.607142857,284.821428571,314.428571429,343.107142857,338.464285714,334.035714286,359.107142857,379.857142857,387.535714286,286.178571429,228.964285714,178.321428571,137.0,90.8928571429,52.3214285714,4616.75,4830.75,6104.75,4610.25,4930.5,4324.25,3327.25
