zone_id,area_id,total,daytype_inweek,daytype_weekend,hod_00h,hod_01h,hod_02h,hod_03h,hod_04h,hod_05h,hod_06h,hod_07h,hod_08h,hod_09h,hod_10h,hod_11h,hod_12h,hod_13h,hod_14h,hod_15h,hod_16h,hod_17h,hod_18h,hod_19h,hod_20h,hod_21h,hod_22h,hod_23h,dow_mon,dow_tue,dow_wed,dow_thu,dow_fri,dow_sat,dow_sun
E07000050,E02004255,1818.46428571,9978.5,2991.5,6.75,6.71428571429,4.85714285714,3.92857142857,5.57142857143,11.7142857143,24.3928571429,68.6428571429,107.357142857,114.464285714,121.357142857,124.214285714,121.178571429,122.142857143,120.071428571,120.857142857,123.964285714,130.678571429,112.178571429,99.4285714286,84.6071428571,75.2142857143,67.5357142857,40.6428571429,1785.5,1983.75,2756.25,1812.5,1640.5,1544.75,1206.0
