zone_id,area_id,total,daytype_inweek,daytype_weekend,hod_00h,hod_01h,hod_02h,hod_03h,hod_04h,hod_05h,hod_06h,hod_07h,hod_08h,hod_09h,hod_10h,hod_11h,hod_12h,hod_13h,hod_14h,hod_15h,hod_16h,hod_17h,hod_18h,hod_19h,hod_20h,hod_21h,hod_22h,hod_23h,dow_mon,dow_tue,dow_wed,dow_thu,dow_fri,dow_sat,dow_sun
W06000012,W02000205,1497.10714286,8046.5,2501.5,7.03571428571,10.8571428571,6.0,5.0,5.75,14.6071428571,21.0714285714,50.7857142857,71.8571428571,79.8571428571,98.6428571429,105.428571429,108.535714286,108.25,105.928571429,104.607142857,110.464285714,107.25,97.5714285714,85.8571428571,70.1071428571,54.6785714286,42.9642857143,24.0,1390.0,1594.25,1993.5,1521.5,1547.25,1321.75,1111.5
