zone_id,area_id,total,daytype_inweek,daytype_weekend,hod_00h,hod_01h,hod_02h,hod_03h,hod_04h,hod_05h,hod_06h,hod_07h,hod_08h,hod_09h,hod_10h,hod_11h,hod_12h,hod_13h,hod_14h,hod_15h,hod_16h,hod_17h,hod_18h,hod_19h,hod_20h,hod_21h,hod_22h,hod_23h,dow_mon,dow_tue,dow_wed,dow_thu,dow_fri,dow_sat,dow_sun
E07000096,E02004858,1091.07142857,5806.25,1893.25,3.92857142857,2.71428571429,1.67857142857,1.42857142857,1.78571428571,7.71428571429,15.1428571429,42.5714285714,64.8214285714,64.6071428571,67.6428571429,74.2142857143,78.6785714286,76.7857142857,75.6071428571,80.9642857143,84.4285714286,88.3571428571,73.25,58.7142857143,44.6785714286,35.6071428571,28.6071428571,17.1428571429,1068.0,1142.75,1434.0,1076.0,1085.5,1006.0,825.25
