zone_id,area_id,total,daytype_inweek,daytype_weekend,hod_00h,hod_01h,hod_02h,hod_03h,hod_04h,hod_05h,hod_06h,hod_07h,hod_08h,hod_09h,hod_10h,hod_11h,hod_12h,hod_13h,hod_14h,hod_15h,hod_16h,hod_17h,hod_18h,hod_19h,hod_20h,hod_21h,hod_22h,hod_23h,dow_mon,dow_tue,dow_wed,dow_thu,dow_fri,dow_sat,dow_sun
E07000123,E02005259,4955.64285714,26661.0,8366.5,29.6071428571,32.8214285714,24.5357142857,24.8571428571,27.7142857143,56.0357142857,94.3571428571,192.5,232.571428571,238.321428571,269.178571429,297.678571429,345.964285714,340.035714286,354.607142857,342.25,374.428571429,388.285714286,338.571428571,300.285714286,229.785714286,188.785714286,145.892857143,86.5714285714,4766.0,5236.25,6461.5,4996.5,5200.75,4428.0,3600.5
