zone_id,area_id,total,daytype_inweek,daytype_weekend,hod_00h,hod_01h,hod_02h,hod_03h,hod_04h,hod_05h,hod_06h,hod_07h,hod_08h,hod_09h,hod_10h,hod_11h,hod_12h,hod_13h,hod_14h,hod_15h,hod_16h,hod_17h,hod_18h,hod_19h,hod_20h,hod_21h,hod_22h,hod_23h,dow_mon,dow_tue,dow_wed,dow_thu,dow_fri,dow_sat,dow_sun
E07000194,E02006152,1332.67857143,7182.75,2302.25,6.67857142857,5.60714285714,4.92857142857,4.21428571429,2.96428571429,7.21428571429,19.0,41.1428571429,67.0714285714,74.9642857143,83.2857142857,85.4642857143,88.75,92.7142857143,91.0357142857,89.9642857143,94.0357142857,105.464285714,91.7857142857,84.0714285714,67.75,53.3928571429,45.25,25.9285714286,1275.75,1405.25,1823.25,1384.0,1294.5,1119.5,1026.5
