zone_id,area_id,total,daytype_inweek,daytype_weekend,hod_00h,hod_01h,hod_02h,hod_03h,hod_04h,hod_05h,hod_06h,hod_07h,hod_08h,hod_09h,hod_10h,hod_11h,hod_12h,hod_13h,hod_14h,hod_15h,hod_16h,hod_17h,hod_18h,hod_19h,hod_20h,hod_21h,hod_22h,hod_23h,dow_mon,dow_tue,dow_wed,dow_thu,dow_fri,dow_sat,dow_sun
W06000016,W02000266,1535.0,8224.5,2527.0,6.14285714286,5.25,4.39285714286,3.10714285714,4.35714285714,15.0357142857,25.0,47.25,73.1071428571,77.1785714286,97.1785714286,104.607142857,110.107142857,110.857142857,110.178571429,112.607142857,118.5,112.035714286,106.785714286,94.5714285714,69.5714285714,59.6071428571,43.75,23.8214285714,1429.25,1596.25,2052.25,1537.75,1609.0,1422.75,1097.75
