zone_id,area_id,total,daytype_inweek,daytype_weekend,hod_00h,hod_01h,hod_02h,hod_03h,hod_04h,hod_05h,hod_06h,hod_07h,hod_08h,hod_09h,hod_10h,hod_11h,hod_12h,hod_13h,hod_14h,hod_15h,hod_16h,hod_17h,hod_18h,hod_19h,hod_20h,hod_21h,hod_22h,hod_23h,dow_mon,dow_tue,dow_wed,dow_thu,dow_fri,dow_sat,dow_sun
E08000010,E02001311,2400.89285714,12708.25,4105.5,15.3571428571,14.8928571429,9.64285714286,9.89285714286,10.7142857143,21.3571428571,49.8928571429,85.1428571429,105.714285714,115.25,139.535714286,154.0,170.607142857,169.0,165.0,164.178571429,179.321428571,171.75,157.678571429,148.928571429,122.035714286,96.2142857143,74.6071428571,50.1785714286,2295.0,2494.75,3083.5,2383.75,2451.25,2287.5,1810.5
