zone_id,area_id,total,daytype_inweek,daytype_weekend,hod_00h,hod_01h,hod_02h,hod_03h,hod_04h,hod_05h,hod_06h,hod_07h,hod_08h,hod_09h,hod_10h,hod_11h,hod_12h,hod_13h,hod_14h,hod_15h,hod_16h,hod_17h,hod_18h,hod_19h,hod_20h,hod_21h,hod_22h,hod_23h,dow_mon,dow_tue,dow_wed,dow_thu,dow_fri,dow_sat,dow_sun
S12000046,S02001907,2250.67857143,11989.5,3981.25,12.3571428571,12.7857142857,9.53571428571,7.07142857143,9.17857142857,19.8928571429,44.9642857143,82.8571428571,123.0,109.678571429,112.571428571,134.714285714,146.107142857,153.321428571,159.607142857,171.214285714,176.928571429,174.642857143,158.392857143,134.857142857,106.857142857,90.3571428571,62.8928571429,36.8928571429,2262.25,2276.25,2860.0,2207.5,2383.5,2046.25,1719.0
