zone_id,area_id,total,daytype_inweek,daytype_weekend,hod_00h,hod_01h,hod_02h,hod_03h,hod_04h,hod_05h,hod_06h,hod_07h,hod_08h,hod_09h,hod_10h,hod_11h,hod_12h,hod_13h,hod_14h,hod_15h,hod_16h,hod_17h,hod_18h,hod_19h,hod_20h,hod_21h,hod_22h,hod_23h,dow_mon,dow_tue,dow_wed,dow_thu,dow_fri,dow_sat,dow_sun
E06000042,E02003484,4981.32142857,26440.75,8444.5,19.5,20.8214285714,16.75,12.8928571429,14.75,40.3571428571,69.5,166.678571429,292.785714286,262.535714286,272.25,311.107142857,344.964285714,354.321428571,344.357142857,323.357142857,360.285714286,429.25,369.178571429,307.714285714,248.928571429,185.464285714,142.25,71.3214285714,4664.0,5155.75,6491.75,4923.0,5206.25,4648.0,3780.5
