zone_id,area_id,total,daytype_inweek,daytype_weekend,hod_00h,hod_01h,hod_02h,hod_03h,hod_04h,hod_05h,hod_06h,hod_07h,hod_08h,hod_09h,hod_10h,hod_11h,hod_12h,hod_13h,hod_14h,hod_15h,hod_16h,hod_17h,hod_18h,hod_19h,hod_20h,hod_21h,hod_22h,hod_23h,dow_mon,dow_tue,dow_wed,dow_thu,dow_fri,dow_sat,dow_sun
E07000026,E02003969,2336.89285714,12575.5,3868.75,6.14285714286,6.78571428571,5.10714285714,5.10714285714,7.07142857143,19.3928571429,40.2142857143,91.0714285714,128.642857143,135.857142857,139.071428571,148.392857143,158.821428571,167.321428571,173.964285714,172.428571429,196.035714286,195.178571429,150.607142857,118.0,93.1071428571,84.1428571429,63.0,31.4285714286,2227.5,2423.5,3038.0,2498.0,2388.5,2141.5,1641.25
