zone_id,area_id,total,daytype_inweek,daytype_weekend,hod_00h,hod_01h,hod_02h,hod_03h,hod_04h,hod_05h,hod_06h,hod_07h,hod_08h,hod_09h,hod_10h,hod_11h,hod_12h,hod_13h,hod_14h,hod_15h,hod_16h,hod_17h,hod_18h,hod_19h,hod_20h,hod_21h,hod_22h,hod_23h,dow_mon,dow_tue,dow_wed,dow_thu,dow_fri,dow_sat,dow_sun
S12000046,S02001850,2953.28571429,15730.5,5004.0,17.5714285714,19.7857142857,13.2857142857,10.9285714286,9.85714285714,20.2142857143,44.8571428571,112.107142857,175.75,155.25,159.035714286,174.214285714,193.178571429,195.571428571,203.107142857,216.75,226.464285714,222.678571429,196.642857143,175.142857143,136.642857143,114.642857143,91.1071428571,68.5,2895.75,3078.75,3792.5,2874.5,3089.0,2834.25,2108.25
