zone_id,area_id,total,daytype_inweek,daytype_weekend,hod_00h,hod_01h,hod_02h,hod_03h,hod_04h,hod_05h,hod_06h,hod_07h,hod_08h,hod_09h,hod_10h,hod_11h,hod_12h,hod_13h,hod_14h,hod_15h,hod_16h,hod_17h,hod_18h,hod_19h,hod_20h,hod_21h,hod_22h,hod_23h,dow_mon,dow_tue,dow_wed,dow_thu,dow_fri,dow_sat,dow_sun
E07000225,E02006561,876.464285714,4605.75,1485.75,3.89285714286,2.35714285714,1.39285714286,1.07142857143,1.78571428571,5.82142857143,14.9285714286,34.4642857143,51.7142857143,51.3571428571,58.1071428571,64.0357142857,65.4285714286,60.6428571429,61.5714285714,64.5,64.5714285714,66.9642857143,53.9642857143,44.6071428571,37.9642857143,28.6428571429,22.0,14.6785714286,826.75,894.75,1120.25,921.25,842.75,870.5,659.0
