zone_id,area_id,total,daytype_inweek,daytype_weekend,hod_00h,hod_01h,hod_02h,hod_03h,hod_04h,hod_05h,hod_06h,hod_07h,hod_08h,hod_09h,hod_10h,hod_11h,hod_12h,hod_13h,hod_14h,hod_15h,hod_16h,hod_17h,hod_18h,hod_19h,hod_20h,hod_21h,hod_22h,hod_23h,dow_mon,dow_tue,dow_wed,dow_thu,dow_fri,dow_sat,dow_sun
E06000011,E02002702,5553.64285714,29406.5,9127.75,21.7142857143,18.0,14.4285714286,9.14285714286,11.7142857143,34.5357142857,91.8571428571,232.25,313.785714286,329.071428571,377.5,413.642857143,442.214285714,432.714285714,413.785714286,405.571428571,446.5,439.678571429,341.857142857,250.535714286,191.964285714,148.535714286,105.428571429,67.2142857143,5047.25,5561.0,7522.25,5664.25,5611.75,5388.5,4080.5
