zone_id,area_id,total,daytype_inweek,daytype_weekend,hod_00h,hod_01h,hod_02h,hod_03h,hod_04h,hod_05h,hod_06h,hod_07h,hod_08h,hod_09h,hod_10h,hod_11h,hod_12h,hod_13h,hod_14h,hod_15h,hod_16h,hod_17h,hod_18h,hod_19h,hod_20h,hod_21h,hod_22h,hod_23h,dow_mon,dow_tue,dow_wed,dow_thu,dow_fri,dow_sat,dow_sun
E07000004,E02003660,2040.28571429,10891.75,3688.0,8.96428571429,6.60714285714,6.5,6.53571428571,11.5357142857,13.7142857143,32.5,71.5357142857,100.285714286,110.785714286,134.142857143,154.464285714,159.214285714,157.071428571,161.035714286,152.285714286,156.0,144.214285714,115.142857143,96.9642857143,80.3214285714,70.5714285714,54.7857142857,35.1071428571,2065.25,2144.25,2700.5,2062.25,1919.5,1767.5,1622.75
