zone_id,area_id,total,daytype_inweek,daytype_weekend,hod_00h,hod_01h,hod_02h,hod_03h,hod_04h,hod_05h,hod_06h,hod_07h,hod_08h,hod_09h,hod_10h,hod_11h,hod_12h,hod_13h,hod_14h,hod_15h,hod_16h,hod_17h,hod_18h,hod_19h,hod_20h,hod_21h,hod_22h,hod_23h,dow_mon,dow_tue,dow_wed,dow_thu,dow_fri,dow_sat,dow_sun
S12000036,S02001684,4994.5,26818.0,9028.25,31.9285714286,28.5357142857,19.75,19.2857142857,36.5714285714,63.9642857143,115.142857143,253.071428571,317.25,263.321428571,290.178571429,315.178571429,344.285714286,345.071428571,339.107142857,351.25,376.107142857,382.0,305.642857143,247.571428571,192.928571429,155.357142857,116.928571429,84.0714285714,5161.25,5300.5,6438.25,4978.25,4939.75,4276.5,3867.0
