zone_id,area_id,total,daytype_inweek,daytype_weekend,hod_00h,hod_01h,hod_02h,hod_03h,hod_04h,hod_05h,hod_06h,hod_07h,hod_08h,hod_09h,hod_10h,hod_11h,hod_12h,hod_13h,hod_14h,hod_15h,hod_16h,hod_17h,hod_18h,hod_19h,hod_20h,hod_21h,hod_22h,hod_23h,dow_mon,dow_tue,dow_wed,dow_thu,dow_fri,dow_sat,dow_sun
S12000038,S02002273,1605.60714286,8538.75,2891.75,8.03571428571,10.5357142857,7.03571428571,5.10714285714,7.14285714286,15.5714285714,25.5357142857,63.0357142857,101.785714286,86.0714285714,86.2857142857,90.3928571429,99.6071428571,102.857142857,105.5,116.571428571,127.964285714,120.928571429,109.75,99.4642857143,78.5714285714,59.3928571429,49.8928571429,28.5714285714,1661.0,1636.25,2029.0,1591.25,1621.25,1469.75,1230.75
