zone_id,area_id,total,daytype_inweek,daytype_weekend,hod_00h,hod_01h,hod_02h,hod_03h,hod_04h,hod_05h,hod_06h,hod_07h,hod_08h,hod_09h,hod_10h,hod_11h,hod_12h,hod_13h,hod_14h,hod_15h,hod_16h,hod_17h,hod_18h,hod_19h,hod_20h,hod_21h,hod_22h,hod_23h,dow_mon,dow_tue,dow_wed,dow_thu,dow_fri,dow_sat,dow_sun
E06000054,E02006679,6519.78571429,35756.5,11052.0,31.4642857143,26.2857142857,17.5357142857,16.6785714286,23.8214285714,65.3571428571,141.5,306.964285714,381.464285714,371.0,407.142857143,418.571428571,439.392857143,437.964285714,449.571428571,451.892857143,483.821428571,518.357142857,428.321428571,343.892857143,267.642857143,221.357142857,172.928571429,96.8571428571,6499.25,7072.5,8883.5,6761.75,6539.5,5329.25,4552.75
