zone_id,area_id,total,daytype_inweek,daytype_weekend,hod_00h,hod_01h,hod_02h,hod_03h,hod_04h,hod_05h,hod_06h,hod_07h,hod_08h,hod_09h,hod_10h,hod_11h,hod_12h,hod_13h,hod_14h,hod_15h,hod_16h,hod_17h,hod_18h,hod_19h,hod_20h,hod_21h,hod_22h,hod_23h,dow_mon,dow_tue,dow_wed,dow_thu,dow_fri,dow_sat,dow_sun
E06000039,E02003413,5710.46428571,29860.75,10093.0,38.9642857143,41.5,25.9642857143,20.2142857143,21.5,42.1785714286,83.9285714286,167.321428571,252.428571429,282.857142857,299.5,345.857142857,386.321428571,402.857142857,400.107142857,389.464285714,410.464285714,437.857142857,405.178571429,362.178571429,313.5,263.214285714,195.178571429,121.928571429,5472.75,5870.75,7298.5,5424.0,5794.75,5492.25,4620.25
