zone_id,area_id,total,daytype_inweek,daytype_weekend,hod_00h,hod_01h,hod_02h,hod_03h,hod_04h,hod_05h,hod_06h,hod_07h,hod_08h,hod_09h,hod_10h,hod_11h,hod_12h,hod_13h,hod_14h,hod_15h,hod_16h,hod_17h,hod_18h,hod_19h,hod_20h,hod_21h,hod_22h,hod_23h,dow_mon,dow_tue,dow_wed,dow_thu,dow_fri,dow_sat,dow_sun
E07000105,E02005001,6737.85714286,35086.0,11826.75,23.5714285714,26.8928571429,20.0714285714,17.4642857143,23.9642857143,59.7142857143,112.928571429,240.071428571,340.071428571,371.178571429,423.428571429,466.5,503.642857143,494.464285714,481.535714286,473.0,486.321428571,517.142857143,462.75,384.607142857,315.428571429,236.892857143,168.535714286,87.6785714286,6474.75,6771.75,8383.5,6473.5,6982.5,6727.0,5352.0
