zone_id,area_id,total,daytype_inweek,daytype_weekend,hod_00h,hod_01h,hod_02h,hod_03h,hod_04h,hod_05h,hod_06h,hod_07h,hod_08h,hod_09h,hod_10h,hod_11h,hod_12h,hod_13h,hod_14h,hod_15h,hod_16h,hod_17h,hod_18h,hod_19h,hod_20h,hod_21h,hod_22h,hod_23h,dow_mon,dow_tue,dow_wed,dow_thu,dow_fri,dow_sat,dow_sun
E06000024,E02003077,1712.03571429,9357.75,3005.25,12.5,12.8214285714,15.5357142857,18.75,33.6785714286,45.2857142857,49.3571428571,68.5,79.9642857143,89.0,100.678571429,104.357142857,111.678571429,115.321428571,115.892857143,114.892857143,120.571428571,119.428571429,103.357142857,78.6428571429,62.9285714286,51.0,41.9642857143,45.9285714286,1785.75,1884.25,2261.75,1782.75,1643.25,1407.0,1219.5
