zone_id,area_id,total,daytype_inweek,daytype_weekend,hod_00h,hod_01h,hod_02h,hod_03h,hod_04h,hod_05h,hod_06h,hod_07h,hod_08h,hod_09h,hod_10h,hod_11h,hod_12h,hod_13h,hod_14h,hod_15h,hod_16h,hod_17h,hod_18h,hod_19h,hod_20h,hod_21h,hod_22h,hod_23h,dow_mon,dow_tue,dow_wed,dow_thu,dow_fri,dow_sat,dow_sun
E06000013,E02002769,2335.67857143,12227.0,3973.5,8.57142857143,7.0,5.67857142857,5.67857142857,7.53571428571,30.4285714286,46.5357142857,105.214285714,130.107142857,127.357142857,140.0,151.857142857,159.714285714,167.25,163.535714286,163.785714286,181.142857143,184.214285714,145.535714286,127.107142857,102.571428571,79.0,60.0357142857,35.8214285714,2130.75,2388.5,2931.75,2281.25,2494.75,2280.0,1842.75
