zone_id,area_id,total,daytype_inweek,daytype_weekend,hod_00h,hod_01h,hod_02h,hod_03h,hod_04h,hod_05h,hod_06h,hod_07h,hod_08h,hod_09h,hod_10h,hod_11h,hod_12h,hod_13h,hod_14h,hod_15h,hod_16h,hod_17h,hod_18h,hod_19h,hod_20h,hod_21h,hod_22h,hod_23h,dow_mon,dow_tue,dow_wed,dow_thu,dow_fri,dow_sat,dow_sun
E06000054,E02006666,2506.39285714,13496.75,4220.0,9.10714285714,8.78571428571,7.28571428571,5.92857142857,5.64285714286,11.3214285714,38.1785714286,102.821428571,152.214285714,149.678571429,166.464285714,179.285714286,184.357142857,187.714285714,178.785714286,180.0,180.5,188.392857143,163.642857143,135.678571429,102.5,80.9285714286,57.7142857143,29.4642857143,2468.0,2614.25,3300.5,2549.75,2564.25,2296.0,1752.0
