zone_id,area_id,total,daytype_inweek,daytype_weekend,hod_00h,hod_01h,hod_02h,hod_03h,hod_04h,hod_05h,hod_06h,hod_07h,hod_08h,hod_09h,hod_10h,hod_11h,hod_12h,hod_13h,hod_14h,hod_15h,hod_16h,hod_17h,hod_18h,hod_19h,hod_20h,hod_21h,hod_22h,hod_23h,dow_mon,dow_tue,dow_wed,dow_thu,dow_fri,dow_sat,dow_sun
E07000004,E02003657,1791.96428571,9763.0,3137.75,10.1785714286,7.14285714286,6.28571428571,4.75,5.0,12.6785714286,34.1785714286,75.1428571429,106.607142857,108.071428571,116.928571429,118.821428571,116.0,117.107142857,117.75,120.75,122.821428571,128.75,115.392857143,108.75,81.2142857143,71.75,55.9285714286,29.9642857143,1842.75,1876.0,2465.0,1846.5,1732.75,1485.75,1295.0
