zone_id,area_id,total,daytype_inweek,daytype_weekend,hod_00h,hod_01h,hod_02h,hod_03h,hod_04h,hod_05h,hod_06h,hod_07h,hod_08h,hod_09h,hod_10h,hod_11h,hod_12h,hod_13h,hod_14h,hod_15h,hod_16h,hod_17h,hod_18h,hod_19h,hod_20h,hod_21h,hod_22h,hod_23h,dow_mon,dow_tue,dow_wed,dow_thu,dow_fri,dow_sat,dow_sun
E07000195,E02006167,2612.21428571,14056.25,4405.5,15.3214285714,15.0357142857,12.3571428571,8.78571428571,9.75,22.75,42.5,90.1071428571,144.5,136.321428571,152.821428571,161.857142857,172.607142857,174.535714286,179.142857143,174.0,182.142857143,202.178571429,178.107142857,154.964285714,130.964285714,107.678571429,88.8571428571,54.9285714286,2501.25,2706.5,3482.75,2632.75,2733.0,2325.0,1904.25
