zone_id,area_id,total,daytype_inweek,daytype_weekend,hod_00h,hod_01h,hod_02h,hod_03h,hod_04h,hod_05h,hod_06h,hod_07h,hod_08h,hod_09h,hod_10h,hod_11h,hod_12h,hod_13h,hod_14h,hod_15h,hod_16h,hod_17h,hod_18h,hod_19h,hod_20h,hod_21h,hod_22h,hod_23h,dow_mon,dow_tue,dow_wed,dow_thu,dow_fri,dow_sat,dow_sun
E08000030,E02002113,2025.5,10735.0,3457.25,11.0,10.8928571429,7.03571428571,5.57142857143,6.96428571429,13.2142857143,34.5714285714,75.1785714286,90.25,108.035714286,119.928571429,133.107142857,136.142857143,140.0,141.25,140.642857143,146.571428571,158.428571429,143.964285714,121.535714286,102.392857143,79.3571428571,65.1071428571,34.3571428571,1935.75,2128.0,2606.75,1995.0,2069.5,1922.0,1521.5
