zone_id,area_id,total,daytype_inweek,daytype_weekend,hod_00h,hod_01h,hod_02h,hod_03h,hod_04h,hod_05h,hod_06h,hod_07h,hod_08h,hod_09h,hod_10h,hod_11h,hod_12h,hod_13h,hod_14h,hod_15h,hod_16h,hod_17h,hod_18h,hod_19h,hod_20h,hod_21h,hod_22h,hod_23h,dow_mon,dow_tue,dow_wed,dow_thu,dow_fri,dow_sat,dow_sun
E07000207,E02006324,2155.85714286,11362.25,3651.5,10.8571428571,9.10714285714,6.89285714286,4.96428571429,5.85714285714,11.5,25.0357142857,71.4285714286,111.607142857,131.714285714,144.428571429,145.714285714,146.821428571,147.5,147.5,149.142857143,156.392857143,155.964285714,149.785714286,139.75,111.25,83.6428571429,55.6428571429,33.3571428571,1982.25,2211.25,2732.75,2188.25,2247.75,2059.5,1669.25
