zone_id,area_id,total,daytype_inweek,daytype_weekend,hod_00h,hod_01h,hod_02h,hod_03h,hod_04h,hod_05h,hod_06h,hod_07h,hod_08h,hod_09h,hod_10h,hod_11h,hod_12h,hod_13h,hod_14h,hod_15h,hod_16h,hod_17h,hod_18h,hod_19h,hod_20h,hod_21h,hod_22h,hod_23h,dow_mon,dow_tue,dow_wed,dow_thu,dow_fri,dow_sat,dow_sun
E09000031,E02000900,1956.96428571,10251.5,3381.75,21.1428571429,17.8571428571,12.3928571429,9.42857142857,9.0,13.7857142857,32.6785714286,59.2857142857,77.0714285714,101.464285714,113.142857143,123.392857143,129.964285714,132.785714286,131.071428571,136.928571429,124.464285714,131.321428571,132.071428571,127.392857143,109.428571429,93.9642857143,71.0,45.9285714286,1824.5,2001.25,2514.0,1902.75,2009.0,1890.0,1557.25
