zone_id,area_id,total,daytype_inweek,daytype_weekend,hod_00h,hod_01h,hod_02h,hod_03h,hod_04h,hod_05h,hod_06h,hod_07h,hod_08h,hod_09h,hod_10h,hod_11h,hod_12h,hod_13h,hod_14h,hod_15h,hod_16h,hod_17h,hod_18h,hod_19h,hod_20h,hod_21h,hod_22h,hod_23h,dow_mon,dow_tue,dow_wed,dow_thu,dow_fri,dow_sat,dow_sun
E06000019,E02002922,1568.17857143,8476.0,2727.5,7.03571428571,5.14285714286,4.07142857143,4.64285714286,4.5,11.4642857143,26.25,64.8928571429,94.6428571429,100.642857143,106.714285714,108.107142857,110.535714286,103.75,107.892857143,110.25,116.071428571,121.107142857,96.7857142857,81.3928571429,65.6785714286,52.5357142857,41.8571428571,22.2142857143,1590.75,1698.25,2123.0,1615.25,1448.75,1364.5,1136.75
