zone_id,area_id,total,daytype_inweek,daytype_weekend,hod_00h,hod_01h,hod_02h,hod_03h,hod_04h,hod_05h,hod_06h,hod_07h,hod_08h,hod_09h,hod_10h,hod_11h,hod_12h,hod_13h,hod_14h,hod_15h,hod_16h,hod_17h,hod_18h,hod_19h,hod_20h,hod_21h,hod_22h,hod_23h,dow_mon,dow_tue,dow_wed,dow_thu,dow_fri,dow_sat,dow_sun
S12000020,S02002095,1076.57142857,5856.75,1873.75,2.89285714286,2.39285714286,2.57142857143,1.21428571429,2.32142857143,6.03571428571,21.1071428571,59.6428571429,67.3214285714,55.0357142857,60.6428571429,70.5,80.8214285714,87.1428571429,86.5714285714,90.1785714286,97.7857142857,85.6071428571,59.7142857143,45.3214285714,33.4285714286,28.5714285714,18.0714285714,11.6785714286,1115.75,1152.5,1462.0,1084.5,1042.0,921.25,758.0
