zone_id,area_id,total,daytype_inweek,daytype_weekend,hod_00h,hod_01h,hod_02h,hod_03h,hod_04h,hod_05h,hod_06h,hod_07h,hod_08h,hod_09h,hod_10h,hod_11h,hod_12h,hod_13h,hod_14h,hod_15h,hod_16h,hod_17h,hod_18h,hod_19h,hod_20h,hod_21h,hod_22h,hod_23h,dow_mon,dow_tue,dow_wed,dow_thu,dow_fri,dow_sat,dow_sun
E07000074,E02004562,1255.39285714,6783.5,2183.5,5.25,4.78571428571,4.60714285714,2.32142857143,3.82142857143,9.28571428571,33.3571428571,53.75,70.7142857143,79.0714285714,84.0,84.3571428571,85.0357142857,85.3214285714,83.8214285714,79.8571428571,87.2142857143,98.2142857143,83.5,72.4642857143,52.1785714286,43.1428571429,31.2857142857,18.0357142857,1274.0,1434.5,1607.75,1259.25,1208.0,1094.75,909.5
