zone_id,area_id,total,daytype_inweek,daytype_weekend,hod_00h,hod_01h,hod_02h,hod_03h,hod_04h,hod_05h,hod_06h,hod_07h,hod_08h,hod_09h,hod_10h,hod_11h,hod_12h,hod_13h,hod_14h,hod_15h,hod_16h,hod_17h,hod_18h,hod_19h,hod_20h,hod_21h,hod_22h,hod_23h,dow_mon,dow_tue,dow_wed,dow_thu,dow_fri,dow_sat,dow_sun
E07000134,E02005402,1254.14285714,6644.5,2220.0,5.96428571429,5.82142857143,5.57142857143,3.92857142857,5.64285714286,9.82142857143,19.1785714286,51.3214285714,77.3928571429,75.8928571429,81.5,77.1428571429,82.6785714286,80.9285714286,80.6071428571,80.6428571429,90.4285714286,97.6428571429,83.9642857143,72.3571428571,57.6428571429,50.7142857143,36.7142857143,20.6428571429,1246.25,1346.25,1642.75,1221.0,1188.25,1160.75,973.75
