zone_id,area_id,total,daytype_inweek,daytype_weekend,hod_00h,hod_01h,hod_02h,hod_03h,hod_04h,hod_05h,hod_06h,hod_07h,hod_08h,hod_09h,hod_10h,hod_11h,hod_12h,hod_13h,hod_14h,hod_15h,hod_16h,hod_17h,hod_18h,hod_19h,hod_20h,hod_21h,hod_22h,hod_23h,dow_mon,dow_tue,dow_wed,dow_thu,dow_fri,dow_sat,dow_sun
E07000209,E02006345,1975.96428571,10655.0,3420.75,13.6428571429,11.0714285714,7.96428571429,5.75,6.25,12.7857142857,36.4285714286,89.5714285714,119.714285714,116.428571429,118.357142857,123.857142857,144.178571429,133.178571429,125.071428571,125.142857143,137.071428571,145.964285714,130.035714286,113.535714286,89.8928571429,72.4642857143,59.0714285714,38.5357142857,1928.25,2171.75,2577.0,2037.5,1940.5,1684.25,1492.5
