zone_id,area_id,total,daytype_inweek,daytype_weekend,hod_00h,hod_01h,hod_02h,hod_03h,hod_04h,hod_05h,hod_06h,hod_07h,hod_08h,hod_09h,hod_10h,hod_11h,hod_12h,hod_13h,hod_14h,hod_15h,hod_16h,hod_17h,hod_18h,hod_19h,hod_20h,hod_21h,hod_22h,hod_23h,dow_mon,dow_tue,dow_wed,dow_thu,dow_fri,dow_sat,dow_sun
E08000035,E02002432,2389.07142857,12826.25,4122.25,11.25,11.3571428571,8.82142857143,6.75,10.9642857143,26.2857142857,61.3214285714,117.571428571,130.892857143,125.464285714,140.357142857,150.035714286,152.714285714,153.607142857,155.785714286,157.964285714,178.285714286,201.25,167.785714286,134.535714286,109.785714286,83.5714285714,62.6785714286,30.0357142857,2399.0,2497.5,3143.5,2375.75,2410.5,2174.0,1723.25
