zone_id,area_id,total,daytype_inweek,daytype_weekend,hod_00h,hod_01h,hod_02h,hod_03h,hod_04h,hod_05h,hod_06h,hod_07h,hod_08h,hod_09h,hod_10h,hod_11h,hod_12h,hod_13h,hod_14h,hod_15h,hod_16h,hod_17h,hod_18h,hod_19h,hod_20h,hod_21h,hod_22h,hod_23h,dow_mon,dow_tue,dow_wed,dow_thu,dow_fri,dow_sat,dow_sun
E06000054,E02006636,2191.39285714,11784.5,3637.25,7.96428571429,6.03571428571,3.89285714286,3.32142857143,3.89285714286,10.2857142857,40.8928571429,105.75,133.071428571,138.0,147.178571429,159.357142857,165.642857143,157.035714286,151.357142857,161.392857143,164.75,173.214285714,132.607142857,103.785714286,77.6785714286,68.6785714286,47.7142857143,27.8928571429,2082.5,2344.25,2965.0,2249.25,2143.5,2000.5,1554.75
