zone_id,area_id,total,daytype_inweek,daytype_weekend,hod_00h,hod_01h,hod_02h,hod_03h,hod_04h,hod_05h,hod_06h,hod_07h,hod_08h,hod_09h,hod_10h,hod_11h,hod_12h,hod_13h,hod_14h,hod_15h,hod_16h,hod_17h,hod_18h,hod_19h,hod_20h,hod_21h,hod_22h,hod_23h,dow_mon,dow_tue,dow_wed,dow_thu,dow_fri,dow_sat,dow_sun
S12000006,S02001411,1098.17857143,6050.25,1824.0,3.42857142857,3.10714285714,3.21428571429,2.39285714286,3.5,10.0357142857,20.1785714286,37.3214285714,54.2142857143,67.9642857143,85.3571428571,93.1785714286,91.2142857143,89.0,91.8571428571,95.8928571429,93.6071428571,78.25,55.6071428571,41.5,31.4285714286,24.25,14.7857142857,6.89285714286,1120.75,1134.5,1619.75,1184.5,990.75,933.75,703.25
