zone_id,area_id,total,daytype_inweek,daytype_weekend,hod_00h,hod_01h,hod_02h,hod_03h,hod_04h,hod_05h,hod_06h,hod_07h,hod_08h,hod_09h,hod_10h,hod_11h,hod_12h,hod_13h,hod_14h,hod_15h,hod_16h,hod_17h,hod_18h,hod_19h,hod_20h,hod_21h,hod_22h,hod_23h,dow_mon,dow_tue,dow_wed,dow_thu,dow_fri,dow_sat,dow_sun
E06000014,E02002785,3528.82142857,18948.5,6021.0,10.0,12.4285714286,13.5357142857,10.7142857143,13.5714285714,26.0714285714,59.7142857143,141.107142857,205.285714286,207.678571429,218.75,242.642857143,258.25,247.535714286,253.035714286,253.714285714,275.535714286,273.892857143,232.071428571,198.25,146.928571429,112.678571429,71.8214285714,43.6071428571,3393.5,3698.75,4796.75,3538.75,3520.75,3125.75,2627.5
