zone_id,area_id,total,daytype_inweek,daytype_weekend,hod_00h,hod_01h,hod_02h,hod_03h,hod_04h,hod_05h,hod_06h,hod_07h,hod_08h,hod_09h,hod_10h,hod_11h,hod_12h,hod_13h,hod_14h,hod_15h,hod_16h,hod_17h,hod_18h,hod_19h,hod_20h,hod_21h,hod_22h,hod_23h,dow_mon,dow_tue,dow_wed,dow_thu,dow_fri,dow_sat,dow_sun
E09000024,E02000697,2420.25,12634.5,4147.5,20.0714285714,16.9285714286,12.8928571429,7.35714285714,7.35714285714,10.1071428571,21.9285714286,55.4642857143,107.25,129.75,143.25,160.535714286,173.964285714,174.857142857,168.428571429,162.75,164.214285714,169.464285714,172.821428571,159.678571429,135.857142857,107.857142857,82.0,55.4642857143,2247.75,2446.0,3071.25,2391.75,2477.75,2407.5,1899.75
