zone_id,area_id,total,daytype_inweek,daytype_weekend,hod_00h,hod_01h,hod_02h,hod_03h,hod_04h,hod_05h,hod_06h,hod_07h,hod_08h,hod_09h,hod_10h,hod_11h,hod_12h,hod_13h,hod_14h,hod_15h,hod_16h,hod_17h,hod_18h,hod_19h,hod_20h,hod_21h,hod_22h,hod_23h,dow_mon,dow_tue,dow_wed,dow_thu,dow_fri,dow_sat,dow_sun
E07000044,E02004200,2812.71428571,14975.0,5051.25,7.03571428571,5.17857142857,4.75,5.53571428571,5.53571428571,8.85714285714,26.3928571429,84.6428571429,138.285714286,159.214285714,212.357142857,223.892857143,227.464285714,200.25,204.142857143,218.0,222.357142857,242.571428571,185.678571429,142.321428571,117.535714286,79.1071428571,61.1071428571,30.5,2934.5,3049.25,3516.25,2823.5,2651.5,2597.25,2116.75
