zone_id,area_id,total,daytype_inweek,daytype_weekend,hod_00h,hod_01h,hod_02h,hod_03h,hod_04h,hod_05h,hod_06h,hod_07h,hod_08h,hod_09h,hod_10h,hod_11h,hod_12h,hod_13h,hod_14h,hod_15h,hod_16h,hod_17h,hod_18h,hod_19h,hod_20h,hod_21h,hod_22h,hod_23h,dow_mon,dow_tue,dow_wed,dow_thu,dow_fri,dow_sat,dow_sun
E08000031,E02002159,2544.35714286,13443.5,4320.75,17.0357142857,19.8214285714,14.75,12.6428571429,11.7142857143,23.8214285714,48.5,83.2857142857,119.392857143,121.785714286,145.5,158.714285714,167.571428571,180.964285714,179.964285714,179.285714286,187.964285714,184.535714286,171.857142857,153.5,127.071428571,103.214285714,82.3928571429,49.0714285714,2388.75,2639.25,3258.25,2449.0,2708.25,2435.0,1932.0
