zone_id,area_id,total,daytype_inweek,daytype_weekend,hod_00h,hod_01h,hod_02h,hod_03h,hod_04h,hod_05h,hod_06h,hod_07h,hod_08h,hod_09h,hod_10h,hod_11h,hod_12h,hod_13h,hod_14h,hod_15h,hod_16h,hod_17h,hod_18h,hod_19h,hod_20h,hod_21h,hod_22h,hod_23h,dow_mon,dow_tue,dow_wed,dow_thu,dow_fri,dow_sat,dow_sun
E08000019,E02001678,4472.5,23756.5,7705.75,20.75,21.9285714286,13.1071428571,11.0,8.96428571429,20.1071428571,62.3928571429,179.178571429,259.5,278.214285714,287.75,290.392857143,304.714285714,301.607142857,303.25,313.321428571,336.571428571,346.821428571,312.607142857,262.535714286,209.428571429,147.714285714,115.607142857,65.0357142857,4236.75,4617.5,5856.0,4502.5,4543.75,4082.0,3469.0
