zone_id,area_id,total,daytype_inweek,daytype_weekend,hod_00h,hod_01h,hod_02h,hod_03h,hod_04h,hod_05h,hod_06h,hod_07h,hod_08h,hod_09h,hod_10h,hod_11h,hod_12h,hod_13h,hod_14h,hod_15h,hod_16h,hod_17h,hod_18h,hod_19h,hod_20h,hod_21h,hod_22h,hod_23h,dow_mon,dow_tue,dow_wed,dow_thu,dow_fri,dow_sat,dow_sun
E06000057,E02005736,4747.07142857,25570.25,8135.0,17.5357142857,17.1785714286,11.8214285714,9.5,7.35714285714,22.5,65.25,178.642857143,233.964285714,259.321428571,311.25,358.071428571,374.75,376.964285714,372.25,367.071428571,389.75,350.285714286,296.071428571,245.357142857,187.571428571,142.714285714,95.7142857143,56.1785714286,4788.5,5070.0,6287.0,4767.25,4657.5,4312.75,3346.5
