zone_id,area_id,total,daytype_inweek,daytype_weekend,hod_00h,hod_01h,hod_02h,hod_03h,hod_04h,hod_05h,hod_06h,hod_07h,hod_08h,hod_09h,hod_10h,hod_11h,hod_12h,hod_13h,hod_14h,hod_15h,hod_16h,hod_17h,hod_18h,hod_19h,hod_20h,hod_21h,hod_22h,hod_23h,dow_mon,dow_tue,dow_wed,dow_thu,dow_fri,dow_sat,dow_sun
E07000211,E02006387,2742.0,14774.75,4602.5,13.3571428571,12.3214285714,10.5357142857,6.07142857143,7.64285714286,11.7857142857,35.5357142857,108.607142857,175.035714286,163.607142857,181.25,182.25,190.285714286,188.928571429,180.285714286,178.107142857,195.0,204.357142857,183.178571429,168.5,129.428571429,102.25,73.2142857143,40.4642857143,2590.75,2872.25,3667.0,2847.25,2797.5,2407.5,2011.75
