zone_id,area_id,total,daytype_inweek,daytype_weekend,hod_00h,hod_01h,hod_02h,hod_03h,hod_04h,hod_05h,hod_06h,hod_07h,hod_08h,hod_09h,hod_10h,hod_11h,hod_12h,hod_13h,hod_14h,hod_15h,hod_16h,hod_17h,hod_18h,hod_19h,hod_20h,hod_21h,hod_22h,hod_23h,dow_mon,dow_tue,dow_wed,dow_thu,dow_fri,dow_sat,dow_sun
E09000018,E02000531,4615.0,24316.0,7908.25,36.8571428571,35.6428571429,19.6428571429,15.5357142857,17.6071428571,30.1428571429,63.1785714286,149.928571429,228.392857143,255.107142857,267.75,300.75,329.392857143,347.178571429,340.5,319.464285714,313.392857143,350.178571429,310.964285714,271.5,217.357142857,172.25,129.75,92.5357142857,4319.25,4955.5,6028.0,4432.0,4581.25,4400.0,3589.0
