zone_id,area_id,total,daytype_inweek,daytype_weekend,hod_00h,hod_01h,hod_02h,hod_03h,hod_04h,hod_05h,hod_06h,hod_07h,hod_08h,hod_09h,hod_10h,hod_11h,hod_12h,hod_13h,hod_14h,hod_15h,hod_16h,hod_17h,hod_18h,hod_19h,hod_20h,hod_21h,hod_22h,hod_23h,dow_mon,dow_tue,dow_wed,dow_thu,dow_fri,dow_sat,dow_sun
E07000136,E02005422,816.214285714,4471.0,1337.0,3.21428571429,3.82142857143,4.35714285714,5.03571428571,7.25,20.5,26.6785714286,34.0,42.3571428571,45.5,48.5357142857,48.7142857143,48.8928571429,50.4285714286,57.2142857143,56.1785714286,57.1071428571,62.25,53.2142857143,42.0,34.6785714286,28.9642857143,22.4285714286,12.8928571429,800.75,887.25,1092.25,863.0,827.75,706.25,536.25
