zone_id,area_id,total,daytype_inweek,daytype_weekend,hod_00h,hod_01h,hod_02h,hod_03h,hod_04h,hod_05h,hod_06h,hod_07h,hod_08h,hod_09h,hod_10h,hod_11h,hod_12h,hod_13h,hod_14h,hod_15h,hod_16h,hod_17h,hod_18h,hod_19h,hod_20h,hod_21h,hod_22h,hod_23h,dow_mon,dow_tue,dow_wed,dow_thu,dow_fri,dow_sat,dow_sun
E07000178,E02005942,2456.57142857,13480.5,4067.25,13.5,12.5714285714,10.3214285714,11.9642857143,10.8928571429,17.7857142857,40.0357142857,87.2142857143,139.785714286,142.678571429,147.535714286,157.178571429,162.607142857,162.75,160.25,166.5,171.928571429,182.142857143,174.392857143,145.214285714,124.178571429,95.7142857143,75.0714285714,44.3571428571,2386.75,2692.75,3319.5,2639.0,2442.5,2035.0,1680.5
