zone_id,area_id,total,daytype_inweek,daytype_weekend,hod_00h,hod_01h,hod_02h,hod_03h,hod_04h,hod_05h,hod_06h,hod_07h,hod_08h,hod_09h,hod_10h,hod_11h,hod_12h,hod_13h,hod_14h,hod_15h,hod_16h,hod_17h,hod_18h,hod_19h,hod_20h,hod_21h,hod_22h,hod_23h,dow_mon,dow_tue,dow_wed,dow_thu,dow_fri,dow_sat,dow_sun
E07000114,E02005138,4899.39285714,25460.75,8516.0,20.5,21.8214285714,16.3928571429,10.9285714286,12.2142857143,31.75,65.6785714286,163.785714286,255.321428571,288.357142857,326.5,362.071428571,365.714285714,357.392857143,347.035714286,353.857142857,361.285714286,366.071428571,328.071428571,279.035714286,219.892857143,157.071428571,123.321428571,65.3214285714,4552.0,4921.75,6175.5,4732.25,5079.25,4871.0,3964.0
