zone_id,area_id,total,daytype_inweek,daytype_weekend,hod_00h,hod_01h,hod_02h,hod_03h,hod_04h,hod_05h,hod_06h,hod_07h,hod_08h,hod_09h,hod_10h,hod_11h,hod_12h,hod_13h,hod_14h,hod_15h,hod_16h,hod_17h,hod_18h,hod_19h,hod_20h,hod_21h,hod_22h,hod_23h,dow_mon,dow_tue,dow_wed,dow_thu,dow_fri,dow_sat,dow_sun
E07000217,E02006460,3195.21428571,16745.5,5535.75,16.3214285714,15.9642857143,11.4285714286,10.8214285714,9.17857142857,20.5714285714,41.2142857143,106.428571429,167.285714286,181.75,210.607142857,225.821428571,229.535714286,217.857142857,218.142857143,216.357142857,218.535714286,237.035714286,219.464285714,203.642857143,155.285714286,115.892857143,87.7857142857,58.2857142857,3029.25,3174.25,4105.5,3205.75,3230.75,3114.5,2506.5
