zone_id,area_id,total,daytype_inweek,daytype_weekend,hod_00h,hod_01h,hod_02h,hod_03h,hod_04h,hod_05h,hod_06h,hod_07h,hod_08h,hod_09h,hod_10h,hod_11h,hod_12h,hod_13h,hod_14h,hod_15h,hod_16h,hod_17h,hod_18h,hod_19h,hod_20h,hod_21h,hod_22h,hod_23h,dow_mon,dow_tue,dow_wed,dow_thu,dow_fri,dow_sat,dow_sun
E06000004,E02002536,2260.5,12348.0,3671.25,11.25,11.7142857143,7.21428571429,5.96428571429,5.71428571429,13.5714285714,37.0357142857,90.5714285714,128.0,130.75,142.857142857,157.0,169.107142857,165.928571429,160.75,164.892857143,173.75,174.535714286,143.321428571,122.5,94.1071428571,66.6071428571,49.3214285714,34.0357142857,2122.25,2475.5,3092.75,2345.0,2312.5,1926.5,1549.0
