zone_id,area_id,total,daytype_inweek,daytype_weekend,hod_00h,hod_01h,hod_02h,hod_03h,hod_04h,hod_05h,hod_06h,hod_07h,hod_08h,hod_09h,hod_10h,hod_11h,hod_12h,hod_13h,hod_14h,hod_15h,hod_16h,hod_17h,hod_18h,hod_19h,hod_20h,hod_21h,hod_22h,hod_23h,dow_mon,dow_tue,dow_wed,dow_thu,dow_fri,dow_sat,dow_sun
E07000118,E02005192,2067.10714286,10949.25,3588.0,11.2142857143,11.3214285714,7.82142857143,6.57142857143,7.78571428571,12.3571428571,25.3214285714,65.8928571429,104.892857143,114.357142857,125.142857143,131.964285714,140.392857143,144.428571429,137.071428571,139.964285714,148.642857143,155.535714286,148.0,133.571428571,111.857142857,83.1785714286,63.25,36.5714285714,2001.0,2155.0,2651.75,2023.0,2118.5,1933.5,1587.0
