zone_id,area_id,total,daytype_inweek,daytype_weekend,hod_00h,hod_01h,hod_02h,hod_03h,hod_04h,hod_05h,hod_06h,hod_07h,hod_08h,hod_09h,hod_10h,hod_11h,hod_12h,hod_13h,hod_14h,hod_15h,hod_16h,hod_17h,hod_18h,hod_19h,hod_20h,hod_21h,hod_22h,hod_23h,dow_mon,dow_tue,dow_wed,dow_thu,dow_fri,dow_sat,dow_sun
E07000093,E02004819,2684.28571429,14381.75,4664.25,9.71428571429,11.8214285714,9.17857142857,8.17857142857,11.2142857143,23.3928571429,54.4285714286,105.25,162.0,147.25,165.428571429,168.428571429,185.25,187.392857143,186.214285714,180.285714286,194.357142857,217.535714286,179.464285714,150.785714286,122.0,94.0357142857,73.5357142857,37.1428571429,2621.75,2859.0,3466.5,2713.25,2721.25,2365.75,2042.5
