zone_id,area_id,total,daytype_inweek,daytype_weekend,hod_00h,hod_01h,hod_02h,hod_03h,hod_04h,hod_05h,hod_06h,hod_07h,hod_08h,hod_09h,hod_10h,hod_11h,hod_12h,hod_13h,hod_14h,hod_15h,hod_16h,hod_17h,hod_18h,hod_19h,hod_20h,hod_21h,hod_22h,hod_23h,dow_mon,dow_tue,dow_wed,dow_thu,dow_fri,dow_sat,dow_sun
E06000035,E02003323,2914.96428571,15449.25,5068.0,15.2142857143,16.9285714286,12.1071428571,11.2857142857,8.96428571429,23.8214285714,44.1428571429,94.1071428571,143.607142857,162.5,183.142857143,193.214285714,201.535714286,201.964285714,195.142857143,198.071428571,209.75,210.714285714,202.571428571,176.0,146.678571429,123.178571429,89.8571428571,50.4642857143,2841.5,3124.25,3690.0,2863.5,2930.0,2729.0,2226.5
