zone_id,area_id,total,daytype_inweek,daytype_weekend,hod_00h,hod_01h,hod_02h,hod_03h,hod_04h,hod_05h,hod_06h,hod_07h,hod_08h,hod_09h,hod_10h,hod_11h,hod_12h,hod_13h,hod_14h,hod_15h,hod_16h,hod_17h,hod_18h,hod_19h,hod_20h,hod_21h,hod_22h,hod_23h,dow_mon,dow_tue,dow_wed,dow_thu,dow_fri,dow_sat,dow_sun
E07000062,E02004374,4214.07142857,22146.75,6987.75,16.1785714286,18.3571428571,14.8928571429,12.2142857143,10.5714285714,22.3214285714,50.0357142857,124.642857143,201.642857143,235.714285714,286.107142857,311.607142857,330.857142857,333.392857143,314.607142857,310.642857143,321.928571429,308.642857143,280.5,233.678571429,184.678571429,140.535714286,94.1071428571,56.2142857143,3827.25,4420.0,5482.0,4203.0,4214.5,4191.25,3160.5
