zone_id,area_id,total,daytype_inweek,daytype_weekend,hod_00h,hod_01h,hod_02h,hod_03h,hod_04h,hod_05h,hod_06h,hod_07h,hod_08h,hod_09h,hod_10h,hod_11h,hod_12h,hod_13h,hod_14h,hod_15h,hod_16h,hod_17h,hod_18h,hod_19h,hod_20h,hod_21h,hod_22h,hod_23h,dow_mon,dow_tue,dow_wed,dow_thu,dow_fri,dow_sat,dow_sun
E07000007,E02003717,3045.07142857,16195.5,5274.75,15.3214285714,14.5,8.82142857143,5.85714285714,5.71428571429,9.5,36.0357142857,105.464285714,170.464285714,172.107142857,193.107142857,202.392857143,225.857142857,225.857142857,224.107142857,222.714285714,230.107142857,240.678571429,206.821428571,175.0,131.071428571,101.142857143,77.0357142857,45.3928571429,2930.0,3135.0,3881.75,3158.5,3090.25,2775.25,2344.75
