zone_id,area_id,total,daytype_inweek,daytype_weekend,hod_00h,hod_01h,hod_02h,hod_03h,hod_04h,hod_05h,hod_06h,hod_07h,hod_08h,hod_09h,hod_10h,hod_11h,hod_12h,hod_13h,hod_14h,hod_15h,hod_16h,hod_17h,hod_18h,hod_19h,hod_20h,hod_21h,hod_22h,hod_23h,dow_mon,dow_tue,dow_wed,dow_thu,dow_fri,dow_sat,dow_sun
E07000066,E02004430,2036.21428571,11017.0,3414.0,8.10714285714,8.42857142857,6.10714285714,4.75,6.42857142857,14.6428571429,37.7857142857,76.1071428571,113.0,118.928571429,131.5,139.428571429,148.5,155.321428571,144.428571429,142.392857143,139.035714286,157.321428571,129.178571429,109.678571429,90.4642857143,74.0,51.0714285714,29.6071428571,1928.75,2163.0,2680.75,2125.75,2118.75,1751.25,1485.25
