zone_id,area_id,total,daytype_inweek,daytype_weekend,hod_00h,hod_01h,hod_02h,hod_03h,hod_04h,hod_05h,hod_06h,hod_07h,hod_08h,hod_09h,hod_10h,hod_11h,hod_12h,hod_13h,hod_14h,hod_15h,hod_16h,hod_17h,hod_18h,hod_19h,hod_20h,hod_21h,hod_22h,hod_23h,dow_mon,dow_tue,dow_wed,dow_thu,dow_fri,dow_sat,dow_sun
E07000188,E02006071,2341.78571429,12672.0,4083.5,9.25,9.85714285714,9.25,7.85714285714,12.8214285714,28.1071428571,52.1428571429,106.714285714,117.464285714,124.964285714,135.75,141.785714286,139.535714286,149.714285714,149.321428571,155.785714286,168.928571429,173.892857143,173.321428571,151.25,117.5,90.8214285714,74.5714285714,41.1785714286,2380.0,2527.75,3059.5,2346.5,2358.25,2017.0,1703.5
