zone_id,area_id,total,daytype_inweek,daytype_weekend,hod_00h,hod_01h,hod_02h,hod_03h,hod_04h,hod_05h,hod_06h,hod_07h,hod_08h,hod_09h,hod_10h,hod_11h,hod_12h,hod_13h,hod_14h,hod_15h,hod_16h,hod_17h,hod_18h,hod_19h,hod_20h,hod_21h,hod_22h,hod_23h,dow_mon,dow_tue,dow_wed,dow_thu,dow_fri,dow_sat,dow_sun
E09000011,E02000320,1263.32142857,6484.0,2260.5,9.92857142857,9.42857142857,4.89285714286,3.5,8.57142857143,7.78571428571,19.9285714286,37.1785714286,54.25,63.1428571429,75.8214285714,84.2857142857,90.0357142857,90.5714285714,82.25,84.0714285714,83.5,91.7857142857,89.9285714286,88.2857142857,65.0357142857,52.8214285714,42.4285714286,23.8928571429,1173.25,1248.25,1520.5,1197.25,1344.75,1272.0,1087.25
