zone_id,area_id,total,daytype_inweek,daytype_weekend,hod_00h,hod_01h,hod_02h,hod_03h,hod_04h,hod_05h,hod_06h,hod_07h,hod_08h,hod_09h,hod_10h,hod_11h,hod_12h,hod_13h,hod_14h,hod_15h,hod_16h,hod_17h,hod_18h,hod_19h,hod_20h,hod_21h,hod_22h,hod_23h,dow_mon,dow_tue,dow_wed,dow_thu,dow_fri,dow_sat,dow_sun
E09000024,E02000689,2355.75,12565.25,3998.25,18.0714285714,14.6428571429,11.0,7.32142857143,6.42857142857,14.5714285714,26.6785714286,71.0,117.25,133.785714286,138.964285714,156.928571429,168.142857143,168.25,164.642857143,159.857142857,164.464285714,164.964285714,162.071428571,150.571428571,123.071428571,94.2857142857,71.8571428571,46.9285714286,2271.5,2449.0,3099.5,2356.5,2388.75,2198.25,1726.75
