zone_id,area_id,total,daytype_inweek,daytype_weekend,hod_00h,hod_01h,hod_02h,hod_03h,hod_04h,hod_05h,hod_06h,hod_07h,hod_08h,hod_09h,hod_10h,hod_11h,hod_12h,hod_13h,hod_14h,hod_15h,hod_16h,hod_17h,hod_18h,hod_19h,hod_20h,hod_21h,hod_22h,hod_23h,dow_mon,dow_tue,dow_wed,dow_thu,dow_fri,dow_sat,dow_sun
E08000009,E02001260,7264.89285714,39888.75,11808.25,23.5714285714,26.2142857143,18.2142857143,13.1071428571,20.1785714286,57.6428571429,123.75,245.285714286,332.142857143,349.607142857,373.071428571,467.714285714,585.678571429,600.607142857,586.821428571,566.964285714,564.142857143,571.5,494.357142857,399.214285714,319.107142857,237.535714286,182.357142857,106.107142857,6975.75,7625.0,9783.25,7700.25,7804.5,6133.0,4832.5
