zone_id,area_id,total,daytype_inweek,daytype_weekend,hod_00h,hod_01h,hod_02h,hod_03h,hod_04h,hod_05h,hod_06h,hod_07h,hod_08h,hod_09h,hod_10h,hod_11h,hod_12h,hod_13h,hod_14h,hod_15h,hod_16h,hod_17h,hod_18h,hod_19h,hod_20h,hod_21h,hod_22h,hod_23h,dow_mon,dow_tue,dow_wed,dow_thu,dow_fri,dow_sat,dow_sun
E08000029,E02002103,1586.46428571,8345.0,2765.75,7.60714285714,7.14285714286,5.14285714286,4.21428571429,5.28571428571,10.8571428571,22.0714285714,50.3214285714,88.3928571429,88.3214285714,93.2142857143,103.642857143,108.714285714,111.642857143,106.107142857,106.535714286,109.714285714,121.5,113.928571429,99.2142857143,78.9285714286,60.2857142857,52.2857142857,31.3928571429,1476.25,1584.5,1991.75,1608.5,1684.0,1470.75,1289.5
