zone_id,area_id,total,daytype_inweek,daytype_weekend,hod_00h,hod_01h,hod_02h,hod_03h,hod_04h,hod_05h,hod_06h,hod_07h,hod_08h,hod_09h,hod_10h,hod_11h,hod_12h,hod_13h,hod_14h,hod_15h,hod_16h,hod_17h,hod_18h,hod_19h,hod_20h,hod_21h,hod_22h,hod_23h,dow_mon,dow_tue,dow_wed,dow_thu,dow_fri,dow_sat,dow_sun
E06000052,E02003924,5659.82142857,30266.25,9870.5,23.8214285714,17.9285714286,14.1428571429,10.6428571429,14.0714285714,31.4285714286,79.5714285714,185.821428571,255.071428571,304.75,406.785714286,433.464285714,420.178571429,404.142857143,402.285714286,424.0,458.607142857,465.928571429,377.464285714,292.071428571,237.0,192.464285714,131.928571429,76.25,5608.75,6052.0,7470.25,5797.75,5337.5,5090.75,4261.75
