zone_id,area_id,total,daytype_inweek,daytype_weekend,hod_00h,hod_01h,hod_02h,hod_03h,hod_04h,hod_05h,hod_06h,hod_07h,hod_08h,hod_09h,hod_10h,hod_11h,hod_12h,hod_13h,hod_14h,hod_15h,hod_16h,hod_17h,hod_18h,hod_19h,hod_20h,hod_21h,hod_22h,hod_23h,dow_mon,dow_tue,dow_wed,dow_thu,dow_fri,dow_sat,dow_sun
E09000012,E02000354,2075.64285714,10624.5,3668.75,26.7142857143,31.4642857143,21.6071428571,16.1428571429,12.1785714286,13.1071428571,20.8571428571,45.4285714286,78.2857142857,99.3928571429,109.107142857,113.785714286,123.142857143,132.107142857,136.535714286,131.285714286,131.785714286,138.678571429,145.178571429,142.392857143,131.928571429,109.035714286,95.3928571429,70.1071428571,1891.5,2082.75,2642.25,1937.25,2070.75,2127.75,1777.25
