zone_id,area_id,total,daytype_inweek,daytype_weekend,hod_00h,hod_01h,hod_02h,hod_03h,hod_04h,hod_05h,hod_06h,hod_07h,hod_08h,hod_09h,hod_10h,hod_11h,hod_12h,hod_13h,hod_14h,hod_15h,hod_16h,hod_17h,hod_18h,hod_19h,hod_20h,hod_21h,hod_22h,hod_23h,dow_mon,dow_tue,dow_wed,dow_thu,dow_fri,dow_sat,dow_sun
E08000012,E02006933,14782.1785714,75466.25,25308.25,108.785714286,140.357142857,116.678571429,97.0357142857,82.0,93.9642857143,187.035714286,400.678571429,694.428571429,679.142857143,772.928571429,935.321428571,1068.21428571,1110.5,1130.25,1148.14285714,1164.17857143,1185.75,949.464285714,789.964285714,648.428571429,511.464285714,415.928571429,351.535714286,13431.0,14262.0,18291.5,14085.25,15396.5,16131.75,11877.25
