zone_id,area_id,total,daytype_inweek,daytype_weekend,hod_00h,hod_01h,hod_02h,hod_03h,hod_04h,hod_05h,hod_06h,hod_07h,hod_08h,hod_09h,hod_10h,hod_11h,hod_12h,hod_13h,hod_14h,hod_15h,hod_16h,hod_17h,hod_18h,hod_19h,hod_20h,hod_21h,hod_22h,hod_23h,dow_mon,dow_tue,dow_wed,dow_thu,dow_fri,dow_sat,dow_sun
E07000153,E02005641,1861.75,10084.25,3130.75,8.78571428571,8.10714285714,5.75,4.28571428571,6.07142857143,16.1785714286,30.3214285714,59.8928571429,94.1428571429,103.678571429,114.857142857,116.964285714,127.464285714,131.607142857,131.857142857,127.964285714,134.035714286,142.035714286,134.964285714,112.5,89.9285714286,75.6785714286,52.6428571429,32.0357142857,1783.5,1959.0,2502.5,2010.75,1828.5,1600.75,1347.25
