zone_id,area_id,total,daytype_inweek,daytype_weekend,hod_00h,hod_01h,hod_02h,hod_03h,hod_04h,hod_05h,hod_06h,hod_07h,hod_08h,hod_09h,hod_10h,hod_11h,hod_12h,hod_13h,hod_14h,hod_15h,hod_16h,hod_17h,hod_18h,hod_19h,hod_20h,hod_21h,hod_22h,hod_23h,dow_mon,dow_tue,dow_wed,dow_thu,dow_fri,dow_sat,dow_sun
E07000049,E02004252,2683.35714286,14100.25,4769.75,11.0357142857,10.7857142857,7.14285714286,5.46428571429,6.82142857143,11.0714285714,37.7142857143,90.6071428571,150.785714286,168.892857143,186.821428571,194.178571429,193.357142857,185.75,183.821428571,183.178571429,194.285714286,200.821428571,173.964285714,154.5,120.142857143,98.1071428571,72.9285714286,41.1785714286,2602.75,2727.75,3431.5,2619.0,2719.25,2516.25,2167.0
