zone_id,area_id,total,daytype_inweek,daytype_weekend,hod_00h,hod_01h,hod_02h,hod_03h,hod_04h,hod_05h,hod_06h,hod_07h,hod_08h,hod_09h,hod_10h,hod_11h,hod_12h,hod_13h,hod_14h,hod_15h,hod_16h,hod_17h,hod_18h,hod_19h,hod_20h,hod_21h,hod_22h,hod_23h,dow_mon,dow_tue,dow_wed,dow_thu,dow_fri,dow_sat,dow_sun
E07000088,E02004750,1388.21428571,7221.25,2453.25,7.42857142857,6.46428571429,5.25,4.5,5.71428571429,10.6071428571,20.8214285714,41.1071428571,64.5357142857,71.7142857143,87.5714285714,96.1428571429,96.1785714286,101.178571429,96.6785714286,100.428571429,103.0,100.678571429,98.3928571429,85.6071428571,63.7142857143,52.3571428571,40.8928571429,27.25,1293.25,1413.75,1770.25,1331.75,1412.25,1336.25,1160.0
