zone_id,area_id,total,daytype_inweek,daytype_weekend,hod_00h,hod_01h,hod_02h,hod_03h,hod_04h,hod_05h,hod_06h,hod_07h,hod_08h,hod_09h,hod_10h,hod_11h,hod_12h,hod_13h,hod_14h,hod_15h,hod_16h,hod_17h,hod_18h,hod_19h,hod_20h,hod_21h,hod_22h,hod_23h,dow_mon,dow_tue,dow_wed,dow_thu,dow_fri,dow_sat,dow_sun
E08000006,E02001180,2270.85714286,12358.5,3776.25,16.6428571429,18.2142857143,13.75,10.25,9.82142857143,22.8571428571,43.4285714286,86.7142857143,112.428571429,119.821428571,121.535714286,133.0,148.785714286,150.357142857,154.071428571,153.785714286,159.392857143,171.857142857,154.785714286,142.107142857,110.214285714,95.0714285714,73.6428571429,48.3214285714,2212.75,2410.5,3066.25,2345.0,2324.0,1974.0,1563.5
