zone_id,area_id,total,daytype_inweek,daytype_weekend,hod_00h,hod_01h,hod_02h,hod_03h,hod_04h,hod_05h,hod_06h,hod_07h,hod_08h,hod_09h,hod_10h,hod_11h,hod_12h,hod_13h,hod_14h,hod_15h,hod_16h,hod_17h,hod_18h,hod_19h,hod_20h,hod_21h,hod_22h,hod_23h,dow_mon,dow_tue,dow_wed,dow_thu,dow_fri,dow_sat,dow_sun
E08000013,E02001428,1655.67857143,8788.25,2812.25,9.75,8.64285714286,6.35714285714,6.96428571429,5.78571428571,13.8571428571,27.3571428571,50.5,71.1428571429,79.0,97.5,106.642857143,116.964285714,119.357142857,123.0,123.357142857,123.071428571,125.892857143,112.678571429,95.1428571429,84.7857142857,62.7857142857,52.4642857143,32.6785714286,1532.75,1755.75,2082.75,1678.25,1738.75,1522.0,1279.5
