zone_id,area_id,total,daytype_inweek,daytype_weekend,hod_00h,hod_01h,hod_02h,hod_03h,hod_04h,hod_05h,hod_06h,hod_07h,hod_08h,hod_09h,hod_10h,hod_11h,hod_12h,hod_13h,hod_14h,hod_15h,hod_16h,hod_17h,hod_18h,hod_19h,hod_20h,hod_21h,hod_22h,hod_23h,dow_mon,dow_tue,dow_wed,dow_thu,dow_fri,dow_sat,dow_sun
W06000018,W02000313,1680.96428571,9217.0,2801.5,10.4642857143,7.60714285714,5.60714285714,4.14285714286,5.39285714286,17.5,28.4285714286,66.0714285714,94.4285714286,90.1071428571,101.464285714,110.5,118.535714286,112.892857143,116.928571429,115.571428571,124.107142857,128.035714286,111.428571429,94.0714285714,71.8214285714,62.1428571429,50.1428571429,33.5714285714,1619.75,1808.0,2278.75,1819.25,1691.25,1368.0,1181.75
