zone_id,area_id,total,daytype_inweek,daytype_weekend,hod_00h,hod_01h,hod_02h,hod_03h,hod_04h,hod_05h,hod_06h,hod_07h,hod_08h,hod_09h,hod_10h,hod_11h,hod_12h,hod_13h,hod_14h,hod_15h,hod_16h,hod_17h,hod_18h,hod_19h,hod_20h,hod_21h,hod_22h,hod_23h,dow_mon,dow_tue,dow_wed,dow_thu,dow_fri,dow_sat,dow_sun
E07000217,E02006457,2841.53571429,15000.25,5049.5,15.1071428571,10.8928571429,8.0,7.35714285714,6.32142857143,13.6071428571,36.3214285714,96.1785714286,152.928571429,167.428571429,185.964285714,205.857142857,210.5,208.035714286,206.571428571,192.821428571,195.642857143,212.0,185.285714286,164.535714286,134.607142857,101.357142857,77.0714285714,47.1428571429,2845.5,2892.0,3639.5,2823.5,2799.75,2686.5,2204.0
