zone_id,area_id,total,daytype_inweek,daytype_weekend,hod_00h,hod_01h,hod_02h,hod_03h,hod_04h,hod_05h,hod_06h,hod_07h,hod_08h,hod_09h,hod_10h,hod_11h,hod_12h,hod_13h,hod_14h,hod_15h,hod_16h,hod_17h,hod_18h,hod_19h,hod_20h,hod_21h,hod_22h,hod_23h,dow_mon,dow_tue,dow_wed,dow_thu,dow_fri,dow_sat,dow_sun
S12000020,S02002089,1430.92857143,7779.25,2475.0,5.10714285714,5.78571428571,5.21428571429,4.21428571429,4.39285714286,8.32142857143,19.4642857143,67.9285714286,89.9285714286,73.2857142857,78.3571428571,84.7857142857,94.3928571429,103.821428571,108.428571429,115.571428571,121.428571429,112.357142857,90.4285714286,74.1428571429,55.8214285714,51.8928571429,37.1785714286,18.6785714286,1458.0,1512.25,1923.5,1469.0,1416.5,1220.25,1017.0
