zone_id,area_id,total,daytype_inweek,daytype_weekend,hod_00h,hod_01h,hod_02h,hod_03h,hod_04h,hod_05h,hod_06h,hod_07h,hod_08h,hod_09h,hod_10h,hod_11h,hod_12h,hod_13h,hod_14h,hod_15h,hod_16h,hod_17h,hod_18h,hod_19h,hod_20h,hod_21h,hod_22h,hod_23h,dow_mon,dow_tue,dow_wed,dow_thu,dow_fri,dow_sat,dow_sun
E09000033,E02000962,2321.32142857,12423.25,3993.25,23.9642857143,21.6785714286,12.6428571429,9.28571428571,8.39285714286,8.0,24.1428571429,58.4285714286,127.571428571,127.714285714,129.25,132.75,155.107142857,146.642857143,152.214285714,145.214285714,155.071428571,170.5,180.714285714,152.785714286,130.464285714,102.928571429,82.3928571429,63.4642857143,2222.5,2486.25,3093.25,2296.0,2325.25,2055.25,1770.75
