zone_id,area_id,total,daytype_inweek,daytype_weekend,hod_00h,hod_01h,hod_02h,hod_03h,hod_04h,hod_05h,hod_06h,hod_07h,hod_08h,hod_09h,hod_10h,hod_11h,hod_12h,hod_13h,hod_14h,hod_15h,hod_16h,hod_17h,hod_18h,hod_19h,hod_20h,hod_21h,hod_22h,hod_23h,dow_mon,dow_tue,dow_wed,dow_thu,dow_fri,dow_sat,dow_sun
E07000109,E02005067,919.714285714,4826.0,1660.5,5.64285714286,5.82142857143,2.82142857143,2.28571428571,3.42857142857,6.35714285714,12.6428571429,27.0,48.9285714286,59.7142857143,64.7857142857,61.5357142857,66.6428571429,61.7142857143,59.8214285714,60.3571428571,61.3571428571,61.3571428571,58.6071428571,55.1428571429,45.0357142857,37.0357142857,31.2857142857,20.3928571429,929.5,966.75,1189.0,855.5,885.25,881.0,731.0
