zone_id,area_id,total,daytype_inweek,daytype_weekend,hod_00h,hod_01h,hod_02h,hod_03h,hod_04h,hod_05h,hod_06h,hod_07h,hod_08h,hod_09h,hod_10h,hod_11h,hod_12h,hod_13h,hod_14h,hod_15h,hod_16h,hod_17h,hod_18h,hod_19h,hod_20h,hod_21h,hod_22h,hod_23h,dow_mon,dow_tue,dow_wed,dow_thu,dow_fri,dow_sat,dow_sun
E07000086,E02004715,1707.78571429,9132.5,2958.0,7.03571428571,7.39285714286,4.14285714286,5.96428571429,5.0,11.4642857143,24.4642857143,64.6071428571,103.0,97.2142857143,107.0,115.821428571,120.392857143,116.0,110.107142857,112.321428571,122.714285714,130.571428571,118.535714286,100.428571429,78.7857142857,64.8214285714,52.1785714286,27.8214285714,1680.25,1858.25,2256.75,1608.5,1728.75,1544.25,1277.75
