zone_id,area_id,total,daytype_inweek,daytype_weekend,hod_00h,hod_01h,hod_02h,hod_03h,hod_04h,hod_05h,hod_06h,hod_07h,hod_08h,hod_09h,hod_10h,hod_11h,hod_12h,hod_13h,hod_14h,hod_15h,hod_16h,hod_17h,hod_18h,hod_19h,hod_20h,hod_21h,hod_22h,hod_23h,dow_mon,dow_tue,dow_wed,dow_thu,dow_fri,dow_sat,dow_sun
E07000011,E02003765,3803.96428571,20255.5,6561.75,16.1428571429,16.1071428571,12.1785714286,12.0714285714,11.1785714286,29.5,69.75,165.357142857,220.071428571,212.714285714,240.142857143,258.678571429,276.964285714,274.5,261.785714286,263.464285714,272.857142857,302.857142857,246.678571429,196.178571429,165.464285714,132.321428571,94.0,53.0,3718.0,3895.0,4918.75,3788.25,3935.5,3528.5,2843.75
