zone_id,area_id,total,daytype_inweek,daytype_weekend,hod_00h,hod_01h,hod_02h,hod_03h,hod_04h,hod_05h,hod_06h,hod_07h,hod_08h,hod_09h,hod_10h,hod_11h,hod_12h,hod_13h,hod_14h,hod_15h,hod_16h,hod_17h,hod_18h,hod_19h,hod_20h,hod_21h,hod_22h,hod_23h,dow_mon,dow_tue,dow_wed,dow_thu,dow_fri,dow_sat,dow_sun
E06000043,E02003507,3884.96428571,20929.25,6402.5,13.9285714286,17.7857142857,14.3214285714,13.1428571429,11.6071428571,23.8928571429,62.0,164.178571429,254.75,240.464285714,239.964285714,257.785714286,259.428571429,257.107142857,250.035714286,265.964285714,288.142857143,302.0,260.0,225.0,174.928571429,134.071428571,100.357142857,54.1071428571,3586.75,4217.5,5083.75,3923.0,4118.25,3449.75,2815.75
