zone_id,area_id,total,daytype_inweek,daytype_weekend,hod_00h,hod_01h,hod_02h,hod_03h,hod_04h,hod_05h,hod_06h,hod_07h,hod_08h,hod_09h,hod_10h,hod_11h,hod_12h,hod_13h,hod_14h,hod_15h,hod_16h,hod_17h,hod_18h,hod_19h,hod_20h,hod_21h,hod_22h,hod_23h,dow_mon,dow_tue,dow_wed,dow_thu,dow_fri,dow_sat,dow_sun
E09000026,E02000757,2414.64285714,12656.75,4264.0,25.7857142857,22.2857142857,16.3214285714,11.1785714286,9.25,12.6428571429,27.6071428571,61.6785714286,111.785714286,130.535714286,146.607142857,164.035714286,161.964285714,152.5,153.357142857,145.607142857,147.821428571,160.357142857,164.821428571,166.821428571,142.107142857,118.785714286,96.5,64.2857142857,2314.25,2426.5,3114.5,2388.5,2413.0,2296.0,1949.75
