zone_id,area_id,total,daytype_inweek,daytype_weekend,hod_00h,hod_01h,hod_02h,hod_03h,hod_04h,hod_05h,hod_06h,hod_07h,hod_08h,hod_09h,hod_10h,hod_11h,hod_12h,hod_13h,hod_14h,hod_15h,hod_16h,hod_17h,hod_18h,hod_19h,hod_20h,hod_21h,hod_22h,hod_23h,dow_mon,dow_tue,dow_wed,dow_thu,dow_fri,dow_sat,dow_sun
E09000006,E02000127,1904.89285714,9947.75,3334.25,11.8571428571,10.8214285714,7.21428571429,5.32142857143,6.25,10.6785714286,25.9285714286,61.1785714286,89.8928571429,104.928571429,123.571428571,132.75,136.714285714,132.142857143,125.678571429,129.035714286,130.75,125.75,132.535714286,121.571428571,101.928571429,79.9285714286,60.3571428571,38.1071428571,1797.0,1934.75,2417.25,1973.75,1825.0,1849.25,1537.25
