zone_id,area_id,total,daytype_inweek,daytype_weekend,hod_00h,hod_01h,hod_02h,hod_03h,hod_04h,hod_05h,hod_06h,hod_07h,hod_08h,hod_09h,hod_10h,hod_11h,hod_12h,hod_13h,hod_14h,hod_15h,hod_16h,hod_17h,hod_18h,hod_19h,hod_20h,hod_21h,hod_22h,hod_23h,dow_mon,dow_tue,dow_wed,dow_thu,dow_fri,dow_sat,dow_sun
S12000044,S02002176,4407.60714286,23839.5,7543.75,23.0,29.1785714286,20.4642857143,17.6785714286,14.8214285714,28.4285714286,69.5,160.464285714,261.857142857,231.535714286,243.928571429,269.785714286,300.892857143,307.785714286,312.428571429,327.142857143,341.607142857,334.607142857,293.0,247.892857143,213.5,171.357142857,116.25,70.5,4406.75,4667.5,5704.75,4471.0,4589.5,3876.75,3137.0
