zone_id,area_id,total,daytype_inweek,daytype_weekend,hod_00h,hod_01h,hod_02h,hod_03h,hod_04h,hod_05h,hod_06h,hod_07h,hod_08h,hod_09h,hod_10h,hod_11h,hod_12h,hod_13h,hod_14h,hod_15h,hod_16h,hod_17h,hod_18h,hod_19h,hod_20h,hod_21h,hod_22h,hod_23h,dow_mon,dow_tue,dow_wed,dow_thu,dow_fri,dow_sat,dow_sun
S12000036,S02001628,2554.57142857,13665.75,4496.5,13.0,17.5,11.0,10.2857142857,14.4285714286,29.5357142857,51.0,122.75,147.857142857,135.071428571,129.25,148.892857143,163.178571429,169.857142857,175.428571429,176.964285714,192.714285714,195.535714286,180.642857143,147.571428571,124.25,93.6071428571,64.1785714286,40.0714285714,2530.0,2593.25,3391.5,2525.25,2625.75,2249.75,1966.5
