zone_id,area_id,total,daytype_inweek,daytype_weekend,hod_00h,hod_01h,hod_02h,hod_03h,hod_04h,hod_05h,hod_06h,hod_07h,hod_08h,hod_09h,hod_10h,hod_11h,hod_12h,hod_13h,hod_14h,hod_15h,hod_16h,hod_17h,hod_18h,hod_19h,hod_20h,hod_21h,hod_22h,hod_23h,dow_mon,dow_tue,dow_wed,dow_thu,dow_fri,dow_sat,dow_sun
S12000026,S02002319,1120.10714286,6035.75,1889.5,4.67857142857,4.25,2.39285714286,2.03571428571,2.78571428571,12.7142857143,25.3214285714,55.9285714286,81.1428571429,57.7857142857,61.1071428571,68.75,78.1785714286,79.8928571429,84.8214285714,86.4642857143,102.964285714,90.25,67.4642857143,48.7142857143,39.5357142857,30.4642857143,21.7857142857,10.6785714286,1101.25,1139.75,1594.75,1073.75,1126.25,1016.75,788.25
