zone_id,area_id,total,daytype_inweek,daytype_weekend,hod_00h,hod_01h,hod_02h,hod_03h,hod_04h,hod_05h,hod_06h,hod_07h,hod_08h,hod_09h,hod_10h,hod_11h,hod_12h,hod_13h,hod_14h,hod_15h,hod_16h,hod_17h,hod_18h,hod_19h,hod_20h,hod_21h,hod_22h,hod_23h,dow_mon,dow_tue,dow_wed,dow_thu,dow_fri,dow_sat,dow_sun
E09000006,E02000128,2466.39285714,12956.75,4160.25,15.2857142857,11.4642857143,7.89285714286,4.96428571429,5.21428571429,10.8214285714,29.5,82.5714285714,133.607142857,147.821428571,160.714285714,174.142857143,173.357142857,172.0,168.678571429,159.25,169.5,180.142857143,172.25,153.928571429,122.857142857,95.1071428571,69.6071428571,45.7142857143,2276.75,2525.0,3181.0,2482.0,2492.0,2424.5,1883.5
