zone_id,area_id,total,daytype_inweek,daytype_weekend,hod_00h,hod_01h,hod_02h,hod_03h,hod_04h,hod_05h,hod_06h,hod_07h,hod_08h,hod_09h,hod_10h,hod_11h,hod_12h,hod_13h,hod_14h,hod_15h,hod_16h,hod_17h,hod_18h,hod_19h,hod_20h,hod_21h,hod_22h,hod_23h,dow_mon,dow_tue,dow_wed,dow_thu,dow_fri,dow_sat,dow_sun
S12000006,S02001432,855.464285714,4777.75,1426.0,2.21428571429,2.21428571429,1.46428571429,1.96428571429,2.92857142857,8.82142857143,17.7857142857,41.5,51.6785714286,45.1428571429,47.9285714286,52.8928571429,53.6071428571,62.1785714286,64.0357142857,66.6428571429,70.6785714286,72.0357142857,53.7857142857,44.4642857143,33.6071428571,30.3928571429,18.4285714286,9.07142857143,894.75,907.75,1164.0,942.5,868.75,679.25,531.25
