zone_id,area_id,total,daytype_inweek,daytype_weekend,hod_00h,hod_01h,hod_02h,hod_03h,hod_04h,hod_05h,hod_06h,hod_07h,hod_08h,hod_09h,hod_10h,hod_11h,hod_12h,hod_13h,hod_14h,hod_15h,hod_16h,hod_17h,hod_18h,hod_19h,hod_20h,hod_21h,hod_22h,hod_23h,dow_mon,dow_tue,dow_wed,dow_thu,dow_fri,dow_sat,dow_sun
E07000078,E02004612,3084.46428571,16424.75,5280.75,14.1071428571,14.4642857143,10.25,10.4285714286,10.2142857143,12.8571428571,34.1785714286,103.464285714,181.785714286,183.0,204.392857143,211.357142857,217.392857143,216.0,209.464285714,211.321428571,229.285714286,242.178571429,208.035714286,179.035714286,138.607142857,103.928571429,82.6785714286,56.0357142857,2951.25,3272.5,4059.5,3044.0,3097.5,2837.0,2329.5
