zone_id,area_id,total,daytype_inweek,daytype_weekend,hod_00h,hod_01h,hod_02h,hod_03h,hod_04h,hod_05h,hod_06h,hod_07h,hod_08h,hod_09h,hod_10h,hod_11h,hod_12h,hod_13h,hod_14h,hod_15h,hod_16h,hod_17h,hod_18h,hod_19h,hod_20h,hod_21h,hod_22h,hod_23h,dow_mon,dow_tue,dow_wed,dow_thu,dow_fri,dow_sat,dow_sun
E07000166,E02005784,1130.35714286,6213.5,1905.0,6.07142857143,5.28571428571,3.21428571429,4.21428571429,3.60714285714,6.5,18.4642857143,44.1785714286,65.2142857143,71.1785714286,78.75,76.8214285714,83.8571428571,80.0357142857,78.1785714286,77.0,74.5357142857,78.8928571429,67.0357142857,59.7142857143,49.6071428571,40.1071428571,35.7142857143,22.1785714286,1135.0,1252.75,1574.25,1198.75,1052.75,929.0,770.0
