zone_id,area_id,total,daytype_inweek,daytype_weekend,hod_00h,hod_01h,hod_02h,hod_03h,hod_04h,hod_05h,hod_06h,hod_07h,hod_08h,hod_09h,hod_10h,hod_11h,hod_12h,hod_13h,hod_14h,hod_15h,hod_16h,hod_17h,hod_18h,hod_19h,hod_20h,hod_21h,hod_22h,hod_23h,dow_mon,dow_tue,dow_wed,dow_thu,dow_fri,dow_sat,dow_sun
E06000006,E02002577,2502.60714286,13421.0,4142.5,12.7857142857,13.7142857143,8.89285714286,6.39285714286,8.60714285714,18.75,37.4642857143,78.4285714286,104.214285714,132.857142857,155.035714286,171.25,180.392857143,181.071428571,189.178571429,185.5,189.285714286,179.142857143,165.5,147.464285714,127.214285714,96.3928571429,71.7857142857,41.2857142857,2339.75,2619.5,3256.5,2535.75,2669.5,2294.5,1802.75
