zone_id,area_id,total,daytype_inweek,daytype_weekend,hod_00h,hod_01h,hod_02h,hod_03h,hod_04h,hod_05h,hod_06h,hod_07h,hod_08h,hod_09h,hod_10h,hod_11h,hod_12h,hod_13h,hod_14h,hod_15h,hod_16h,hod_17h,hod_18h,hod_19h,hod_20h,hod_21h,hod_22h,hod_23h,dow_mon,dow_tue,dow_wed,dow_thu,dow_fri,dow_sat,dow_sun
E07000211,E02006383,3253.03571429,17701.5,5454.25,15.5357142857,14.9642857143,9.85714285714,7.07142857143,7.64285714286,13.5357142857,48.2857142857,135.178571429,210.928571429,204.714285714,222.5,221.535714286,230.714285714,216.642857143,204.0,209.857142857,226.0,254.178571429,223.607142857,186.214285714,147.571428571,113.107142857,78.2142857143,51.1785714286,3189.5,3419.25,4337.5,3369.5,3385.75,2805.0,2264.75
