zone_id,area_id,total,daytype_inweek,daytype_weekend,hod_00h,hod_01h,hod_02h,hod_03h,hod_04h,hod_05h,hod_06h,hod_07h,hod_08h,hod_09h,hod_10h,hod_11h,hod_12h,hod_13h,hod_14h,hod_15h,hod_16h,hod_17h,hod_18h,hod_19h,hod_20h,hod_21h,hod_22h,hod_23h,dow_mon,dow_tue,dow_wed,dow_thu,dow_fri,dow_sat,dow_sun
E08000008,E02001247,2721.71428571,14389.25,4695.0,15.4285714286,17.3571428571,12.8928571429,9.71428571429,9.21428571429,22.1428571429,46.5714285714,96.8571428571,121.392857143,135.535714286,154.571428571,181.5,188.75,186.142857143,190.5,196.0,203.607142857,200.75,181.535714286,163.107142857,140.821428571,111.75,85.3571428571,50.2142857143,2602.25,2781.25,3527.0,2700.75,2778.0,2570.0,2092.75
