zone_id,area_id,total,daytype_inweek,daytype_weekend,hod_00h,hod_01h,hod_02h,hod_03h,hod_04h,hod_05h,hod_06h,hod_07h,hod_08h,hod_09h,hod_10h,hod_11h,hod_12h,hod_13h,hod_14h,hod_15h,hod_16h,hod_17h,hod_18h,hod_19h,hod_20h,hod_21h,hod_22h,hod_23h,dow_mon,dow_tue,dow_wed,dow_thu,dow_fri,dow_sat,dow_sun
E07000079,E02004621,4120.14285714,21095.5,7032.75,13.1428571429,13.1071428571,11.5714285714,8.64285714286,8.5,12.1428571429,43.5714285714,121.821428571,223.035714286,241.928571429,292.214285714,322.964285714,343.857142857,330.107142857,311.892857143,322.357142857,313.642857143,317.535714286,258.392857143,204.285714286,152.535714286,114.357142857,89.0,49.5357142857,3808.25,3994.75,5027.75,3981.75,4283.0,4521.0,3224.5
