zone_id,area_id,total,daytype_inweek,daytype_weekend,hod_00h,hod_01h,hod_02h,hod_03h,hod_04h,hod_05h,hod_06h,hod_07h,hod_08h,hod_09h,hod_10h,hod_11h,hod_12h,hod_13h,hod_14h,hod_15h,hod_16h,hod_17h,hod_18h,hod_19h,hod_20h,hod_21h,hod_22h,hod_23h,dow_mon,dow_tue,dow_wed,dow_thu,dow_fri,dow_sat,dow_sun
S12000017,S02001982,2032.96428571,10898.0,3525.75,6.92857142857,5.03571428571,3.67857142857,3.82142857143,6.78571428571,15.4642857143,44.75,86.4642857143,125.107142857,159.535714286,153.821428571,150.714285714,142.035714286,150.178571429,147.035714286,179.571428571,169.464285714,156.214285714,114.428571429,81.5714285714,54.25,42.5714285714,25.2857142857,8.25,2050.5,2046.5,2654.5,2101.5,2045.0,1857.5,1475.25
