zone_id,area_id,total,daytype_inweek,daytype_weekend,hod_00h,hod_01h,hod_02h,hod_03h,hod_04h,hod_05h,hod_06h,hod_07h,hod_08h,hod_09h,hod_10h,hod_11h,hod_12h,hod_13h,hod_14h,hod_15h,hod_16h,hod_17h,hod_18h,hod_19h,hod_20h,hod_21h,hod_22h,hod_23h,dow_mon,dow_tue,dow_wed,dow_thu,dow_fri,dow_sat,dow_sun
S12000044,S02002175,3577.32142857,19561.0,6202.25,17.8214285714,19.6071428571,16.4285714286,15.9285714286,13.5714285714,26.8214285714,62.2142857143,127.25,210.821428571,187.321428571,195.214285714,212.535714286,236.035714286,236.464285714,248.428571429,268.571428571,277.107142857,272.321428571,240.821428571,210.857142857,173.035714286,146.607142857,103.785714286,57.75,3727.0,3811.5,4795.25,3606.25,3621.0,3005.0,2475.25
