zone_id,area_id,total,daytype_inweek,daytype_weekend,hod_00h,hod_01h,hod_02h,hod_03h,hod_04h,hod_05h,hod_06h,hod_07h,hod_08h,hod_09h,hod_10h,hod_11h,hod_12h,hod_13h,hod_14h,hod_15h,hod_16h,hod_17h,hod_18h,hod_19h,hod_20h,hod_21h,hod_22h,hod_23h,dow_mon,dow_tue,dow_wed,dow_thu,dow_fri,dow_sat,dow_sun
S12000046,S02001901,2474.39285714,13236.5,4329.0,16.4642857143,15.2142857143,11.5,10.2857142857,10.5,24.6785714286,49.6071428571,101.714285714,151.535714286,125.25,129.107142857,140.214285714,157.321428571,163.535714286,164.464285714,174.142857143,185.25,195.678571429,177.714285714,149.964285714,111.785714286,92.7142857143,70.7857142857,44.9642857143,2479.0,2491.5,3232.25,2429.5,2604.25,2234.25,1850.0
