zone_id,area_id,total,daytype_inweek,daytype_weekend,hod_00h,hod_01h,hod_02h,hod_03h,hod_04h,hod_05h,hod_06h,hod_07h,hod_08h,hod_09h,hod_10h,hod_11h,hod_12h,hod_13h,hod_14h,hod_15h,hod_16h,hod_17h,hod_18h,hod_19h,hod_20h,hod_21h,hod_22h,hod_23h,dow_mon,dow_tue,dow_wed,dow_thu,dow_fri,dow_sat,dow_sun
E07000091,E02004789,2966.96428571,15590.5,5267.25,14.1785714286,12.7857142857,8.21428571429,6.0,9.96428571429,31.4285714286,69.3571428571,116.571428571,149.0,164.357142857,180.892857143,206.535714286,203.464285714,189.571428571,190.25,208.428571429,225.892857143,233.714285714,198.892857143,174.0,137.571428571,105.642857143,82.5357142857,47.7142857143,2891.5,3012.75,3782.25,2968.75,2935.25,2802.5,2375.75
