zone_id,area_id,total,daytype_inweek,daytype_weekend,hod_00h,hod_01h,hod_02h,hod_03h,hod_04h,hod_05h,hod_06h,hod_07h,hod_08h,hod_09h,hod_10h,hod_11h,hod_12h,hod_13h,hod_14h,hod_15h,hod_16h,hod_17h,hod_18h,hod_19h,hod_20h,hod_21h,hod_22h,hod_23h,dow_mon,dow_tue,dow_wed,dow_thu,dow_fri,dow_sat,dow_sun
S12000024,S02002232,3430.21428571,18517.75,5880.0,10.0,12.8928571429,7.5,7.07142857143,8.67857142857,19.0,49.0357142857,146.75,256.714285714,197.25,200.678571429,226.392857143,233.464285714,241.25,241.928571429,269.428571429,283.142857143,289.964285714,206.892857143,170.178571429,138.142857143,102.392857143,72.4642857143,39.0,3445.75,3607.0,4514.25,3396.5,3554.25,3059.5,2434.25
