zone_id,origin_area_id,destination_area_id,total,daytype_inweek,daytype_weekend,hod_00h,hod_01h,hod_02h,hod_03h,hod_04h,hod_05h,hod_06h,hod_07h,hod_08h,hod_09h,hod_10h,hod_11h,hod_12h,hod_13h,hod_14h,hod_15h,hod_16h,hod_17h,hod_18h,hod_19h,hod_20h,hod_21h,hod_22h,hod_23h,dow_mon,dow_tue,dow_wed,dow_thu,dow_fri,dow_sat,dow_sun
E06000017,E02002866,E02002866,567.428571429,3005.0,1018.75,2.03571428571,1.89285714286,2.21428571429,1.46428571429,2.39285714286,3.35714285714,8.57142857143,18.7142857143,31.0,34.9642857143,36.5,36.6428571429,38.0,37.25,40.0,38.0,37.6785714286,39.1785714286,35.4642857143,31.6785714286,26.4642857143,25.25,23.2142857143,15.5,577.5,590.5,752.0,564.0,521.0,525.75,441.25
E06000017,E02002864,E02002866,37.6785714286,203.75,66.5,0.0357142857143,0.0357142857143,0.0,0.0357142857143,0.0357142857143,0.535714285714,0.857142857143,1.82142857143,1.71428571429,2.17857142857,2.78571428571,2.32142857143,2.96428571429,3.14285714286,3.17857142857,2.71428571429,2.75,2.71428571429,2.35714285714,1.82142857143,1.57142857143,1.07142857143,0.75,0.285714285714,35.5,51.25,50.0,34.75,32.25,29.0,31.0
E06000017,E02002867,E02002866,99.0714285714,545.75,172.5,0.571428571429,0.285714285714,0.464285714286,0.357142857143,0.214285714286,0.464285714286,1.0,3.78571428571,5.42857142857,6.10714285714,6.75,7.71428571429,7.25,7.75,6.64285714286,7.82142857143,5.92857142857,7.60714285714,5.71428571429,5.21428571429,4.21428571429,3.57142857143,2.89285714286,1.32142857143,106.5,105.5,143.75,100.0,90.0,81.75,66.0
E06000017,E02002863,E02002866,115.071428571,623.75,200.5,0.392857142857,0.321428571429,0.142857142857,0.357142857143,0.571428571429,0.535714285714,2.5,5.78571428571,5.46428571429,6.60714285714,7.03571428571,6.78571428571,7.92857142857,7.60714285714,7.60714285714,9.0,11.2857142857,9.78571428571,6.67857142857,5.46428571429,4.60714285714,4.35714285714,2.92857142857,1.32142857143,117.25,122.5,161.5,114.0,108.5,98.5,83.25
E06000017,E02002865,E02002866,62.75,341.5,117.25,0.214285714286,0.0714285714286,0.0357142857143,0.0357142857143,0.107142857143,0.142857142857,0.142857142857,0.892857142857,2.67857142857,3.0,3.78571428571,3.64285714286,4.42857142857,4.82142857143,5.07142857143,4.21428571429,5.5,7.71428571429,5.28571428571,3.39285714286,3.21428571429,2.03571428571,1.5,0.821428571429,70.25,66.5,76.5,66.75,61.5,50.75,47.0
