zone_id,area_id,total,daytype_inweek,daytype_weekend,hod_00h,hod_01h,hod_02h,hod_03h,hod_04h,hod_05h,hod_06h,hod_07h,hod_08h,hod_09h,hod_10h,hod_11h,hod_12h,hod_13h,hod_14h,hod_15h,hod_16h,hod_17h,hod_18h,hod_19h,hod_20h,hod_21h,hod_22h,hod_23h,dow_mon,dow_tue,dow_wed,dow_thu,dow_fri,dow_sat,dow_sun
E07000188,E02006067,2726.0,14723.75,4834.0,13.8928571429,11.0,9.67857142857,8.57142857143,11.2142857143,21.5714285714,47.4642857143,103.964285714,136.607142857,162.142857143,184.5,193.071428571,189.464285714,193.035714286,180.357142857,179.821428571,193.785714286,187.785714286,181.464285714,158.321428571,127.285714286,100.928571429,81.8571428571,48.2142857143,2840.75,2989.0,3677.25,2756.25,2460.5,2365.0,1993.25
