zone_id,area_id,total,daytype_inweek,daytype_weekend,hod_00h,hod_01h,hod_02h,hod_03h,hod_04h,hod_05h,hod_06h,hod_07h,hod_08h,hod_09h,hod_10h,hod_11h,hod_12h,hod_13h,hod_14h,hod_15h,hod_16h,hod_17h,hod_18h,hod_19h,hod_20h,hod_21h,hod_22h,hod_23h,dow_mon,dow_tue,dow_wed,dow_thu,dow_fri,dow_sat,dow_sun
S12000015,S02001837,3067.10714286,16209.25,5605.0,12.2142857143,12.6785714286,7.64285714286,6.46428571429,11.25,20.0,60.25,130.214285714,193.964285714,187.428571429,195.321428571,205.357142857,212.357142857,213.178571429,227.714285714,245.25,244.964285714,241.571428571,178.5,148.571428571,117.964285714,92.6071428571,65.5,36.1428571429,3181.5,3199.75,3952.0,2889.5,2986.5,2837.0,2423.5
