zone_id,area_id,total,daytype_inweek,daytype_weekend,hod_00h,hod_01h,hod_02h,hod_03h,hod_04h,hod_05h,hod_06h,hod_07h,hod_08h,hod_09h,hod_10h,hod_11h,hod_12h,hod_13h,hod_14h,hod_15h,hod_16h,hod_17h,hod_18h,hod_19h,hod_20h,hod_21h,hod_22h,hod_23h,dow_mon,dow_tue,dow_wed,dow_thu,dow_fri,dow_sat,dow_sun
E07000211,E02006382,1847.53571429,9891.5,3160.25,8.21428571429,7.07142857143,5.28571428571,3.17857142857,3.89285714286,10.6785714286,26.5714285714,79.25,122.321428571,114.714285714,117.821428571,119.928571429,126.321428571,122.428571429,116.892857143,117.285714286,131.178571429,144.357142857,125.714285714,116.035714286,90.0,64.9285714286,46.1785714286,27.2857142857,1774.75,1894.0,2439.75,1919.0,1864.0,1655.75,1385.5
