zone_id,area_id,total,daytype_inweek,daytype_weekend,hod_00h,hod_01h,hod_02h,hod_03h,hod_04h,hod_05h,hod_06h,hod_07h,hod_08h,hod_09h,hod_10h,hod_11h,hod_12h,hod_13h,hod_14h,hod_15h,hod_16h,hod_17h,hod_18h,hod_19h,hod_20h,hod_21h,hod_22h,hod_23h,dow_mon,dow_tue,dow_wed,dow_thu,dow_fri,dow_sat,dow_sun
E07000130,E02005347,5952.03571429,31826.5,9844.5,27.0357142857,26.9642857143,20.9642857143,21.1428571429,20.75,42.0714285714,75.4285714286,188.214285714,320.964285714,350.464285714,394.214285714,421.035714286,460.75,456.571428571,438.75,437.607142857,437.5,454.25,372.892857143,316.607142857,248.392857143,194.25,143.714285714,81.5,5667.25,6063.0,7775.25,6138.75,6182.25,5660.5,4177.25
