zone_id,area_id,total,daytype_inweek,daytype_weekend,hod_00h,hod_01h,hod_02h,hod_03h,hod_04h,hod_05h,hod_06h,hod_07h,hod_08h,hod_09h,hod_10h,hod_11h,hod_12h,hod_13h,hod_14h,hod_15h,hod_16h,hod_17h,hod_18h,hod_19h,hod_20h,hod_21h,hod_22h,hod_23h,dow_mon,dow_tue,dow_wed,dow_thu,dow_fri,dow_sat,dow_sun
E08000035,E02002341,3949.39285714,20643.0,6942.0,21.8928571429,18.3928571429,14.2142857143,11.3571428571,12.2142857143,21.6428571429,58.9642857143,170.071428571,234.821428571,243.892857143,257.071428571,260.571428571,272.5,264.821428571,274.285714286,273.428571429,295.214285714,301.607142857,267.571428571,225.25,168.785714286,127.75,96.7142857143,56.3571428571,3679.0,3929.75,5107.75,3905.0,4021.5,3739.75,3263.0
