zone_id,area_id,total,daytype_inweek,daytype_weekend,hod_00h,hod_01h,hod_02h,hod_03h,hod_04h,hod_05h,hod_06h,hod_07h,hod_08h,hod_09h,hod_10h,hod_11h,hod_12h,hod_13h,hod_14h,hod_15h,hod_16h,hod_17h,hod_18h,hod_19h,hod_20h,hod_21h,hod_22h,hod_23h,dow_mon,dow_tue,dow_wed,dow_thu,dow_fri,dow_sat,dow_sun
E06000031,E02003244,5220.75,27751.75,8986.5,28.9285714286,31.0,21.9642857143,19.7857142857,22.5,60.8928571429,94.5,186.0,269.821428571,265.107142857,290.607142857,324.714285714,359.892857143,358.214285714,363.678571429,360.678571429,393.392857143,396.321428571,356.535714286,310.928571429,266.535714286,206.571428571,148.535714286,83.6428571429,4993.0,5411.75,6719.75,5161.75,5465.5,4800.0,3993.5
