zone_id,area_id,total,daytype_inweek,daytype_weekend,hod_00h,hod_01h,hod_02h,hod_03h,hod_04h,hod_05h,hod_06h,hod_07h,hod_08h,hod_09h,hod_10h,hod_11h,hod_12h,hod_13h,hod_14h,hod_15h,hod_16h,hod_17h,hod_18h,hod_19h,hod_20h,hod_21h,hod_22h,hod_23h,dow_mon,dow_tue,dow_wed,dow_thu,dow_fri,dow_sat,dow_sun
S12000042,S02001445,2632.35714286,14264.75,4563.0,9.03571428571,11.5357142857,9.53571428571,10.1428571429,8.17857142857,13.8928571429,40.2142857143,109.142857143,182.642857143,156.321428571,148.535714286,158.142857143,170.714285714,182.285714286,181.285714286,193.357142857,208.285714286,213.464285714,170.392857143,141.857142857,126.678571429,90.6071428571,60.7142857143,35.3928571429,2706.5,2869.25,3442.75,2532.25,2714.0,2305.25,1856.5
