zone_id,area_id,total,daytype_inweek,daytype_weekend,hod_00h,hod_01h,hod_02h,hod_03h,hod_04h,hod_05h,hod_06h,hod_07h,hod_08h,hod_09h,hod_10h,hod_11h,hod_12h,hod_13h,hod_14h,hod_15h,hod_16h,hod_17h,hod_18h,hod_19h,hod_20h,hod_21h,hod_22h,hod_23h,dow_mon,dow_tue,dow_wed,dow_thu,dow_fri,dow_sat,dow_sun
S12000013,S02001690,412.142857143,2274.5,601.0,0.214285714286,1.07142857143,0.928571428571,1.14285714286,2.53571428571,4.92857142857,7.25,15.6785714286,26.9285714286,20.7857142857,27.4285714286,30.25,30.8571428571,32.6071428571,32.25,32.1071428571,32.9285714286,32.0357142857,26.1428571429,19.4642857143,14.6785714286,11.4285714286,6.64285714286,1.85714285714,388.75,443.25,576.0,431.5,435.0,398.25,212.25
