zone_id,area_id,total,daytype_inweek,daytype_weekend,hod_00h,hod_01h,hod_02h,hod_03h,hod_04h,hod_05h,hod_06h,hod_07h,hod_08h,hod_09h,hod_10h,hod_11h,hod_12h,hod_13h,hod_14h,hod_15h,hod_16h,hod_17h,hod_18h,hod_19h,hod_20h,hod_21h,hod_22h,hod_23h,dow_mon,dow_tue,dow_wed,dow_thu,dow_fri,dow_sat,dow_sun
E07000242,E02004880,3260.10714286,17273.5,5572.25,14.5,16.3214285714,12.5,10.2857142857,9.5,19.25,41.8214285714,109.0,180.0,204.357142857,228.5,243.607142857,243.535714286,230.535714286,233.071428571,223.285714286,223.785714286,225.642857143,211.428571429,187.928571429,146.357142857,112.892857143,84.2142857143,47.7857142857,3167.5,3276.0,4288.0,3293.75,3248.25,3142.5,2404.75
