zone_id,area_id,total,daytype_inweek,daytype_weekend,hod_00h,hod_01h,hod_02h,hod_03h,hod_04h,hod_05h,hod_06h,hod_07h,hod_08h,hod_09h,hod_10h,hod_11h,hod_12h,hod_13h,hod_14h,hod_15h,hod_16h,hod_17h,hod_18h,hod_19h,hod_20h,hod_21h,hod_22h,hod_23h,dow_mon,dow_tue,dow_wed,dow_thu,dow_fri,dow_sat,dow_sun
E07000010,E02003744,4001.71428571,21451.75,6758.0,15.6785714286,13.2142857143,13.8571428571,12.8214285714,21.9285714286,62.4642857143,103.821428571,162.928571429,190.892857143,213.5,257.357142857,278.107142857,288.357142857,270.392857143,275.0,277.571428571,291.285714286,307.071428571,253.714285714,216.857142857,182.571428571,140.178571429,100.071428571,52.0714285714,3822.25,4181.75,5285.0,4077.0,4085.75,3624.5,2935.75
