zone_id,area_id,total,daytype_inweek,daytype_weekend,hod_00h,hod_01h,hod_02h,hod_03h,hod_04h,hod_05h,hod_06h,hod_07h,hod_08h,hod_09h,hod_10h,hod_11h,hod_12h,hod_13h,hod_14h,hod_15h,hod_16h,hod_17h,hod_18h,hod_19h,hod_20h,hod_21h,hod_22h,hod_23h,dow_mon,dow_tue,dow_wed,dow_thu,dow_fri,dow_sat,dow_sun
E06000054,E02006668,3438.0,18227.5,5915.5,12.2857142857,11.0,9.71428571429,8.10714285714,9.25,17.2142857143,52.6071428571,142.642857143,200.857142857,195.071428571,218.428571429,242.571428571,244.321428571,251.678571429,241.535714286,241.357142857,261.571428571,272.785714286,225.785714286,187.357142857,153.392857143,117.464285714,80.2142857143,40.7857142857,3333.0,3599.25,4441.0,3320.0,3534.25,3256.0,2582.5
