zone_id,area_id,total,daytype_inweek,daytype_weekend,hod_00h,hod_01h,hod_02h,hod_03h,hod_04h,hod_05h,hod_06h,hod_07h,hod_08h,hod_09h,hod_10h,hod_11h,hod_12h,hod_13h,hod_14h,hod_15h,hod_16h,hod_17h,hod_18h,hod_19h,hod_20h,hod_21h,hod_22h,hod_23h,dow_mon,dow_tue,dow_wed,dow_thu,dow_fri,dow_sat,dow_sun
E07000068,E02004471,2851.57142857,15144.75,4974.5,18.8214285714,16.6428571429,9.78571428571,8.89285714286,8.03571428571,18.6428571429,41.3571428571,106.5,153.464285714,181.857142857,194.071428571,200.107142857,215.035714286,199.464285714,195.071428571,181.75,184.5,195.714285714,183.285714286,171.714285714,132.392857143,104.392857143,77.1428571429,52.9285714286,2749.0,2972.0,3780.0,2792.75,2851.0,2590.75,2225.5
