zone_id,area_id,total,daytype_inweek,daytype_weekend,hod_00h,hod_01h,hod_02h,hod_03h,hod_04h,hod_05h,hod_06h,hod_07h,hod_08h,hod_09h,hod_10h,hod_11h,hod_12h,hod_13h,hod_14h,hod_15h,hod_16h,hod_17h,hod_18h,hod_19h,hod_20h,hod_21h,hod_22h,hod_23h,dow_mon,dow_tue,dow_wed,dow_thu,dow_fri,dow_sat,dow_sun
E07000067,E02004452,2426.53571429,12920.75,4121.0,12.5,9.32142857143,7.07142857143,5.25,5.96428571429,17.8214285714,43.0357142857,96.8928571429,133.821428571,141.285714286,155.607142857,161.214285714,164.785714286,171.357142857,167.642857143,167.0,172.607142857,190.571428571,163.5,141.607142857,116.285714286,87.1428571429,61.5,32.75,2358.25,2547.0,3121.75,2410.0,2483.75,2302.25,1762.75
