zone_id,area_id,total,daytype_inweek,daytype_weekend,hod_00h,hod_01h,hod_02h,hod_03h,hod_04h,hod_05h,hod_06h,hod_07h,hod_08h,hod_09h,hod_10h,hod_11h,hod_12h,hod_13h,hod_14h,hod_15h,hod_16h,hod_17h,hod_18h,hod_19h,hod_20h,hod_21h,hod_22h,hod_23h,dow_mon,dow_tue,dow_wed,dow_thu,dow_fri,dow_sat,dow_sun
E06000027,E02003168,3337.64285714,17729.75,5849.5,14.25,11.3214285714,11.3571428571,10.0,8.71428571429,15.6428571429,31.0714285714,100.75,150.25,177.25,224.857142857,240.571428571,233.214285714,243.785714286,241.25,240.25,258.892857143,247.5,228.321428571,198.392857143,164.678571429,126.0,100.285714286,59.0357142857,3263.0,3535.0,4308.0,3428.5,3195.25,3047.25,2586.5
