zone_id,area_id,total,daytype_inweek,daytype_weekend,hod_00h,hod_01h,hod_02h,hod_03h,hod_04h,hod_05h,hod_06h,hod_07h,hod_08h,hod_09h,hod_10h,hod_11h,hod_12h,hod_13h,hod_14h,hod_15h,hod_16h,hod_17h,hod_18h,hod_19h,hod_20h,hod_21h,hod_22h,hod_23h,dow_mon,dow_tue,dow_wed,dow_thu,dow_fri,dow_sat,dow_sun
E07000121,E02005233,1962.82142857,10852.25,3277.5,9.21428571429,7.60714285714,6.35714285714,6.14285714286,6.35714285714,17.8214285714,36.3571428571,83.3214285714,112.285714286,107.428571429,112.035714286,123.357142857,131.607142857,130.928571429,127.642857143,129.321428571,149.214285714,167.107142857,134.214285714,117.75,89.3928571429,73.8928571429,53.0714285714,30.3928571429,1934.0,2129.5,2707.5,2152.75,1928.5,1544.0,1343.5
