zone_id,area_id,total,daytype_inweek,daytype_weekend,hod_00h,hod_01h,hod_02h,hod_03h,hod_04h,hod_05h,hod_06h,hod_07h,hod_08h,hod_09h,hod_10h,hod_11h,hod_12h,hod_13h,hod_14h,hod_15h,hod_16h,hod_17h,hod_18h,hod_19h,hod_20h,hod_21h,hod_22h,hod_23h,dow_mon,dow_tue,dow_wed,dow_thu,dow_fri,dow_sat,dow_sun
E07000174,E02005881,1702.67857143,8977.0,2927.25,7.28571428571,6.67857142857,5.53571428571,3.53571428571,4.82142857143,13.9285714286,24.8214285714,48.5,76.2142857143,94.7857142857,107.857142857,118.571428571,132.142857143,131.607142857,133.142857143,125.75,126.607142857,126.464285714,110.035714286,94.4642857143,78.4642857143,62.5357142857,44.25,24.6785714286,1636.5,1740.0,2238.25,1669.75,1692.5,1651.0,1290.75
