zone_id,area_id,total,daytype_inweek,daytype_weekend,hod_00h,hod_01h,hod_02h,hod_03h,hod_04h,hod_05h,hod_06h,hod_07h,hod_08h,hod_09h,hod_10h,hod_11h,hod_12h,hod_13h,hod_14h,hod_15h,hod_16h,hod_17h,hod_18h,hod_19h,hod_20h,hod_21h,hod_22h,hod_23h,dow_mon,dow_tue,dow_wed,dow_thu,dow_fri,dow_sat,dow_sun
E09000004,E02000078,1783.75,9244.5,3016.25,9.71428571429,10.0357142857,5.17857142857,4.03571428571,4.67857142857,12.3214285714,27.8571428571,55.5357142857,86.6071428571,96.8214285714,117.285714286,119.285714286,125.5,122.571428571,118.285714286,122.607142857,121.25,131.071428571,123.464285714,116.214285714,91.5,74.8214285714,55.5357142857,31.5714285714,1626.0,1748.25,2296.5,1677.5,1896.25,1851.5,1390.25
