zone_id,area_id,total,daytype_inweek,daytype_weekend,hod_00h,hod_01h,hod_02h,hod_03h,hod_04h,hod_05h,hod_06h,hod_07h,hod_08h,hod_09h,hod_10h,hod_11h,hod_12h,hod_13h,hod_14h,hod_15h,hod_16h,hod_17h,hod_18h,hod_19h,hod_20h,hod_21h,hod_22h,hod_23h,dow_mon,dow_tue,dow_wed,dow_thu,dow_fri,dow_sat,dow_sun
E09000015,E02000445,2680.60714286,13960.5,4676.0,25.8214285714,23.8214285714,14.7142857143,8.96428571429,9.21428571429,16.1785714286,28.8928571429,67.4642857143,109.214285714,137.964285714,148.5,171.714285714,181.571428571,185.642857143,185.178571429,178.964285714,183.714285714,186.035714286,186.357142857,178.571428571,154.857142857,129.571428571,101.714285714,65.9642857143,2500.5,2835.25,3405.5,2567.25,2652.0,2628.25,2175.5
