zone_id,area_id,total,daytype_inweek,daytype_weekend,hod_00h,hod_01h,hod_02h,hod_03h,hod_04h,hod_05h,hod_06h,hod_07h,hod_08h,hod_09h,hod_10h,hod_11h,hod_12h,hod_13h,hod_14h,hod_15h,hod_16h,hod_17h,hod_18h,hod_19h,hod_20h,hod_21h,hod_22h,hod_23h,dow_mon,dow_tue,dow_wed,dow_thu,dow_fri,dow_sat,dow_sun
E07000123,E02005266,4264.32142857,22872.25,7187.5,23.1428571429,28.1071428571,20.3214285714,17.7142857143,21.0357142857,35.1428571429,68.5357142857,123.321428571,172.964285714,200.0,236.892857143,266.285714286,301.035714286,309.25,314.357142857,313.75,332.607142857,338.0,289.0,259.785714286,209.392857143,174.428571429,127.75,81.5,4134.75,4506.75,5484.25,4288.25,4458.25,3925.25,3052.75
