zone_id,area_id,total,daytype_inweek,daytype_weekend,hod_00h,hod_01h,hod_02h,hod_03h,hod_04h,hod_05h,hod_06h,hod_07h,hod_08h,hod_09h,hod_10h,hod_11h,hod_12h,hod_13h,hod_14h,hod_15h,hod_16h,hod_17h,hod_18h,hod_19h,hod_20h,hod_21h,hod_22h,hod_23h,dow_mon,dow_tue,dow_wed,dow_thu,dow_fri,dow_sat,dow_sun
E07000027,E02003981,1615.17857143,8880.75,2673.0,5.21428571429,6.78571428571,5.92857142857,4.60714285714,5.39285714286,12.6785714286,35.5714285714,66.5357142857,79.8928571429,75.3214285714,80.6428571429,96.1071428571,107.25,114.428571429,111.107142857,123.321428571,125.785714286,133.25,119.071428571,97.0714285714,80.9285714286,63.6428571429,43.5714285714,21.0714285714,1591.5,1743.5,2196.75,1758.5,1590.5,1344.0,1081.5
