zone_id,area_id,total,daytype_inweek,daytype_weekend,hod_00h,hod_01h,hod_02h,hod_03h,hod_04h,hod_05h,hod_06h,hod_07h,hod_08h,hod_09h,hod_10h,hod_11h,hod_12h,hod_13h,hod_14h,hod_15h,hod_16h,hod_17h,hod_18h,hod_19h,hod_20h,hod_21h,hod_22h,hod_23h,dow_mon,dow_tue,dow_wed,dow_thu,dow_fri,dow_sat,dow_sun
E06000016,E02002849,7725.89285714,40042.25,13548.75,51.4642857143,73.9285714286,55.9285714286,44.8571428571,47.0,73.1071428571,124.75,243.571428571,375.571428571,370.75,395.75,458.178571429,489.428571429,513.392857143,519.25,531.357142857,589.178571429,590.107142857,547.535714286,477.5,417.964285714,336.142857143,245.535714286,153.642857143,7251.0,7970.5,9760.0,7091.75,7969.0,7741.25,6297.75
