zone_id,area_id,total,daytype_inweek,daytype_weekend,hod_00h,hod_01h,hod_02h,hod_03h,hod_04h,hod_05h,hod_06h,hod_07h,hod_08h,hod_09h,hod_10h,hod_11h,hod_12h,hod_13h,hod_14h,hod_15h,hod_16h,hod_17h,hod_18h,hod_19h,hod_20h,hod_21h,hod_22h,hod_23h,dow_mon,dow_tue,dow_wed,dow_thu,dow_fri,dow_sat,dow_sun
E06000030,E02003236,5360.5,28666.0,9251.75,20.2142857143,23.5714285714,17.0714285714,14.4285714286,17.0714285714,48.0357142857,103.392857143,243.857142857,315.535714286,299.214285714,330.678571429,333.678571429,371.178571429,362.142857143,363.857142857,370.25,406.821428571,411.714285714,361.321428571,308.678571429,248.642857143,179.642857143,134.285714286,75.2142857143,5191.0,5673.5,7031.25,5339.0,5431.25,4796.75,4060.75
