zone_id,area_id,total,daytype_inweek,daytype_weekend,hod_00h,hod_01h,hod_02h,hod_03h,hod_04h,hod_05h,hod_06h,hod_07h,hod_08h,hod_09h,hod_10h,hod_11h,hod_12h,hod_13h,hod_14h,hod_15h,hod_16h,hod_17h,hod_18h,hod_19h,hod_20h,hod_21h,hod_22h,hod_23h,dow_mon,dow_tue,dow_wed,dow_thu,dow_fri,dow_sat,dow_sun
E06000027,E02003166,7088.96428571,37813.75,12245.5,24.1785714286,21.4642857143,21.8928571429,16.5,18.25,30.3928571429,69.0,217.821428571,310.821428571,368.5,471.892857143,521.178571429,525.714285714,506.214285714,512.571428571,535.964285714,549.928571429,565.214285714,487.857142857,410.035714286,338.071428571,261.892857143,198.178571429,105.428571429,6889.0,7493.25,9201.25,7359.25,6871.0,6452.5,5356.5
