zone_id,area_id,total,daytype_inweek,daytype_weekend,hod_00h,hod_01h,hod_02h,hod_03h,hod_04h,hod_05h,hod_06h,hod_07h,hod_08h,hod_09h,hod_10h,hod_11h,hod_12h,hod_13h,hod_14h,hod_15h,hod_16h,hod_17h,hod_18h,hod_19h,hod_20h,hod_21h,hod_22h,hod_23h,dow_mon,dow_tue,dow_wed,dow_thu,dow_fri,dow_sat,dow_sun
E07000032,E02004032,2628.78571429,14069.75,4583.25,10.7857142857,13.4285714286,7.85714285714,7.53571428571,9.78571428571,23.3571428571,41.6071428571,89.3928571429,126.642857143,153.964285714,168.392857143,182.928571429,193.357142857,184.535714286,185.464285714,184.821428571,187.75,186.0,167.892857143,152.642857143,125.75,107.285714286,76.9285714286,40.6785714286,2654.5,2824.75,3353.25,2640.5,2596.75,2403.0,1928.75
