zone_id,area_id,total,daytype_inweek,daytype_weekend,hod_00h,hod_01h,hod_02h,hod_03h,hod_04h,hod_05h,hod_06h,hod_07h,hod_08h,hod_09h,hod_10h,hod_11h,hod_12h,hod_13h,hod_14h,hod_15h,hod_16h,hod_17h,hod_18h,hod_19h,hod_20h,hod_21h,hod_22h,hod_23h,dow_mon,dow_tue,dow_wed,dow_thu,dow_fri,dow_sat,dow_sun
E09000022,E02000651,1581.53571429,8160.75,2902.5,21.7857142857,18.0357142857,11.4285714286,8.39285714286,8.75,11.3571428571,23.8928571429,43.9642857143,65.7142857143,73.8928571429,82.1428571429,87.2857142857,91.6785714286,95.8571428571,99.9642857143,98.6428571429,103.428571429,114.107142857,114.178571429,104.321428571,101.75,83.1428571429,69.1428571429,48.6785714286,1542.75,1577.5,1935.0,1560.75,1544.75,1550.25,1359.75
