zone_id,area_id,total,daytype_inweek,daytype_weekend,hod_00h,hod_01h,hod_02h,hod_03h,hod_04h,hod_05h,hod_06h,hod_07h,hod_08h,hod_09h,hod_10h,hod_11h,hod_12h,hod_13h,hod_14h,hod_15h,hod_16h,hod_17h,hod_18h,hod_19h,hod_20h,hod_21h,hod_22h,hod_23h,dow_mon,dow_tue,dow_wed,dow_thu,dow_fri,dow_sat,dow_sun
E07000108,E02005049,2528.17857143,12816.25,4620.25,15.5,21.1428571429,26.0714285714,15.4642857143,26.8928571429,30.7142857143,70.2857142857,105.071428571,161.25,141.321428571,155.5,153.428571429,165.892857143,157.392857143,166.5,158.75,172.821428571,177.892857143,156.071428571,126.214285714,118.107142857,84.8214285714,73.5714285714,47.5,2412.25,2395.25,3068.75,2376.25,2563.75,2673.0,2208.0
