zone_id,area_id,total,daytype_inweek,daytype_weekend,hod_00h,hod_01h,hod_02h,hod_03h,hod_04h,hod_05h,hod_06h,hod_07h,hod_08h,hod_09h,hod_10h,hod_11h,hod_12h,hod_13h,hod_14h,hod_15h,hod_16h,hod_17h,hod_18h,hod_19h,hod_20h,hod_21h,hod_22h,hod_23h,dow_mon,dow_tue,dow_wed,dow_thu,dow_fri,dow_sat,dow_sun
E07000004,E02003666,6417.75,34330.25,10531.5,31.3571428571,27.5357142857,23.1428571429,18.1428571429,20.0357142857,32.6428571429,84.2857142857,215.178571429,329.392857143,353.571428571,406.678571429,453.178571429,494.178571429,484.392857143,482.428571429,471.678571429,471.321428571,471.464285714,412.785714286,346.428571429,281.785714286,227.857142857,174.5,103.785714286,5945.25,6767.5,8567.75,6451.25,6598.5,6007.75,4586.25
