zone_id,area_id,total,daytype_inweek,daytype_weekend,hod_00h,hod_01h,hod_02h,hod_03h,hod_04h,hod_05h,hod_06h,hod_07h,hod_08h,hod_09h,hod_10h,hod_11h,hod_12h,hod_13h,hod_14h,hod_15h,hod_16h,hod_17h,hod_18h,hod_19h,hod_20h,hod_21h,hod_22h,hod_23h,dow_mon,dow_tue,dow_wed,dow_thu,dow_fri,dow_sat,dow_sun
W06000004,W02000052,1218.03571429,6686.75,2014.0,3.78571428571,4.71428571429,2.96428571429,3.67857142857,3.07142857143,7.53571428571,18.3571428571,45.3928571429,72.6785714286,65.9285714286,74.3571428571,82.8214285714,82.3214285714,91.6071428571,85.4285714286,87.3214285714,99.1785714286,100.892857143,81.0357142857,66.6785714286,54.4285714286,38.3214285714,27.1785714286,18.3571428571,1189.25,1310.5,1614.25,1393.5,1179.25,1014.75,824.75
