zone_id,area_id,total,daytype_inweek,daytype_weekend,hod_00h,hod_01h,hod_02h,hod_03h,hod_04h,hod_05h,hod_06h,hod_07h,hod_08h,hod_09h,hod_10h,hod_11h,hod_12h,hod_13h,hod_14h,hod_15h,hod_16h,hod_17h,hod_18h,hod_19h,hod_20h,hod_21h,hod_22h,hod_23h,dow_mon,dow_tue,dow_wed,dow_thu,dow_fri,dow_sat,dow_sun
S12000029,S02002386,639.142857143,3365.5,1193.0,3.71428571429,4.28571428571,2.71428571429,2.07142857143,3.25,5.32142857143,9.85714285714,25.3214285714,39.7857142857,34.6071428571,35.25,38.0,42.4285714286,43.25,45.0357142857,45.3928571429,45.2142857143,47.3214285714,42.7142857143,37.7857142857,30.7857142857,26.2857142857,18.9285714286,9.82142857143,681.5,661.25,774.0,620.5,628.25,597.0,511.5
