zone_id,area_id,total,daytype_inweek,daytype_weekend,hod_00h,hod_01h,hod_02h,hod_03h,hod_04h,hod_05h,hod_06h,hod_07h,hod_08h,hod_09h,hod_10h,hod_11h,hod_12h,hod_13h,hod_14h,hod_15h,hod_16h,hod_17h,hod_18h,hod_19h,hod_20h,hod_21h,hod_22h,hod_23h,dow_mon,dow_tue,dow_wed,dow_thu,dow_fri,dow_sat,dow_sun
S12000033,S02001252,3296.96428571,17870.25,5645.5,12.1071428571,18.3928571429,16.9642857143,16.6071428571,20.9285714286,36.25,88.2142857143,166.392857143,211.821428571,174.535714286,167.178571429,179.392857143,203.0,206.928571429,211.0,229.178571429,247.214285714,270.607142857,235.214285714,193.821428571,153.285714286,117.821428571,77.9285714286,42.1785714286,3317.5,3475.0,4374.25,3337.25,3366.25,2880.5,2328.0
