zone_id,area_id,total,daytype_inweek,daytype_weekend,hod_00h,hod_01h,hod_02h,hod_03h,hod_04h,hod_05h,hod_06h,hod_07h,hod_08h,hod_09h,hod_10h,hod_11h,hod_12h,hod_13h,hod_14h,hod_15h,hod_16h,hod_17h,hod_18h,hod_19h,hod_20h,hod_21h,hod_22h,hod_23h,dow_mon,dow_tue,dow_wed,dow_thu,dow_fri,dow_sat,dow_sun
E08000034,E02002274,1781.82142857,9392.5,3139.75,10.3928571429,9.67857142857,6.35714285714,5.67857142857,5.60714285714,14.0357142857,27.8571428571,59.5714285714,84.8571428571,93.6785714286,108.642857143,109.785714286,119.0,119.607142857,120.607142857,123.0,130.0,139.392857143,132.25,112.392857143,95.9642857143,73.7857142857,49.75,29.9285714286,1743.0,1834.75,2299.25,1710.0,1805.5,1683.5,1396.75
