zone_id,area_id,total,daytype_inweek,daytype_weekend,hod_00h,hod_01h,hod_02h,hod_03h,hod_04h,hod_05h,hod_06h,hod_07h,hod_08h,hod_09h,hod_10h,hod_11h,hod_12h,hod_13h,hod_14h,hod_15h,hod_16h,hod_17h,hod_18h,hod_19h,hod_20h,hod_21h,hod_22h,hod_23h,dow_mon,dow_tue,dow_wed,dow_thu,dow_fri,dow_sat,dow_sun
E07000138,E02005450,3017.39285714,15802.0,5257.5,10.0357142857,11.9285714286,8.89285714286,10.7142857143,11.1785714286,27.6785714286,61.0,128.0,165.285714286,159.464285714,183.892857143,202.928571429,221.785714286,230.428571429,219.178571429,217.428571429,223.142857143,233.678571429,201.607142857,166.142857143,130.785714286,95.1428571429,62.6428571429,34.4285714286,2848.0,3091.75,3770.0,2886.75,3205.5,2910.25,2409.5
