zone_id,area_id,total,daytype_inweek,daytype_weekend,hod_00h,hod_01h,hod_02h,hod_03h,hod_04h,hod_05h,hod_06h,hod_07h,hod_08h,hod_09h,hod_10h,hod_11h,hod_12h,hod_13h,hod_14h,hod_15h,hod_16h,hod_17h,hod_18h,hod_19h,hod_20h,hod_21h,hod_22h,hod_23h,dow_mon,dow_tue,dow_wed,dow_thu,dow_fri,dow_sat,dow_sun
E07000151,E02005628,1667.46428571,9110.0,2834.5,9.78571428571,5.89285714286,5.14285714286,4.14285714286,6.60714285714,17.0,35.0714285714,73.6071428571,99.0,107.142857143,106.178571429,108.357142857,110.607142857,111.535714286,111.785714286,119.107142857,114.25,121.535714286,102.035714286,91.75,73.2142857143,59.1428571429,46.9642857143,27.6071428571,1623.5,1850.75,2209.25,1751.25,1675.25,1351.25,1211.0
