zone_id,area_id,total,daytype_inweek,daytype_weekend,hod_00h,hod_01h,hod_02h,hod_03h,hod_04h,hod_05h,hod_06h,hod_07h,hod_08h,hod_09h,hod_10h,hod_11h,hod_12h,hod_13h,hod_14h,hod_15h,hod_16h,hod_17h,hod_18h,hod_19h,hod_20h,hod_21h,hod_22h,hod_23h,dow_mon,dow_tue,dow_wed,dow_thu,dow_fri,dow_sat,dow_sun
E07000043,E02004182,3676.17857143,19818.0,6127.0,13.2142857143,10.0357142857,7.89285714286,6.67857142857,8.46428571429,16.8571428571,47.4642857143,124.321428571,184.464285714,208.857142857,262.071428571,286.928571429,294.857142857,281.142857143,286.571428571,285.571428571,295.428571429,288.642857143,226.821428571,167.285714286,133.071428571,112.25,80.4642857143,46.8214285714,3577.75,3799.75,4897.5,3824.75,3718.25,3366.0,2549.25
