zone_id,area_id,total,daytype_inweek,daytype_weekend,hod_00h,hod_01h,hod_02h,hod_03h,hod_04h,hod_05h,hod_06h,hod_07h,hod_08h,hod_09h,hod_10h,hod_11h,hod_12h,hod_13h,hod_14h,hod_15h,hod_16h,hod_17h,hod_18h,hod_19h,hod_20h,hod_21h,hod_22h,hod_23h,dow_mon,dow_tue,dow_wed,dow_thu,dow_fri,dow_sat,dow_sun
E09000023,E02000674,1906.53571429,10032.25,3395.5,22.7142857143,21.8928571429,12.8214285714,9.0,8.96428571429,14.3928571429,23.5,50.9285714286,84.1785714286,96.3571428571,107.0,119.035714286,119.392857143,118.25,116.821428571,114.714285714,119.964285714,128.142857143,133.428571429,132.214285714,113.5,103.75,78.9642857143,56.6071428571,1873.25,1982.0,2470.5,1828.75,1877.75,1791.25,1522.25
