zone_id,area_id,total,daytype_inweek,daytype_weekend,hod_00h,hod_01h,hod_02h,hod_03h,hod_04h,hod_05h,hod_06h,hod_07h,hod_08h,hod_09h,hod_10h,hod_11h,hod_12h,hod_13h,hod_14h,hod_15h,hod_16h,hod_17h,hod_18h,hod_19h,hod_20h,hod_21h,hod_22h,hod_23h,dow_mon,dow_tue,dow_wed,dow_thu,dow_fri,dow_sat,dow_sun
S12000017,S02001981,1258.32142857,6658.0,2270.25,1.32142857143,2.25,1.53571428571,1.53571428571,2.57142857143,9.35714285714,25.7857142857,45.5357142857,73.0,89.25,99.5714285714,106.071428571,100.642857143,101.035714286,100.142857143,97.1071428571,96.6785714286,96.5714285714,77.5714285714,50.3214285714,38.8214285714,24.0357142857,12.6428571429,4.96428571429,1319.75,1303.25,1657.0,1259.75,1118.25,1199.75,950.5
