zone_id,area_id,total,daytype_inweek,daytype_weekend,hod_00h,hod_01h,hod_02h,hod_03h,hod_04h,hod_05h,hod_06h,hod_07h,hod_08h,hod_09h,hod_10h,hod_11h,hod_12h,hod_13h,hod_14h,hod_15h,hod_16h,hod_17h,hod_18h,hod_19h,hod_20h,hod_21h,hod_22h,hod_23h,dow_mon,dow_tue,dow_wed,dow_thu,dow_fri,dow_sat,dow_sun
E07000187,E02006053,2320.0,12478.75,3907.0,9.71428571429,7.96428571429,5.85714285714,5.89285714286,6.85714285714,23.1785714286,43.75,84.1428571429,112.678571429,133.25,161.285714286,157.035714286,156.321428571,155.25,163.714285714,163.071428571,177.607142857,176.464285714,150.25,137.178571429,98.8214285714,81.6071428571,64.2857142857,43.8214285714,2232.75,2431.75,3131.25,2422.5,2260.5,2087.0,1674.25
