zone_id,area_id,total,daytype_inweek,daytype_weekend,hod_00h,hod_01h,hod_02h,hod_03h,hod_04h,hod_05h,hod_06h,hod_07h,hod_08h,hod_09h,hod_10h,hod_11h,hod_12h,hod_13h,hod_14h,hod_15h,hod_16h,hod_17h,hod_18h,hod_19h,hod_20h,hod_21h,hod_22h,hod_23h,dow_mon,dow_tue,dow_wed,dow_thu,dow_fri,dow_sat,dow_sun
E07000078,E02004608,8556.39285714,45519.75,14004.0,44.6071428571,52.8928571429,46.25,38.3928571429,34.6785714286,39.3214285714,88.9642857143,263.285714286,496.607142857,487.785714286,529.0,583.5,643.571428571,632.892857143,605.214285714,586.0,599.821428571,661.928571429,567.178571429,483.464285714,372.107142857,294.892857143,231.5,172.535714286,7869.5,8915.75,11196.0,8408.5,9130.0,8240.5,6134.5
