zone_id,area_id,total,daytype_inweek,daytype_weekend,hod_00h,hod_01h,hod_02h,hod_03h,hod_04h,hod_05h,hod_06h,hod_07h,hod_08h,hod_09h,hod_10h,hod_11h,hod_12h,hod_13h,hod_14h,hod_15h,hod_16h,hod_17h,hod_18h,hod_19h,hod_20h,hod_21h,hod_22h,hod_23h,dow_mon,dow_tue,dow_wed,dow_thu,dow_fri,dow_sat,dow_sun
E09000014,E02000405,1396.42857143,7195.5,2616.0,14.1428571429,12.1428571429,7.42857142857,6.67857142857,5.60714285714,6.07142857143,12.75,31.4285714286,52.1428571429,70.8214285714,82.4285714286,87.0357142857,93.8214285714,98.75,95.5,96.3928571429,100.785714286,101.285714286,96.6785714286,94.6785714286,76.3571428571,63.6071428571,50.8214285714,39.0714285714,1371.5,1459.5,1783.75,1280.0,1300.75,1335.0,1244.5
