zone_id,area_id,total,daytype_inweek,daytype_weekend,hod_00h,hod_01h,hod_02h,hod_03h,hod_04h,hod_05h,hod_06h,hod_07h,hod_08h,hod_09h,hod_10h,hod_11h,hod_12h,hod_13h,hod_14h,hod_15h,hod_16h,hod_17h,hod_18h,hod_19h,hod_20h,hod_21h,hod_22h,hod_23h,dow_mon,dow_tue,dow_wed,dow_thu,dow_fri,dow_sat,dow_sun
E06000020,E02002937,3727.64285714,20042.75,6412.75,17.0357142857,15.6785714286,12.6428571429,10.4285714286,14.1071428571,41.5,75.8928571429,148.5,206.571428571,200.071428571,215.857142857,228.035714286,248.714285714,259.821428571,256.0,250.285714286,278.5,289.678571429,249.714285714,224.071428571,172.142857143,139.857142857,111.428571429,61.1071428571,3650.0,3912.0,5048.0,3738.25,3694.5,3288.0,2762.75
