zone_id,area_id,total,daytype_inweek,daytype_weekend,hod_00h,hod_01h,hod_02h,hod_03h,hod_04h,hod_05h,hod_06h,hod_07h,hod_08h,hod_09h,hod_10h,hod_11h,hod_12h,hod_13h,hod_14h,hod_15h,hod_16h,hod_17h,hod_18h,hod_19h,hod_20h,hod_21h,hod_22h,hod_23h,dow_mon,dow_tue,dow_wed,dow_thu,dow_fri,dow_sat,dow_sun
E07000227,E02006589,4156.0,22121.0,7307.75,18.3928571429,16.7142857143,12.1785714286,9.07142857143,8.85714285714,29.5,58.6071428571,150.821428571,252.0,250.5,272.535714286,282.178571429,294.321428571,284.678571429,279.428571429,274.0,285.464285714,329.785714286,291.785714286,251.964285714,196.071428571,136.285714286,103.071428571,67.7857142857,4040.5,4283.0,5368.25,4256.5,4172.75,3703.75,3267.25
