zone_id,area_id,total,daytype_inweek,daytype_weekend,hod_00h,hod_01h,hod_02h,hod_03h,hod_04h,hod_05h,hod_06h,hod_07h,hod_08h,hod_09h,hod_10h,hod_11h,hod_12h,hod_13h,hod_14h,hod_15h,hod_16h,hod_17h,hod_18h,hod_19h,hod_20h,hod_21h,hod_22h,hod_23h,dow_mon,dow_tue,dow_wed,dow_thu,dow_fri,dow_sat,dow_sun
E08000022,E02001743,2788.39285714,14540.25,5029.75,12.6071428571,15.2142857143,12.25,6.92857142857,6.0,8.85714285714,32.2857142857,80.5,131.071428571,147.392857143,173.678571429,191.5,211.928571429,222.178571429,218.392857143,225.857142857,231.0,218.321428571,177.857142857,152.214285714,120.285714286,89.8928571429,64.8571428571,37.3214285714,2782.5,2839.0,3453.25,2656.75,2808.75,2731.25,2247.25
