zone_id,area_id,total,daytype_inweek,daytype_weekend,hod_00h,hod_01h,hod_02h,hod_03h,hod_04h,hod_05h,hod_06h,hod_07h,hod_08h,hod_09h,hod_10h,hod_11h,hod_12h,hod_13h,hod_14h,hod_15h,hod_16h,hod_17h,hod_18h,hod_19h,hod_20h,hod_21h,hod_22h,hod_23h,dow_mon,dow_tue,dow_wed,dow_thu,dow_fri,dow_sat,dow_sun
E09000013,E02000389,2002.60714286,10956.75,3261.25,15.75,16.1071428571,11.7142857143,7.64285714286,6.60714285714,9.42857142857,19.9285714286,47.4285714286,88.5714285714,109.607142857,113.0,117.142857143,137.75,140.964285714,137.357142857,128.357142857,122.607142857,140.357142857,143.392857143,151.642857143,112.035714286,97.1428571429,78.6428571429,49.4285714286,1924.5,2117.5,2676.0,2021.0,2217.75,1724.75,1336.75
