zone_id,area_id,total,daytype_inweek,daytype_weekend,hod_00h,hod_01h,hod_02h,hod_03h,hod_04h,hod_05h,hod_06h,hod_07h,hod_08h,hod_09h,hod_10h,hod_11h,hod_12h,hod_13h,hod_14h,hod_15h,hod_16h,hod_17h,hod_18h,hod_19h,hod_20h,hod_21h,hod_22h,hod_23h,dow_mon,dow_tue,dow_wed,dow_thu,dow_fri,dow_sat,dow_sun
E09000022,E02000630,1838.64285714,8929.5,3485.75,23.5714285714,20.0714285714,16.2142857143,9.82142857143,8.85714285714,10.5714285714,26.0,49.0357142857,82.9285714286,82.3928571429,92.9642857143,102.642857143,112.928571429,115.0,115.571428571,113.321428571,118.428571429,119.0,128.642857143,124.821428571,109.714285714,92.1785714286,87.9642857143,76.0,1727.25,1709.0,2157.25,1678.5,1657.5,2182.5,1758.5
