zone_id,area_id,total,daytype_inweek,daytype_weekend,hod_00h,hod_01h,hod_02h,hod_03h,hod_04h,hod_05h,hod_06h,hod_07h,hod_08h,hod_09h,hod_10h,hod_11h,hod_12h,hod_13h,hod_14h,hod_15h,hod_16h,hod_17h,hod_18h,hod_19h,hod_20h,hod_21h,hod_22h,hod_23h,dow_mon,dow_tue,dow_wed,dow_thu,dow_fri,dow_sat,dow_sun
E07000125,E02005279,2124.21428571,11141.0,3715.75,13.3214285714,14.1071428571,10.8214285714,8.57142857143,6.57142857143,16.3571428571,32.9285714286,78.5357142857,96.3928571429,106.535714286,126.0,137.928571429,148.571428571,146.642857143,146.607142857,148.892857143,155.607142857,157.071428571,137.857142857,133.392857143,110.321428571,85.1428571429,63.6785714286,42.3571428571,1984.25,2237.0,2672.25,2015.0,2232.5,1997.0,1731.5
