zone_id,area_id,total,daytype_inweek,daytype_weekend,hod_00h,hod_01h,hod_02h,hod_03h,hod_04h,hod_05h,hod_06h,hod_07h,hod_08h,hod_09h,hod_10h,hod_11h,hod_12h,hod_13h,hod_14h,hod_15h,hod_16h,hod_17h,hod_18h,hod_19h,hod_20h,hod_21h,hod_22h,hod_23h,dow_mon,dow_tue,dow_wed,dow_thu,dow_fri,dow_sat,dow_sun
E07000078,E02004600,2623.32142857,14052.5,4451.0,11.5714285714,13.25,9.53571428571,8.75,9.64285714286,18.4285714286,45.5714285714,112.928571429,162.892857143,148.5,158.392857143,169.821428571,179.821428571,186.785714286,176.535714286,180.107142857,196.75,206.928571429,175.464285714,144.75,112.535714286,85.1785714286,65.5357142857,43.6428571429,2520.25,2645.0,3457.75,2654.0,2775.5,2380.0,1930.75
