zone_id,area_id,total,daytype_inweek,daytype_weekend,hod_00h,hod_01h,hod_02h,hod_03h,hod_04h,hod_05h,hod_06h,hod_07h,hod_08h,hod_09h,hod_10h,hod_11h,hod_12h,hod_13h,hod_14h,hod_15h,hod_16h,hod_17h,hod_18h,hod_19h,hod_20h,hod_21h,hod_22h,hod_23h,dow_mon,dow_tue,dow_wed,dow_thu,dow_fri,dow_sat,dow_sun
E06000021,E02002951,2244.82142857,11852.75,3866.0,14.3214285714,11.75,8.46428571429,7.0,7.42857142857,21.3214285714,43.5357142857,89.6785714286,112.25,108.642857143,122.142857143,141.142857143,150.035714286,149.75,157.214285714,159.964285714,167.571428571,169.428571429,154.0,136.678571429,106.571428571,89.7857142857,72.2142857143,43.9285714286,2140.0,2272.5,2852.25,2291.5,2296.5,2135.0,1726.0
