zone_id,area_id,total,daytype_inweek,daytype_weekend,hod_00h,hod_01h,hod_02h,hod_03h,hod_04h,hod_05h,hod_06h,hod_07h,hod_08h,hod_09h,hod_10h,hod_11h,hod_12h,hod_13h,hod_14h,hod_15h,hod_16h,hod_17h,hod_18h,hod_19h,hod_20h,hod_21h,hod_22h,hod_23h,dow_mon,dow_tue,dow_wed,dow_thu,dow_fri,dow_sat,dow_sun
E08000006,E02001161,1764.0,9445.0,2979.0,8.75,7.67857142857,6.14285714286,6.17857142857,6.71428571429,15.6785714286,31.0357142857,64.25,90.6428571429,92.5,102.821428571,110.571428571,124.0,124.428571429,118.285714286,119.071428571,131.035714286,131.464285714,120.857142857,109.821428571,87.5357142857,68.1428571429,54.2142857143,32.1785714286,1646.0,1813.5,2322.75,1818.0,1844.75,1570.0,1333.0
