zone_id,area_id,total,daytype_inweek,daytype_weekend,hod_00h,hod_01h,hod_02h,hod_03h,hod_04h,hod_05h,hod_06h,hod_07h,hod_08h,hod_09h,hod_10h,hod_11h,hod_12h,hod_13h,hod_14h,hod_15h,hod_16h,hod_17h,hod_18h,hod_19h,hod_20h,hod_21h,hod_22h,hod_23h,dow_mon,dow_tue,dow_wed,dow_thu,dow_fri,dow_sat,dow_sun
E06000047,E02004350,4518.82142857,23924.75,7784.25,19.0714285714,20.0714285714,13.7142857143,10.4642857143,11.8928571429,32.2142857143,86.7857142857,179.857142857,245.821428571,268.75,295.392857143,320.821428571,331.892857143,332.035714286,325.142857143,327.892857143,340.0,345.964285714,289.964285714,239.285714286,191.071428571,138.428571429,98.2142857143,54.0714285714,4354.0,4626.25,5857.0,4528.75,4558.75,4276.75,3430.25
