area_id,total,daytype_inweek,daytype_weekend,hod_00h,hod_01h,hod_02h,hod_03h,hod_04h,hod_05h,hod_06h,hod_07h,hod_08h,hod_09h,hod_10h,hod_11h,hod_12h,hod_13h,hod_14h,hod_15h,hod_16h,hod_17h,hod_18h,hod_19h,hod_20h,hod_21h,hod_22h,hod_23h,dow_mon,dow_tue,dow_wed,dow_thu,dow_fri,dow_sat,dow_sun
5014,0.785714285714,3.0,2.25,0.0,0.0,0.0,0.0,0.0,0.0,0.0,0.0,0.0714285714286,0.0357142857143,0.0,0.0,0.0357142857143,0.107142857143,0.0357142857143,0.0,0.0714285714286,0.0357142857143,0.0357142857143,0.107142857143,0.0,0.0714285714286,0.0357142857143,0.142857142857,0.25,0.5,1.0,0.5,0.75,0.5,2.0
5019,30.6071428571,165.5,44.75,0.678571428571,0.25,0.214285714286,0.0714285714286,0.0,0.0357142857143,0.178571428571,1.07142857143,2.35714285714,1.14285714286,0.821428571429,2.25,2.78571428571,2.42857142857,2.14285714286,1.71428571429,2.60714285714,1.57142857143,2.17857142857,2.10714285714,1.21428571429,1.17857142857,1.17857142857,0.428571428571,28.0,33.0,48.5,24.25,31.75,32.0,16.75
5047,0.178571428571,0.75,0.75,0.0,0.0,0.0,0.0,0.0,0.0,0.0,0.0,0.0,0.0,0.0357142857143,0.0,0.0,0.0,0.0,0.0,0.0,0.0,0.0,0.0357142857143,0.0,0.0714285714286,0.0357142857143,0.0,0.25,0.0,0.25,0.25,0.0,0.0,0.5
5057,151.964285714,688.5,277.75,1.96428571429,1.60714285714,2.25,2.03571428571,1.14285714286,1.21428571429,2.21428571429,3.75,5.82142857143,6.53571428571,9.78571428571,9.89285714286,10.8571428571,8.25,8.82142857143,7.53571428571,7.10714285714,7.14285714286,7.64285714286,9.21428571429,11.4642857143,11.1071428571,7.57142857143,7.03571428571,121.0,131.25,159.0,123.75,153.5,218.5,156.75
5168,10.75,52.25,18.5,0.214285714286,0.0,0.178571428571,0.107142857143,0.0714285714286,0.0714285714286,0.178571428571,0.142857142857,0.535714285714,0.642857142857,0.821428571429,1.25,0.785714285714,0.428571428571,0.714285714286,0.714285714286,0.428571428571,0.321428571429,0.5,0.464285714286,1.0,0.678571428571,0.357142857143,0.142857142857,8.0,9.0,16.5,8.25,10.5,12.5,10.5
total,194.285714286,910.0,344.0,2.85714285714,1.85714285714,2.64285714286,2.21428571429,1.21428571429,1.32142857143,2.57142857143,4.96428571429,8.78571428571,8.35714285714,11.4642857143,13.3928571429,14.4642857143,11.2142857143,11.7142857143,9.96428571429,10.2142857143,9.07142857143,10.3571428571,11.9285714286,13.6785714286,13.1071428571,9.17857142857,7.75,157.5,173.75,225.25,157.0,196.5,263.5,186.5
