zone_id,area_id,total,daytype_inweek,daytype_weekend,hod_00h,hod_01h,hod_02h,hod_03h,hod_04h,hod_05h,hod_06h,hod_07h,hod_08h,hod_09h,hod_10h,hod_11h,hod_12h,hod_13h,hod_14h,hod_15h,hod_16h,hod_17h,hod_18h,hod_19h,hod_20h,hod_21h,hod_22h,hod_23h,dow_mon,dow_tue,dow_wed,dow_thu,dow_fri,dow_sat,dow_sun
S12000033,S02001276,2439.35714286,13170.5,4337.75,9.75,13.4285714286,9.53571428571,8.96428571429,11.1071428571,28.7142857143,72.2142857143,128.928571429,142.607142857,132.0,137.821428571,142.785714286,157.357142857,160.25,168.678571429,170.464285714,185.464285714,183.571428571,161.142857143,133.892857143,104.928571429,85.2142857143,56.6071428571,33.9285714286,2515.75,2556.5,3161.75,2427.0,2509.5,2083.0,1822.0
