zone_id,area_id,total,daytype_inweek,daytype_weekend,hod_00h,hod_01h,hod_02h,hod_03h,hod_04h,hod_05h,hod_06h,hod_07h,hod_08h,hod_09h,hod_10h,hod_11h,hod_12h,hod_13h,hod_14h,hod_15h,hod_16h,hod_17h,hod_18h,hod_19h,hod_20h,hod_21h,hod_22h,hod_23h,dow_mon,dow_tue,dow_wed,dow_thu,dow_fri,dow_sat,dow_sun
E07000236,E02006723,2174.46428571,11446.25,3693.0,9.82142857143,11.4285714286,7.28571428571,4.82142857143,7.10714285714,27.5,37.1428571429,75.1071428571,115.428571429,112.071428571,122.642857143,141.25,148.0,162.321428571,155.892857143,152.321428571,157.25,174.214285714,149.178571429,128.285714286,99.7142857143,75.8571428571,62.3214285714,37.5,2002.5,2223.5,2743.0,2159.0,2318.25,2084.5,1690.5
