zone_id,area_id,total,daytype_inweek,daytype_weekend,hod_00h,hod_01h,hod_02h,hod_03h,hod_04h,hod_05h,hod_06h,hod_07h,hod_08h,hod_09h,hod_10h,hod_11h,hod_12h,hod_13h,hod_14h,hod_15h,hod_16h,hod_17h,hod_18h,hod_19h,hod_20h,hod_21h,hod_22h,hod_23h,dow_mon,dow_tue,dow_wed,dow_thu,dow_fri,dow_sat,dow_sun
E07000165,E02005774,4801.21428571,25740.75,8082.0,19.25,15.8928571429,13.6428571429,9.5,15.0,38.0,79.2857142857,207.785714286,290.25,266.928571429,297.75,330.428571429,344.964285714,356.857142857,335.107142857,335.285714286,361.107142857,387.285714286,318.928571429,263.785714286,211.214285714,142.392857143,103.964285714,56.6071428571,4548.0,5025.75,6348.5,4849.5,4969.0,4333.75,3534.0
