zone_id,area_id,total,daytype_inweek,daytype_weekend,hod_00h,hod_01h,hod_02h,hod_03h,hod_04h,hod_05h,hod_06h,hod_07h,hod_08h,hod_09h,hod_10h,hod_11h,hod_12h,hod_13h,hod_14h,hod_15h,hod_16h,hod_17h,hod_18h,hod_19h,hod_20h,hod_21h,hod_22h,hod_23h,dow_mon,dow_tue,dow_wed,dow_thu,dow_fri,dow_sat,dow_sun
S12000035,S02001382,289.035714286,1501.5,513.75,0.607142857143,0.535714285714,0.642857142857,0.321428571429,0.464285714286,1.0,1.67857142857,6.89285714286,10.2142857143,12.6428571429,21.4642857143,19.75,21.7142857143,23.3928571429,25.1071428571,23.1785714286,22.0714285714,22.7857142857,17.0,15.8214285714,12.4642857143,12.4285714286,9.14285714286,7.71428571429,286.5,300.5,358.75,291.25,264.5,294.5,227.25
