zone_id,area_id,total,daytype_inweek,daytype_weekend,hod_00h,hod_01h,hod_02h,hod_03h,hod_04h,hod_05h,hod_06h,hod_07h,hod_08h,hod_09h,hod_10h,hod_11h,hod_12h,hod_13h,hod_14h,hod_15h,hod_16h,hod_17h,hod_18h,hod_19h,hod_20h,hod_21h,hod_22h,hod_23h,dow_mon,dow_tue,dow_wed,dow_thu,dow_fri,dow_sat,dow_sun
E06000030,E02003214,2828.21428571,14975.5,4904.25,10.2142857143,16.4285714286,11.25,9.42857142857,16.3214285714,34.0357142857,59.6071428571,120.821428571,156.785714286,153.107142857,160.071428571,177.142857143,187.892857143,182.607142857,198.785714286,190.571428571,209.071428571,218.75,196.678571429,166.0,130.142857143,103.071428571,77.9642857143,41.4642857143,2698.75,2859.5,3669.5,2832.5,2915.25,2616.5,2205.5
