zone_id,area_id,total,daytype_inweek,daytype_weekend,hod_00h,hod_01h,hod_02h,hod_03h,hod_04h,hod_05h,hod_06h,hod_07h,hod_08h,hod_09h,hod_10h,hod_11h,hod_12h,hod_13h,hod_14h,hod_15h,hod_16h,hod_17h,hod_18h,hod_19h,hod_20h,hod_21h,hod_22h,hod_23h,dow_mon,dow_tue,dow_wed,dow_thu,dow_fri,dow_sat,dow_sun
E07000154,E02005654,3729.35714286,19583.0,6456.75,18.5,16.9285714286,15.5714285714,15.8571428571,27.6428571429,46.9285714286,75.2857142857,152.678571429,184.25,197.25,220.892857143,233.785714286,257.071428571,256.107142857,252.142857143,256.571428571,283.821428571,282.464285714,247.25,219.178571429,181.25,145.0,97.75,45.1785714286,3470.5,3914.25,4730.5,3593.5,3874.25,3536.25,2986.25
