zone_id,area_id,total,daytype_inweek,daytype_weekend,hod_00h,hod_01h,hod_02h,hod_03h,hod_04h,hod_05h,hod_06h,hod_07h,hod_08h,hod_09h,hod_10h,hod_11h,hod_12h,hod_13h,hod_14h,hod_15h,hod_16h,hod_17h,hod_18h,hod_19h,hod_20h,hod_21h,hod_22h,hod_23h,dow_mon,dow_tue,dow_wed,dow_thu,dow_fri,dow_sat,dow_sun
E07000216,E02006448,1264.46428571,6760.5,2163.25,5.53571428571,4.03571428571,2.46428571429,2.53571428571,1.89285714286,5.32142857143,16.0714285714,42.6428571429,70.8571428571,86.8928571429,91.1428571429,92.6071428571,92.2857142857,87.1428571429,92.1428571429,88.0714285714,90.2142857143,92.3928571429,75.8571428571,69.1785714286,51.25,41.3928571429,35.75,26.7857142857,1216.5,1329.75,1638.0,1293.25,1283.0,1144.0,946.75
