zone_id,area_id,total,daytype_inweek,daytype_weekend,hod_00h,hod_01h,hod_02h,hod_03h,hod_04h,hod_05h,hod_06h,hod_07h,hod_08h,hod_09h,hod_10h,hod_11h,hod_12h,hod_13h,hod_14h,hod_15h,hod_16h,hod_17h,hod_18h,hod_19h,hod_20h,hod_21h,hod_22h,hod_23h,dow_mon,dow_tue,dow_wed,dow_thu,dow_fri,dow_sat,dow_sun
S12000014,S02001713,4801.25,24892.5,8530.5,19.6071428571,26.75,21.75,19.0,15.6071428571,26.2857142857,60.0714285714,127.642857143,240.392857143,247.857142857,278.035714286,331.571428571,373.964285714,370.071428571,382.392857143,386.428571429,370.142857143,355.035714286,305.5,265.5,220.642857143,175.071428571,116.285714286,65.6428571429,4693.25,4798.75,5961.5,4425.0,5014.0,4879.0,3837.25
