zone_id,area_id,total,daytype_inweek,daytype_weekend,hod_00h,hod_01h,hod_02h,hod_03h,hod_04h,hod_05h,hod_06h,hod_07h,hod_08h,hod_09h,hod_10h,hod_11h,hod_12h,hod_13h,hod_14h,hod_15h,hod_16h,hod_17h,hod_18h,hod_19h,hod_20h,hod_21h,hod_22h,hod_23h,dow_mon,dow_tue,dow_wed,dow_thu,dow_fri,dow_sat,dow_sun
E07000202,E02006258,5004.75,26844.0,8286.5,22.2857142857,21.2857142857,14.1071428571,14.9285714286,18.8928571429,46.1071428571,89.5357142857,223.928571429,335.571428571,285.392857143,305.035714286,325.25,351.071428571,353.535714286,336.785714286,334.285714286,351.535714286,393.5,339.571428571,273.25,213.214285714,167.107142857,120.0,68.5714285714,4679.0,5309.75,6580.5,5113.5,5161.25,4581.75,3607.5
