zone_id,area_id,total,daytype_inweek,daytype_weekend,hod_00h,hod_01h,hod_02h,hod_03h,hod_04h,hod_05h,hod_06h,hod_07h,hod_08h,hod_09h,hod_10h,hod_11h,hod_12h,hod_13h,hod_14h,hod_15h,hod_16h,hod_17h,hod_18h,hod_19h,hod_20h,hod_21h,hod_22h,hod_23h,dow_mon,dow_tue,dow_wed,dow_thu,dow_fri,dow_sat,dow_sun
E07000121,E02005239,2771.89285714,15090.25,4795.25,16.4642857143,12.3928571429,9.32142857143,10.3571428571,10.9642857143,20.3571428571,51.0714285714,103.142857143,160.785714286,165.321428571,170.857142857,184.071428571,191.607142857,192.535714286,195.035714286,194.428571429,207.75,218.892857143,178.964285714,145.642857143,117.892857143,94.7857142857,73.1785714286,46.0714285714,2820.75,2907.5,3732.5,2904.25,2725.25,2338.5,1974.5
