zone_id,area_id,total,daytype_inweek,daytype_weekend,hod_00h,hod_01h,hod_02h,hod_03h,hod_04h,hod_05h,hod_06h,hod_07h,hod_08h,hod_09h,hod_10h,hod_11h,hod_12h,hod_13h,hod_14h,hod_15h,hod_16h,hod_17h,hod_18h,hod_19h,hod_20h,hod_21h,hod_22h,hod_23h,dow_mon,dow_tue,dow_wed,dow_thu,dow_fri,dow_sat,dow_sun
E07000067,E02004454,3338.57142857,17520.25,5582.0,16.4642857143,13.3928571429,9.35714285714,6.42857142857,9.71428571429,28.5,63.6785714286,124.5,170.821428571,184.285714286,210.785714286,235.035714286,246.321428571,240.142857143,246.857142857,236.178571429,246.392857143,263.214285714,221.321428571,181.321428571,144.214285714,112.642857143,81.0357142857,45.9642857143,3049.5,3345.75,4331.75,3393.5,3399.75,3317.25,2532.5
