zone_id,area_id,total,daytype_inweek,daytype_weekend,hod_00h,hod_01h,hod_02h,hod_03h,hod_04h,hod_05h,hod_06h,hod_07h,hod_08h,hod_09h,hod_10h,hod_11h,hod_12h,hod_13h,hod_14h,hod_15h,hod_16h,hod_17h,hod_18h,hod_19h,hod_20h,hod_21h,hod_22h,hod_23h,dow_mon,dow_tue,dow_wed,dow_thu,dow_fri,dow_sat,dow_sun
E08000007,E02001223,2369.85714286,12532.5,4125.0,13.6428571429,13.7857142857,8.71428571429,6.96428571429,5.82142857143,9.0,28.5,75.9642857143,126.321428571,137.607142857,150.142857143,161.535714286,162.5,163.785714286,168.821428571,174.535714286,167.928571429,174.035714286,156.25,143.142857143,117.785714286,88.6428571429,68.6428571429,45.7857142857,2253.75,2442.5,3090.5,2390.25,2355.5,2185.25,1871.25
