zone_id,area_id,total,daytype_inweek,daytype_weekend,hod_00h,hod_01h,hod_02h,hod_03h,hod_04h,hod_05h,hod_06h,hod_07h,hod_08h,hod_09h,hod_10h,hod_11h,hod_12h,hod_13h,hod_14h,hod_15h,hod_16h,hod_17h,hod_18h,hod_19h,hod_20h,hod_21h,hod_22h,hod_23h,dow_mon,dow_tue,dow_wed,dow_thu,dow_fri,dow_sat,dow_sun
E08000013,E02001425,3065.67857143,16459.0,5123.75,16.4642857143,18.8571428571,15.0,14.9285714286,13.25,32.3214285714,44.4642857143,100.678571429,136.142857143,145.035714286,172.642857143,188.428571429,211.285714286,214.535714286,223.607142857,218.178571429,235.821428571,241.285714286,202.642857143,184.5,150.892857143,123.0,100.964285714,60.75,2911.25,3215.75,3948.0,3175.0,3209.0,2788.25,2212.5
