zone_id,area_id,total,daytype_inweek,daytype_weekend,hod_00h,hod_01h,hod_02h,hod_03h,hod_04h,hod_05h,hod_06h,hod_07h,hod_08h,hod_09h,hod_10h,hod_11h,hod_12h,hod_13h,hod_14h,hod_15h,hod_16h,hod_17h,hod_18h,hod_19h,hod_20h,hod_21h,hod_22h,hod_23h,dow_mon,dow_tue,dow_wed,dow_thu,dow_fri,dow_sat,dow_sun
E06000046,E02003595,5287.60714286,27703.25,9538.5,15.0714285714,13.3214285714,11.6428571429,7.71428571429,9.67857142857,20.2142857143,54.2142857143,144.428571429,220.357142857,284.0,402.25,410.571428571,410.5,409.214285714,409.321428571,432.857142857,447.107142857,415.142857143,324.75,258.5,212.392857143,185.357142857,131.5,57.5,5144.25,5336.5,6996.0,5268.25,4958.25,4915.75,4394.25
