zone_id,area_id,total,daytype_inweek,daytype_weekend,hod_00h,hod_01h,hod_02h,hod_03h,hod_04h,hod_05h,hod_06h,hod_07h,hod_08h,hod_09h,hod_10h,hod_11h,hod_12h,hod_13h,hod_14h,hod_15h,hod_16h,hod_17h,hod_18h,hod_19h,hod_20h,hod_21h,hod_22h,hod_23h,dow_mon,dow_tue,dow_wed,dow_thu,dow_fri,dow_sat,dow_sun
E06000003,E02002517,3067.46428571,16935.25,5102.5,14.3928571429,14.0,11.9642857143,9.82142857143,12.8928571429,34.8928571429,74.25,124.678571429,153.25,170.821428571,201.214285714,226.071428571,246.285714286,244.107142857,231.178571429,236.714285714,231.857142857,216.428571429,177.357142857,144.821428571,111.035714286,87.0,57.6785714286,34.75,3070.0,3528.0,4126.75,3082.5,3128.0,2504.5,2032.5
