zone_id,area_id,total,daytype_inweek,daytype_weekend,hod_00h,hod_01h,hod_02h,hod_03h,hod_04h,hod_05h,hod_06h,hod_07h,hod_08h,hod_09h,hod_10h,hod_11h,hod_12h,hod_13h,hod_14h,hod_15h,hod_16h,hod_17h,hod_18h,hod_19h,hod_20h,hod_21h,hod_22h,hod_23h,dow_mon,dow_tue,dow_wed,dow_thu,dow_fri,dow_sat,dow_sun
E09000012,E02000366,1452.82142857,7219.0,2704.0,18.8928571429,22.0357142857,13.1428571429,10.0714285714,7.78571428571,9.64285714286,14.6785714286,31.1071428571,53.9285714286,66.3214285714,75.8571428571,78.7857142857,88.25,92.3571428571,92.6071428571,100.357142857,98.1428571429,105.178571429,104.357142857,104.928571429,87.0,71.3928571429,58.7142857143,47.2857142857,1347.0,1419.25,1740.0,1305.25,1407.5,1593.75,1357.0
