area_id,total,daytype_inweek,daytype_weekend,hod_00h,hod_01h,hod_02h,hod_03h,hod_04h,hod_05h,hod_06h,hod_07h,hod_08h,hod_09h,hod_10h,hod_11h,hod_12h,hod_13h,hod_14h,hod_15h,hod_16h,hod_17h,hod_18h,hod_19h,hod_20h,hod_21h,hod_22h,hod_23h,dow_mon,dow_tue,dow_wed,dow_thu,dow_fri,dow_sat,dow_sun
40138,12.2857142857,63.0,29.25,0.178571428571,0.214285714286,0.392857142857,0.0357142857143,0.0714285714286,0.25,0.428571428571,1.64285714286,0.892857142857,0.535714285714,0.428571428571,0.5,0.714285714286,0.75,0.535714285714,0.892857142857,0.821428571429,0.642857142857,0.928571428571,0.428571428571,0.357142857143,0.464285714286,0.107142857143,0.0714285714286,16.0,10.75,14.75,9.75,11.75,9.75,13.25
40194,88.75,481.25,157.5,1.10714285714,1.21428571429,0.535714285714,0.464285714286,0.107142857143,0.464285714286,1.57142857143,6.85714285714,4.96428571429,5.25,6.67857142857,6.10714285714,7.42857142857,6.35714285714,6.21428571429,5.39285714286,4.14285714286,6.10714285714,4.67857142857,5.82142857143,3.64285714286,1.89285714286,1.25,0.5,83.0,98.75,123.0,79.5,97.0,65.5,74.5
40181,5.42857142857,30.5,11.25,0.0,0.0,0.0357142857143,0.0,0.0357142857143,0.0357142857143,0.25,1.39285714286,0.357142857143,0.142857142857,0.214285714286,0.5,0.285714285714,0.0357142857143,0.285714285714,0.321428571429,0.178571428571,0.607142857143,0.178571428571,0.178571428571,0.178571428571,0.107142857143,0.0357142857143,0.0714285714286,7.5,7.0,7.75,3.75,4.5,3.75,3.75
40063,298.428571429,1502.75,574.75,2.57142857143,2.14285714286,2.67857142857,2.5,2.75,3.60714285714,5.46428571429,9.17857142857,17.2142857143,14.7142857143,17.0357142857,17.5,19.3928571429,18.2142857143,14.25,12.3214285714,13.25,13.3571428571,18.1071428571,19.8928571429,19.25,21.3214285714,16.0714285714,15.6428571429,273.5,288.75,370.75,260.5,309.25,285.0,301.25
total,404.892857143,2077.5,772.75,3.85714285714,3.57142857143,3.64285714286,3.0,2.96428571429,4.35714285714,7.71428571429,19.0714285714,23.4285714286,20.6428571429,24.3571428571,24.6071428571,27.8214285714,25.3571428571,21.2857142857,18.9285714286,18.3928571429,20.7142857143,23.8928571429,26.3214285714,23.4285714286,23.7857142857,17.4642857143,16.2857142857,380.0,405.25,516.25,353.5,422.5,364.0,392.75
