zone_id,area_id,total,daytype_inweek,daytype_weekend,hod_00h,hod_01h,hod_02h,hod_03h,hod_04h,hod_05h,hod_06h,hod_07h,hod_08h,hod_09h,hod_10h,hod_11h,hod_12h,hod_13h,hod_14h,hod_15h,hod_16h,hod_17h,hod_18h,hod_19h,hod_20h,hod_21h,hod_22h,hod_23h,dow_mon,dow_tue,dow_wed,dow_thu,dow_fri,dow_sat,dow_sun
E08000010,E02001317,4002.78571429,21250.75,6914.0,18.9285714286,21.9285714286,17.75,12.25,14.3571428571,33.5357142857,66.3571428571,148.071428571,201.5,214.214285714,238.75,273.214285714,279.142857143,281.607142857,278.5,284.071428571,293.571428571,303.642857143,276.464285714,236.5,196.25,140.892857143,108.607142857,62.6785714286,3874.25,4076.25,5177.25,3991.0,4132.0,3729.0,3039.75
