zone_id,area_id,total,daytype_inweek,daytype_weekend,hod_00h,hod_01h,hod_02h,hod_03h,hod_04h,hod_05h,hod_06h,hod_07h,hod_08h,hod_09h,hod_10h,hod_11h,hod_12h,hod_13h,hod_14h,hod_15h,hod_16h,hod_17h,hod_18h,hod_19h,hod_20h,hod_21h,hod_22h,hod_23h,dow_mon,dow_tue,dow_wed,dow_thu,dow_fri,dow_sat,dow_sun
E07000221,E02006511,2659.10714286,14510.5,4510.0,10.5714285714,9.5,6.78571428571,4.57142857143,8.25,23.6785714286,43.6071428571,102.535714286,170.571428571,169.75,172.964285714,184.392857143,192.964285714,190.5,186.821428571,175.714285714,193.642857143,202.214285714,165.678571429,137.607142857,109.071428571,87.25,72.2857142857,38.1785714286,2664.25,2898.25,3667.0,2748.25,2532.75,2257.5,1845.75
