zone_id,area_id,total,daytype_inweek,daytype_weekend,hod_00h,hod_01h,hod_02h,hod_03h,hod_04h,hod_05h,hod_06h,hod_07h,hod_08h,hod_09h,hod_10h,hod_11h,hod_12h,hod_13h,hod_14h,hod_15h,hod_16h,hod_17h,hod_18h,hod_19h,hod_20h,hod_21h,hod_22h,hod_23h,dow_mon,dow_tue,dow_wed,dow_thu,dow_fri,dow_sat,dow_sun
E06000010,E02002659,4061.28571429,21730.25,6892.25,20.5,19.6785714286,18.0714285714,17.3214285714,19.1071428571,51.4285714286,90.6071428571,147.571428571,190.571428571,200.392857143,240.535714286,272.107142857,295.714285714,299.142857143,289.964285714,304.321428571,307.428571429,296.5,262.785714286,224.142857143,187.785714286,148.178571429,102.392857143,55.0357142857,3868.25,4259.5,5340.0,3926.0,4336.5,3674.75,3024.0
