zone_id,area_id,total,daytype_inweek,daytype_weekend,hod_00h,hod_01h,hod_02h,hod_03h,hod_04h,hod_05h,hod_06h,hod_07h,hod_08h,hod_09h,hod_10h,hod_11h,hod_12h,hod_13h,hod_14h,hod_15h,hod_16h,hod_17h,hod_18h,hod_19h,hod_20h,hod_21h,hod_22h,hod_23h,dow_mon,dow_tue,dow_wed,dow_thu,dow_fri,dow_sat,dow_sun
E07000155,E02005690,969.0,5373.75,1611.75,3.64285714286,2.78571428571,1.96428571429,2.78571428571,2.82142857143,5.96428571429,18.9642857143,46.3571428571,73.0714285714,59.6785714286,63.3928571429,61.2142857143,66.0,66.0,60.75,59.3928571429,67.2142857143,80.0714285714,56.5714285714,50.8928571429,40.75,35.5357142857,27.2857142857,15.8928571429,924.5,1089.5,1356.25,1063.0,940.5,722.0,687.25
