zone_id,area_id,total,daytype_inweek,daytype_weekend,hod_00h,hod_01h,hod_02h,hod_03h,hod_04h,hod_05h,hod_06h,hod_07h,hod_08h,hod_09h,hod_10h,hod_11h,hod_12h,hod_13h,hod_14h,hod_15h,hod_16h,hod_17h,hod_18h,hod_19h,hod_20h,hod_21h,hod_22h,hod_23h,dow_mon,dow_tue,dow_wed,dow_thu,dow_fri,dow_sat,dow_sun
E08000025,E02006896,11033.75,57340.5,18470.25,139.535714286,163.75,129.357142857,118.964285714,104.607142857,105.071428571,186.928571429,357.821428571,511.642857143,507.714285714,525.785714286,577.785714286,667.5,707.571428571,706.214285714,720.428571429,799.785714286,847.392857143,759.964285714,624.25,532.035714286,451.535714286,439.321428571,348.785714286,9987.0,10996.75,13981.0,10706.75,11669.0,11412.5,8483.25
