zone_id,area_id,total,daytype_inweek,daytype_weekend,hod_00h,hod_01h,hod_02h,hod_03h,hod_04h,hod_05h,hod_06h,hod_07h,hod_08h,hod_09h,hod_10h,hod_11h,hod_12h,hod_13h,hod_14h,hod_15h,hod_16h,hod_17h,hod_18h,hod_19h,hod_20h,hod_21h,hod_22h,hod_23h,dow_mon,dow_tue,dow_wed,dow_thu,dow_fri,dow_sat,dow_sun
E08000016,E02001529,2649.21428571,13985.25,4519.75,10.8214285714,14.0714285714,9.39285714286,7.42857142857,8.67857142857,25.3571428571,47.6428571429,94.3571428571,128.928571429,145.964285714,173.892857143,181.25,190.178571429,187.0,192.821428571,190.178571429,191.678571429,196.714285714,166.607142857,152.178571429,124.785714286,100.571428571,69.6785714286,39.0357142857,2502.25,2791.0,3463.5,2462.0,2766.5,2541.75,2017.5
