zone_id,area_id,total,daytype_inweek,daytype_weekend,hod_00h,hod_01h,hod_02h,hod_03h,hod_04h,hod_05h,hod_06h,hod_07h,hod_08h,hod_09h,hod_10h,hod_11h,hod_12h,hod_13h,hod_14h,hod_15h,hod_16h,hod_17h,hod_18h,hod_19h,hod_20h,hod_21h,hod_22h,hod_23h,dow_mon,dow_tue,dow_wed,dow_thu,dow_fri,dow_sat,dow_sun
E06000046,E02003596,5027.0,26578.75,8942.75,17.4642857143,16.6428571429,27.5,14.3571428571,14.7857142857,20.3214285714,56.6428571429,157.535714286,228.428571429,261.035714286,369.392857143,385.535714286,371.678571429,368.75,372.392857143,382.321428571,413.428571429,390.892857143,314.285714286,251.142857143,213.25,178.428571429,135.928571429,64.8571428571,4893.5,5249.25,6603.75,5080.0,4752.25,4561.0,4049.25
