zone_id,area_id,total,daytype_inweek,daytype_weekend,hod_00h,hod_01h,hod_02h,hod_03h,hod_04h,hod_05h,hod_06h,hod_07h,hod_08h,hod_09h,hod_10h,hod_11h,hod_12h,hod_13h,hod_14h,hod_15h,hod_16h,hod_17h,hod_18h,hod_19h,hod_20h,hod_21h,hod_22h,hod_23h,dow_mon,dow_tue,dow_wed,dow_thu,dow_fri,dow_sat,dow_sun
E06000050,E02003809,7477.17857143,40478.0,13147.25,37.4642857143,30.0714285714,22.9285714286,21.5714285714,24.8214285714,40.9642857143,108.857142857,308.214285714,468.071428571,431.5,456.25,505.035714286,557.892857143,550.071428571,538.392857143,542.0,579.892857143,614.0,469.321428571,364.071428571,286.714285714,222.428571429,177.5,119.142857143,7491.75,7891.25,10075.0,7601.0,7419.0,6206.75,5655.5
