zone_id,area_id,total,daytype_inweek,daytype_weekend,hod_00h,hod_01h,hod_02h,hod_03h,hod_04h,hod_05h,hod_06h,hod_07h,hod_08h,hod_09h,hod_10h,hod_11h,hod_12h,hod_13h,hod_14h,hod_15h,hod_16h,hod_17h,hod_18h,hod_19h,hod_20h,hod_21h,hod_22h,hod_23h,dow_mon,dow_tue,dow_wed,dow_thu,dow_fri,dow_sat,dow_sun
E06000002,E02002505,1780.5,9383.0,2940.75,10.8214285714,13.0,10.3571428571,9.5,8.46428571429,11.5,29.0714285714,53.9285714286,75.4642857143,88.5714285714,103.892857143,122.5,128.5,140.785714286,133.428571429,129.714285714,134.892857143,123.964285714,114.607142857,111.392857143,84.0357142857,68.1428571429,43.2857142857,30.6785714286,1631.25,1865.0,2232.0,1740.0,1914.75,1771.0,1309.5
