zone_id,area_id,total,daytype_inweek,daytype_weekend,hod_00h,hod_01h,hod_02h,hod_03h,hod_04h,hod_05h,hod_06h,hod_07h,hod_08h,hod_09h,hod_10h,hod_11h,hod_12h,hod_13h,hod_14h,hod_15h,hod_16h,hod_17h,hod_18h,hod_19h,hod_20h,hod_21h,hod_22h,hod_23h,dow_mon,dow_tue,dow_wed,dow_thu,dow_fri,dow_sat,dow_sun
E07000108,E02005047,2760.53571429,14305.5,4998.75,13.3928571429,10.4642857143,11.6428571429,8.75,11.5,20.0357142857,48.2857142857,100.357142857,158.178571429,162.607142857,187.25,197.714285714,210.535714286,200.5,202.392857143,200.535714286,203.321428571,197.678571429,175.571428571,140.678571429,115.821428571,82.75,61.6428571429,38.9285714286,2673.75,2787.5,3429.75,2657.0,2757.5,2693.25,2325.0
