zone_id,area_id,total,daytype_inweek,daytype_weekend,hod_00h,hod_01h,hod_02h,hod_03h,hod_04h,hod_05h,hod_06h,hod_07h,hod_08h,hod_09h,hod_10h,hod_11h,hod_12h,hod_13h,hod_14h,hod_15h,hod_16h,hod_17h,hod_18h,hod_19h,hod_20h,hod_21h,hod_22h,hod_23h,dow_mon,dow_tue,dow_wed,dow_thu,dow_fri,dow_sat,dow_sun
E07000112,E02006880,4152.85714286,21763.25,7252.0,17.3571428571,17.7857142857,12.3928571429,11.8928571429,11.5714285714,22.0714285714,52.1071428571,115.035714286,203.357142857,225.142857143,279.821428571,302.178571429,331.035714286,323.178571429,322.571428571,326.464285714,303.464285714,315.0,261.928571429,226.0,184.964285714,139.035714286,94.3214285714,54.1785714286,4077.75,4384.25,5339.0,3988.75,3973.5,4132.5,3174.25
