zone_id,area_id,total,daytype_inweek,daytype_weekend,hod_00h,hod_01h,hod_02h,hod_03h,hod_04h,hod_05h,hod_06h,hod_07h,hod_08h,hod_09h,hod_10h,hod_11h,hod_12h,hod_13h,hod_14h,hod_15h,hod_16h,hod_17h,hod_18h,hod_19h,hod_20h,hod_21h,hod_22h,hod_23h,dow_mon,dow_tue,dow_wed,dow_thu,dow_fri,dow_sat,dow_sun
E08000012,E02001377,12346.1785714,66440.5,20290.0,99.1071428571,115.892857143,93.8571428571,75.8928571429,67.6428571429,87.3214285714,204.071428571,464.928571429,624.321428571,628.285714286,645.214285714,726.571428571,824.25,883.892857143,892.535714286,902.785714286,961.535714286,952.357142857,767.964285714,662.535714286,571.035714286,463.107142857,353.714285714,277.357142857,11611.25,12892.5,16255.5,12550.0,13131.25,11304.0,8678.75
