zone_id,area_id,total,daytype_inweek,daytype_weekend,hod_00h,hod_01h,hod_02h,hod_03h,hod_04h,hod_05h,hod_06h,hod_07h,hod_08h,hod_09h,hod_10h,hod_11h,hod_12h,hod_13h,hod_14h,hod_15h,hod_16h,hod_17h,hod_18h,hod_19h,hod_20h,hod_21h,hod_22h,hod_23h,dow_mon,dow_tue,dow_wed,dow_thu,dow_fri,dow_sat,dow_sun
E07000164,E02005752,1349.57142857,7148.75,2277.0,6.39285714286,5.17857142857,3.92857142857,3.53571428571,3.57142857143,12.5714285714,24.0357142857,61.7857142857,77.9642857143,83.4642857143,82.4642857143,87.2857142857,91.4642857143,98.3928571429,94.9642857143,90.8928571429,103.107142857,101.0,83.5,67.6428571429,52.5714285714,53.1428571429,37.8928571429,22.8214285714,1272.25,1350.75,1789.75,1412.25,1323.75,1293.5,1004.75
