zone_id,area_id,total,daytype_inweek,daytype_weekend,hod_00h,hod_01h,hod_02h,hod_03h,hod_04h,hod_05h,hod_06h,hod_07h,hod_08h,hod_09h,hod_10h,hod_11h,hod_12h,hod_13h,hod_14h,hod_15h,hod_16h,hod_17h,hod_18h,hod_19h,hod_20h,hod_21h,hod_22h,hod_23h,dow_mon,dow_tue,dow_wed,dow_thu,dow_fri,dow_sat,dow_sun
E08000012,E02001404,9774.82142857,53243.25,16514.5,49.0357142857,50.6785714286,36.0357142857,47.25,66.6428571429,182.5,272.0,426.571428571,523.714285714,474.785714286,520.714285714,599.0,671.357142857,716.071428571,766.142857143,704.214285714,755.678571429,779.321428571,603.714285714,499.214285714,363.214285714,276.821428571,245.571428571,144.571428571,9450.5,10435.5,13030.75,9852.75,10473.75,8116.5,7064.0
