zone_id,area_id,total,daytype_inweek,daytype_weekend,hod_00h,hod_01h,hod_02h,hod_03h,hod_04h,hod_05h,hod_06h,hod_07h,hod_08h,hod_09h,hod_10h,hod_11h,hod_12h,hod_13h,hod_14h,hod_15h,hod_16h,hod_17h,hod_18h,hod_19h,hod_20h,hod_21h,hod_22h,hod_23h,dow_mon,dow_tue,dow_wed,dow_thu,dow_fri,dow_sat,dow_sun
E09000013,E02000392,1955.96428571,10549.5,3308.25,18.2142857143,20.6071428571,14.0714285714,8.39285714286,6.57142857143,10.4642857143,22.3571428571,41.3928571429,83.5714285714,96.7142857143,108.857142857,117.892857143,127.428571429,130.428571429,132.0,123.214285714,124.214285714,132.642857143,144.071428571,150.571428571,113.178571429,94.4642857143,82.0357142857,52.6071428571,1912.75,2115.25,2630.75,1960.5,1930.25,1746.75,1395.5
