zone_id,area_id,total,daytype_inweek,daytype_weekend,hod_00h,hod_01h,hod_02h,hod_03h,hod_04h,hod_05h,hod_06h,hod_07h,hod_08h,hod_09h,hod_10h,hod_11h,hod_12h,hod_13h,hod_14h,hod_15h,hod_16h,hod_17h,hod_18h,hod_19h,hod_20h,hod_21h,hod_22h,hod_23h,dow_mon,dow_tue,dow_wed,dow_thu,dow_fri,dow_sat,dow_sun
E07000096,E02004857,1574.35714286,8403.75,2753.25,6.67857142857,5.21428571429,3.82142857143,2.92857142857,3.5,8.82142857143,20.7857142857,59.75,98.1785714286,95.6785714286,99.8571428571,114.821428571,117.714285714,119.678571429,112.857142857,110.857142857,116.642857143,122.857142857,98.0714285714,81.8214285714,63.25,48.9642857143,38.7142857143,22.8928571429,1545.0,1680.75,2087.75,1579.75,1510.5,1408.5,1208.25
