zone_id,area_id,total,daytype_inweek,daytype_weekend,hod_00h,hod_01h,hod_02h,hod_03h,hod_04h,hod_05h,hod_06h,hod_07h,hod_08h,hod_09h,hod_10h,hod_11h,hod_12h,hod_13h,hod_14h,hod_15h,hod_16h,hod_17h,hod_18h,hod_19h,hod_20h,hod_21h,hod_22h,hod_23h,dow_mon,dow_tue,dow_wed,dow_thu,dow_fri,dow_sat,dow_sun
E09000026,E02000781,3043.64285714,15763.75,5526.75,38.1071428571,31.8928571429,21.8214285714,14.8928571429,13.6785714286,19.4642857143,40.0,63.7142857143,109.892857143,141.535714286,170.428571429,182.142857143,193.035714286,192.107142857,195.535714286,189.642857143,188.571428571,208.75,217.25,219.821428571,192.392857143,172.464285714,139.464285714,87.0357142857,2984.0,3118.75,3813.75,2866.0,2981.25,2999.0,2542.75
