zone_id,area_id,total,daytype_inweek,daytype_weekend,hod_00h,hod_01h,hod_02h,hod_03h,hod_04h,hod_05h,hod_06h,hod_07h,hod_08h,hod_09h,hod_10h,hod_11h,hod_12h,hod_13h,hod_14h,hod_15h,hod_16h,hod_17h,hod_18h,hod_19h,hod_20h,hod_21h,hod_22h,hod_23h,dow_mon,dow_tue,dow_wed,dow_thu,dow_fri,dow_sat,dow_sun
E07000007,E02003704,2019.60714286,10694.25,3456.5,11.9285714286,9.03571428571,6.60714285714,4.92857142857,4.64285714286,8.14285714286,29.75,74.5357142857,109.928571429,116.071428571,123.535714286,135.107142857,139.892857143,138.571428571,132.321428571,139.321428571,147.178571429,154.142857143,147.321428571,128.464285714,98.25,73.6428571429,55.0714285714,31.2142857143,1916.25,2089.0,2638.0,2033.25,2017.75,1902.75,1540.25
