zone_id,area_id,total,daytype_inweek,daytype_weekend,hod_00h,hod_01h,hod_02h,hod_03h,hod_04h,hod_05h,hod_06h,hod_07h,hod_08h,hod_09h,hod_10h,hod_11h,hod_12h,hod_13h,hod_14h,hod_15h,hod_16h,hod_17h,hod_18h,hod_19h,hod_20h,hod_21h,hod_22h,hod_23h,dow_mon,dow_tue,dow_wed,dow_thu,dow_fri,dow_sat,dow_sun
E09000008,E02000214,2012.78571429,10685.5,3381.75,15.2142857143,15.0,8.53571428571,7.85714285714,7.14285714286,11.9642857143,27.8928571429,60.25,93.6428571429,113.571428571,125.071428571,133.107142857,138.857142857,138.75,130.785714286,131.535714286,136.964285714,152.678571429,138.321428571,128.964285714,108.428571429,90.3928571429,62.0714285714,35.7857142857,1895.0,2053.0,2649.25,2062.0,2026.25,1917.25,1486.75
