zone_id,area_id,total,daytype_inweek,daytype_weekend,hod_00h,hod_01h,hod_02h,hod_03h,hod_04h,hod_05h,hod_06h,hod_07h,hod_08h,hod_09h,hod_10h,hod_11h,hod_12h,hod_13h,hod_14h,hod_15h,hod_16h,hod_17h,hod_18h,hod_19h,hod_20h,hod_21h,hod_22h,hod_23h,dow_mon,dow_tue,dow_wed,dow_thu,dow_fri,dow_sat,dow_sun
E08000035,E02002377,4742.07142857,25344.0,8614.25,51.2857142857,50.4642857143,30.8928571429,23.6428571429,17.2857142857,35.5714285714,76.4642857143,172.071428571,230.178571429,205.0,230.642857143,264.142857143,291.428571429,310.785714286,329.035714286,332.214285714,362.892857143,360.25,334.5,287.821428571,259.321428571,210.607142857,160.142857143,115.428571429,4899.0,4888.25,6153.0,4641.0,4762.75,4135.25,3715.25
