zone_id,area_id,total,daytype_inweek,daytype_weekend,hod_00h,hod_01h,hod_02h,hod_03h,hod_04h,hod_05h,hod_06h,hod_07h,hod_08h,hod_09h,hod_10h,hod_11h,hod_12h,hod_13h,hod_14h,hod_15h,hod_16h,hod_17h,hod_18h,hod_19h,hod_20h,hod_21h,hod_22h,hod_23h,dow_mon,dow_tue,dow_wed,dow_thu,dow_fri,dow_sat,dow_sun
E07000004,E02003669,2485.82142857,13321.5,4163.0,13.9285714286,12.6071428571,11.3928571429,8.42857142857,9.35714285714,19.1785714286,46.6428571429,99.6785714286,134.821428571,123.214285714,140.464285714,140.071428571,152.464285714,155.75,168.321428571,169.392857143,179.571428571,192.464285714,186.25,158.75,134.535714286,109.25,76.0714285714,43.2142857143,2340.75,2671.75,3294.5,2544.25,2470.25,2257.0,1822.25
