zone_id,area_id,total,daytype_inweek,daytype_weekend,hod_00h,hod_01h,hod_02h,hod_03h,hod_04h,hod_05h,hod_06h,hod_07h,hod_08h,hod_09h,hod_10h,hod_11h,hod_12h,hod_13h,hod_14h,hod_15h,hod_16h,hod_17h,hod_18h,hod_19h,hod_20h,hod_21h,hod_22h,hod_23h,dow_mon,dow_tue,dow_wed,dow_thu,dow_fri,dow_sat,dow_sun
S12000021,S02002134,781.75,4303.5,1340.25,4.46428571429,4.25,2.0,2.42857142857,5.14285714286,7.82142857143,18.9642857143,38.75,44.4285714286,38.4285714286,43.8928571429,46.3571428571,50.5357142857,49.8928571429,53.6428571429,56.5,61.2142857143,59.1428571429,48.2857142857,40.8214285714,35.4642857143,31.3214285714,22.7857142857,15.2142857143,815.25,882.25,1047.0,818.0,741.0,643.75,525.0
