zone_id,area_id,total,daytype_inweek,daytype_weekend,hod_00h,hod_01h,hod_02h,hod_03h,hod_04h,hod_05h,hod_06h,hod_07h,hod_08h,hod_09h,hod_10h,hod_11h,hod_12h,hod_13h,hod_14h,hod_15h,hod_16h,hod_17h,hod_18h,hod_19h,hod_20h,hod_21h,hod_22h,hod_23h,dow_mon,dow_tue,dow_wed,dow_thu,dow_fri,dow_sat,dow_sun
E07000202,E02006256,3407.14285714,17928.0,5769.5,14.7857142857,19.7142857143,13.8214285714,11.6428571429,14.6071428571,24.4642857143,49.0714285714,116.857142857,172.285714286,180.678571429,204.035714286,226.75,238.928571429,242.214285714,238.071428571,237.464285714,246.107142857,261.642857143,233.392857143,209.75,168.178571429,134.035714286,95.75,52.8928571429,3198.5,3586.25,4397.25,3260.5,3485.5,3351.0,2571.0
