zone_id,area_id,total,daytype_inweek,daytype_weekend,hod_00h,hod_01h,hod_02h,hod_03h,hod_04h,hod_05h,hod_06h,hod_07h,hod_08h,hod_09h,hod_10h,hod_11h,hod_12h,hod_13h,hod_14h,hod_15h,hod_16h,hod_17h,hod_18h,hod_19h,hod_20h,hod_21h,hod_22h,hod_23h,dow_mon,dow_tue,dow_wed,dow_thu,dow_fri,dow_sat,dow_sun
E09000013,E02000385,989.964285714,5362.25,1675.5,12.5,9.32142857143,6.14285714286,4.53571428571,3.75,4.14285714286,10.3571428571,24.6071428571,44.3214285714,51.4285714286,51.6428571429,57.5714285714,70.6071428571,70.6785714286,63.6071428571,64.4285714286,61.25,67.3214285714,68.25,70.3214285714,57.0714285714,47.5,42.2857142857,26.3214285714,972.5,1084.5,1329.75,1019.0,956.5,864.5,703.0
