zone_id,area_id,total,daytype_inweek,daytype_weekend,hod_00h,hod_01h,hod_02h,hod_03h,hod_04h,hod_05h,hod_06h,hod_07h,hod_08h,hod_09h,hod_10h,hod_11h,hod_12h,hod_13h,hod_14h,hod_15h,hod_16h,hod_17h,hod_18h,hod_19h,hod_20h,hod_21h,hod_22h,hod_23h,dow_mon,dow_tue,dow_wed,dow_thu,dow_fri,dow_sat,dow_sun
E06000050,E02003849,7187.75,38743.25,12173.5,27.0714285714,28.2857142857,18.8928571429,23.8928571429,26.0,59.2857142857,149.892857143,314.5,379.75,365.535714286,422.5,481.321428571,524.571428571,527.571428571,519.428571429,518.285714286,574.785714286,579.607142857,480.0,367.25,324.035714286,211.214285714,169.178571429,94.8928571429,6919.25,7448.25,9534.0,7325.75,7516.0,6316.75,5254.25
