zone_id,area_id,total,daytype_inweek,daytype_weekend,hod_00h,hod_01h,hod_02h,hod_03h,hod_04h,hod_05h,hod_06h,hod_07h,hod_08h,hod_09h,hod_10h,hod_11h,hod_12h,hod_13h,hod_14h,hod_15h,hod_16h,hod_17h,hod_18h,hod_19h,hod_20h,hod_21h,hod_22h,hod_23h,dow_mon,dow_tue,dow_wed,dow_thu,dow_fri,dow_sat,dow_sun
E06000010,E02002661,3058.71428571,16217.5,5096.5,9.67857142857,15.1071428571,10.4285714286,10.8928571429,13.9285714286,37.1071428571,80.5357142857,136.071428571,145.25,153.357142857,179.428571429,208.75,223.642857143,224.892857143,230.071428571,222.75,239.857142857,229.142857143,199.464285714,166.678571429,129.071428571,95.1428571429,65.8571428571,31.6071428571,2780.75,3200.0,3935.0,3068.0,3233.75,2877.75,2315.75
