zone_id,area_id,total,daytype_inweek,daytype_weekend,hod_00h,hod_01h,hod_02h,hod_03h,hod_04h,hod_05h,hod_06h,hod_07h,hod_08h,hod_09h,hod_10h,hod_11h,hod_12h,hod_13h,hod_14h,hod_15h,hod_16h,hod_17h,hod_18h,hod_19h,hod_20h,hod_21h,hod_22h,hod_23h,dow_mon,dow_tue,dow_wed,dow_thu,dow_fri,dow_sat,dow_sun
E08000014,E02001444,3597.53571429,18868.75,6372.5,16.1071428571,15.3571428571,9.82142857143,7.25,6.42857142857,16.3928571429,40.75,102.928571429,179.464285714,197.285714286,230.214285714,243.464285714,271.464285714,269.857142857,272.892857143,272.857142857,281.464285714,280.785714286,242.928571429,207.25,159.464285714,119.785714286,93.9285714286,59.3928571429,3459.25,3668.75,4649.0,3510.25,3581.5,3400.75,2913.25
