zone_id,area_id,total,daytype_inweek,daytype_weekend,hod_00h,hod_01h,hod_02h,hod_03h,hod_04h,hod_05h,hod_06h,hod_07h,hod_08h,hod_09h,hod_10h,hod_11h,hod_12h,hod_13h,hod_14h,hod_15h,hod_16h,hod_17h,hod_18h,hod_19h,hod_20h,hod_21h,hod_22h,hod_23h,dow_mon,dow_tue,dow_wed,dow_thu,dow_fri,dow_sat,dow_sun
E08000010,E02001288,4281.71428571,22577.25,7340.25,20.1071428571,21.75,14.7142857143,11.6785714286,12.6071428571,28.3571428571,67.1785714286,164.107142857,212.5,224.642857143,253.357142857,276.392857143,293.571428571,298.321428571,309.142857143,303.535714286,320.25,330.0,298.071428571,263.571428571,205.535714286,157.0,119.464285714,75.8571428571,4014.5,4398.0,5582.75,4235.0,4347.0,4069.0,3325.75
