zone_id,area_id,total,daytype_inweek,daytype_weekend,hod_00h,hod_01h,hod_02h,hod_03h,hod_04h,hod_05h,hod_06h,hod_07h,hod_08h,hod_09h,hod_10h,hod_11h,hod_12h,hod_13h,hod_14h,hod_15h,hod_16h,hod_17h,hod_18h,hod_19h,hod_20h,hod_21h,hod_22h,hod_23h,dow_mon,dow_tue,dow_wed,dow_thu,dow_fri,dow_sat,dow_sun
E07000047,E02004230,2369.28571429,12744.0,4014.0,9.89285714286,7.85714285714,5.96428571429,5.85714285714,8.0,14.5,36.8571428571,84.2857142857,134.107142857,147.321428571,167.25,159.107142857,161.035714286,160.821428571,164.714285714,165.428571429,169.392857143,175.892857143,158.142857143,128.25,108.571428571,88.8571428571,64.75,42.4285714286,2298.75,2473.0,2964.5,2594.75,2413.0,2125.75,1715.25
