zone_id,area_id,total,daytype_inweek,daytype_weekend,hod_00h,hod_01h,hod_02h,hod_03h,hod_04h,hod_05h,hod_06h,hod_07h,hod_08h,hod_09h,hod_10h,hod_11h,hod_12h,hod_13h,hod_14h,hod_15h,hod_16h,hod_17h,hod_18h,hod_19h,hod_20h,hod_21h,hod_22h,hod_23h,dow_mon,dow_tue,dow_wed,dow_thu,dow_fri,dow_sat,dow_sun
E07000093,E02004815,2345.75,12594.0,3990.0,10.1785714286,9.82142857143,10.25,10.3928571429,10.1071428571,22.5357142857,53.6071428571,89.5,120.535714286,124.357142857,140.107142857,153.5,158.392857143,163.107142857,162.607142857,156.071428571,174.035714286,182.357142857,157.535714286,134.071428571,105.714285714,90.3571428571,67.9285714286,38.6785714286,2280.5,2451.5,3073.0,2360.25,2428.75,2116.75,1709.5
