zone_id,area_id,total,daytype_inweek,daytype_weekend,hod_00h,hod_01h,hod_02h,hod_03h,hod_04h,hod_05h,hod_06h,hod_07h,hod_08h,hod_09h,hod_10h,hod_11h,hod_12h,hod_13h,hod_14h,hod_15h,hod_16h,hod_17h,hod_18h,hod_19h,hod_20h,hod_21h,hod_22h,hod_23h,dow_mon,dow_tue,dow_wed,dow_thu,dow_fri,dow_sat,dow_sun
S12000046,S02001966,1023.14285714,5508.75,1806.5,5.67857142857,6.78571428571,4.57142857143,4.5,3.64285714286,6.07142857143,17.25,42.5,76.4285714286,54.75,47.1071428571,52.9285714286,58.1428571429,63.6785714286,65.8214285714,81.8571428571,81.3928571429,84.1071428571,72.4642857143,58.9285714286,49.25,40.3571428571,28.6071428571,16.3214285714,1050.5,1076.75,1322.5,1001.25,1057.75,897.25,756.0
