zone_id,area_id,total,daytype_inweek,daytype_weekend,hod_00h,hod_01h,hod_02h,hod_03h,hod_04h,hod_05h,hod_06h,hod_07h,hod_08h,hod_09h,hod_10h,hod_11h,hod_12h,hod_13h,hod_14h,hod_15h,hod_16h,hod_17h,hod_18h,hod_19h,hod_20h,hod_21h,hod_22h,hod_23h,dow_mon,dow_tue,dow_wed,dow_thu,dow_fri,dow_sat,dow_sun
S12000028,S02002351,1055.21428571,5653.25,1897.75,6.0,5.96428571429,4.10714285714,5.0,4.14285714286,7.17857142857,13.8214285714,38.5,63.9285714286,53.8928571429,58.0,64.1428571429,69.3571428571,73.8928571429,78.1785714286,78.8214285714,82.1071428571,84.3928571429,68.6428571429,58.5714285714,50.5357142857,37.3571428571,30.3214285714,18.3571428571,1096.0,1132.25,1372.25,1051.25,1001.5,931.5,801.75
