zone_id,area_id,total,daytype_inweek,daytype_weekend,hod_00h,hod_01h,hod_02h,hod_03h,hod_04h,hod_05h,hod_06h,hod_07h,hod_08h,hod_09h,hod_10h,hod_11h,hod_12h,hod_13h,hod_14h,hod_15h,hod_16h,hod_17h,hod_18h,hod_19h,hod_20h,hod_21h,hod_22h,hod_23h,dow_mon,dow_tue,dow_wed,dow_thu,dow_fri,dow_sat,dow_sun
S12000044,S02002195,1837.35714286,9853.75,3281.75,11.2142857143,10.0714285714,6.82142857143,6.25,6.17857142857,14.0714285714,35.9642857143,67.9285714286,103.607142857,93.9642857143,96.7142857143,105.607142857,114.964285714,116.285714286,118.035714286,134.178571429,140.785714286,136.214285714,129.571428571,118.821428571,93.3928571429,81.5714285714,59.1428571429,36.0,1879.75,1963.0,2418.25,1836.5,1756.25,1605.75,1402.0
