zone_id,area_id,total,daytype_inweek,daytype_weekend,hod_00h,hod_01h,hod_02h,hod_03h,hod_04h,hod_05h,hod_06h,hod_07h,hod_08h,hod_09h,hod_10h,hod_11h,hod_12h,hod_13h,hod_14h,hod_15h,hod_16h,hod_17h,hod_18h,hod_19h,hod_20h,hod_21h,hod_22h,hod_23h,dow_mon,dow_tue,dow_wed,dow_thu,dow_fri,dow_sat,dow_sun
E06000052,E02003900,2298.25,12170.75,3982.5,10.6785714286,8.53571428571,6.42857142857,5.57142857143,7.10714285714,13.1428571429,39.9285714286,76.0714285714,101.785714286,140.75,171.464285714,183.285714286,176.857142857,167.142857143,159.285714286,160.392857143,173.107142857,168.464285714,139.607142857,117.214285714,96.5714285714,81.3571428571,60.0357142857,33.4642857143,2233.5,2479.25,2906.25,2313.75,2238.0,2168.0,1749.0
