zone_id,area_id,total,daytype_inweek,daytype_weekend,hod_00h,hod_01h,hod_02h,hod_03h,hod_04h,hod_05h,hod_06h,hod_07h,hod_08h,hod_09h,hod_10h,hod_11h,hod_12h,hod_13h,hod_14h,hod_15h,hod_16h,hod_17h,hod_18h,hod_19h,hod_20h,hod_21h,hod_22h,hod_23h,dow_mon,dow_tue,dow_wed,dow_thu,dow_fri,dow_sat,dow_sun
E08000017,E02001563,3820.35714286,20169.75,6588.75,19.0714285714,19.6785714286,16.5,14.6071428571,17.6071428571,43.0357142857,72.25,144.714285714,195.5,216.214285714,239.642857143,269.321428571,280.535714286,277.25,280.392857143,278.5,276.535714286,283.142857143,233.464285714,202.571428571,168.142857143,132.821428571,89.6785714286,49.1785714286,3625.75,3921.5,4898.0,3787.0,3937.5,3609.75,2963.0
