zone_id,area_id,total,daytype_inweek,daytype_weekend,hod_00h,hod_01h,hod_02h,hod_03h,hod_04h,hod_05h,hod_06h,hod_07h,hod_08h,hod_09h,hod_10h,hod_11h,hod_12h,hod_13h,hod_14h,hod_15h,hod_16h,hod_17h,hod_18h,hod_19h,hod_20h,hod_21h,hod_22h,hod_23h,dow_mon,dow_tue,dow_wed,dow_thu,dow_fri,dow_sat,dow_sun
E08000024,E02001805,2556.96428571,13511.25,4402.0,12.4642857143,14.8928571429,13.25,10.25,9.35714285714,22.9285714286,44.0,89.1071428571,126.107142857,129.214285714,151.321428571,175.035714286,188.642857143,183.321428571,193.428571429,186.285714286,193.0,190.571428571,168.214285714,144.714285714,121.392857143,85.3928571429,63.6428571429,40.4285714286,2390.25,2605.0,3388.5,2511.0,2616.5,2375.75,2011.75
