zone_id,area_id,total,daytype_inweek,daytype_weekend,hod_00h,hod_01h,hod_02h,hod_03h,hod_04h,hod_05h,hod_06h,hod_07h,hod_08h,hod_09h,hod_10h,hod_11h,hod_12h,hod_13h,hod_14h,hod_15h,hod_16h,hod_17h,hod_18h,hod_19h,hod_20h,hod_21h,hod_22h,hod_23h,dow_mon,dow_tue,dow_wed,dow_thu,dow_fri,dow_sat,dow_sun
W06000022,W02000356,2269.60714286,12017.75,3888.0,13.0714285714,12.5,10.0357142857,8.57142857143,10.4285714286,24.1428571429,37.6071428571,67.8214285714,100.964285714,118.75,134.821428571,150.607142857,154.214285714,160.214285714,168.571428571,161.964285714,162.142857143,170.678571429,159.392857143,133.178571429,109.928571429,85.8928571429,71.0714285714,43.0357142857,2209.25,2375.75,2884.75,2214.5,2333.5,2190.75,1678.75
