zone_id,area_id,total,daytype_inweek,daytype_weekend,hod_00h,hod_01h,hod_02h,hod_03h,hod_04h,hod_05h,hod_06h,hod_07h,hod_08h,hod_09h,hod_10h,hod_11h,hod_12h,hod_13h,hod_14h,hod_15h,hod_16h,hod_17h,hod_18h,hod_19h,hod_20h,hod_21h,hod_22h,hod_23h,dow_mon,dow_tue,dow_wed,dow_thu,dow_fri,dow_sat,dow_sun
E07000219,E02006488,1125.21428571,6015.5,1953.75,5.96428571429,5.28571428571,2.89285714286,2.96428571429,3.57142857143,8.35714285714,17.6428571429,33.6071428571,53.8214285714,65.2857142857,68.9642857143,74.6785714286,80.7142857143,78.0357142857,75.1428571429,78.4642857143,78.7857142857,85.5714285714,79.0714285714,67.75,62.1428571429,44.2142857143,34.7142857143,17.5714285714,1087.0,1179.5,1507.5,1117.25,1124.25,994.25,866.75
