zone_id,area_id,total,daytype_inweek,daytype_weekend,hod_00h,hod_01h,hod_02h,hod_03h,hod_04h,hod_05h,hod_06h,hod_07h,hod_08h,hod_09h,hod_10h,hod_11h,hod_12h,hod_13h,hod_14h,hod_15h,hod_16h,hod_17h,hod_18h,hod_19h,hod_20h,hod_21h,hod_22h,hod_23h,dow_mon,dow_tue,dow_wed,dow_thu,dow_fri,dow_sat,dow_sun
E09000030,E02000864,2263.53571429,11213.0,4532.5,23.3928571429,22.5,14.6071428571,11.7142857143,9.78571428571,13.0714285714,20.2142857143,41.4642857143,85.0357142857,97.5,105.5,126.5,161.214285714,163.321428571,159.321428571,163.428571429,149.607142857,153.25,166.607142857,177.821428571,145.285714286,110.0,86.7857142857,55.6071428571,1882.0,1958.0,2548.75,2948.25,1876.0,1981.25,2650.5
