zone_id,area_id,total,daytype_inweek,daytype_weekend,hod_00h,hod_01h,hod_02h,hod_03h,hod_04h,hod_05h,hod_06h,hod_07h,hod_08h,hod_09h,hod_10h,hod_11h,hod_12h,hod_13h,hod_14h,hod_15h,hod_16h,hod_17h,hod_18h,hod_19h,hod_20h,hod_21h,hod_22h,hod_23h,dow_mon,dow_tue,dow_wed,dow_thu,dow_fri,dow_sat,dow_sun
E07000111,E02005090,959.035714286,5072.75,1656.0,7.17857142857,4.35714285714,3.03571428571,2.03571428571,3.82142857143,7.25,16.3571428571,33.9285714286,48.5,56.7142857143,62.6428571429,63.5,65.25,59.4285714286,59.3928571429,61.2857142857,62.5,68.6071428571,65.6071428571,60.4285714286,49.0357142857,42.6428571429,32.6071428571,22.9285714286,887.75,1021.0,1244.75,966.75,952.5,872.25,768.25
