zone_id,area_id,total,daytype_inweek,daytype_weekend,hod_00h,hod_01h,hod_02h,hod_03h,hod_04h,hod_05h,hod_06h,hod_07h,hod_08h,hod_09h,hod_10h,hod_11h,hod_12h,hod_13h,hod_14h,hod_15h,hod_16h,hod_17h,hod_18h,hod_19h,hod_20h,hod_21h,hod_22h,hod_23h,dow_mon,dow_tue,dow_wed,dow_thu,dow_fri,dow_sat,dow_sun
E07000208,E02006339,2019.96428571,10689.5,3528.75,11.0,9.53571428571,7.57142857143,5.39285714286,6.67857142857,10.3928571429,24.3214285714,61.8571428571,99.8214285714,117.678571429,126.928571429,139.357142857,144.535714286,137.857142857,137.392857143,136.964285714,142.428571429,151.035714286,143.928571429,126.928571429,105.178571429,79.6071428571,57.8571428571,35.7142857143,1955.0,2094.0,2616.0,2029.5,1995.0,1876.5,1573.75
