zone_id,area_id,total,daytype_inweek,daytype_weekend,hod_00h,hod_01h,hod_02h,hod_03h,hod_04h,hod_05h,hod_06h,hod_07h,hod_08h,hod_09h,hod_10h,hod_11h,hod_12h,hod_13h,hod_14h,hod_15h,hod_16h,hod_17h,hod_18h,hod_19h,hod_20h,hod_21h,hod_22h,hod_23h,dow_mon,dow_tue,dow_wed,dow_thu,dow_fri,dow_sat,dow_sun
E07000006,E02003695,2085.71428571,11236.0,3606.0,15.1428571429,12.4642857143,13.25,7.5,10.5357142857,20.2857142857,37.7857142857,74.6785714286,109.928571429,136.357142857,134.75,130.678571429,143.678571429,139.035714286,123.142857143,124.535714286,126.285714286,144.357142857,140.964285714,128.5,110.5,87.0,71.5,42.8571428571,2016.75,2289.5,2730.75,2021.75,2177.25,1774.75,1589.25
