zone_id,area_id,total,daytype_inweek,daytype_weekend,hod_00h,hod_01h,hod_02h,hod_03h,hod_04h,hod_05h,hod_06h,hod_07h,hod_08h,hod_09h,hod_10h,hod_11h,hod_12h,hod_13h,hod_14h,hod_15h,hod_16h,hod_17h,hod_18h,hod_19h,hod_20h,hod_21h,hod_22h,hod_23h,dow_mon,dow_tue,dow_wed,dow_thu,dow_fri,dow_sat,dow_sun
E07000146,E02005558,2234.42857143,12013.25,3791.5,7.92857142857,11.6071428571,10.3928571429,10.5714285714,12.1428571429,34.1428571429,55.3571428571,95.6785714286,110.642857143,116.892857143,132.571428571,138.571428571,146.678571429,145.392857143,144.392857143,154.535714286,165.107142857,176.678571429,152.428571429,124.285714286,108.25,87.5,62.4285714286,30.25,2155.0,2416.25,2955.25,2227.25,2259.5,1991.25,1636.5
