zone_id,area_id,total,daytype_inweek,daytype_weekend,hod_00h,hod_01h,hod_02h,hod_03h,hod_04h,hod_05h,hod_06h,hod_07h,hod_08h,hod_09h,hod_10h,hod_11h,hod_12h,hod_13h,hod_14h,hod_15h,hod_16h,hod_17h,hod_18h,hod_19h,hod_20h,hod_21h,hod_22h,hod_23h,dow_mon,dow_tue,dow_wed,dow_thu,dow_fri,dow_sat,dow_sun
E07000071,E02004508,2585.78571429,13948.0,4356.75,10.2142857143,8.25,7.07142857143,7.32142857143,7.67857142857,17.2142857143,49.5357142857,108.035714286,153.928571429,159.607142857,180.678571429,181.035714286,183.285714286,175.035714286,183.142857143,175.821428571,185.321428571,194.678571429,165.285714286,137.25,106.821428571,91.5714285714,62.8571428571,34.1428571429,2503.5,2649.0,3574.0,2746.0,2475.5,2299.25,1853.25
