zone_id,area_id,total,daytype_inweek,daytype_weekend,hod_00h,hod_01h,hod_02h,hod_03h,hod_04h,hod_05h,hod_06h,hod_07h,hod_08h,hod_09h,hod_10h,hod_11h,hod_12h,hod_13h,hod_14h,hod_15h,hod_16h,hod_17h,hod_18h,hod_19h,hod_20h,hod_21h,hod_22h,hod_23h,dow_mon,dow_tue,dow_wed,dow_thu,dow_fri,dow_sat,dow_sun
E06000023,E02003056,3416.32142857,18288.5,5710.25,17.4285714286,20.8214285714,16.9285714286,13.25,14.7142857143,32.1785714286,80.0,144.0,191.321428571,180.0,194.357142857,207.678571429,222.857142857,220.392857143,221.964285714,219.714285714,241.285714286,266.821428571,239.0,203.321428571,168.428571429,133.25,105.535714286,61.0714285714,3249.25,3604.25,4434.5,3555.5,3445.0,3164.75,2461.0
