zone_id,area_id,total,daytype_inweek,daytype_weekend,hod_00h,hod_01h,hod_02h,hod_03h,hod_04h,hod_05h,hod_06h,hod_07h,hod_08h,hod_09h,hod_10h,hod_11h,hod_12h,hod_13h,hod_14h,hod_15h,hod_16h,hod_17h,hod_18h,hod_19h,hod_20h,hod_21h,hod_22h,hod_23h,dow_mon,dow_tue,dow_wed,dow_thu,dow_fri,dow_sat,dow_sun
S12000044,S02002143,1301.92857143,7125.25,2288.5,10.4642857143,8.78571428571,6.53571428571,5.53571428571,3.82142857143,9.28571428571,25.6785714286,47.1428571429,74.4642857143,58.3928571429,62.8214285714,70.9642857143,76.1785714286,80.6428571429,83.2857142857,96.7142857143,96.4642857143,98.5,92.4642857143,82.4642857143,70.0714285714,63.9642857143,48.1785714286,29.1071428571,1387.0,1415.75,1749.75,1303.5,1269.25,1086.75,901.5
