zone_id,area_id,total,daytype_inweek,daytype_weekend,hod_00h,hod_01h,hod_02h,hod_03h,hod_04h,hod_05h,hod_06h,hod_07h,hod_08h,hod_09h,hod_10h,hod_11h,hod_12h,hod_13h,hod_14h,hod_15h,hod_16h,hod_17h,hod_18h,hod_19h,hod_20h,hod_21h,hod_22h,hod_23h,dow_mon,dow_tue,dow_wed,dow_thu,dow_fri,dow_sat,dow_sun
E07000038,E02004109,821.214285714,4375.5,1497.0,3.17857142857,2.71428571429,2.92857142857,2.35714285714,2.89285714286,4.21428571429,11.6785714286,27.5357142857,43.8571428571,48.0357142857,52.0714285714,57.75,59.5714285714,57.0,57.1428571429,56.3928571429,60.6071428571,63.0357142857,59.25,46.0714285714,36.9285714286,30.9285714286,23.3571428571,11.7142857143,846.0,869.25,1094.0,786.75,779.5,722.0,651.0
