zone_id,area_id,total,daytype_inweek,daytype_weekend,hod_00h,hod_01h,hod_02h,hod_03h,hod_04h,hod_05h,hod_06h,hod_07h,hod_08h,hod_09h,hod_10h,hod_11h,hod_12h,hod_13h,hod_14h,hod_15h,hod_16h,hod_17h,hod_18h,hod_19h,hod_20h,hod_21h,hod_22h,hod_23h,dow_mon,dow_tue,dow_wed,dow_thu,dow_fri,dow_sat,dow_sun
E07000069,E02004474,1375.32142857,7286.75,2390.75,6.60714285714,6.67857142857,5.67857142857,3.64285714286,5.03571428571,7.60714285714,21.1785714286,43.7857142857,67.8571428571,77.1428571429,86.3571428571,94.4285714286,101.714285714,94.8571428571,95.0714285714,96.9642857143,97.8928571429,100.571428571,94.0714285714,81.75,68.1071428571,50.6071428571,42.5357142857,25.1785714286,1320.0,1456.5,1755.5,1350.0,1404.75,1269.75,1070.75
