zone_id,area_id,total,daytype_inweek,daytype_weekend,hod_00h,hod_01h,hod_02h,hod_03h,hod_04h,hod_05h,hod_06h,hod_07h,hod_08h,hod_09h,hod_10h,hod_11h,hod_12h,hod_13h,hod_14h,hod_15h,hod_16h,hod_17h,hod_18h,hod_19h,hod_20h,hod_21h,hod_22h,hod_23h,dow_mon,dow_tue,dow_wed,dow_thu,dow_fri,dow_sat,dow_sun
S12000019,S02002054,664.142857143,3577.25,1201.25,2.75,3.35714285714,2.10714285714,2.21428571429,2.39285714286,3.96428571429,10.1428571429,25.3928571429,33.7142857143,37.25,42.0714285714,42.9642857143,45.7857142857,46.6071428571,48.0357142857,48.1785714286,50.6785714286,51.1428571429,44.4642857143,38.1428571429,32.4642857143,28.0,15.25,7.07142857143,707.0,690.5,889.0,653.0,637.75,577.5,494.25
