zone_id,area_id,total,daytype_inweek,daytype_weekend,hod_00h,hod_01h,hod_02h,hod_03h,hod_04h,hod_05h,hod_06h,hod_07h,hod_08h,hod_09h,hod_10h,hod_11h,hod_12h,hod_13h,hod_14h,hod_15h,hod_16h,hod_17h,hod_18h,hod_19h,hod_20h,hod_21h,hod_22h,hod_23h,dow_mon,dow_tue,dow_wed,dow_thu,dow_fri,dow_sat,dow_sun
E07000146,E02005556,2811.60714286,15025.5,4771.5,9.0,8.5,8.21428571429,10.3928571429,9.78571428571,29.9642857143,57.3214285714,113.892857143,142.785714286,146.464285714,174.357142857,196.714285714,205.107142857,202.75,208.821428571,205.821428571,217.178571429,216.178571429,180.428571429,152.75,117.25,100.642857143,67.2857142857,30.0,2662.25,2914.5,3696.5,2942.0,2810.25,2546.5,2109.25
