zone_id,area_id,total,daytype_inweek,daytype_weekend,hod_00h,hod_01h,hod_02h,hod_03h,hod_04h,hod_05h,hod_06h,hod_07h,hod_08h,hod_09h,hod_10h,hod_11h,hod_12h,hod_13h,hod_14h,hod_15h,hod_16h,hod_17h,hod_18h,hod_19h,hod_20h,hod_21h,hod_22h,hod_23h,dow_mon,dow_tue,dow_wed,dow_thu,dow_fri,dow_sat,dow_sun
E06000003,E02002518,1751.57142857,9353.0,2948.0,6.71428571429,6.92857142857,4.75,4.60714285714,5.42857142857,12.5714285714,22.6428571429,55.2857142857,81.7857142857,97.75,113.785714286,126.571428571,135.464285714,132.571428571,136.892857143,140.892857143,141.5,131.035714286,114.214285714,96.1785714286,75.75,53.6785714286,35.9642857143,18.6071428571,1705.5,1890.5,2304.75,1706.25,1746.0,1665.5,1242.5
