zone_id,area_id,total,daytype_inweek,daytype_weekend,hod_00h,hod_01h,hod_02h,hod_03h,hod_04h,hod_05h,hod_06h,hod_07h,hod_08h,hod_09h,hod_10h,hod_11h,hod_12h,hod_13h,hod_14h,hod_15h,hod_16h,hod_17h,hod_18h,hod_19h,hod_20h,hod_21h,hod_22h,hod_23h,dow_mon,dow_tue,dow_wed,dow_thu,dow_fri,dow_sat,dow_sun
E09000016,E02000466,2333.0,12203.0,4098.0,16.9642857143,14.1785714286,8.14285714286,7.96428571429,8.67857142857,17.25,32.1071428571,71.25,107.071428571,136.035714286,157.464285714,165.25,169.642857143,169.571428571,165.392857143,162.392857143,153.785714286,167.142857143,154.178571429,139.678571429,117.857142857,90.5714285714,64.1071428571,36.3214285714,2221.25,2332.75,2942.5,2286.5,2420.0,2251.25,1876.75
