zone_id,area_id,total,daytype_inweek,daytype_weekend,hod_00h,hod_01h,hod_02h,hod_03h,hod_04h,hod_05h,hod_06h,hod_07h,hod_08h,hod_09h,hod_10h,hod_11h,hod_12h,hod_13h,hod_14h,hod_15h,hod_16h,hod_17h,hod_18h,hod_19h,hod_20h,hod_21h,hod_22h,hod_23h,dow_mon,dow_tue,dow_wed,dow_thu,dow_fri,dow_sat,dow_sun
E09000028,E02000831,2593.53571429,13645.25,4419.75,33.3928571429,29.4285714286,20.7857142857,14.1071428571,13.5357142857,17.3214285714,30.5,63.4642857143,115.428571429,133.107142857,138.892857143,150.392857143,158.142857143,164.857142857,160.642857143,163.607142857,164.785714286,182.464285714,181.892857143,170.785714286,161.5,133.857142857,109.678571429,80.9642857143,2402.25,2664.5,3501.0,2517.25,2560.25,2492.0,2017.5
