zone_id,area_id,total,daytype_inweek,daytype_weekend,hod_00h,hod_01h,hod_02h,hod_03h,hod_04h,hod_05h,hod_06h,hod_07h,hod_08h,hod_09h,hod_10h,hod_11h,hod_12h,hod_13h,hod_14h,hod_15h,hod_16h,hod_17h,hod_18h,hod_19h,hod_20h,hod_21h,hod_22h,hod_23h,dow_mon,dow_tue,dow_wed,dow_thu,dow_fri,dow_sat,dow_sun
E07000009,E02003739,1255.64285714,6876.25,2128.25,5.25,4.42857142857,4.14285714286,3.42857142857,5.46428571429,14.75,30.3571428571,62.0,70.75,69.25,75.6071428571,78.0357142857,81.5,77.7857142857,77.5357142857,81.0,90.5714285714,97.2142857143,86.6428571429,72.9285714286,57.9285714286,50.6428571429,39.6785714286,18.75,1263.5,1385.0,1676.25,1310.5,1241.0,1048.5,864.75
