zone_id,area_id,total,daytype_inweek,daytype_weekend,hod_00h,hod_01h,hod_02h,hod_03h,hod_04h,hod_05h,hod_06h,hod_07h,hod_08h,hod_09h,hod_10h,hod_11h,hod_12h,hod_13h,hod_14h,hod_15h,hod_16h,hod_17h,hod_18h,hod_19h,hod_20h,hod_21h,hod_22h,hod_23h,dow_mon,dow_tue,dow_wed,dow_thu,dow_fri,dow_sat,dow_sun
E08000025,E02001946,3652.25,19416.25,6089.25,27.5714285714,23.5357142857,15.75,12.9285714286,13.5357142857,28.0,72.0357142857,140.964285714,186.321428571,187.714285714,211.464285714,228.571428571,247.357142857,250.25,249.571428571,254.321428571,272.071428571,274.678571429,238.392857143,211.464285714,182.035714286,141.142857143,108.571428571,74.0,3399.5,3873.75,4759.25,3618.5,3765.25,3459.75,2689.75
