zone_id,area_id,total,daytype_inweek,daytype_weekend,hod_00h,hod_01h,hod_02h,hod_03h,hod_04h,hod_05h,hod_06h,hod_07h,hod_08h,hod_09h,hod_10h,hod_11h,hod_12h,hod_13h,hod_14h,hod_15h,hod_16h,hod_17h,hod_18h,hod_19h,hod_20h,hod_21h,hod_22h,hod_23h,dow_mon,dow_tue,dow_wed,dow_thu,dow_fri,dow_sat,dow_sun
E07000119,E02005210,2792.57142857,14988.25,4723.25,11.5714285714,15.0714285714,7.42857142857,5.39285714286,4.17857142857,8.21428571429,21.8214285714,65.3214285714,129.535714286,155.321428571,184.607142857,198.0,213.142857143,211.571428571,223.821428571,222.285714286,221.607142857,215.285714286,185.25,159.178571429,117.821428571,97.9285714286,75.1428571429,43.0714285714,2695.0,2976.25,3621.25,2885.25,2810.5,2531.5,2028.25
