zone_id,area_id,total,daytype_inweek,daytype_weekend,hod_00h,hod_01h,hod_02h,hod_03h,hod_04h,hod_05h,hod_06h,hod_07h,hod_08h,hod_09h,hod_10h,hod_11h,hod_12h,hod_13h,hod_14h,hod_15h,hod_16h,hod_17h,hod_18h,hod_19h,hod_20h,hod_21h,hod_22h,hod_23h,dow_mon,dow_tue,dow_wed,dow_thu,dow_fri,dow_sat,dow_sun
E07000141,E02005488,1759.28571429,9475.75,3049.5,6.10714285714,5.60714285714,4.17857142857,3.25,4.0,11.2857142857,27.5714285714,65.5357142857,104.964285714,101.25,112.178571429,121.857142857,126.714285714,125.714285714,121.178571429,123.25,127.25,137.357142857,111.714285714,95.0,80.0,70.0,47.5714285714,25.75,1688.25,1860.0,2369.25,1841.5,1716.75,1478.0,1361.25
