zone_id,area_id,total,daytype_inweek,daytype_weekend,hod_00h,hod_01h,hod_02h,hod_03h,hod_04h,hod_05h,hod_06h,hod_07h,hod_08h,hod_09h,hod_10h,hod_11h,hod_12h,hod_13h,hod_14h,hod_15h,hod_16h,hod_17h,hod_18h,hod_19h,hod_20h,hod_21h,hod_22h,hod_23h,dow_mon,dow_tue,dow_wed,dow_thu,dow_fri,dow_sat,dow_sun
E07000103,E02004971,2493.46428571,12979.0,4384.25,16.7857142857,16.9642857143,12.6428571429,9.60714285714,7.53571428571,14.9285714286,30.5357142857,80.75,138.642857143,133.071428571,141.678571429,153.5,166.035714286,168.928571429,162.857142857,164.928571429,174.285714286,191.714285714,181.714285714,161.678571429,138.642857143,107.428571429,74.7857142857,43.8214285714,2334.0,2445.0,3211.75,2416.0,2572.25,2425.0,2050.25
