zone_id,area_id,total,daytype_inweek,daytype_weekend,hod_00h,hod_01h,hod_02h,hod_03h,hod_04h,hod_05h,hod_06h,hod_07h,hod_08h,hod_09h,hod_10h,hod_11h,hod_12h,hod_13h,hod_14h,hod_15h,hod_16h,hod_17h,hod_18h,hod_19h,hod_20h,hod_21h,hod_22h,hod_23h,dow_mon,dow_tue,dow_wed,dow_thu,dow_fri,dow_sat,dow_sun
E07000046,E02004221,1154.32142857,6126.75,2164.5,5.35714285714,3.17857142857,1.85714285714,1.32142857143,4.32142857143,4.10714285714,12.5714285714,32.25,50.3928571429,55.7142857143,80.9642857143,87.25,83.5,82.4285714286,91.9285714286,86.5714285714,91.1428571429,90.2142857143,82.6071428571,67.25,49.3928571429,43.4285714286,29.25,17.3214285714,1239.75,1256.75,1442.0,1133.5,1054.75,1028.75,924.75
