zone_id,area_id,total,daytype_inweek,daytype_weekend,hod_00h,hod_01h,hod_02h,hod_03h,hod_04h,hod_05h,hod_06h,hod_07h,hod_08h,hod_09h,hod_10h,hod_11h,hod_12h,hod_13h,hod_14h,hod_15h,hod_16h,hod_17h,hod_18h,hod_19h,hod_20h,hod_21h,hod_22h,hod_23h,dow_mon,dow_tue,dow_wed,dow_thu,dow_fri,dow_sat,dow_sun
E08000021,E02001722,3120.46428571,16531.75,5315.0,15.0714285714,14.8928571429,11.1071428571,11.7142857143,12.2142857143,20.6428571429,60.2142857143,126.607142857,155.75,156.392857143,189.75,209.071428571,223.714285714,222.392857143,214.428571429,229.178571429,236.607142857,242.392857143,215.607142857,183.821428571,142.357142857,112.75,74.2142857143,39.5714285714,3004.0,3208.0,4014.0,3085.0,3220.75,3000.5,2311.0
