zone_id,area_id,total,daytype_inweek,daytype_weekend,hod_00h,hod_01h,hod_02h,hod_03h,hod_04h,hod_05h,hod_06h,hod_07h,hod_08h,hod_09h,hod_10h,hod_11h,hod_12h,hod_13h,hod_14h,hod_15h,hod_16h,hod_17h,hod_18h,hod_19h,hod_20h,hod_21h,hod_22h,hod_23h,dow_mon,dow_tue,dow_wed,dow_thu,dow_fri,dow_sat,dow_sun
E07000237,E02006736,3515.10714286,19156.75,5728.75,12.1785714286,15.75,11.6785714286,9.57142857143,16.8571428571,47.5357142857,83.2142857143,165.928571429,218.464285714,192.892857143,199.285714286,215.464285714,239.0,240.714285714,235.857142857,233.214285714,260.25,278.178571429,228.964285714,193.964285714,151.107142857,114.5,97.0357142857,53.5,3288.5,3769.5,4761.5,3580.25,3757.0,3008.75,2440.25
