zone_id,area_id,total,daytype_inweek,daytype_weekend,hod_00h,hod_01h,hod_02h,hod_03h,hod_04h,hod_05h,hod_06h,hod_07h,hod_08h,hod_09h,hod_10h,hod_11h,hod_12h,hod_13h,hod_14h,hod_15h,hod_16h,hod_17h,hod_18h,hod_19h,hod_20h,hod_21h,hod_22h,hod_23h,dow_mon,dow_tue,dow_wed,dow_thu,dow_fri,dow_sat,dow_sun
E07000087,E02004732,1854.28571429,9690.75,3310.75,8.03571428571,9.5,6.10714285714,4.46428571429,5.35714285714,10.5357142857,26.1071428571,71.4642857143,109.142857143,109.964285714,120.25,126.071428571,124.535714286,116.071428571,122.107142857,122.785714286,130.75,131.892857143,134.142857143,119.428571429,91.3214285714,74.7142857143,52.1785714286,27.3571428571,1794.75,1874.75,2266.5,1798.5,1956.25,1773.25,1516.0
