zone_id,area_id,total,daytype_inweek,daytype_weekend,hod_00h,hod_01h,hod_02h,hod_03h,hod_04h,hod_05h,hod_06h,hod_07h,hod_08h,hod_09h,hod_10h,hod_11h,hod_12h,hod_13h,hod_14h,hod_15h,hod_16h,hod_17h,hod_18h,hod_19h,hod_20h,hod_21h,hod_22h,hod_23h,dow_mon,dow_tue,dow_wed,dow_thu,dow_fri,dow_sat,dow_sun
E06000054,E02006656,2881.64285714,15506.25,4976.5,12.5357142857,11.75,8.32142857143,7.60714285714,10.8571428571,26.8214285714,58.7142857143,137.785714286,173.785714286,156.464285714,171.642857143,182.821428571,188.107142857,192.535714286,196.071428571,200.071428571,213.0,225.5,182.821428571,163.857142857,129.178571429,100.428571429,84.7857142857,46.1785714286,2793.5,3019.0,3828.25,2977.25,2888.25,2482.25,2183.0
