zone_id,area_id,total,daytype_inweek,daytype_weekend,hod_00h,hod_01h,hod_02h,hod_03h,hod_04h,hod_05h,hod_06h,hod_07h,hod_08h,hod_09h,hod_10h,hod_11h,hod_12h,hod_13h,hod_14h,hod_15h,hod_16h,hod_17h,hod_18h,hod_19h,hod_20h,hod_21h,hod_22h,hod_23h,dow_mon,dow_tue,dow_wed,dow_thu,dow_fri,dow_sat,dow_sun
E07000192,E02006121,1274.53571429,6732.25,2303.0,6.03571428571,5.67857142857,4.67857142857,4.5,5.75,12.3571428571,22.4285714286,44.3571428571,58.0,65.5714285714,76.8214285714,83.5357142857,85.2857142857,88.4642857143,87.1071428571,85.4285714286,91.3571428571,95.0357142857,89.0714285714,77.0,64.1785714286,55.9285714286,40.0357142857,25.9285714286,1283.75,1337.25,1599.5,1286.75,1225.0,1170.25,1019.25
