zone_id,area_id,total,daytype_inweek,daytype_weekend,hod_00h,hod_01h,hod_02h,hod_03h,hod_04h,hod_05h,hod_06h,hod_07h,hod_08h,hod_09h,hod_10h,hod_11h,hod_12h,hod_13h,hod_14h,hod_15h,hod_16h,hod_17h,hod_18h,hod_19h,hod_20h,hod_21h,hod_22h,hod_23h,dow_mon,dow_tue,dow_wed,dow_thu,dow_fri,dow_sat,dow_sun
E07000152,E02005630,1647.75,8856.0,2866.5,7.0,6.03571428571,4.53571428571,4.0,3.57142857143,11.8928571429,25.8214285714,60.3928571429,97.7857142857,101.5,110.035714286,106.714285714,109.285714286,105.357142857,108.464285714,104.214285714,120.142857143,118.107142857,103.821428571,91.3928571429,77.5714285714,73.25,60.8214285714,36.0357142857,1600.5,1686.25,2245.0,1766.25,1558.0,1412.25,1266.0
