zone_id,area_id,total,daytype_inweek,daytype_weekend,hod_00h,hod_01h,hod_02h,hod_03h,hod_04h,hod_05h,hod_06h,hod_07h,hod_08h,hod_09h,hod_10h,hod_11h,hod_12h,hod_13h,hod_14h,hod_15h,hod_16h,hod_17h,hod_18h,hod_19h,hod_20h,hod_21h,hod_22h,hod_23h,dow_mon,dow_tue,dow_wed,dow_thu,dow_fri,dow_sat,dow_sun
E09000004,E02000073,2334.53571429,11854.75,4228.5,13.8571428571,15.5,9.25,6.89285714286,8.5,14.7857142857,30.1071428571,61.7142857143,94.6428571429,124.642857143,139.357142857,160.535714286,168.107142857,164.678571429,164.892857143,160.178571429,161.321428571,162.071428571,167.5,156.035714286,132.75,98.5714285714,74.1785714286,44.4642857143,2200.25,2190.75,2857.0,2198.5,2408.25,2458.75,2028.25
