zone_id,area_id,total,daytype_inweek,daytype_weekend,hod_00h,hod_01h,hod_02h,hod_03h,hod_04h,hod_05h,hod_06h,hod_07h,hod_08h,hod_09h,hod_10h,hod_11h,hod_12h,hod_13h,hod_14h,hod_15h,hod_16h,hod_17h,hod_18h,hod_19h,hod_20h,hod_21h,hod_22h,hod_23h,dow_mon,dow_tue,dow_wed,dow_thu,dow_fri,dow_sat,dow_sun
E06000020,E02002931,2190.71428571,11818.0,3659.5,9.46428571429,9.21428571429,6.71428571429,5.17857142857,6.42857142857,16.7857142857,40.0714285714,101.214285714,138.571428571,122.25,130.571428571,137.607142857,149.071428571,147.607142857,150.142857143,146.107142857,166.785714286,174.571428571,146.107142857,127.142857143,95.0,75.5357142857,53.8214285714,34.75,2067.5,2274.0,2837.5,2291.5,2347.5,1925.0,1592.0
