zone_id,area_id,total,daytype_inweek,daytype_weekend,hod_00h,hod_01h,hod_02h,hod_03h,hod_04h,hod_05h,hod_06h,hod_07h,hod_08h,hod_09h,hod_10h,hod_11h,hod_12h,hod_13h,hod_14h,hod_15h,hod_16h,hod_17h,hod_18h,hod_19h,hod_20h,hod_21h,hod_22h,hod_23h,dow_mon,dow_tue,dow_wed,dow_thu,dow_fri,dow_sat,dow_sun
W06000010,W02000152,1260.35714286,6779.75,2150.5,4.82142857143,5.82142857143,4.85714285714,5.92857142857,4.25,11.9285714286,23.5714285714,44.5714285714,64.6428571429,67.6428571429,79.6071428571,85.2857142857,85.8571428571,88.8571428571,91.9642857143,93.3214285714,98.0,96.3571428571,83.5714285714,69.5714285714,52.4642857143,45.8571428571,33.8214285714,17.7857142857,1215.25,1305.5,1682.25,1296.75,1280.0,1107.5,935.25
