zone_id,area_id,total,daytype_inweek,daytype_weekend,hod_00h,hod_01h,hod_02h,hod_03h,hod_04h,hod_05h,hod_06h,hod_07h,hod_08h,hod_09h,hod_10h,hod_11h,hod_12h,hod_13h,hod_14h,hod_15h,hod_16h,hod_17h,hod_18h,hod_19h,hod_20h,hod_21h,hod_22h,hod_23h,dow_mon,dow_tue,dow_wed,dow_thu,dow_fri,dow_sat,dow_sun
S12000033,S02001238,4710.32142857,25357.0,8146.5,23.1785714286,19.3571428571,12.5,12.6785714286,13.7857142857,32.3571428571,101.642857143,240.357142857,313.035714286,282.357142857,284.571428571,292.642857143,322.75,311.178571429,323.5,348.892857143,368.357142857,372.071428571,306.214285714,241.464285714,192.321428571,140.0,101.571428571,53.5357142857,4677.0,4991.25,6161.0,4711.0,4816.75,4145.75,3469.5
