zone_id,area_id,total,daytype_inweek,daytype_weekend,hod_00h,hod_01h,hod_02h,hod_03h,hod_04h,hod_05h,hod_06h,hod_07h,hod_08h,hod_09h,hod_10h,hod_11h,hod_12h,hod_13h,hod_14h,hod_15h,hod_16h,hod_17h,hod_18h,hod_19h,hod_20h,hod_21h,hod_22h,hod_23h,dow_mon,dow_tue,dow_wed,dow_thu,dow_fri,dow_sat,dow_sun
E07000084,E02004696,2566.78571429,12769.75,4673.25,15.5714285714,8.71428571429,6.67857142857,5.0,7.42857142857,17.75,39.2857142857,112.964285714,166.892857143,155.428571429,171.392857143,172.785714286,176.964285714,170.25,171.25,168.357142857,170.392857143,203.142857143,164.714285714,137.357142857,101.392857143,85.6428571429,76.3214285714,61.1071428571,2299.5,2287.0,2780.5,2211.0,3191.75,2824.0,2373.75
