zone_id,area_id,total,daytype_inweek,daytype_weekend,hod_00h,hod_01h,hod_02h,hod_03h,hod_04h,hod_05h,hod_06h,hod_07h,hod_08h,hod_09h,hod_10h,hod_11h,hod_12h,hod_13h,hod_14h,hod_15h,hod_16h,hod_17h,hod_18h,hod_19h,hod_20h,hod_21h,hod_22h,hod_23h,dow_mon,dow_tue,dow_wed,dow_thu,dow_fri,dow_sat,dow_sun
E07000126,E02005290,1926.07142857,10239.75,3272.25,10.1071428571,12.4285714286,11.0,7.89285714286,8.46428571429,12.1071428571,31.9642857143,62.8928571429,89.3928571429,98.1428571429,113.464285714,123.321428571,131.928571429,133.678571429,129.178571429,136.535714286,145.035714286,147.035714286,134.107142857,125.321428571,94.0357142857,77.6428571429,57.2142857143,33.1785714286,1815.25,1974.0,2564.75,1928.75,1957.0,1785.75,1457.0
