zone_id,area_id,total,daytype_inweek,daytype_weekend,hod_00h,hod_01h,hod_02h,hod_03h,hod_04h,hod_05h,hod_06h,hod_07h,hod_08h,hod_09h,hod_10h,hod_11h,hod_12h,hod_13h,hod_14h,hod_15h,hod_16h,hod_17h,hod_18h,hod_19h,hod_20h,hod_21h,hod_22h,hod_23h,dow_mon,dow_tue,dow_wed,dow_thu,dow_fri,dow_sat,dow_sun
E06000042,E02003469,3717.85714286,20138.75,6235.75,16.7857142857,18.3928571429,13.4285714286,9.57142857143,13.6785714286,35.9285714286,60.9285714286,131.0,201.5,191.678571429,212.607142857,229.214285714,252.928571429,261.035714286,260.714285714,254.214285714,281.357142857,304.964285714,270.75,218.142857143,185.571428571,140.714285714,99.6785714286,53.0714285714,3595.75,3863.5,4951.25,3944.0,3784.25,3246.25,2640.0
