zone_id,area_id,total,daytype_inweek,daytype_weekend,hod_00h,hod_01h,hod_02h,hod_03h,hod_04h,hod_05h,hod_06h,hod_07h,hod_08h,hod_09h,hod_10h,hod_11h,hod_12h,hod_13h,hod_14h,hod_15h,hod_16h,hod_17h,hod_18h,hod_19h,hod_20h,hod_21h,hod_22h,hod_23h,dow_mon,dow_tue,dow_wed,dow_thu,dow_fri,dow_sat,dow_sun
E08000001,E02000987,2995.60714286,15830.75,5173.5,14.1071428571,16.3928571429,9.35714285714,8.10714285714,7.32142857143,16.0357142857,43.1785714286,105.321428571,164.357142857,150.964285714,168.5,186.607142857,203.857142857,215.5,218.571428571,213.071428571,229.321428571,249.214285714,204.821428571,185.535714286,148.571428571,105.964285714,81.9642857143,48.9642857143,2903.0,3078.25,3842.5,2906.25,3100.75,2868.0,2270.5
