zone_id,area_id,total,daytype_inweek,daytype_weekend,hod_00h,hod_01h,hod_02h,hod_03h,hod_04h,hod_05h,hod_06h,hod_07h,hod_08h,hod_09h,hod_10h,hod_11h,hod_12h,hod_13h,hod_14h,hod_15h,hod_16h,hod_17h,hod_18h,hod_19h,hod_20h,hod_21h,hod_22h,hod_23h,dow_mon,dow_tue,dow_wed,dow_thu,dow_fri,dow_sat,dow_sun
E07000200,E02006229,1020.57142857,5372.25,1774.25,3.14285714286,3.67857142857,2.03571428571,1.64285714286,2.64285714286,7.89285714286,15.6428571429,44.2857142857,59.1071428571,55.5714285714,65.6071428571,69.9285714286,69.9642857143,74.6785714286,70.0714285714,67.4642857143,76.9285714286,82.3928571429,66.25,58.6785714286,42.9642857143,38.0357142857,26.9642857143,15.0,986.5,1015.5,1303.75,1016.25,1050.25,984.0,787.75
