zone_id,area_id,total,daytype_inweek,daytype_weekend,hod_00h,hod_01h,hod_02h,hod_03h,hod_04h,hod_05h,hod_06h,hod_07h,hod_08h,hod_09h,hod_10h,hod_11h,hod_12h,hod_13h,hod_14h,hod_15h,hod_16h,hod_17h,hod_18h,hod_19h,hod_20h,hod_21h,hod_22h,hod_23h,dow_mon,dow_tue,dow_wed,dow_thu,dow_fri,dow_sat,dow_sun
E07000109,E02005066,1912.67857143,9963.25,3380.75,11.1428571429,9.89285714286,6.42857142857,6.10714285714,6.42857142857,9.71428571429,24.8928571429,58.3571428571,96.2142857143,116.285714286,131.857142857,132.642857143,129.214285714,121.5,122.071428571,122.928571429,128.214285714,135.214285714,126.821428571,118.178571429,92.5714285714,84.6071428571,71.8214285714,49.5714285714,1840.5,1936.25,2436.75,1846.5,1903.25,1885.25,1540.25
