zone_id,area_id,total,daytype_inweek,daytype_weekend,hod_00h,hod_01h,hod_02h,hod_03h,hod_04h,hod_05h,hod_06h,hod_07h,hod_08h,hod_09h,hod_10h,hod_11h,hod_12h,hod_13h,hod_14h,hod_15h,hod_16h,hod_17h,hod_18h,hod_19h,hod_20h,hod_21h,hod_22h,hod_23h,dow_mon,dow_tue,dow_wed,dow_thu,dow_fri,dow_sat,dow_sun
W06000005,W02000072,9820.92857143,53215.75,16491.0,43.4642857143,41.5,32.1071428571,28.1428571429,37.5357142857,153.607142857,224.571428571,382.392857143,447.178571429,471.785714286,568.928571429,644.285714286,731.214285714,761.892857143,689.857142857,688.75,704.535714286,715.428571429,643.928571429,541.892857143,496.285714286,328.892857143,270.071428571,172.678571429,9505.0,10411.75,13197.5,10123.5,9978.0,8544.75,6986.0
