zone_id,area_id,total,daytype_inweek,daytype_weekend,hod_00h,hod_01h,hod_02h,hod_03h,hod_04h,hod_05h,hod_06h,hod_07h,hod_08h,hod_09h,hod_10h,hod_11h,hod_12h,hod_13h,hod_14h,hod_15h,hod_16h,hod_17h,hod_18h,hod_19h,hod_20h,hod_21h,hod_22h,hod_23h,dow_mon,dow_tue,dow_wed,dow_thu,dow_fri,dow_sat,dow_sun
E09000018,E02000539,4473.75,23456.75,7881.5,33.9285714286,33.1428571429,19.8928571429,14.6785714286,16.0,30.6071428571,58.9642857143,135.857142857,221.285714286,231.357142857,263.785714286,286.75,311.892857143,325.464285714,311.821428571,317.5,314.107142857,341.964285714,308.964285714,270.392857143,230.607142857,171.571428571,135.178571429,88.0357142857,4301.5,4549.25,5710.5,4336.0,4559.5,4279.5,3580.0
