zone_id,area_id,total,daytype_inweek,daytype_weekend,hod_00h,hod_01h,hod_02h,hod_03h,hod_04h,hod_05h,hod_06h,hod_07h,hod_08h,hod_09h,hod_10h,hod_11h,hod_12h,hod_13h,hod_14h,hod_15h,hod_16h,hod_17h,hod_18h,hod_19h,hod_20h,hod_21h,hod_22h,hod_23h,dow_mon,dow_tue,dow_wed,dow_thu,dow_fri,dow_sat,dow_sun
E08000014,E02001439,3791.32142857,20003.0,6645.0,16.9285714286,15.1428571429,11.4642857143,9.78571428571,6.71428571429,15.3928571429,40.6428571429,108.535714286,206.392857143,218.5,249.035714286,264.428571429,283.178571429,284.607142857,283.321428571,280.285714286,286.464285714,296.178571429,251.607142857,217.892857143,165.0,128.5,95.25,56.0714285714,3702.75,3912.25,4911.25,3745.5,3731.25,3594.0,2942.25
