zone_id,area_id,total,daytype_inweek,daytype_weekend,hod_00h,hod_01h,hod_02h,hod_03h,hod_04h,hod_05h,hod_06h,hod_07h,hod_08h,hod_09h,hod_10h,hod_11h,hod_12h,hod_13h,hod_14h,hod_15h,hod_16h,hod_17h,hod_18h,hod_19h,hod_20h,hod_21h,hod_22h,hod_23h,dow_mon,dow_tue,dow_wed,dow_thu,dow_fri,dow_sat,dow_sun
E09000027,E02000804,2293.17857143,11679.25,4288.0,10.5,9.5,5.07142857143,4.53571428571,2.89285714286,8.07142857143,19.2142857143,57.1785714286,100.892857143,127.642857143,150.928571429,169.25,187.142857143,187.642857143,185.178571429,184.428571429,176.892857143,173.321428571,153.642857143,126.142857143,92.9642857143,70.75,52.4285714286,36.9642857143,2238.75,2219.25,2873.5,2179.0,2168.75,2323.75,2049.25
