zone_id,area_id,total,daytype_inweek,daytype_weekend,hod_00h,hod_01h,hod_02h,hod_03h,hod_04h,hod_05h,hod_06h,hod_07h,hod_08h,hod_09h,hod_10h,hod_11h,hod_12h,hod_13h,hod_14h,hod_15h,hod_16h,hod_17h,hod_18h,hod_19h,hod_20h,hod_21h,hod_22h,hod_23h,dow_mon,dow_tue,dow_wed,dow_thu,dow_fri,dow_sat,dow_sun
E07000193,E02006140,2149.92857143,11863.75,3562.75,9.5,10.2857142857,8.21428571429,7.71428571429,11.6071428571,34.7142857143,45.7857142857,71.8928571429,120.892857143,117.464285714,127.428571429,135.571428571,146.678571429,145.928571429,146.214285714,149.25,157.571428571,155.607142857,140.392857143,125.035714286,100.714285714,83.1785714286,63.5357142857,34.75,2129.25,2310.75,2891.0,2265.5,2267.25,1752.25,1433.5
