zone_id,area_id,total,daytype_inweek,daytype_weekend,hod_00h,hod_01h,hod_02h,hod_03h,hod_04h,hod_05h,hod_06h,hod_07h,hod_08h,hod_09h,hod_10h,hod_11h,hod_12h,hod_13h,hod_14h,hod_15h,hod_16h,hod_17h,hod_18h,hod_19h,hod_20h,hod_21h,hod_22h,hod_23h,dow_mon,dow_tue,dow_wed,dow_thu,dow_fri,dow_sat,dow_sun
S12000018,S02002044,1017.75,5546.25,1708.75,4.75,4.64285714286,3.96428571429,2.28571428571,3.03571428571,8.10714285714,12.9285714286,27.6071428571,58.4285714286,49.4642857143,55.5,58.3571428571,65.0714285714,75.1785714286,72.1428571429,79.8571428571,80.8928571429,75.0,73.1071428571,64.9642857143,48.8571428571,43.9285714286,33.9285714286,15.75,1048.0,1149.5,1371.0,967.75,1010.0,917.25,660.75
