zone_id,area_id,total,daytype_inweek,daytype_weekend,hod_00h,hod_01h,hod_02h,hod_03h,hod_04h,hod_05h,hod_06h,hod_07h,hod_08h,hod_09h,hod_10h,hod_11h,hod_12h,hod_13h,hod_14h,hod_15h,hod_16h,hod_17h,hod_18h,hod_19h,hod_20h,hod_21h,hod_22h,hod_23h,dow_mon,dow_tue,dow_wed,dow_thu,dow_fri,dow_sat,dow_sun
E08000025,E02001840,3188.21428571,16745.5,5568.75,25.2857142857,29.1785714286,19.1428571429,15.0357142857,17.5357142857,28.8928571429,67.1785714286,119.035714286,142.428571429,144.214285714,169.285714286,187.857142857,209.285714286,218.321428571,223.107142857,224.0,239.0,236.25,221.178571429,190.178571429,162.464285714,131.642857143,103.357142857,64.3571428571,2991.5,3271.5,4016.0,3184.5,3282.0,2994.75,2577.25
