zone_id,area_id,total,daytype_inweek,daytype_weekend,hod_00h,hod_01h,hod_02h,hod_03h,hod_04h,hod_05h,hod_06h,hod_07h,hod_08h,hod_09h,hod_10h,hod_11h,hod_12h,hod_13h,hod_14h,hod_15h,hod_16h,hod_17h,hod_18h,hod_19h,hod_20h,hod_21h,hod_22h,hod_23h,dow_mon,dow_tue,dow_wed,dow_thu,dow_fri,dow_sat,dow_sun
E07000113,E02005118,3699.28571429,19343.25,6334.5,17.1071428571,16.1071428571,11.6071428571,9.25,14.1071428571,47.6785714286,67.9642857143,136.25,187.428571429,198.428571429,229.678571429,256.535714286,265.785714286,265.25,262.392857143,254.892857143,259.0,289.928571429,258.178571429,215.428571429,161.285714286,128.928571429,96.0357142857,50.0357142857,3486.0,3711.25,4647.25,3582.25,3916.5,3703.25,2848.5
