zone_id,area_id,total,daytype_inweek,daytype_weekend,hod_00h,hod_01h,hod_02h,hod_03h,hod_04h,hod_05h,hod_06h,hod_07h,hod_08h,hod_09h,hod_10h,hod_11h,hod_12h,hod_13h,hod_14h,hod_15h,hod_16h,hod_17h,hod_18h,hod_19h,hod_20h,hod_21h,hod_22h,hod_23h,dow_mon,dow_tue,dow_wed,dow_thu,dow_fri,dow_sat,dow_sun
S12000006,S02001413,1386.03571429,7392.0,2427.5,3.07142857143,3.35714285714,2.42857142857,2.46428571429,4.03571428571,9.60714285714,23.8571428571,54.1785714286,76.8571428571,84.0357142857,99.6785714286,107.535714286,106.785714286,111.571428571,109.928571429,111.892857143,121.321428571,115.0,78.0714285714,55.9642857143,47.0714285714,33.4642857143,16.6071428571,7.25,1391.75,1415.0,1837.75,1443.25,1304.25,1274.5,1035.75
