zone_id,area_id,total,daytype_inweek,daytype_weekend,hod_00h,hod_01h,hod_02h,hod_03h,hod_04h,hod_05h,hod_06h,hod_07h,hod_08h,hod_09h,hod_10h,hod_11h,hod_12h,hod_13h,hod_14h,hod_15h,hod_16h,hod_17h,hod_18h,hod_19h,hod_20h,hod_21h,hod_22h,hod_23h,dow_mon,dow_tue,dow_wed,dow_thu,dow_fri,dow_sat,dow_sun
E08000019,E02001633,3021.75,16181.5,5170.25,14.4642857143,14.9285714286,11.4642857143,8.53571428571,8.25,21.6785714286,46.8214285714,133.857142857,166.25,178.535714286,193.785714286,203.535714286,206.285714286,203.785714286,211.714285714,212.178571429,229.785714286,235.107142857,203.178571429,164.178571429,136.035714286,105.714285714,70.2857142857,41.3928571429,2890.25,3240.0,4020.5,3039.0,2991.75,2690.75,2280.0
