zone_id,area_id,total,daytype_inweek,daytype_weekend,hod_00h,hod_01h,hod_02h,hod_03h,hod_04h,hod_05h,hod_06h,hod_07h,hod_08h,hod_09h,hod_10h,hod_11h,hod_12h,hod_13h,hod_14h,hod_15h,hod_16h,hod_17h,hod_18h,hod_19h,hod_20h,hod_21h,hod_22h,hod_23h,dow_mon,dow_tue,dow_wed,dow_thu,dow_fri,dow_sat,dow_sun
E07000237,E02006737,1897.67857143,9909.75,3358.75,7.46428571429,10.4642857143,6.28571428571,5.67857142857,8.89285714286,15.8571428571,29.0357142857,63.8928571429,100.678571429,99.5357142857,115.642857143,121.214285714,128.785714286,130.714285714,132.535714286,129.107142857,139.357142857,147.464285714,132.821428571,115.642857143,89.75,75.8214285714,56.3928571429,34.6428571429,1804.0,1911.75,2385.75,1888.5,1919.75,1819.25,1554.75
