zone_id,area_id,total,daytype_inweek,daytype_weekend,hod_00h,hod_01h,hod_02h,hod_03h,hod_04h,hod_05h,hod_06h,hod_07h,hod_08h,hod_09h,hod_10h,hod_11h,hod_12h,hod_13h,hod_14h,hod_15h,hod_16h,hod_17h,hod_18h,hod_19h,hod_20h,hod_21h,hod_22h,hod_23h,dow_mon,dow_tue,dow_wed,dow_thu,dow_fri,dow_sat,dow_sun
E08000030,E02002119,1420.14285714,7504.0,2392.5,7.57142857143,7.10714285714,4.60714285714,4.03571428571,3.5,12.1071428571,19.1428571429,44.6071428571,59.8571428571,68.6071428571,80.8928571429,95.2142857143,103.642857143,101.714285714,105.785714286,105.571428571,107.214285714,112.964285714,100.178571429,85.8928571429,69.25,53.0357142857,43.9642857143,23.6785714286,1327.0,1530.0,1792.75,1349.75,1504.5,1371.5,1065.5
