zone_id,area_id,total,daytype_inweek,daytype_weekend,hod_00h,hod_01h,hod_02h,hod_03h,hod_04h,hod_05h,hod_06h,hod_07h,hod_08h,hod_09h,hod_10h,hod_11h,hod_12h,hod_13h,hod_14h,hod_15h,hod_16h,hod_17h,hod_18h,hod_19h,hod_20h,hod_21h,hod_22h,hod_23h,dow_mon,dow_tue,dow_wed,dow_thu,dow_fri,dow_sat,dow_sun
E07000064,E02004394,2730.35714286,14435.0,4788.0,13.1428571429,10.0,9.17857142857,7.96428571429,10.4285714286,19.75,47.1785714286,113.178571429,161.642857143,178.75,184.035714286,189.785714286,188.785714286,180.0,176.892857143,177.214285714,198.892857143,198.857142857,175.821428571,149.642857143,121.535714286,99.3214285714,72.8928571429,45.4642857143,2681.25,2818.75,3547.25,2694.5,2693.25,2570.75,2106.75
