zone_id,area_id,total,daytype_inweek,daytype_weekend,hod_00h,hod_01h,hod_02h,hod_03h,hod_04h,hod_05h,hod_06h,hod_07h,hod_08h,hod_09h,hod_10h,hod_11h,hod_12h,hod_13h,hod_14h,hod_15h,hod_16h,hod_17h,hod_18h,hod_19h,hod_20h,hod_21h,hod_22h,hod_23h,dow_mon,dow_tue,dow_wed,dow_thu,dow_fri,dow_sat,dow_sun
E08000035,E02002419,7819.5,42562.0,12667.5,41.0714285714,42.2142857143,29.4285714286,27.0,27.7142857143,70.9642857143,190.142857143,385.464285714,453.607142857,409.857142857,447.571428571,504.178571429,563.964285714,558.0,553.071428571,554.607142857,608.5,634.321428571,508.357142857,394.535714286,313.321428571,234.785714286,167.428571429,99.3928571429,7390.5,8260.25,10502.5,7973.5,8435.25,6897.5,5277.0
