zone_id,area_id,total,daytype_inweek,daytype_weekend,hod_00h,hod_01h,hod_02h,hod_03h,hod_04h,hod_05h,hod_06h,hod_07h,hod_08h,hod_09h,hod_10h,hod_11h,hod_12h,hod_13h,hod_14h,hod_15h,hod_16h,hod_17h,hod_18h,hod_19h,hod_20h,hod_21h,hod_22h,hod_23h,dow_mon,dow_tue,dow_wed,dow_thu,dow_fri,dow_sat,dow_sun
E07000222,E02006522,1491.32142857,8054.0,2494.5,6.89285714286,5.14285714286,4.53571428571,3.35714285714,4.32142857143,6.07142857143,18.8214285714,60.9285714286,91.1785714286,95.0357142857,96.5714285714,103.392857143,106.464285714,109.0,103.178571429,105.0,109.035714286,112.714285714,97.4642857143,80.9285714286,61.3214285714,50.5357142857,38.7857142857,20.6428571429,1432.75,1644.5,2016.5,1550.0,1410.25,1323.5,1061.75
