zone_id,area_id,total,daytype_inweek,daytype_weekend,hod_00h,hod_01h,hod_02h,hod_03h,hod_04h,hod_05h,hod_06h,hod_07h,hod_08h,hod_09h,hod_10h,hod_11h,hod_12h,hod_13h,hod_14h,hod_15h,hod_16h,hod_17h,hod_18h,hod_19h,hod_20h,hod_21h,hod_22h,hod_23h,dow_mon,dow_tue,dow_wed,dow_thu,dow_fri,dow_sat,dow_sun
E06000050,E02003883,5502.03571429,29386.25,9403.25,24.5714285714,23.0,16.5,13.8928571429,14.1428571429,36.1071428571,75.4285714286,197.392857143,280.892857143,315.607142857,358.714285714,387.857142857,405.892857143,392.928571429,391.928571429,402.428571429,411.928571429,405.285714286,365.392857143,306.285714286,247.964285714,188.392857143,152.071428571,87.4285714286,5256.5,5716.25,7151.75,5701.25,5560.5,4981.25,4146.75
