zone_id,area_id,total,daytype_inweek,daytype_weekend,hod_00h,hod_01h,hod_02h,hod_03h,hod_04h,hod_05h,hod_06h,hod_07h,hod_08h,hod_09h,hod_10h,hod_11h,hod_12h,hod_13h,hod_14h,hod_15h,hod_16h,hod_17h,hod_18h,hod_19h,hod_20h,hod_21h,hod_22h,hod_23h,dow_mon,dow_tue,dow_wed,dow_thu,dow_fri,dow_sat,dow_sun
E07000163,E02005749,1738.21428571,9087.75,2995.75,6.75,5.14285714286,4.21428571429,4.07142857143,5.60714285714,9.89285714286,22.75,65.8571428571,115.75,102.607142857,117.928571429,128.464285714,128.571428571,129.464285714,115.285714286,126.107142857,132.357142857,142.321428571,109.821428571,89.5,67.0714285714,53.3571428571,34.5714285714,20.75,1641.75,1732.5,2199.25,1767.0,1747.25,1725.75,1354.0
