zone_id,area_id,total,daytype_inweek,daytype_weekend,hod_00h,hod_01h,hod_02h,hod_03h,hod_04h,hod_05h,hod_06h,hod_07h,hod_08h,hod_09h,hod_10h,hod_11h,hod_12h,hod_13h,hod_14h,hod_15h,hod_16h,hod_17h,hod_18h,hod_19h,hod_20h,hod_21h,hod_22h,hod_23h,dow_mon,dow_tue,dow_wed,dow_thu,dow_fri,dow_sat,dow_sun
S12000044,S02002186,6607.71428571,35849.5,11471.0,35.1785714286,42.1071428571,29.8214285714,28.4642857143,23.8928571429,42.6785714286,114.964285714,236.678571429,371.357142857,345.821428571,366.785714286,395.214285714,443.857142857,472.035714286,466.714285714,493.464285714,500.321428571,496.678571429,437.535714286,384.678571429,331.821428571,269.5,175.357142857,102.785714286,6789.0,6961.75,8710.5,6718.5,6669.75,5722.5,4682.0
