zone_id,area_id,total,daytype_inweek,daytype_weekend,hod_00h,hod_01h,hod_02h,hod_03h,hod_04h,hod_05h,hod_06h,hod_07h,hod_08h,hod_09h,hod_10h,hod_11h,hod_12h,hod_13h,hod_14h,hod_15h,hod_16h,hod_17h,hod_18h,hod_19h,hod_20h,hod_21h,hod_22h,hod_23h,dow_mon,dow_tue,dow_wed,dow_thu,dow_fri,dow_sat,dow_sun
E07000151,E02005621,2268.57142857,12726.75,3666.5,15.9285714286,11.7142857143,9.39285714286,9.75,11.4285714286,43.5357142857,50.6428571429,106.0,125.428571429,130.178571429,139.785714286,142.0,148.285714286,150.25,155.035714286,141.785714286,151.285714286,168.785714286,135.714285714,114.464285714,97.2857142857,84.4285714286,76.8214285714,48.6428571429,2191.0,2583.25,3181.0,2492.5,2279.0,1677.75,1475.5
