zone_id,area_id,total,daytype_inweek,daytype_weekend,hod_00h,hod_01h,hod_02h,hod_03h,hod_04h,hod_05h,hod_06h,hod_07h,hod_08h,hod_09h,hod_10h,hod_11h,hod_12h,hod_13h,hod_14h,hod_15h,hod_16h,hod_17h,hod_18h,hod_19h,hod_20h,hod_21h,hod_22h,hod_23h,dow_mon,dow_tue,dow_wed,dow_thu,dow_fri,dow_sat,dow_sun
S12000030,S02002446,1230.46428571,6527.5,2203.25,4.53571428571,6.71428571429,6.5,4.42857142857,3.60714285714,7.39285714286,17.9285714286,32.1071428571,72.2142857143,64.1071428571,71.75,81.6071428571,89.3214285714,89.8928571429,91.75,93.1071428571,93.3214285714,96.3214285714,80.9285714286,70.8571428571,58.7142857143,46.6071428571,31.0,15.75,1243.25,1278.5,1621.0,1185.25,1199.5,1125.75,960.0
