zone_id,area_id,total,daytype_inweek,daytype_weekend,hod_00h,hod_01h,hod_02h,hod_03h,hod_04h,hod_05h,hod_06h,hod_07h,hod_08h,hod_09h,hod_10h,hod_11h,hod_12h,hod_13h,hod_14h,hod_15h,hod_16h,hod_17h,hod_18h,hod_19h,hod_20h,hod_21h,hod_22h,hod_23h,dow_mon,dow_tue,dow_wed,dow_thu,dow_fri,dow_sat,dow_sun
E09000018,E02000542,3172.32142857,16810.25,5551.75,30.0714285714,26.1785714286,17.5357142857,15.9642857143,19.25,33.8571428571,56.25,96.4285714286,141.464285714,152.928571429,172.642857143,185.107142857,208.071428571,219.5,214.071428571,209.142857143,208.5,223.392857143,215.178571429,202.857142857,180.642857143,149.642857143,117.214285714,76.4285714286,3021.5,3381.75,4017.0,3124.25,3265.75,2865.75,2530.25
