zone_id,area_id,total,daytype_inweek,daytype_weekend,hod_00h,hod_01h,hod_02h,hod_03h,hod_04h,hod_05h,hod_06h,hod_07h,hod_08h,hod_09h,hod_10h,hod_11h,hod_12h,hod_13h,hod_14h,hod_15h,hod_16h,hod_17h,hod_18h,hod_19h,hod_20h,hod_21h,hod_22h,hod_23h,dow_mon,dow_tue,dow_wed,dow_thu,dow_fri,dow_sat,dow_sun
E08000003,E02001063,8272.57142857,44818.0,13786.0,80.0357142857,93.2857142857,67.6785714286,58.6071428571,48.4642857143,59.6785714286,118.071428571,229.75,429.5,541.25,399.035714286,426.642857143,493.928571429,535.25,512.785714286,571.107142857,612.785714286,611.035714286,547.071428571,481.857142857,434.714285714,364.892857143,318.821428571,236.321428571,7787.25,8626.25,11162.0,8311.0,8931.5,7091.25,5998.75
