zone_id,area_id,total,daytype_inweek,daytype_weekend,hod_00h,hod_01h,hod_02h,hod_03h,hod_04h,hod_05h,hod_06h,hod_07h,hod_08h,hod_09h,hod_10h,hod_11h,hod_12h,hod_13h,hod_14h,hod_15h,hod_16h,hod_17h,hod_18h,hod_19h,hod_20h,hod_21h,hod_22h,hod_23h,dow_mon,dow_tue,dow_wed,dow_thu,dow_fri,dow_sat,dow_sun
E07000111,E02005099,2260.25,12059.75,3876.0,10.8214285714,7.0,4.75,4.10714285714,6.14285714286,10.2142857143,30.2142857143,82.6071428571,127.785714286,141.535714286,165.0,168.285714286,179.357142857,169.142857143,160.821428571,157.285714286,158.035714286,162.0,139.857142857,120.178571429,89.6428571429,74.1428571429,56.0,35.3214285714,2194.25,2352.25,2938.5,2259.75,2315.0,2080.25,1681.75
