zone_id,area_id,total,daytype_inweek,daytype_weekend,hod_00h,hod_01h,hod_02h,hod_03h,hod_04h,hod_05h,hod_06h,hod_07h,hod_08h,hod_09h,hod_10h,hod_11h,hod_12h,hod_13h,hod_14h,hod_15h,hod_16h,hod_17h,hod_18h,hod_19h,hod_20h,hod_21h,hod_22h,hod_23h,dow_mon,dow_tue,dow_wed,dow_thu,dow_fri,dow_sat,dow_sun
E07000188,E02006063,2033.75,10934.75,3750.75,10.0714285714,10.2857142857,9.35714285714,9.67857142857,9.57142857143,16.2857142857,35.6785714286,77.1428571429,107.714285714,121.678571429,130.107142857,142.785714286,138.214285714,129.857142857,132.357142857,134.75,134.714285714,145.107142857,132.714285714,113.535714286,96.7857142857,84.2857142857,69.4642857143,41.6071428571,2182.25,2194.5,2624.0,2050.25,1883.75,1733.0,1568.5
