zone_id,area_id,total,daytype_inweek,daytype_weekend,hod_00h,hod_01h,hod_02h,hod_03h,hod_04h,hod_05h,hod_06h,hod_07h,hod_08h,hod_09h,hod_10h,hod_11h,hod_12h,hod_13h,hod_14h,hod_15h,hod_16h,hod_17h,hod_18h,hod_19h,hod_20h,hod_21h,hod_22h,hod_23h,dow_mon,dow_tue,dow_wed,dow_thu,dow_fri,dow_sat,dow_sun
E07000073,E02004548,2169.75,11235.25,3661.75,7.71428571429,13.1428571429,4.17857142857,6.32142857143,5.10714285714,15.4642857143,28.1071428571,61.0,92.6071428571,114.464285714,142.535714286,157.857142857,170.714285714,168.428571429,163.821428571,154.714285714,157.535714286,163.75,147.892857143,131.892857143,106.821428571,78.3214285714,49.9285714286,27.4285714286,1976.25,2157.5,2751.5,2162.5,2187.5,2267.5,1685.5
