zone_id,area_id,total,daytype_inweek,daytype_weekend,hod_00h,hod_01h,hod_02h,hod_03h,hod_04h,hod_05h,hod_06h,hod_07h,hod_08h,hod_09h,hod_10h,hod_11h,hod_12h,hod_13h,hod_14h,hod_15h,hod_16h,hod_17h,hod_18h,hod_19h,hod_20h,hod_21h,hod_22h,hod_23h,dow_mon,dow_tue,dow_wed,dow_thu,dow_fri,dow_sat,dow_sun
E06000045,E02003574,2675.0,14028.25,4622.75,12.5714285714,12.3571428571,11.1428571429,8.39285714286,12.1428571429,26.3214285714,58.5714285714,109.535714286,130.535714286,145.857142857,161.714285714,183.035714286,182.464285714,171.535714286,178.428571429,179.321428571,192.678571429,203.642857143,183.428571429,165.642857143,131.5,101.392857143,72.5357142857,40.25,2548.5,2707.25,3391.5,2653.5,2727.5,2622.5,2074.25
