zone_id,area_id,total,daytype_inweek,daytype_weekend,hod_00h,hod_01h,hod_02h,hod_03h,hod_04h,hod_05h,hod_06h,hod_07h,hod_08h,hod_09h,hod_10h,hod_11h,hod_12h,hod_13h,hod_14h,hod_15h,hod_16h,hod_17h,hod_18h,hod_19h,hod_20h,hod_21h,hod_22h,hod_23h,dow_mon,dow_tue,dow_wed,dow_thu,dow_fri,dow_sat,dow_sun
E07000040,E02004143,1106.25,5960.75,1969.0,3.17857142857,3.28571428571,2.60714285714,2.10714285714,3.57142857143,7.17857142857,13.8214285714,43.7857142857,59.3571428571,57.8571428571,70.8571428571,77.1785714286,76.3571428571,81.3571428571,77.4642857143,80.1785714286,88.5714285714,91.0357142857,75.2142857143,62.8214285714,47.5714285714,40.75,27.0714285714,13.0714285714,1167.25,1151.25,1447.75,1103.25,1091.25,981.25,801.75
