zone_id,area_id,total,daytype_inweek,daytype_weekend,hod_00h,hod_01h,hod_02h,hod_03h,hod_04h,hod_05h,hod_06h,hod_07h,hod_08h,hod_09h,hod_10h,hod_11h,hod_12h,hod_13h,hod_14h,hod_15h,hod_16h,hod_17h,hod_18h,hod_19h,hod_20h,hod_21h,hod_22h,hod_23h,dow_mon,dow_tue,dow_wed,dow_thu,dow_fri,dow_sat,dow_sun
E07000094,E02004835,6952.67857143,35925.75,12441.5,33.2142857143,55.5,48.7142857143,41.0357142857,27.1428571429,35.1785714286,74.3571428571,208.714285714,357.142857143,392.464285714,449.214285714,489.428571429,516.964285714,499.714285714,495.607142857,494.142857143,499.0,503.571428571,442.428571429,384.821428571,299.607142857,256.571428571,201.071428571,147.071428571,6728.0,6000.25,7565.5,7993.5,7638.5,7029.5,5713.5
