zone_id,area_id,total,daytype_inweek,daytype_weekend,hod_00h,hod_01h,hod_02h,hod_03h,hod_04h,hod_05h,hod_06h,hod_07h,hod_08h,hod_09h,hod_10h,hod_11h,hod_12h,hod_13h,hod_14h,hod_15h,hod_16h,hod_17h,hod_18h,hod_19h,hod_20h,hod_21h,hod_22h,hod_23h,dow_mon,dow_tue,dow_wed,dow_thu,dow_fri,dow_sat,dow_sun
E07000047,E02004232,1347.28571429,7318.75,2245.25,5.82142857143,3.78571428571,2.85714285714,3.35714285714,3.32142857143,8.39285714286,16.8214285714,42.6785714286,68.2142857143,79.5,92.5357142857,95.8928571429,99.3214285714,97.8571428571,100.571428571,98.5714285714,102.392857143,106.178571429,87.3214285714,71.9642857143,55.2142857143,48.9285714286,34.75,21.0357142857,1314.0,1439.75,1785.25,1489.5,1290.25,1181.0,931.25
