zone_id,area_id,total,daytype_inweek,daytype_weekend,hod_00h,hod_01h,hod_02h,hod_03h,hod_04h,hod_05h,hod_06h,hod_07h,hod_08h,hod_09h,hod_10h,hod_11h,hod_12h,hod_13h,hod_14h,hod_15h,hod_16h,hod_17h,hod_18h,hod_19h,hod_20h,hod_21h,hod_22h,hod_23h,dow_mon,dow_tue,dow_wed,dow_thu,dow_fri,dow_sat,dow_sun
E07000139,E02005459,1499.28571429,8035.5,2583.75,7.57142857143,5.21428571429,8.5,5.14285714286,7.96428571429,14.25,31.1071428571,67.6785714286,81.6785714286,88.5,104.25,99.6785714286,97.6428571429,102.178571429,102.714285714,101.5,109.678571429,104.392857143,92.5714285714,77.8928571429,63.25,59.75,43.6071428571,22.5714285714,1486.25,1557.5,1868.25,1535.0,1588.5,1362.0,1097.5
