zone_id,area_id,total,daytype_inweek,daytype_weekend,hod_00h,hod_01h,hod_02h,hod_03h,hod_04h,hod_05h,hod_06h,hod_07h,hod_08h,hod_09h,hod_10h,hod_11h,hod_12h,hod_13h,hod_14h,hod_15h,hod_16h,hod_17h,hod_18h,hod_19h,hod_20h,hod_21h,hod_22h,hod_23h,dow_mon,dow_tue,dow_wed,dow_thu,dow_fri,dow_sat,dow_sun
E07000204,E02006284,269.5,1477.25,438.0,1.39285714286,0.714285714286,0.321428571429,0.75,0.75,1.71428571429,4.64285714286,10.8928571429,12.9642857143,15.4642857143,16.25,16.75,18.4642857143,17.6428571429,19.3214285714,17.9285714286,20.2142857143,24.2142857143,19.2142857143,13.75,13.2142857143,10.25,8.14285714286,4.53571428571,261.75,275.75,370.0,291.75,278.0,233.0,176.25
