zone_id,area_id,total,daytype_inweek,daytype_weekend,hod_00h,hod_01h,hod_02h,hod_03h,hod_04h,hod_05h,hod_06h,hod_07h,hod_08h,hod_09h,hod_10h,hod_11h,hod_12h,hod_13h,hod_14h,hod_15h,hod_16h,hod_17h,hod_18h,hod_19h,hod_20h,hod_21h,hod_22h,hod_23h,dow_mon,dow_tue,dow_wed,dow_thu,dow_fri,dow_sat,dow_sun
E06000047,E02004335,5174.03571429,27985.5,8634.0,26.8214285714,23.8214285714,15.3214285714,10.0357142857,14.8214285714,44.25,98.4642857143,200.142857143,263.928571429,290.285714286,336.642857143,368.571428571,391.0,387.642857143,375.857142857,381.142857143,391.428571429,382.678571429,329.285714286,278.214285714,206.464285714,163.571428571,118.821428571,74.8214285714,4864.0,5434.5,6782.75,5372.75,5531.5,4462.75,3770.0
