zone_id,area_id,total,daytype_inweek,daytype_weekend,hod_00h,hod_01h,hod_02h,hod_03h,hod_04h,hod_05h,hod_06h,hod_07h,hod_08h,hod_09h,hod_10h,hod_11h,hod_12h,hod_13h,hod_14h,hod_15h,hod_16h,hod_17h,hod_18h,hod_19h,hod_20h,hod_21h,hod_22h,hod_23h,dow_mon,dow_tue,dow_wed,dow_thu,dow_fri,dow_sat,dow_sun
E07000126,E02005302,2259.39285714,11967.25,3972.25,10.5714285714,10.3928571429,9.89285714286,7.85714285714,8.89285714286,16.7857142857,35.0,84.5714285714,107.571428571,123.178571429,134.357142857,146.0,156.5,158.821428571,149.214285714,152.892857143,166.571428571,172.857142857,156.928571429,138.964285714,114.857142857,87.75,65.2857142857,43.6785714286,2187.25,2376.0,2980.25,2173.5,2250.25,2063.5,1785.0
