zone_id,area_id,total,daytype_inweek,daytype_weekend,hod_00h,hod_01h,hod_02h,hod_03h,hod_04h,hod_05h,hod_06h,hod_07h,hod_08h,hod_09h,hod_10h,hod_11h,hod_12h,hod_13h,hod_14h,hod_15h,hod_16h,hod_17h,hod_18h,hod_19h,hod_20h,hod_21h,hod_22h,hod_23h,dow_mon,dow_tue,dow_wed,dow_thu,dow_fri,dow_sat,dow_sun
E08000025,E02001871,2962.82142857,15462.5,5215.25,24.25,29.1785714286,20.3928571429,14.2857142857,15.1785714286,34.7857142857,63.3214285714,98.8571428571,123.571428571,135.357142857,160.107142857,179.214285714,194.928571429,193.142857143,200.892857143,207.857142857,217.357142857,217.678571429,208.0,186.571428571,157.785714286,124.535714286,95.9642857143,59.6071428571,2816.0,3005.75,3697.75,2838.0,3105.0,2878.0,2399.25
