zone_id,area_id,total,daytype_inweek,daytype_weekend,hod_00h,hod_01h,hod_02h,hod_03h,hod_04h,hod_05h,hod_06h,hod_07h,hod_08h,hod_09h,hod_10h,hod_11h,hod_12h,hod_13h,hod_14h,hod_15h,hod_16h,hod_17h,hod_18h,hod_19h,hod_20h,hod_21h,hod_22h,hod_23h,dow_mon,dow_tue,dow_wed,dow_thu,dow_fri,dow_sat,dow_sun
E06000034,E02003312,3426.75,18100.5,5689.75,16.5357142857,20.8928571429,12.5,12.2857142857,15.8214285714,59.3214285714,72.7857142857,104.071428571,145.392857143,175.892857143,211.428571429,239.535714286,240.928571429,253.321428571,261.821428571,234.678571429,237.5,246.035714286,216.5,197.964285714,158.464285714,138.25,101.607142857,53.2142857143,3236.25,3416.0,4399.25,3329.25,3719.75,3433.25,2453.5
