zone_id,area_id,total,daytype_inweek,daytype_weekend,hod_00h,hod_01h,hod_02h,hod_03h,hod_04h,hod_05h,hod_06h,hod_07h,hod_08h,hod_09h,hod_10h,hod_11h,hod_12h,hod_13h,hod_14h,hod_15h,hod_16h,hod_17h,hod_18h,hod_19h,hod_20h,hod_21h,hod_22h,hod_23h,dow_mon,dow_tue,dow_wed,dow_thu,dow_fri,dow_sat,dow_sun
E09000019,E02000568,2697.67857143,15036.75,4357.75,29.1071428571,30.3928571429,22.6071428571,16.4285714286,16.2142857143,19.8928571429,31.8214285714,65.9285714286,138.464285714,159.607142857,156.285714286,169.178571429,201.642857143,203.321428571,177.142857143,167.285714286,163.857142857,170.25,179.428571429,156.5,135.964285714,112.571428571,98.8928571429,74.8928571429,2564.0,2996.0,3834.25,2892.0,2750.5,2053.25,1793.75
