zone_id,area_id,total,daytype_inweek,daytype_weekend,hod_00h,hod_01h,hod_02h,hod_03h,hod_04h,hod_05h,hod_06h,hod_07h,hod_08h,hod_09h,hod_10h,hod_11h,hod_12h,hod_13h,hod_14h,hod_15h,hod_16h,hod_17h,hod_18h,hod_19h,hod_20h,hod_21h,hod_22h,hod_23h,dow_mon,dow_tue,dow_wed,dow_thu,dow_fri,dow_sat,dow_sun
E06000015,E02002825,2595.21428571,13698.5,4478.5,12.7857142857,14.9285714286,9.57142857143,9.35714285714,9.28571428571,19.2142857143,41.5,96.0714285714,141.214285714,148.785714286,160.607142857,172.75,178.392857143,174.785714286,178.178571429,178.107142857,189.678571429,194.285714286,176.714285714,154.285714286,127.214285714,96.5714285714,69.7857142857,41.1428571429,2465.0,2662.75,3355.75,2542.75,2672.25,2454.5,2013.5
