zone_id,area_id,total,daytype_inweek,daytype_weekend,hod_00h,hod_01h,hod_02h,hod_03h,hod_04h,hod_05h,hod_06h,hod_07h,hod_08h,hod_09h,hod_10h,hod_11h,hod_12h,hod_13h,hod_14h,hod_15h,hod_16h,hod_17h,hod_18h,hod_19h,hod_20h,hod_21h,hod_22h,hod_23h,dow_mon,dow_tue,dow_wed,dow_thu,dow_fri,dow_sat,dow_sun
E09000031,E02000914,2570.67857143,13271.5,4576.5,32.2142857143,30.2857142857,19.5714285714,15.3571428571,12.7857142857,20.9642857143,35.7142857143,65.3571428571,84.3214285714,117.75,135.285714286,154.285714286,164.357142857,168.214285714,174.285714286,173.714285714,174.535714286,171.25,179.357142857,179.571428571,155.071428571,130.642857143,104.571428571,71.2142857143,2419.5,2624.75,3177.75,2453.75,2595.75,2566.25,2157.0
