zone_id,area_id,total,daytype_inweek,daytype_weekend,hod_00h,hod_01h,hod_02h,hod_03h,hod_04h,hod_05h,hod_06h,hod_07h,hod_08h,hod_09h,hod_10h,hod_11h,hod_12h,hod_13h,hod_14h,hod_15h,hod_16h,hod_17h,hod_18h,hod_19h,hod_20h,hod_21h,hod_22h,hod_23h,dow_mon,dow_tue,dow_wed,dow_thu,dow_fri,dow_sat,dow_sun
E08000033,E02002266,1011.07142857,5456.0,1737.25,4.92857142857,5.64285714286,4.10714285714,2.0,2.71428571429,8.25,22.7857142857,43.8928571429,46.1785714286,53.75,59.0714285714,64.0714285714,68.0714285714,67.1071428571,68.1071428571,67.8571428571,72.6428571429,84.1071428571,70.1785714286,59.8571428571,50.8214285714,38.7142857143,28.75,17.4642857143,1018.5,1096.0,1342.75,1019.75,979.0,902.75,718.75
