zone_id,area_id,total,daytype_inweek,daytype_weekend,hod_00h,hod_01h,hod_02h,hod_03h,hod_04h,hod_05h,hod_06h,hod_07h,hod_08h,hod_09h,hod_10h,hod_11h,hod_12h,hod_13h,hod_14h,hod_15h,hod_16h,hod_17h,hod_18h,hod_19h,hod_20h,hod_21h,hod_22h,hod_23h,dow_mon,dow_tue,dow_wed,dow_thu,dow_fri,dow_sat,dow_sun
E08000003,E02006912,18269.3214286,92370.0,30209.0,155.785714286,239.535714286,210.678571429,186.857142857,151.607142857,138.892857143,235.321428571,528.392857143,941.035714286,802.035714286,804.464285714,923.928571429,1174.71428571,1237.82142857,1201.75,1275.17857143,1347.53571429,1503.0,1329.17857143,1078.14285714,865.535714286,709.0,667.964285714,560.964285714,15889.5,17409.25,22522.5,16725.25,19823.5,21195.75,14319.5
