zone_id,area_id,total,daytype_inweek,daytype_weekend,hod_00h,hod_01h,hod_02h,hod_03h,hod_04h,hod_05h,hod_06h,hod_07h,hod_08h,hod_09h,hod_10h,hod_11h,hod_12h,hod_13h,hod_14h,hod_15h,hod_16h,hod_17h,hod_18h,hod_19h,hod_20h,hod_21h,hod_22h,hod_23h,dow_mon,dow_tue,dow_wed,dow_thu,dow_fri,dow_sat,dow_sun
S12000017,S02002029,937.357142857,5163.0,1578.5,1.92857142857,2.28571428571,2.60714285714,2.71428571429,3.35714285714,12.9285714286,28.2857142857,56.5714285714,64.8214285714,53.3214285714,55.9285714286,58.1428571429,61.1071428571,64.7857142857,64.1785714286,74.0,83.8928571429,69.8214285714,54.5,44.1428571429,35.8214285714,24.4642857143,14.0,3.75,975.25,991.5,1241.25,995.25,959.75,795.25,603.25
