zone_id,area_id,total,daytype_inweek,daytype_weekend,hod_00h,hod_01h,hod_02h,hod_03h,hod_04h,hod_05h,hod_06h,hod_07h,hod_08h,hod_09h,hod_10h,hod_11h,hod_12h,hod_13h,hod_14h,hod_15h,hod_16h,hod_17h,hod_18h,hod_19h,hod_20h,hod_21h,hod_22h,hod_23h,dow_mon,dow_tue,dow_wed,dow_thu,dow_fri,dow_sat,dow_sun
S12000017,S02001986,2278.10714286,11932.75,3965.75,6.78571428571,6.07142857143,4.75,4.71428571429,5.75,19.1785714286,53.0,110.607142857,128.928571429,124.214285714,138.392857143,150.0,155.714285714,163.321428571,166.321428571,180.178571429,198.5,195.964285714,142.464285714,104.107142857,81.7142857143,68.3928571429,46.75,22.2857142857,2187.25,2300.75,2864.0,2293.25,2287.5,2235.5,1778.5
