zone_id,area_id,total,daytype_inweek,daytype_weekend,hod_00h,hod_01h,hod_02h,hod_03h,hod_04h,hod_05h,hod_06h,hod_07h,hod_08h,hod_09h,hod_10h,hod_11h,hod_12h,hod_13h,hod_14h,hod_15h,hod_16h,hod_17h,hod_18h,hod_19h,hod_20h,hod_21h,hod_22h,hod_23h,dow_mon,dow_tue,dow_wed,dow_thu,dow_fri,dow_sat,dow_sun
E06000043,E02003523,4089.53571429,21846.0,6868.75,17.4642857143,19.75,13.3571428571,12.2142857143,10.25,20.5714285714,64.4642857143,174.357142857,259.035714286,245.464285714,256.357142857,281.464285714,282.464285714,277.0,277.25,280.964285714,301.642857143,311.571428571,277.714285714,227.428571429,177.5,135.714285714,105.821428571,59.7142857143,3825.5,4288.75,5304.75,4115.75,4311.25,3737.5,3043.25
