zone_id,area_id,total,daytype_inweek,daytype_weekend,hod_00h,hod_01h,hod_02h,hod_03h,hod_04h,hod_05h,hod_06h,hod_07h,hod_08h,hod_09h,hod_10h,hod_11h,hod_12h,hod_13h,hod_14h,hod_15h,hod_16h,hod_17h,hod_18h,hod_19h,hod_20h,hod_21h,hod_22h,hod_23h,dow_mon,dow_tue,dow_wed,dow_thu,dow_fri,dow_sat,dow_sun
E06000047,E02004346,1685.42857143,8715.25,3123.5,6.78571428571,4.85714285714,3.42857142857,3.0,5.67857142857,11.7857142857,29.0,64.4285714286,89.5,98.8928571429,120.178571429,137.928571429,134.642857143,135.857142857,139.464285714,131.0,133.0,120.607142857,94.6428571429,70.9285714286,57.7857142857,44.5714285714,31.2142857143,16.25,1745.5,1706.75,2174.75,1537.75,1550.5,1704.75,1378.0
