zone_id,area_id,total,daytype_inweek,daytype_weekend,hod_00h,hod_01h,hod_02h,hod_03h,hod_04h,hod_05h,hod_06h,hod_07h,hod_08h,hod_09h,hod_10h,hod_11h,hod_12h,hod_13h,hod_14h,hod_15h,hod_16h,hod_17h,hod_18h,hod_19h,hod_20h,hod_21h,hod_22h,hod_23h,dow_mon,dow_tue,dow_wed,dow_thu,dow_fri,dow_sat,dow_sun
E08000025,E02001833,2388.57142857,12604.75,4190.75,16.2857142857,20.1071428571,11.7857142857,10.3214285714,12.2142857143,24.0714285714,46.1785714286,88.1428571429,112.392857143,126.178571429,134.642857143,149.035714286,161.392857143,155.178571429,160.928571429,161.285714286,167.892857143,180.5,165.928571429,147.25,117.714285714,97.9285714286,74.0714285714,47.1428571429,2337.75,2453.25,3050.0,2354.75,2409.0,2262.25,1853.0
