zone_id,area_id,total,daytype_inweek,daytype_weekend,hod_00h,hod_01h,hod_02h,hod_03h,hod_04h,hod_05h,hod_06h,hod_07h,hod_08h,hod_09h,hod_10h,hod_11h,hod_12h,hod_13h,hod_14h,hod_15h,hod_16h,hod_17h,hod_18h,hod_19h,hod_20h,hod_21h,hod_22h,hod_23h,dow_mon,dow_tue,dow_wed,dow_thu,dow_fri,dow_sat,dow_sun
W06000018,W02000297,928.928571429,5074.5,1570.5,4.42857142857,3.25,2.42857142857,1.67857142857,3.14285714286,7.60714285714,17.3928571429,35.6071428571,50.9285714286,50.4642857143,53.0357142857,61.5,64.4285714286,63.1071428571,65.7857142857,63.7857142857,73.0714285714,75.1071428571,61.1785714286,54.0357142857,41.6071428571,35.8571428571,25.9285714286,13.5714285714,907.25,969.5,1247.75,968.0,982.0,764.75,663.25
