zone_id,area_id,total,daytype_inweek,daytype_weekend,hod_00h,hod_01h,hod_02h,hod_03h,hod_04h,hod_05h,hod_06h,hod_07h,hod_08h,hod_09h,hod_10h,hod_11h,hod_12h,hod_13h,hod_14h,hod_15h,hod_16h,hod_17h,hod_18h,hod_19h,hod_20h,hod_21h,hod_22h,hod_23h,dow_mon,dow_tue,dow_wed,dow_thu,dow_fri,dow_sat,dow_sun
W06000014,W02000248,4543.5,23870.25,8106.25,24.25,19.5,17.5714285714,13.9642857143,13.9285714286,25.5357142857,57.1785714286,122.392857143,216.571428571,236.678571429,277.678571429,312.5,345.714285714,349.535714286,342.535714286,336.892857143,345.892857143,348.607142857,306.535714286,265.25,210.964285714,160.0,119.285714286,74.5357142857,4463.5,4859.5,5782.0,4294.25,4471.0,4291.5,3642.75
