zone_id,area_id,total,daytype_inweek,daytype_weekend,hod_00h,hod_01h,hod_02h,hod_03h,hod_04h,hod_05h,hod_06h,hod_07h,hod_08h,hod_09h,hod_10h,hod_11h,hod_12h,hod_13h,hod_14h,hod_15h,hod_16h,hod_17h,hod_18h,hod_19h,hod_20h,hod_21h,hod_22h,hod_23h,dow_mon,dow_tue,dow_wed,dow_thu,dow_fri,dow_sat,dow_sun
E06000052,E02003948,5735.32142857,30923.75,10029.5,16.8571428571,14.1071428571,11.7857142857,11.1785714286,13.9285714286,25.6428571429,63.6071428571,175.321428571,244.392857143,322.75,425.178571429,465.178571429,446.857142857,436.821428571,433.142857143,439.035714286,479.464285714,458.0,378.714285714,287.392857143,217.357142857,168.964285714,128.035714286,71.6071428571,5729.25,6064.0,7663.0,5932.0,5535.5,4923.25,4300.25
