zone_id,area_id,total,daytype_inweek,daytype_weekend,hod_00h,hod_01h,hod_02h,hod_03h,hod_04h,hod_05h,hod_06h,hod_07h,hod_08h,hod_09h,hod_10h,hod_11h,hod_12h,hod_13h,hod_14h,hod_15h,hod_16h,hod_17h,hod_18h,hod_19h,hod_20h,hod_21h,hod_22h,hod_23h,dow_mon,dow_tue,dow_wed,dow_thu,dow_fri,dow_sat,dow_sun
E07000099,E02004919,1784.14285714,9633.0,3071.75,9.35714285714,9.82142857143,7.35714285714,6.32142857143,4.71428571429,8.92857142857,25.7142857143,57.9285714286,103.892857143,96.5,107.75,107.75,118.035714286,125.321428571,118.535714286,120.142857143,122.071428571,138.678571429,126.678571429,112.75,86.5,76.6071428571,60.5,32.2857142857,1754.0,1879.75,2358.0,1821.5,1819.75,1538.25,1317.75
