zone_id,area_id,total,daytype_inweek,daytype_weekend,hod_00h,hod_01h,hod_02h,hod_03h,hod_04h,hod_05h,hod_06h,hod_07h,hod_08h,hod_09h,hod_10h,hod_11h,hod_12h,hod_13h,hod_14h,hod_15h,hod_16h,hod_17h,hod_18h,hod_19h,hod_20h,hod_21h,hod_22h,hod_23h,dow_mon,dow_tue,dow_wed,dow_thu,dow_fri,dow_sat,dow_sun
E09000014,E02000409,1506.75,7684.0,2826.75,21.3928571429,18.75,13.5,10.0,7.17857142857,12.0714285714,16.5714285714,27.8928571429,51.3214285714,71.6785714286,82.3928571429,90.6071428571,101.25,104.357142857,104.964285714,100.857142857,100.714285714,97.8214285714,99.7142857143,98.75,93.3571428571,74.25,61.4642857143,45.8928571429,1486.5,1525.75,1815.25,1400.25,1456.25,1523.0,1340.25
