zone_id,area_id,total,daytype_inweek,daytype_weekend,hod_00h,hod_01h,hod_02h,hod_03h,hod_04h,hod_05h,hod_06h,hod_07h,hod_08h,hod_09h,hod_10h,hod_11h,hod_12h,hod_13h,hod_14h,hod_15h,hod_16h,hod_17h,hod_18h,hod_19h,hod_20h,hod_21h,hod_22h,hod_23h,dow_mon,dow_tue,dow_wed,dow_thu,dow_fri,dow_sat,dow_sun
E06000023,E02003028,3550.57142857,19562.0,5874.5,18.6428571429,19.6071428571,17.6785714286,14.7857142857,15.0714285714,24.4285714286,49.6428571429,138.678571429,225.785714286,217.464285714,207.178571429,208.035714286,213.071428571,221.428571429,223.392857143,226.714285714,250.964285714,271.035714286,259.642857143,214.0,183.357142857,143.357142857,112.964285714,73.6428571429,3416.5,3917.0,4921.0,3811.75,3495.75,2834.0,2458.0
