zone_id,area_id,total,daytype_inweek,daytype_weekend,hod_00h,hod_01h,hod_02h,hod_03h,hod_04h,hod_05h,hod_06h,hod_07h,hod_08h,hod_09h,hod_10h,hod_11h,hod_12h,hod_13h,hod_14h,hod_15h,hod_16h,hod_17h,hod_18h,hod_19h,hod_20h,hod_21h,hod_22h,hod_23h,dow_mon,dow_tue,dow_wed,dow_thu,dow_fri,dow_sat,dow_sun
S12000033,S02001266,3415.21428571,18216.75,6047.75,15.8214285714,20.0,16.4285714286,15.8928571429,19.25,48.3214285714,96.25,172.714285714,195.785714286,178.0,176.142857143,193.035714286,215.964285714,216.142857143,228.25,237.892857143,260.857142857,254.785714286,232.035714286,193.571428571,160.892857143,131.857142857,87.5357142857,47.7857142857,3440.5,3568.5,4398.5,3275.5,3533.75,3082.5,2607.25
