zone_id,area_id,total,daytype_inweek,daytype_weekend,hod_00h,hod_01h,hod_02h,hod_03h,hod_04h,hod_05h,hod_06h,hod_07h,hod_08h,hod_09h,hod_10h,hod_11h,hod_12h,hod_13h,hod_14h,hod_15h,hod_16h,hod_17h,hod_18h,hod_19h,hod_20h,hod_21h,hod_22h,hod_23h,dow_mon,dow_tue,dow_wed,dow_thu,dow_fri,dow_sat,dow_sun
E08000006,E02001169,2686.03571429,14442.0,4516.75,13.7857142857,12.4285714286,6.75,6.71428571429,6.82142857143,20.1071428571,46.2857142857,101.178571429,131.857142857,146.0,163.214285714,176.035714286,188.392857143,180.071428571,180.607142857,183.357142857,194.321428571,203.464285714,182.428571429,169.964285714,134.535714286,106.25,80.6071428571,50.8571428571,2544.75,2761.25,3513.75,2840.25,2782.0,2388.25,1972.0
