zone_id,area_id,total,daytype_inweek,daytype_weekend,hod_00h,hod_01h,hod_02h,hod_03h,hod_04h,hod_05h,hod_06h,hod_07h,hod_08h,hod_09h,hod_10h,hod_11h,hod_12h,hod_13h,hod_14h,hod_15h,hod_16h,hod_17h,hod_18h,hod_19h,hod_20h,hod_21h,hod_22h,hod_23h,dow_mon,dow_tue,dow_wed,dow_thu,dow_fri,dow_sat,dow_sun
E07000240,E02004933,1737.89285714,9228.75,3071.25,11.2142857143,9.14285714286,6.17857142857,4.21428571429,3.5,7.32142857143,17.0,47.0357142857,90.0,105.392857143,118.321428571,120.178571429,128.107142857,116.464285714,117.357142857,121.714285714,116.5,127.821428571,116.321428571,111.321428571,88.6071428571,67.1785714286,53.3214285714,33.6785714286,1711.0,1756.25,2319.5,1702.0,1740.0,1576.25,1360.25
