zone_id,area_id,total,daytype_inweek,daytype_weekend,hod_00h,hod_01h,hod_02h,hod_03h,hod_04h,hod_05h,hod_06h,hod_07h,hod_08h,hod_09h,hod_10h,hod_11h,hod_12h,hod_13h,hod_14h,hod_15h,hod_16h,hod_17h,hod_18h,hod_19h,hod_20h,hod_21h,hod_22h,hod_23h,dow_mon,dow_tue,dow_wed,dow_thu,dow_fri,dow_sat,dow_sun
E07000070,E02004492,3417.39285714,18018.75,5919.5,15.3928571429,16.2857142857,12.8928571429,10.9285714286,12.1785714286,22.7857142857,55.1785714286,127.142857143,193.964285714,204.428571429,223.142857143,233.321428571,249.071428571,235.857142857,231.142857143,233.142857143,241.5,251.857142857,225.178571429,197.821428571,156.392857143,121.035714286,89.6428571429,57.1071428571,3243.5,3497.5,4520.25,3319.5,3438.0,3227.0,2676.0
