zone_id,area_id,total,daytype_inweek,daytype_weekend,hod_00h,hod_01h,hod_02h,hod_03h,hod_04h,hod_05h,hod_06h,hod_07h,hod_08h,hod_09h,hod_10h,hod_11h,hod_12h,hod_13h,hod_14h,hod_15h,hod_16h,hod_17h,hod_18h,hod_19h,hod_20h,hod_21h,hod_22h,hod_23h,dow_mon,dow_tue,dow_wed,dow_thu,dow_fri,dow_sat,dow_sun
E07000137,E02005438,2482.10714286,12356.5,4691.25,10.1071428571,11.5,9.46428571429,5.78571428571,7.0,10.7857142857,24.6785714286,54.0,85.8928571429,133.392857143,191.285714286,221.428571429,216.107142857,199.964285714,194.142857143,204.928571429,191.5,179.607142857,156.857142857,113.964285714,93.8928571429,69.6785714286,57.4285714286,38.7142857143,2323.5,2508.25,2971.5,2188.5,2364.75,2650.5,2367.75
