zone_id,area_id,total,daytype_inweek,daytype_weekend,hod_00h,hod_01h,hod_02h,hod_03h,hod_04h,hod_05h,hod_06h,hod_07h,hod_08h,hod_09h,hod_10h,hod_11h,hod_12h,hod_13h,hod_14h,hod_15h,hod_16h,hod_17h,hod_18h,hod_19h,hod_20h,hod_21h,hod_22h,hod_23h,dow_mon,dow_tue,dow_wed,dow_thu,dow_fri,dow_sat,dow_sun
E06000007,E02002607,15832.2857143,84243.75,25840.5,69.5,79.3571428571,61.25,56.3928571429,60.0,114.321428571,214.714285714,497.035714286,822.178571429,860.357142857,998.214285714,1121.28571429,1241.25,1257.5,1225.21428571,1174.92857143,1207.03571429,1201.46428571,995.428571429,826.392857143,653.714285714,485.107142857,374.821428571,234.821428571,14481.75,16449.0,20428.75,16486.75,16397.5,15223.5,11358.75
