zone_id,area_id,total,daytype_inweek,daytype_weekend,hod_00h,hod_01h,hod_02h,hod_03h,hod_04h,hod_05h,hod_06h,hod_07h,hod_08h,hod_09h,hod_10h,hod_11h,hod_12h,hod_13h,hod_14h,hod_15h,hod_16h,hod_17h,hod_18h,hod_19h,hod_20h,hod_21h,hod_22h,hod_23h,dow_mon,dow_tue,dow_wed,dow_thu,dow_fri,dow_sat,dow_sun
E07000196,E02006186,964.0,5065.75,1741.25,4.53571428571,4.71428571429,2.21428571429,1.71428571429,2.92857142857,6.71428571429,13.7857142857,31.0714285714,44.5357142857,56.7857142857,61.4285714286,63.3571428571,66.25,68.7857142857,64.8571428571,63.9642857143,66.9642857143,64.8571428571,67.0357142857,56.7142857143,46.6428571429,43.5,36.5357142857,24.1071428571,954.25,972.5,1297.25,977.25,864.5,895.25,787.0
