zone_id,area_id,total,daytype_inweek,daytype_weekend,hod_00h,hod_01h,hod_02h,hod_03h,hod_04h,hod_05h,hod_06h,hod_07h,hod_08h,hod_09h,hod_10h,hod_11h,hod_12h,hod_13h,hod_14h,hod_15h,hod_16h,hod_17h,hod_18h,hod_19h,hod_20h,hod_21h,hod_22h,hod_23h,dow_mon,dow_tue,dow_wed,dow_thu,dow_fri,dow_sat,dow_sun
E09000021,E02000606,5400.35714286,27552.5,9587.25,37.0714285714,35.5714285714,24.6785714286,25.8214285714,19.3571428571,18.9285714286,59.25,125.535714286,240.857142857,266.821428571,309.571428571,366.107142857,416.964285714,436.25,425.25,412.107142857,406.142857143,413.714285714,374.321428571,296.964285714,240.607142857,185.107142857,147.428571429,115.928571429,5110.0,5265.75,6559.5,5242.0,5375.25,5772.75,4477.25
