zone_id,area_id,total,daytype_inweek,daytype_weekend,hod_00h,hod_01h,hod_02h,hod_03h,hod_04h,hod_05h,hod_06h,hod_07h,hod_08h,hod_09h,hod_10h,hod_11h,hod_12h,hod_13h,hod_14h,hod_15h,hod_16h,hod_17h,hod_18h,hod_19h,hod_20h,hod_21h,hod_22h,hod_23h,dow_mon,dow_tue,dow_wed,dow_thu,dow_fri,dow_sat,dow_sun
E07000180,E02005981,2048.14285714,10947.75,3523.75,7.67857142857,7.96428571429,4.17857142857,4.53571428571,5.03571428571,9.39285714286,24.7142857143,86.8214285714,109.928571429,112.285714286,137.678571429,144.0,147.142857143,140.75,132.142857143,142.0,154.964285714,155.928571429,140.285714286,125.785714286,100.5,76.9285714286,49.3214285714,28.1785714286,2001.0,2102.25,2654.75,2102.0,2087.75,1866.5,1522.75
