zone_id,area_id,total,daytype_inweek,daytype_weekend,hod_00h,hod_01h,hod_02h,hod_03h,hod_04h,hod_05h,hod_06h,hod_07h,hod_08h,hod_09h,hod_10h,hod_11h,hod_12h,hod_13h,hod_14h,hod_15h,hod_16h,hod_17h,hod_18h,hod_19h,hod_20h,hod_21h,hod_22h,hod_23h,dow_mon,dow_tue,dow_wed,dow_thu,dow_fri,dow_sat,dow_sun
E06000047,E02004354,3805.92857143,20122.75,6362.0,14.5,12.5357142857,12.3571428571,8.67857142857,12.6428571429,27.9642857143,60.8214285714,159.964285714,196.357142857,226.714285714,253.321428571,281.464285714,286.642857143,282.535714286,281.107142857,277.035714286,291.392857143,291.107142857,235.821428571,200.178571429,158.607142857,112.0,77.2142857143,44.9642857143,3539.75,3899.25,5036.75,3744.25,3902.75,3696.5,2822.25
