zone_id,area_id,total,daytype_inweek,daytype_weekend,hod_00h,hod_01h,hod_02h,hod_03h,hod_04h,hod_05h,hod_06h,hod_07h,hod_08h,hod_09h,hod_10h,hod_11h,hod_12h,hod_13h,hod_14h,hod_15h,hod_16h,hod_17h,hod_18h,hod_19h,hod_20h,hod_21h,hod_22h,hod_23h,dow_mon,dow_tue,dow_wed,dow_thu,dow_fri,dow_sat,dow_sun
S12000029,S02002385,1064.28571429,5828.25,1850.0,4.96428571429,5.03571428571,3.28571428571,1.85714285714,3.17857142857,8.53571428571,18.75,43.6785714286,65.8571428571,58.1428571429,57.3928571429,63.7142857143,69.1428571429,73.3214285714,77.3214285714,82.1785714286,83.0357142857,76.1785714286,74.8571428571,61.3928571429,51.4642857143,37.5357142857,26.4642857143,17.0,1109.0,1148.25,1365.25,1093.75,1112.0,880.75,741.0
