zone_id,area_id,total,daytype_inweek,daytype_weekend,hod_00h,hod_01h,hod_02h,hod_03h,hod_04h,hod_05h,hod_06h,hod_07h,hod_08h,hod_09h,hod_10h,hod_11h,hod_12h,hod_13h,hod_14h,hod_15h,hod_16h,hod_17h,hod_18h,hod_19h,hod_20h,hod_21h,hod_22h,hod_23h,dow_mon,dow_tue,dow_wed,dow_thu,dow_fri,dow_sat,dow_sun
E06000035,E02003328,8903.07142857,47078.0,15008.75,48.1428571429,50.75,44.9642857143,38.25,29.8928571429,62.3571428571,125.5,294.75,454.142857143,496.857142857,561.214285714,616.821428571,661.107142857,648.785714286,628.571428571,622.357142857,631.928571429,671.0,581.857142857,486.357142857,410.607142857,334.035714286,250.107142857,152.714285714,8463.25,9162.5,11467.5,8813.5,9171.25,8698.0,6545.5
