zone_id,area_id,total,daytype_inweek,daytype_weekend,hod_00h,hod_01h,hod_02h,hod_03h,hod_04h,hod_05h,hod_06h,hod_07h,hod_08h,hod_09h,hod_10h,hod_11h,hod_12h,hod_13h,hod_14h,hod_15h,hod_16h,hod_17h,hod_18h,hod_19h,hod_20h,hod_21h,hod_22h,hod_23h,dow_mon,dow_tue,dow_wed,dow_thu,dow_fri,dow_sat,dow_sun
E08000029,E02002099,6340.10714286,33093.0,10721.0,30.3928571429,31.8214285714,23.4285714286,21.9642857143,14.7857142857,25.6071428571,61.8928571429,160.892857143,308.178571429,348.821428571,419.535714286,454.571428571,506.678571429,511.035714286,501.464285714,488.571428571,465.964285714,475.321428571,415.142857143,333.964285714,271.642857143,195.357142857,159.678571429,113.392857143,5901.75,6251.75,8124.25,6298.0,6517.25,6468.5,4819.25
