zone_id,area_id,total,daytype_inweek,daytype_weekend,hod_00h,hod_01h,hod_02h,hod_03h,hod_04h,hod_05h,hod_06h,hod_07h,hod_08h,hod_09h,hod_10h,hod_11h,hod_12h,hod_13h,hod_14h,hod_15h,hod_16h,hod_17h,hod_18h,hod_19h,hod_20h,hod_21h,hod_22h,hod_23h,dow_mon,dow_tue,dow_wed,dow_thu,dow_fri,dow_sat,dow_sun
E06000003,E02002515,2045.67857143,10880.25,3323.5,8.39285714286,8.57142857143,7.0,4.57142857143,6.0,16.9285714286,28.0,67.8928571429,101.071428571,108.892857143,127.571428571,149.25,165.392857143,164.642857143,159.357142857,163.5,159.357142857,155.0,128.25,104.0,80.75,61.6785714286,45.25,24.3571428571,1859.0,2170.0,2674.75,2049.75,2126.75,1975.0,1464.5
