zone_id,area_id,total,daytype_inweek,daytype_weekend,hod_00h,hod_01h,hod_02h,hod_03h,hod_04h,hod_05h,hod_06h,hod_07h,hod_08h,hod_09h,hod_10h,hod_11h,hod_12h,hod_13h,hod_14h,hod_15h,hod_16h,hod_17h,hod_18h,hod_19h,hod_20h,hod_21h,hod_22h,hod_23h,dow_mon,dow_tue,dow_wed,dow_thu,dow_fri,dow_sat,dow_sun
E07000083,E02004667,1709.5,9253.75,3058.5,8.75,5.64285714286,5.14285714286,5.39285714286,7.42857142857,14.1071428571,26.2857142857,61.4285714286,102.214285714,108.571428571,106.964285714,120.392857143,109.178571429,108.821428571,105.357142857,108.571428571,121.25,124.928571429,113.714285714,97.7857142857,78.7857142857,72.5714285714,59.1428571429,37.0714285714,1794.75,1843.5,2320.5,1710.25,1584.75,1449.0,1263.75
