zone_id,area_id,total,daytype_inweek,daytype_weekend,hod_00h,hod_01h,hod_02h,hod_03h,hod_04h,hod_05h,hod_06h,hod_07h,hod_08h,hod_09h,hod_10h,hod_11h,hod_12h,hod_13h,hod_14h,hod_15h,hod_16h,hod_17h,hod_18h,hod_19h,hod_20h,hod_21h,hod_22h,hod_23h,dow_mon,dow_tue,dow_wed,dow_thu,dow_fri,dow_sat,dow_sun
E08000031,E02002150,2964.10714286,16119.0,4892.0,17.6428571429,20.2142857143,15.4285714286,11.0714285714,12.2857142857,35.3571428571,77.2142857143,132.357142857,174.392857143,149.464285714,165.714285714,174.321428571,193.964285714,198.142857143,189.392857143,197.857142857,220.821428571,229.785714286,190.5,163.535714286,138.107142857,118.464285714,83.7142857143,54.3571428571,2807.0,3260.0,3927.25,3037.25,3087.5,2544.75,2085.0
