zone_id,area_id,total,daytype_inweek,daytype_weekend,hod_00h,hod_01h,hod_02h,hod_03h,hod_04h,hod_05h,hod_06h,hod_07h,hod_08h,hod_09h,hod_10h,hod_11h,hod_12h,hod_13h,hod_14h,hod_15h,hod_16h,hod_17h,hod_18h,hod_19h,hod_20h,hod_21h,hod_22h,hod_23h,dow_mon,dow_tue,dow_wed,dow_thu,dow_fri,dow_sat,dow_sun
S12000035,S02001381,184.071428571,999.25,328.0,0.0714285714286,0.321428571429,0.5,0.0714285714286,0.321428571429,0.678571428571,2.28571428571,7.85714285714,10.1071428571,9.64285714286,11.1785714286,10.3928571429,12.0714285714,13.0,14.5,15.25,15.7142857143,11.6071428571,12.5714285714,10.4642857143,8.92857142857,8.25,4.82142857143,3.46428571429,198.75,194.75,248.0,187.5,170.25,160.0,129.25
