zone_id,area_id,total,daytype_inweek,daytype_weekend,hod_00h,hod_01h,hod_02h,hod_03h,hod_04h,hod_05h,hod_06h,hod_07h,hod_08h,hod_09h,hod_10h,hod_11h,hod_12h,hod_13h,hod_14h,hod_15h,hod_16h,hod_17h,hod_18h,hod_19h,hod_20h,hod_21h,hod_22h,hod_23h,dow_mon,dow_tue,dow_wed,dow_thu,dow_fri,dow_sat,dow_sun
S12000035,S02001379,436.714285714,2470.5,754.5,0.785714285714,1.28571428571,1.60714285714,1.75,3.03571428571,5.67857142857,10.6428571429,16.2142857143,21.5,26.5714285714,33.9642857143,38.5714285714,33.7857142857,34.7142857143,34.3571428571,38.0714285714,35.25,29.4642857143,22.1428571429,17.1428571429,13.1071428571,9.67857142857,4.75,2.64285714286,481.25,500.5,618.75,503.25,366.75,313.25,273.25
