zone_id,area_id,total,daytype_inweek,daytype_weekend,hod_00h,hod_01h,hod_02h,hod_03h,hod_04h,hod_05h,hod_06h,hod_07h,hod_08h,hod_09h,hod_10h,hod_11h,hod_12h,hod_13h,hod_14h,hod_15h,hod_16h,hod_17h,hod_18h,hod_19h,hod_20h,hod_21h,hod_22h,hod_23h,dow_mon,dow_tue,dow_wed,dow_thu,dow_fri,dow_sat,dow_sun
E09000014,E02000415,1551.35714286,7956.0,2882.5,20.2857142857,18.5714285714,13.25,10.25,7.32142857143,11.6071428571,20.1428571429,39.1785714286,50.5,70.6785714286,85.8214285714,92.3928571429,99.7142857143,111.214285714,105.571428571,107.0,102.714285714,103.857142857,106.25,103.964285714,90.4642857143,73.5357142857,59.6071428571,47.4642857143,1518.75,1580.0,1938.0,1451.75,1467.5,1539.75,1363.75
