zone_id,area_id,total,daytype_inweek,daytype_weekend,hod_00h,hod_01h,hod_02h,hod_03h,hod_04h,hod_05h,hod_06h,hod_07h,hod_08h,hod_09h,hod_10h,hod_11h,hod_12h,hod_13h,hod_14h,hod_15h,hod_16h,hod_17h,hod_18h,hod_19h,hod_20h,hod_21h,hod_22h,hod_23h,dow_mon,dow_tue,dow_wed,dow_thu,dow_fri,dow_sat,dow_sun
E08000017,E02001557,8711.96428571,44942.0,15126.75,37.9285714286,50.25,39.6785714286,37.0357142857,45.5714285714,114.785714286,152.642857143,322.178571429,426.035714286,449.25,524.535714286,599.714285714,655.464285714,645.857142857,646.464285714,608.714285714,644.678571429,644.464285714,557.392857143,470.964285714,394.821428571,309.892857143,215.821428571,117.821428571,8087.75,8900.5,10846.5,8195.0,8912.25,9002.75,7039.0
