zone_id,area_id,total,daytype_inweek,daytype_weekend,hod_00h,hod_01h,hod_02h,hod_03h,hod_04h,hod_05h,hod_06h,hod_07h,hod_08h,hod_09h,hod_10h,hod_11h,hod_12h,hod_13h,hod_14h,hod_15h,hod_16h,hod_17h,hod_18h,hod_19h,hod_20h,hod_21h,hod_22h,hod_23h,dow_mon,dow_tue,dow_wed,dow_thu,dow_fri,dow_sat,dow_sun
E08000004,E02001117,1997.0,10231.0,3635.5,10.9285714286,10.8571428571,5.0,5.5,4.85714285714,9.64285714286,25.0,67.6785714286,101.214285714,106.464285714,120.785714286,132.178571429,149.5,144.821428571,144.107142857,143.857142857,157.571428571,154.321428571,134.964285714,119.571428571,93.4642857143,70.5714285714,52.0357142857,32.1071428571,1873.75,1973.0,2503.75,1900.0,1980.5,1986.25,1761.75
