zone_id,area_id,total,daytype_inweek,daytype_weekend,hod_00h,hod_01h,hod_02h,hod_03h,hod_04h,hod_05h,hod_06h,hod_07h,hod_08h,hod_09h,hod_10h,hod_11h,hod_12h,hod_13h,hod_14h,hod_15h,hod_16h,hod_17h,hod_18h,hod_19h,hod_20h,hod_21h,hod_22h,hod_23h,dow_mon,dow_tue,dow_wed,dow_thu,dow_fri,dow_sat,dow_sun
E08000003,E02001080,3756.21428571,20190.75,6356.5,40.2142857143,47.7857142857,36.1785714286,29.4642857143,26.3928571429,30.25,50.4642857143,129.928571429,201.821428571,172.464285714,180.107142857,198.714285714,218.285714286,218.785714286,227.535714286,237.428571429,261.964285714,286.285714286,272.607142857,244.5,213.964285714,175.392857143,148.428571429,107.25,3551.25,3978.0,5020.25,3844.75,3796.5,3297.5,2805.25
