zone_id,area_id,total,daytype_inweek,daytype_weekend,hod_00h,hod_01h,hod_02h,hod_03h,hod_04h,hod_05h,hod_06h,hod_07h,hod_08h,hod_09h,hod_10h,hod_11h,hod_12h,hod_13h,hod_14h,hod_15h,hod_16h,hod_17h,hod_18h,hod_19h,hod_20h,hod_21h,hod_22h,hod_23h,dow_mon,dow_tue,dow_wed,dow_thu,dow_fri,dow_sat,dow_sun
S12000044,S02002181,2313.28571429,12578.25,4014.5,12.25,13.3571428571,12.0714285714,9.64285714286,10.75,33.5,59.1428571429,94.0357142857,134.214285714,116.285714286,117.892857143,127.357142857,141.178571429,153.0,163.642857143,157.035714286,166.464285714,172.25,154.464285714,147.821428571,113.892857143,99.6428571429,67.0714285714,36.3214285714,2361.25,2450.75,2999.0,2446.5,2320.75,1961.5,1653.25
