zone_id,area_id,total,daytype_inweek,daytype_weekend,hod_00h,hod_01h,hod_02h,hod_03h,hod_04h,hod_05h,hod_06h,hod_07h,hod_08h,hod_09h,hod_10h,hod_11h,hod_12h,hod_13h,hod_14h,hod_15h,hod_16h,hod_17h,hod_18h,hod_19h,hod_20h,hod_21h,hod_22h,hod_23h,dow_mon,dow_tue,dow_wed,dow_thu,dow_fri,dow_sat,dow_sun
E06000030,E02003219,9936.42857143,54540.0,16481.25,51.0714285714,58.8571428571,42.3571428571,36.1071428571,68.8571428571,193.964285714,264.107142857,506.285714286,546.0,528.964285714,563.607142857,576.285714286,649.321428571,683.678571429,720.25,655.571428571,721.392857143,712.714285714,632.75,524.535714286,420.178571429,337.392857143,290.392857143,151.785714286,9549.0,10678.75,13716.0,10386.25,10210.0,8082.75,6932.25
