zone_id,area_id,total,daytype_inweek,daytype_weekend,hod_00h,hod_01h,hod_02h,hod_03h,hod_04h,hod_05h,hod_06h,hod_07h,hod_08h,hod_09h,hod_10h,hod_11h,hod_12h,hod_13h,hod_14h,hod_15h,hod_16h,hod_17h,hod_18h,hod_19h,hod_20h,hod_21h,hod_22h,hod_23h,dow_mon,dow_tue,dow_wed,dow_thu,dow_fri,dow_sat,dow_sun
E07000117,E02005181,1211.10714286,6602.25,2028.5,10.1785714286,8.92857142857,5.71428571429,5.92857142857,6.25,8.21428571429,15.4285714286,34.5714285714,46.2857142857,55.3214285714,65.25,67.7857142857,76.0714285714,85.4285714286,88.3214285714,88.3928571429,89.4285714286,94.7857142857,89.7142857143,75.3214285714,67.1071428571,56.9285714286,41.2857142857,28.4642857143,1197.75,1345.5,1659.25,1242.5,1157.25,1044.75,830.75
