zone_id,area_id,total,daytype_inweek,daytype_weekend,hod_00h,hod_01h,hod_02h,hod_03h,hod_04h,hod_05h,hod_06h,hod_07h,hod_08h,hod_09h,hod_10h,hod_11h,hod_12h,hod_13h,hod_14h,hod_15h,hod_16h,hod_17h,hod_18h,hod_19h,hod_20h,hod_21h,hod_22h,hod_23h,dow_mon,dow_tue,dow_wed,dow_thu,dow_fri,dow_sat,dow_sun
E06000020,E02002941,5537.07142857,29668.5,9381.5,28.5714285714,24.9642857143,16.8571428571,14.2142857143,15.6071428571,49.8571428571,103.178571429,200.464285714,300.857142857,300.285714286,338.321428571,363.928571429,389.714285714,401.25,405.464285714,387.714285714,417.0,422.571428571,367.321428571,303.5,245.285714286,192.5,156.892857143,90.75,5333.0,5686.5,7279.5,5549.25,5820.25,5042.5,4048.5
