zone_id,area_id,total,daytype_inweek,daytype_weekend,hod_00h,hod_01h,hod_02h,hod_03h,hod_04h,hod_05h,hod_06h,hod_07h,hod_08h,hod_09h,hod_10h,hod_11h,hod_12h,hod_13h,hod_14h,hod_15h,hod_16h,hod_17h,hod_18h,hod_19h,hod_20h,hod_21h,hod_22h,hod_23h,dow_mon,dow_tue,dow_wed,dow_thu,dow_fri,dow_sat,dow_sun
S12000044,S02002204,1010.35714286,5457.5,1801.0,4.17857142857,4.85714285714,4.67857142857,4.10714285714,2.85714285714,9.53571428571,21.2857142857,45.0,59.0,44.6071428571,47.9285714286,52.5,59.4285714286,60.8571428571,68.8214285714,73.9642857143,83.5714285714,79.75,77.2142857143,59.5,52.4285714286,45.8928571429,32.2857142857,16.1071428571,1056.75,1073.25,1359.0,976.25,992.25,870.75,744.25
