zone_id,area_id,total,daytype_inweek,daytype_weekend,hod_00h,hod_01h,hod_02h,hod_03h,hod_04h,hod_05h,hod_06h,hod_07h,hod_08h,hod_09h,hod_10h,hod_11h,hod_12h,hod_13h,hod_14h,hod_15h,hod_16h,hod_17h,hod_18h,hod_19h,hod_20h,hod_21h,hod_22h,hod_23h,dow_mon,dow_tue,dow_wed,dow_thu,dow_fri,dow_sat,dow_sun
S12000046,S02001949,1812.60714286,9860.0,3119.5,10.0714285714,11.6071428571,9.92857142857,7.78571428571,7.82142857143,14.9285714286,32.8928571429,71.6428571429,116.428571429,97.2857142857,93.7142857143,107.75,115.214285714,118.714285714,121.964285714,136.571428571,135.0,134.464285714,118.142857143,103.714285714,84.0714285714,71.7857142857,56.6785714286,34.4285714286,1833.5,1946.25,2362.0,1817.0,1901.25,1542.25,1286.0
