zone_id,area_id,total,daytype_inweek,daytype_weekend,hod_00h,hod_01h,hod_02h,hod_03h,hod_04h,hod_05h,hod_06h,hod_07h,hod_08h,hod_09h,hod_10h,hod_11h,hod_12h,hod_13h,hod_14h,hod_15h,hod_16h,hod_17h,hod_18h,hod_19h,hod_20h,hod_21h,hod_22h,hod_23h,dow_mon,dow_tue,dow_wed,dow_thu,dow_fri,dow_sat,dow_sun
S12000021,S02002133,496.142857143,2677.0,884.75,2.07142857143,3.07142857143,1.92857142857,0.642857142857,1.25,4.60714285714,10.5357142857,22.25,30.25,22.8571428571,25.8571428571,29.8214285714,30.6428571429,33.6428571429,31.3571428571,33.2142857143,41.5357142857,39.7142857143,29.2142857143,27.6428571429,27.25,21.9642857143,15.5714285714,9.25,510.25,549.5,684.75,470.5,462.0,421.5,374.5
