zone_id,area_id,total,daytype_inweek,daytype_weekend,hod_00h,hod_01h,hod_02h,hod_03h,hod_04h,hod_05h,hod_06h,hod_07h,hod_08h,hod_09h,hod_10h,hod_11h,hod_12h,hod_13h,hod_14h,hod_15h,hod_16h,hod_17h,hod_18h,hod_19h,hod_20h,hod_21h,hod_22h,hod_23h,dow_mon,dow_tue,dow_wed,dow_thu,dow_fri,dow_sat,dow_sun
E07000225,E02006569,2833.10714286,14642.5,5057.0,10.0714285714,8.32142857143,4.78571428571,3.5,4.85714285714,11.5714285714,33.8214285714,96.0357142857,140.178571429,164.392857143,192.785714286,210.642857143,218.035714286,217.25,217.392857143,214.607142857,212.285714286,223.5,190.428571429,151.035714286,115.25,87.3571428571,68.1428571429,36.8571428571,2636.75,2910.0,3648.0,2666.75,2781.0,2769.0,2420.25
