zone_id,area_id,total,daytype_inweek,daytype_weekend,hod_00h,hod_01h,hod_02h,hod_03h,hod_04h,hod_05h,hod_06h,hod_07h,hod_08h,hod_09h,hod_10h,hod_11h,hod_12h,hod_13h,hod_14h,hod_15h,hod_16h,hod_17h,hod_18h,hod_19h,hod_20h,hod_21h,hod_22h,hod_23h,dow_mon,dow_tue,dow_wed,dow_thu,dow_fri,dow_sat,dow_sun
E08000015,E02001478,5160.64285714,27246.0,8965.0,21.6071428571,22.5357142857,16.6785714286,12.7857142857,13.0357142857,32.2857142857,70.4642857143,180.714285714,292.5,263.321428571,301.678571429,332.5,368.214285714,372.107142857,376.214285714,381.428571429,398.178571429,412.321428571,348.464285714,308.071428571,243.571428571,182.607142857,132.464285714,76.8928571429,4888.0,5314.75,6696.25,5152.25,5194.75,4801.5,4077.0
