zone_id,area_id,total,daytype_inweek,daytype_weekend,hod_00h,hod_01h,hod_02h,hod_03h,hod_04h,hod_05h,hod_06h,hod_07h,hod_08h,hod_09h,hod_10h,hod_11h,hod_12h,hod_13h,hod_14h,hod_15h,hod_16h,hod_17h,hod_18h,hod_19h,hod_20h,hod_21h,hod_22h,hod_23h,dow_mon,dow_tue,dow_wed,dow_thu,dow_fri,dow_sat,dow_sun
E07000031,E02004027,1153.67857143,6289.0,2059.0,3.5,2.5,2.17857142857,1.64285714286,2.64285714286,3.75,10.1785714286,27.5,45.1428571429,61.1071428571,94.2857142857,104.535714286,102.535714286,95.7142857143,96.8571428571,98.5714285714,99.3928571429,90.2857142857,62.1428571429,45.4642857143,38.3571428571,28.9642857143,22.5,13.9285714286,1200.25,1275.0,1648.25,1250.75,914.75,928.0,858.75
