zone_id,area_id,total,daytype_inweek,daytype_weekend,hod_00h,hod_01h,hod_02h,hod_03h,hod_04h,hod_05h,hod_06h,hod_07h,hod_08h,hod_09h,hod_10h,hod_11h,hod_12h,hod_13h,hod_14h,hod_15h,hod_16h,hod_17h,hod_18h,hod_19h,hod_20h,hod_21h,hod_22h,hod_23h,dow_mon,dow_tue,dow_wed,dow_thu,dow_fri,dow_sat,dow_sun
E07000117,E02005182,1167.32142857,6299.25,1958.75,8.35714285714,8.32142857143,6.17857142857,4.25,5.57142857143,8.64285714286,14.6428571429,33.3214285714,46.8928571429,55.9285714286,61.0,68.25,80.0714285714,80.0714285714,79.0714285714,81.4642857143,86.7857142857,94.0714285714,86.1428571429,73.3928571429,65.25,51.6428571429,41.1428571429,26.8571428571,1159.5,1230.75,1522.25,1233.0,1153.75,1072.75,799.25
