zone_id,area_id,total,daytype_inweek,daytype_weekend,hod_00h,hod_01h,hod_02h,hod_03h,hod_04h,hod_05h,hod_06h,hod_07h,hod_08h,hod_09h,hod_10h,hod_11h,hod_12h,hod_13h,hod_14h,hod_15h,hod_16h,hod_17h,hod_18h,hod_19h,hod_20h,hod_21h,hod_22h,hod_23h,dow_mon,dow_tue,dow_wed,dow_thu,dow_fri,dow_sat,dow_sun
S12000029,S02002365,728.571428571,4022.5,1242.25,3.53571428571,2.96428571429,2.42857142857,2.32142857143,1.78571428571,4.28571428571,10.1071428571,28.8214285714,46.4642857143,45.7142857143,43.7857142857,47.6071428571,52.0357142857,51.25,54.5357142857,57.3928571429,56.3214285714,52.0714285714,44.0,36.1785714286,30.2857142857,26.9285714286,18.5714285714,9.17857142857,765.0,798.75,1020.25,756.0,682.5,600.25,477.25
