zone_id,area_id,total,daytype_inweek,daytype_weekend,hod_00h,hod_01h,hod_02h,hod_03h,hod_04h,hod_05h,hod_06h,hod_07h,hod_08h,hod_09h,hod_10h,hod_11h,hod_12h,hod_13h,hod_14h,hod_15h,hod_16h,hod_17h,hod_18h,hod_19h,hod_20h,hod_21h,hod_22h,hod_23h,dow_mon,dow_tue,dow_wed,dow_thu,dow_fri,dow_sat,dow_sun
S12000026,S02002312,1492.35714286,8032.25,2608.5,4.96428571429,4.35714285714,2.82142857143,3.21428571429,3.32142857143,11.6428571429,25.2142857143,73.0714285714,100.535714286,88.3928571429,95.2142857143,104.964285714,107.714285714,114.357142857,111.964285714,113.25,124.75,112.071428571,88.5714285714,67.1071428571,56.7142857143,38.25,26.9642857143,12.9285714286,1516.5,1533.25,2071.0,1482.0,1429.5,1322.25,1092.0
