zone_id,area_id,total,daytype_inweek,daytype_weekend,hod_00h,hod_01h,hod_02h,hod_03h,hod_04h,hod_05h,hod_06h,hod_07h,hod_08h,hod_09h,hod_10h,hod_11h,hod_12h,hod_13h,hod_14h,hod_15h,hod_16h,hod_17h,hod_18h,hod_19h,hod_20h,hod_21h,hod_22h,hod_23h,dow_mon,dow_tue,dow_wed,dow_thu,dow_fri,dow_sat,dow_sun
E07000102,E02004964,1047.42857143,5647.25,1775.25,6.28571428571,7.32142857143,5.89285714286,4.17857142857,3.17857142857,6.03571428571,15.1785714286,38.2857142857,59.8214285714,65.1428571429,68.4285714286,71.0357142857,75.5357142857,73.0714285714,69.9642857143,64.6785714286,70.2142857143,73.9285714286,69.8928571429,64.3928571429,50.7857142857,38.0357142857,27.2142857143,18.9285714286,999.25,1129.25,1351.0,1080.5,1087.25,908.75,776.0
