zone_id,area_id,total,daytype_inweek,daytype_weekend,hod_00h,hod_01h,hod_02h,hod_03h,hod_04h,hod_05h,hod_06h,hod_07h,hod_08h,hod_09h,hod_10h,hod_11h,hod_12h,hod_13h,hod_14h,hod_15h,hod_16h,hod_17h,hod_18h,hod_19h,hod_20h,hod_21h,hod_22h,hod_23h,dow_mon,dow_tue,dow_wed,dow_thu,dow_fri,dow_sat,dow_sun
E06000011,E02002695,3052.60714286,15239.5,6098.0,12.25,9.10714285714,7.10714285714,7.03571428571,8.75,16.5714285714,43.1428571429,82.7857142857,119.464285714,159.071428571,220.892857143,250.5,253.857142857,261.0,255.321428571,248.285714286,256.0,225.107142857,179.928571429,136.821428571,106.0,92.25,63.4285714286,37.9285714286,2922.5,3081.25,3660.75,2738.0,2837.0,2953.25,3175.5
