zone_id,area_id,total,daytype_inweek,daytype_weekend,hod_00h,hod_01h,hod_02h,hod_03h,hod_04h,hod_05h,hod_06h,hod_07h,hod_08h,hod_09h,hod_10h,hod_11h,hod_12h,hod_13h,hod_14h,hod_15h,hod_16h,hod_17h,hod_18h,hod_19h,hod_20h,hod_21h,hod_22h,hod_23h,dow_mon,dow_tue,dow_wed,dow_thu,dow_fri,dow_sat,dow_sun
E08000036,E02002463,2652.57142857,14295.75,4487.75,14.3928571429,17.2857142857,13.5714285714,11.0357142857,16.0714285714,32.5,61.8571428571,96.0714285714,128.857142857,135.928571429,156.642857143,168.857142857,180.464285714,184.0,184.535714286,177.535714286,194.107142857,195.678571429,177.75,151.964285714,133.25,102.321428571,76.0,41.8928571429,2570.75,2778.75,3547.0,2657.25,2742.0,2355.25,1917.0
