zone_id,area_id,total,daytype_inweek,daytype_weekend,hod_00h,hod_01h,hod_02h,hod_03h,hod_04h,hod_05h,hod_06h,hod_07h,hod_08h,hod_09h,hod_10h,hod_11h,hod_12h,hod_13h,hod_14h,hod_15h,hod_16h,hod_17h,hod_18h,hod_19h,hod_20h,hod_21h,hod_22h,hod_23h,dow_mon,dow_tue,dow_wed,dow_thu,dow_fri,dow_sat,dow_sun
E07000179,E02005961,1588.57142857,8776.25,2678.75,7.57142857143,6.96428571429,5.60714285714,3.82142857143,6.28571428571,14.25,28.1428571429,68.1785714286,93.5357142857,101.357142857,99.8571428571,101.535714286,103.214285714,103.928571429,97.0714285714,100.107142857,105.071428571,117.714285714,104.642857143,93.5,79.3928571429,64.9642857143,50.9642857143,30.8928571429,1576.75,1783.0,2210.5,1687.75,1518.25,1241.75,1102.0
