zone_id,area_id,total,daytype_inweek,daytype_weekend,hod_00h,hod_01h,hod_02h,hod_03h,hod_04h,hod_05h,hod_06h,hod_07h,hod_08h,hod_09h,hod_10h,hod_11h,hod_12h,hod_13h,hod_14h,hod_15h,hod_16h,hod_17h,hod_18h,hod_19h,hod_20h,hod_21h,hod_22h,hod_23h,dow_mon,dow_tue,dow_wed,dow_thu,dow_fri,dow_sat,dow_sun
E09000027,E02000803,2058.46428571,10960.5,3511.25,10.7142857143,7.82142857143,6.39285714286,4.28571428571,4.89285714286,10.0714285714,27.1428571429,57.6071428571,103.071428571,125.214285714,146.714285714,147.035714286,153.928571429,150.392857143,139.392857143,143.571428571,140.25,139.928571429,140.392857143,119.428571429,103.678571429,84.1071428571,59.5357142857,32.8928571429,1954.25,2120.5,2754.0,2082.0,2049.75,1891.75,1557.0
