zone_id,area_id,total,daytype_inweek,daytype_weekend,hod_00h,hod_01h,hod_02h,hod_03h,hod_04h,hod_05h,hod_06h,hod_07h,hod_08h,hod_09h,hod_10h,hod_11h,hod_12h,hod_13h,hod_14h,hod_15h,hod_16h,hod_17h,hod_18h,hod_19h,hod_20h,hod_21h,hod_22h,hod_23h,dow_mon,dow_tue,dow_wed,dow_thu,dow_fri,dow_sat,dow_sun
E06000014,E02002782,4116.89285714,21862.75,7136.5,17.8214285714,18.2857142857,12.7142857143,10.8214285714,12.4285714286,28.5,65.7857142857,173.785714286,263.035714286,262.071428571,285.785714286,298.214285714,307.0,296.392857143,288.214285714,286.892857143,288.25,299.214285714,253.821428571,210.5,166.035714286,125.392857143,95.1785714286,50.75,3893.0,4153.75,5431.0,4121.25,4263.75,3712.0,3243.5
