zone_id,area_id,total,daytype_inweek,daytype_weekend,hod_00h,hod_01h,hod_02h,hod_03h,hod_04h,hod_05h,hod_06h,hod_07h,hod_08h,hod_09h,hod_10h,hod_11h,hod_12h,hod_13h,hod_14h,hod_15h,hod_16h,hod_17h,hod_18h,hod_19h,hod_20h,hod_21h,hod_22h,hod_23h,dow_mon,dow_tue,dow_wed,dow_thu,dow_fri,dow_sat,dow_sun
E08000009,E02001266,2804.92857143,15368.0,4591.5,13.3571428571,14.9642857143,9.42857142857,8.03571428571,11.0,24.3571428571,57.2857142857,99.0,137.821428571,150.178571429,158.714285714,176.928571429,199.285714286,209.5,206.571428571,202.785714286,207.75,206.142857143,187.035714286,167.678571429,128.107142857,98.0357142857,84.5,46.4642857143,2703.0,2971.25,3712.25,2998.75,2982.75,2378.0,1888.5
