zone_id,area_id,total,daytype_inweek,daytype_weekend,hod_00h,hod_01h,hod_02h,hod_03h,hod_04h,hod_05h,hod_06h,hod_07h,hod_08h,hod_09h,hod_10h,hod_11h,hod_12h,hod_13h,hod_14h,hod_15h,hod_16h,hod_17h,hod_18h,hod_19h,hod_20h,hod_21h,hod_22h,hod_23h,dow_mon,dow_tue,dow_wed,dow_thu,dow_fri,dow_sat,dow_sun
E07000144,E02005531,1335.46428571,7100.75,2333.25,5.21428571429,3.32142857143,3.57142857143,2.21428571429,4.0,14.0,24.0714285714,55.0,75.6428571429,84.5357142857,91.6785714286,98.3214285714,100.392857143,92.9285714286,92.1428571429,89.6071428571,92.9642857143,96.9285714286,83.8571428571,76.5714285714,59.2857142857,43.8571428571,30.0357142857,15.3214285714,1281.0,1377.5,1733.75,1356.0,1352.5,1195.25,1052.25
