zone_id,area_id,total,daytype_inweek,daytype_weekend,hod_00h,hod_01h,hod_02h,hod_03h,hod_04h,hod_05h,hod_06h,hod_07h,hod_08h,hod_09h,hod_10h,hod_11h,hod_12h,hod_13h,hod_14h,hod_15h,hod_16h,hod_17h,hod_18h,hod_19h,hod_20h,hod_21h,hod_22h,hod_23h,dow_mon,dow_tue,dow_wed,dow_thu,dow_fri,dow_sat,dow_sun
E09000030,E02000871,2154.92857143,11343.5,3918.0,35.7142857143,29.5357142857,17.8214285714,13.1071428571,11.5,15.8214285714,29.6428571429,53.3928571429,96.6071428571,104.428571429,106.75,122.214285714,139.964285714,135.464285714,131.428571429,140.142857143,131.285714286,142.285714286,152.892857143,149.928571429,130.607142857,107.607142857,88.4642857143,68.3214285714,2030.5,2193.0,2762.0,2328.5,2029.5,1853.5,1887.5
