zone_id,area_id,total,daytype_inweek,daytype_weekend,hod_00h,hod_01h,hod_02h,hod_03h,hod_04h,hod_05h,hod_06h,hod_07h,hod_08h,hod_09h,hod_10h,hod_11h,hod_12h,hod_13h,hod_14h,hod_15h,hod_16h,hod_17h,hod_18h,hod_19h,hod_20h,hod_21h,hod_22h,hod_23h,dow_mon,dow_tue,dow_wed,dow_thu,dow_fri,dow_sat,dow_sun
S12000015,S02001826,3282.03571429,17825.0,5775.25,13.0714285714,9.53571428571,6.92857142857,7.46428571429,11.8214285714,33.25,87.0714285714,166.535714286,227.785714286,181.428571429,201.321428571,211.0,226.678571429,234.464285714,242.321428571,263.785714286,273.714285714,252.535714286,192.928571429,144.0,118.5,87.4642857143,58.0714285714,30.3571428571,3363.0,3573.5,4253.25,3373.5,3261.75,2737.0,2412.25
