zone_id,area_id,total,daytype_inweek,daytype_weekend,hod_00h,hod_01h,hod_02h,hod_03h,hod_04h,hod_05h,hod_06h,hod_07h,hod_08h,hod_09h,hod_10h,hod_11h,hod_12h,hod_13h,hod_14h,hod_15h,hod_16h,hod_17h,hod_18h,hod_19h,hod_20h,hod_21h,hod_22h,hod_23h,dow_mon,dow_tue,dow_wed,dow_thu,dow_fri,dow_sat,dow_sun
E07000040,E02004140,2207.39285714,11743.25,3804.5,6.0,6.07142857143,4.17857142857,3.75,3.64285714286,8.25,22.6071428571,65.2857142857,106.571428571,131.071428571,163.642857143,170.142857143,170.214285714,160.964285714,166.321428571,169.142857143,172.357142857,185.071428571,143.928571429,115.75,89.4642857143,65.9642857143,48.2142857143,28.7857142857,2113.25,2263.5,2849.25,2232.5,2284.75,2017.25,1691.25
