zone_id,area_id,total,daytype_inweek,daytype_weekend,hod_00h,hod_01h,hod_02h,hod_03h,hod_04h,hod_05h,hod_06h,hod_07h,hod_08h,hod_09h,hod_10h,hod_11h,hod_12h,hod_13h,hod_14h,hod_15h,hod_16h,hod_17h,hod_18h,hod_19h,hod_20h,hod_21h,hod_22h,hod_23h,dow_mon,dow_tue,dow_wed,dow_thu,dow_fri,dow_sat,dow_sun
E06000031,E02003249,13923.4285714,74458.0,22923.25,76.25,75.0714285714,54.5714285714,51.8214285714,59.9642857143,171.785714286,315.071428571,573.0,768.178571429,731.785714286,793.107142857,897.392857143,994.035714286,1005.82142857,979.25,956.392857143,1049.46428571,1062.92857143,910.428571429,750.428571429,574.607142857,486.607142857,372.0,213.464285714,12828.75,14481.5,18032.75,14031.75,15083.25,12911.5,10094.5
