zone_id,area_id,total,daytype_inweek,daytype_weekend,hod_00h,hod_01h,hod_02h,hod_03h,hod_04h,hod_05h,hod_06h,hod_07h,hod_08h,hod_09h,hod_10h,hod_11h,hod_12h,hod_13h,hod_14h,hod_15h,hod_16h,hod_17h,hod_18h,hod_19h,hod_20h,hod_21h,hod_22h,hod_23h,dow_mon,dow_tue,dow_wed,dow_thu,dow_fri,dow_sat,dow_sun
W06000013,W02000218,1149.92857143,6183.0,1912.5,5.39285714286,4.25,3.0,2.82142857143,2.21428571429,9.92857142857,22.0,44.7142857143,52.4642857143,51.1071428571,66.0714285714,74.3571428571,81.4642857143,83.2857142857,86.0357142857,86.7857142857,95.25,94.0357142857,76.4285714286,62.8928571429,53.9285714286,41.7142857143,32.75,17.0357142857,1069.25,1222.75,1493.0,1212.5,1185.5,1023.25,843.25
