zone_id,area_id,total,daytype_inweek,daytype_weekend,hod_00h,hod_01h,hod_02h,hod_03h,hod_04h,hod_05h,hod_06h,hod_07h,hod_08h,hod_09h,hod_10h,hod_11h,hod_12h,hod_13h,hod_14h,hod_15h,hod_16h,hod_17h,hod_18h,hod_19h,hod_20h,hod_21h,hod_22h,hod_23h,dow_mon,dow_tue,dow_wed,dow_thu,dow_fri,dow_sat,dow_sun
E09000028,E02000826,2384.32142857,12482.0,4197.0,29.5,28.7857142857,20.3571428571,14.3571428571,16.7142857143,22.8928571429,30.2857142857,56.6428571429,100.214285714,117.678571429,123.071428571,133.857142857,144.321428571,151.678571429,149.75,155.821428571,146.535714286,158.964285714,172.5,161.142857143,147.892857143,125.142857143,100.928571429,75.2857142857,2237.0,2427.0,3092.75,2349.0,2376.25,2248.25,1960.0
