zone_id,area_id,total,daytype_inweek,daytype_weekend,hod_00h,hod_01h,hod_02h,hod_03h,hod_04h,hod_05h,hod_06h,hod_07h,hod_08h,hod_09h,hod_10h,hod_11h,hod_12h,hod_13h,hod_14h,hod_15h,hod_16h,hod_17h,hod_18h,hod_19h,hod_20h,hod_21h,hod_22h,hod_23h,dow_mon,dow_tue,dow_wed,dow_thu,dow_fri,dow_sat,dow_sun
E06000012,E02002727,5510.07142857,29232.5,9050.0,19.3214285714,23.0,18.1071428571,19.25,34.2857142857,70.5357142857,105.678571429,181.75,271.25,291.892857143,353.785714286,398.678571429,432.428571429,445.714285714,438.035714286,407.714285714,419.178571429,432.107142857,336.607142857,256.607142857,210.535714286,159.892857143,115.928571429,67.7857142857,5083.5,5665.25,7174.25,5327.0,5982.5,5371.5,3966.5
