zone_id,area_id,total,daytype_inweek,daytype_weekend,hod_00h,hod_01h,hod_02h,hod_03h,hod_04h,hod_05h,hod_06h,hod_07h,hod_08h,hod_09h,hod_10h,hod_11h,hod_12h,hod_13h,hod_14h,hod_15h,hod_16h,hod_17h,hod_18h,hod_19h,hod_20h,hod_21h,hod_22h,hod_23h,dow_mon,dow_tue,dow_wed,dow_thu,dow_fri,dow_sat,dow_sun
E07000239,E02006768,1382.64285714,7304.5,2414.75,7.17857142857,6.0,4.03571428571,3.39285714286,3.03571428571,11.3214285714,20.6071428571,43.6071428571,66.6071428571,74.2142857143,86.25,92.3571428571,94.8571428571,97.3928571429,92.7857142857,94.0714285714,100.5,103.392857143,95.1071428571,88.6428571429,72.6785714286,59.1071428571,41.5,24.0,1354.25,1458.5,1802.0,1399.5,1290.25,1313.5,1060.5
