zone_id,area_id,total,daytype_inweek,daytype_weekend,hod_00h,hod_01h,hod_02h,hod_03h,hod_04h,hod_05h,hod_06h,hod_07h,hod_08h,hod_09h,hod_10h,hod_11h,hod_12h,hod_13h,hod_14h,hod_15h,hod_16h,hod_17h,hod_18h,hod_19h,hod_20h,hod_21h,hod_22h,hod_23h,dow_mon,dow_tue,dow_wed,dow_thu,dow_fri,dow_sat,dow_sun
E06000008,E02002623,3799.35714286,20615.0,6285.75,25.3571428571,29.2142857143,19.3571428571,15.1428571429,15.3214285714,34.8571428571,50.8214285714,119.642857143,177.214285714,178.642857143,199.857142857,228.607142857,250.607142857,263.142857143,274.535714286,279.607142857,298.964285714,296.857142857,266.821428571,239.892857143,191.678571429,154.928571429,116.785714286,71.5,3667.5,3950.25,5228.5,3861.0,3907.75,3362.25,2618.25
