zone_id,area_id,total,daytype_inweek,daytype_weekend,hod_00h,hod_01h,hod_02h,hod_03h,hod_04h,hod_05h,hod_06h,hod_07h,hod_08h,hod_09h,hod_10h,hod_11h,hod_12h,hod_13h,hod_14h,hod_15h,hod_16h,hod_17h,hod_18h,hod_19h,hod_20h,hod_21h,hod_22h,hod_23h,dow_mon,dow_tue,dow_wed,dow_thu,dow_fri,dow_sat,dow_sun
E06000013,E02002767,3270.10714286,17127.0,5540.75,13.9642857143,12.3214285714,8.39285714286,9.25,14.3928571429,43.75,68.7142857143,122.321428571,172.285714286,178.75,205.607142857,224.035714286,225.857142857,239.821428571,236.964285714,239.75,249.642857143,253.75,215.785714286,174.285714286,133.178571429,110.678571429,76.3571428571,40.25,2980.75,3324.25,4116.0,3149.75,3556.25,3203.75,2560.0
