zone_id,area_id,total,daytype_inweek,daytype_weekend,hod_00h,hod_01h,hod_02h,hod_03h,hod_04h,hod_05h,hod_06h,hod_07h,hod_08h,hod_09h,hod_10h,hod_11h,hod_12h,hod_13h,hod_14h,hod_15h,hod_16h,hod_17h,hod_18h,hod_19h,hod_20h,hod_21h,hod_22h,hod_23h,dow_mon,dow_tue,dow_wed,dow_thu,dow_fri,dow_sat,dow_sun
E07000168,E02005802,3092.28571429,16176.25,5611.75,8.42857142857,11.1785714286,7.5,6.07142857143,9.85714285714,19.9285714286,42.4285714286,94.0714285714,129.357142857,158.285714286,204.607142857,231.464285714,238.535714286,243.714285714,240.357142857,250.357142857,256.035714286,247.785714286,207.75,164.071428571,126.285714286,94.3928571429,63.6071428571,36.2142857143,3072.25,3125.25,4040.5,2953.25,2985.0,2930.25,2539.5
