zone_id,area_id,total,daytype_inweek,daytype_weekend,hod_00h,hod_01h,hod_02h,hod_03h,hod_04h,hod_05h,hod_06h,hod_07h,hod_08h,hod_09h,hod_10h,hod_11h,hod_12h,hod_13h,hod_14h,hod_15h,hod_16h,hod_17h,hod_18h,hod_19h,hod_20h,hod_21h,hod_22h,hod_23h,dow_mon,dow_tue,dow_wed,dow_thu,dow_fri,dow_sat,dow_sun
E07000152,E02005632,1232.17857143,6778.0,2068.5,5.53571428571,5.60714285714,3.71428571429,4.60714285714,5.67857142857,15.4285714286,18.75,50.5357142857,77.4285714286,74.9642857143,78.6071428571,73.1428571429,79.9642857143,83.3928571429,77.9642857143,81.2142857143,86.0,91.0357142857,80.2142857143,74.1428571429,55.7142857143,51.3571428571,37.8214285714,19.3571428571,1211.25,1342.75,1652.0,1398.5,1173.5,990.0,857.25
