zone_id,area_id,total,daytype_inweek,daytype_weekend,hod_00h,hod_01h,hod_02h,hod_03h,hod_04h,hod_05h,hod_06h,hod_07h,hod_08h,hod_09h,hod_10h,hod_11h,hod_12h,hod_13h,hod_14h,hod_15h,hod_16h,hod_17h,hod_18h,hod_19h,hod_20h,hod_21h,hod_22h,hod_23h,dow_mon,dow_tue,dow_wed,dow_thu,dow_fri,dow_sat,dow_sun
E07000026,E02003965,1433.5,8050.75,2545.0,5.53571428571,2.92857142857,2.82142857143,2.60714285714,4.75,14.0357142857,25.1785714286,56.3928571429,73.9642857143,79.0714285714,98.3928571429,107.857142857,111.964285714,112.214285714,110.25,111.428571429,120.107142857,112.178571429,81.8928571429,62.2142857143,48.6428571429,43.3214285714,29.1428571429,16.6071428571,1609.0,1647.0,1956.5,1643.75,1194.5,1047.75,936.0
