zone_id,area_id,total,daytype_inweek,daytype_weekend,hod_00h,hod_01h,hod_02h,hod_03h,hod_04h,hod_05h,hod_06h,hod_07h,hod_08h,hod_09h,hod_10h,hod_11h,hod_12h,hod_13h,hod_14h,hod_15h,hod_16h,hod_17h,hod_18h,hod_19h,hod_20h,hod_21h,hod_22h,hod_23h,dow_mon,dow_tue,dow_wed,dow_thu,dow_fri,dow_sat,dow_sun
E06000056,E02003613,2016.85714286,10731.25,3586.5,12.0714285714,12.1071428571,7.5,5.07142857143,7.67857142857,12.25,31.3928571429,68.1071428571,109.642857143,116.535714286,128.214285714,132.142857143,139.071428571,134.785714286,133.642857143,140.357142857,149.107142857,147.607142857,134.321428571,113.035714286,95.5357142857,80.9285714286,65.2857142857,40.4642857143,1950.5,2115.5,2666.25,2021.5,1977.5,1750.75,1636.0
