zone_id,area_id,total,daytype_inweek,daytype_weekend,hod_00h,hod_01h,hod_02h,hod_03h,hod_04h,hod_05h,hod_06h,hod_07h,hod_08h,hod_09h,hod_10h,hod_11h,hod_12h,hod_13h,hod_14h,hod_15h,hod_16h,hod_17h,hod_18h,hod_19h,hod_20h,hod_21h,hod_22h,hod_23h,dow_mon,dow_tue,dow_wed,dow_thu,dow_fri,dow_sat,dow_sun
E07000171,E02005848,2901.71428571,15734.75,5071.5,14.5714285714,11.1428571429,9.28571428571,8.32142857143,16.3571428571,56.2857142857,59.3928571429,103.928571429,152.285714286,158.75,174.928571429,197.892857143,218.571428571,224.035714286,218.642857143,209.821428571,218.107142857,216.178571429,171.464285714,146.75,116.892857143,94.9642857143,67.3571428571,35.7857142857,2920.25,3187.0,3909.25,2917.0,2801.25,2426.0,2151.25
