zone_id,area_id,total,daytype_inweek,daytype_weekend,hod_00h,hod_01h,hod_02h,hod_03h,hod_04h,hod_05h,hod_06h,hod_07h,hod_08h,hod_09h,hod_10h,hod_11h,hod_12h,hod_13h,hod_14h,hod_15h,hod_16h,hod_17h,hod_18h,hod_19h,hod_20h,hod_21h,hod_22h,hod_23h,dow_mon,dow_tue,dow_wed,dow_thu,dow_fri,dow_sat,dow_sun
S12000044,S02002161,2042.35714286,11012.0,3585.25,11.75,15.1071428571,10.5357142857,9.28571428571,10.1071428571,23.8928571429,41.8214285714,77.5,109.642857143,101.0,102.928571429,118.428571429,128.321428571,129.285714286,144.071428571,148.392857143,151.214285714,148.607142857,136.75,120.964285714,105.607142857,87.8571428571,68.8571428571,40.4285714286,2098.75,2142.75,2605.0,2055.0,2110.5,1798.0,1486.5
