zone_id,area_id,total,daytype_inweek,daytype_weekend,hod_00h,hod_01h,hod_02h,hod_03h,hod_04h,hod_05h,hod_06h,hod_07h,hod_08h,hod_09h,hod_10h,hod_11h,hod_12h,hod_13h,hod_14h,hod_15h,hod_16h,hod_17h,hod_18h,hod_19h,hod_20h,hod_21h,hod_22h,hod_23h,dow_mon,dow_tue,dow_wed,dow_thu,dow_fri,dow_sat,dow_sun
E06000021,E02002966,6823.28571429,36539.0,11357.5,50.1428571429,50.4642857143,33.2142857143,31.0357142857,33.1071428571,73.1071428571,123.5,246.071428571,344.964285714,347.321428571,398.535714286,446.428571429,488.535714286,485.607142857,485.214285714,482.678571429,501.357142857,498.107142857,422.285714286,363.428571429,310.964285714,268.357142857,207.535714286,131.321428571,6317.25,7109.25,9105.5,6896.0,7111.0,6183.75,5040.25
