zone_id,area_id,total,daytype_inweek,daytype_weekend,hod_00h,hod_01h,hod_02h,hod_03h,hod_04h,hod_05h,hod_06h,hod_07h,hod_08h,hod_09h,hod_10h,hod_11h,hod_12h,hod_13h,hod_14h,hod_15h,hod_16h,hod_17h,hod_18h,hod_19h,hod_20h,hod_21h,hod_22h,hod_23h,dow_mon,dow_tue,dow_wed,dow_thu,dow_fri,dow_sat,dow_sun
E07000081,E02004641,2188.0,11675.25,3699.25,9.35714285714,8.35714285714,7.07142857143,5.42857142857,4.82142857143,16.4285714286,31.9642857143,81.5357142857,126.428571429,121.464285714,132.107142857,142.785714286,152.642857143,144.321428571,147.964285714,148.857142857,161.714285714,172.642857143,157.535714286,127.928571429,105.392857143,81.8214285714,58.0,41.4285714286,2104.5,2223.25,2885.75,2213.5,2248.25,2046.0,1594.75
