zone_id,area_id,total,daytype_inweek,daytype_weekend,hod_00h,hod_01h,hod_02h,hod_03h,hod_04h,hod_05h,hod_06h,hod_07h,hod_08h,hod_09h,hod_10h,hod_11h,hod_12h,hod_13h,hod_14h,hod_15h,hod_16h,hod_17h,hod_18h,hod_19h,hod_20h,hod_21h,hod_22h,hod_23h,dow_mon,dow_tue,dow_wed,dow_thu,dow_fri,dow_sat,dow_sun
E09000016,E02000480,5358.96428571,27951.0,9344.5,27.6785714286,35.0357142857,22.4642857143,18.5357142857,18.3214285714,31.75,67.7857142857,162.428571429,244.392857143,290.214285714,345.107142857,382.785714286,408.892857143,406.892857143,396.0,382.178571429,374.571428571,377.785714286,342.5,312.214285714,265.428571429,202.464285714,152.321428571,91.2142857143,5089.25,5420.5,6840.0,5135.25,5466.0,5306.5,4255.25
