zone_id,area_id,total,daytype_inweek,daytype_weekend,hod_00h,hod_01h,hod_02h,hod_03h,hod_04h,hod_05h,hod_06h,hod_07h,hod_08h,hod_09h,hod_10h,hod_11h,hod_12h,hod_13h,hod_14h,hod_15h,hod_16h,hod_17h,hod_18h,hod_19h,hod_20h,hod_21h,hod_22h,hod_23h,dow_mon,dow_tue,dow_wed,dow_thu,dow_fri,dow_sat,dow_sun
E08000036,E02002461,6252.42857143,33751.25,10569.25,28.4642857143,30.0714285714,22.2142857143,18.8214285714,29.7142857143,108.178571429,173.964285714,271.357142857,306.178571429,335.321428571,370.142857143,401.75,442.25,464.892857143,450.75,428.142857143,446.75,458.642857143,400.285714286,331.178571429,264.035714286,215.178571429,164.785714286,89.3571428571,6027.75,6537.0,8578.0,6162.75,6445.75,5474.25,4541.5
