zone_id,area_id,total,daytype_inweek,daytype_weekend,hod_00h,hod_01h,hod_02h,hod_03h,hod_04h,hod_05h,hod_06h,hod_07h,hod_08h,hod_09h,hod_10h,hod_11h,hod_12h,hod_13h,hod_14h,hod_15h,hod_16h,hod_17h,hod_18h,hod_19h,hod_20h,hod_21h,hod_22h,hod_23h,dow_mon,dow_tue,dow_wed,dow_thu,dow_fri,dow_sat,dow_sun
E06000039,E02003412,2904.32142857,15259.0,5145.25,21.4642857143,17.3214285714,13.4285714286,9.35714285714,8.89285714286,19.1071428571,44.0357142857,108.285714286,145.964285714,146.571428571,157.678571429,171.464285714,194.964285714,200.428571429,195.678571429,198.071428571,212.5,222.25,212.285714286,192.607142857,161.428571429,118.785714286,83.1428571429,48.6071428571,2822.0,3025.75,3657.0,2706.0,3048.25,2748.0,2323.25
