zone_id,area_id,total,daytype_inweek,daytype_weekend,hod_00h,hod_01h,hod_02h,hod_03h,hod_04h,hod_05h,hod_06h,hod_07h,hod_08h,hod_09h,hod_10h,hod_11h,hod_12h,hod_13h,hod_14h,hod_15h,hod_16h,hod_17h,hod_18h,hod_19h,hod_20h,hod_21h,hod_22h,hod_23h,dow_mon,dow_tue,dow_wed,dow_thu,dow_fri,dow_sat,dow_sun
E07000110,E02005075,6743.82142857,35676.75,11527.25,24.4285714286,29.1428571429,24.7857142857,26.1428571429,23.6785714286,38.6071428571,108.892857143,240.214285714,336.571428571,398.321428571,443.535714286,484.964285714,494.535714286,488.321428571,466.714285714,469.357142857,492.821428571,484.5,440.607142857,394.214285714,315.678571429,244.607142857,178.321428571,94.8571428571,6428.25,6959.0,8724.0,6676.75,6888.75,6431.0,5099.0
