zone_id,area_id,total,daytype_inweek,daytype_weekend,hod_00h,hod_01h,hod_02h,hod_03h,hod_04h,hod_05h,hod_06h,hod_07h,hod_08h,hod_09h,hod_10h,hod_11h,hod_12h,hod_13h,hod_14h,hod_15h,hod_16h,hod_17h,hod_18h,hod_19h,hod_20h,hod_21h,hod_22h,hod_23h,dow_mon,dow_tue,dow_wed,dow_thu,dow_fri,dow_sat,dow_sun
S12000042,S02001471,6432.71428571,35257.0,11054.0,20.75,30.5,22.7857142857,19.6785714286,20.3214285714,45.5,125.857142857,314.392857143,469.464285714,354.571428571,357.642857143,388.321428571,444.142857143,452.607142857,454.321428571,475.571428571,504.535714286,516.321428571,391.892857143,328.607142857,279.464285714,200.357142857,139.535714286,75.5714285714,6580.5,6785.25,8728.25,6174.5,6988.5,5298.5,4473.5
