zone_id,area_id,total,daytype_inweek,daytype_weekend,hod_00h,hod_01h,hod_02h,hod_03h,hod_04h,hod_05h,hod_06h,hod_07h,hod_08h,hod_09h,hod_10h,hod_11h,hod_12h,hod_13h,hod_14h,hod_15h,hod_16h,hod_17h,hod_18h,hod_19h,hod_20h,hod_21h,hod_22h,hod_23h,dow_mon,dow_tue,dow_wed,dow_thu,dow_fri,dow_sat,dow_sun
E07000181,E02006004,1463.57142857,7704.25,2668.75,6.89285714286,3.67857142857,3.96428571429,2.14285714286,3.78571428571,5.92857142857,21.5,51.8571428571,77.0357142857,86.3214285714,104.607142857,112.678571429,117.607142857,119.142857143,113.857142857,103.357142857,107.107142857,107.357142857,87.4285714286,65.9642857143,51.6785714286,45.3214285714,39.5,24.8571428571,1512.75,1476.75,1865.0,1480.75,1369.0,1384.75,1156.0
