zone_id,area_id,total,daytype_inweek,daytype_weekend,hod_00h,hod_01h,hod_02h,hod_03h,hod_04h,hod_05h,hod_06h,hod_07h,hod_08h,hod_09h,hod_10h,hod_11h,hod_12h,hod_13h,hod_14h,hod_15h,hod_16h,hod_17h,hod_18h,hod_19h,hod_20h,hod_21h,hod_22h,hod_23h,dow_mon,dow_tue,dow_wed,dow_thu,dow_fri,dow_sat,dow_sun
E07000116,E02005170,3914.78571429,20864.5,6635.0,14.2142857143,14.7142857143,11.1071428571,11.75,9.57142857143,19.2142857143,70.9285714286,152.928571429,221.25,229.785714286,252.214285714,270.035714286,279.142857143,271.928571429,267.107142857,260.321428571,270.071428571,293.964285714,264.964285714,239.464285714,188.642857143,132.321428571,103.464285714,65.6785714286,3713.5,4001.0,5146.5,4028.5,3975.0,3617.5,2921.5
