zone_id,area_id,total,daytype_inweek,daytype_weekend,hod_00h,hod_01h,hod_02h,hod_03h,hod_04h,hod_05h,hod_06h,hod_07h,hod_08h,hod_09h,hod_10h,hod_11h,hod_12h,hod_13h,hod_14h,hod_15h,hod_16h,hod_17h,hod_18h,hod_19h,hod_20h,hod_21h,hod_22h,hod_23h,dow_mon,dow_tue,dow_wed,dow_thu,dow_fri,dow_sat,dow_sun
E08000001,E02001001,4000.53571429,21067.75,6878.5,28.8928571429,29.3571428571,18.0714285714,16.3928571429,16.4642857143,23.7857142857,47.9642857143,118.428571429,187.571428571,205.0,220.214285714,247.392857143,269.321428571,274.892857143,277.892857143,274.785714286,290.285714286,308.928571429,278.357142857,249.178571429,212.535714286,173.571428571,138.964285714,92.2857142857,3773.0,4099.75,5085.0,4015.0,4095.0,3830.5,3105.5
