zone_id,area_id,total,daytype_inweek,daytype_weekend,hod_00h,hod_01h,hod_02h,hod_03h,hod_04h,hod_05h,hod_06h,hod_07h,hod_08h,hod_09h,hod_10h,hod_11h,hod_12h,hod_13h,hod_14h,hod_15h,hod_16h,hod_17h,hod_18h,hod_19h,hod_20h,hod_21h,hod_22h,hod_23h,dow_mon,dow_tue,dow_wed,dow_thu,dow_fri,dow_sat,dow_sun
S12000028,S02002333,5300.10714286,28203.0,9545.75,27.1071428571,23.0714285714,17.1071428571,19.1071428571,16.0,28.25,74.3571428571,180.071428571,295.0,291.607142857,322.642857143,361.607142857,396.25,397.535714286,410.392857143,411.892857143,416.285714286,386.928571429,319.857142857,280.5,233.321428571,184.357142857,130.035714286,76.8214285714,5359.75,5609.75,6822.75,5385.25,5025.5,4711.75,4186.0
