zone_id,area_id,total,daytype_inweek,daytype_weekend,hod_00h,hod_01h,hod_02h,hod_03h,hod_04h,hod_05h,hod_06h,hod_07h,hod_08h,hod_09h,hod_10h,hod_11h,hod_12h,hod_13h,hod_14h,hod_15h,hod_16h,hod_17h,hod_18h,hod_19h,hod_20h,hod_21h,hod_22h,hod_23h,dow_mon,dow_tue,dow_wed,dow_thu,dow_fri,dow_sat,dow_sun
E07000165,E02005772,3884.32142857,21083.5,6579.25,19.5714285714,13.8928571429,9.32142857143,8.67857142857,11.4285714286,25.6785714286,56.6785714286,164.25,244.142857143,244.607142857,266.25,276.75,291.107142857,288.357142857,273.0,272.75,274.464285714,306.535714286,245.214285714,199.642857143,147.107142857,114.107142857,83.1071428571,47.6785714286,3797.0,4100.0,5268.75,4059.5,3858.25,3324.5,2782.25
