zone_id,area_id,total,daytype_inweek,daytype_weekend,hod_00h,hod_01h,hod_02h,hod_03h,hod_04h,hod_05h,hod_06h,hod_07h,hod_08h,hod_09h,hod_10h,hod_11h,hod_12h,hod_13h,hod_14h,hod_15h,hod_16h,hod_17h,hod_18h,hod_19h,hod_20h,hod_21h,hod_22h,hod_23h,dow_mon,dow_tue,dow_wed,dow_thu,dow_fri,dow_sat,dow_sun
E06000042,E02003489,6389.28571429,34260.5,10821.25,28.6785714286,28.5,22.6428571429,18.3571428571,23.3571428571,55.6428571429,109.678571429,242.357142857,351.821428571,334.892857143,373.25,406.821428571,462.321428571,471.392857143,457.357142857,445.142857143,472.821428571,513.142857143,427.75,357.464285714,285.892857143,228.642857143,175.0,96.3571428571,6146.25,6687.5,8330.75,6537.75,6558.25,5789.5,4675.0
