zone_id,area_id,total,daytype_inweek,daytype_weekend,hod_00h,hod_01h,hod_02h,hod_03h,hod_04h,hod_05h,hod_06h,hod_07h,hod_08h,hod_09h,hod_10h,hod_11h,hod_12h,hod_13h,hod_14h,hod_15h,hod_16h,hod_17h,hod_18h,hod_19h,hod_20h,hod_21h,hod_22h,hod_23h,dow_mon,dow_tue,dow_wed,dow_thu,dow_fri,dow_sat,dow_sun
E07000043,E02004179,5961.35714286,31185.25,10929.25,16.0357142857,12.9285714286,9.35714285714,9.64285714286,9.5,20.5357142857,59.1785714286,157.035714286,236.607142857,318.607142857,445.571428571,496.928571429,461.464285714,438.142857143,450.892857143,459.285714286,483.321428571,501.321428571,402.357142857,327.75,249.464285714,194.821428571,134.178571429,66.4285714286,6145.25,6181.25,7580.25,5647.25,5631.25,5760.25,4784.0
