zone_id,area_id,total,daytype_inweek,daytype_weekend,hod_00h,hod_01h,hod_02h,hod_03h,hod_04h,hod_05h,hod_06h,hod_07h,hod_08h,hod_09h,hod_10h,hod_11h,hod_12h,hod_13h,hod_14h,hod_15h,hod_16h,hod_17h,hod_18h,hod_19h,hod_20h,hod_21h,hod_22h,hod_23h,dow_mon,dow_tue,dow_wed,dow_thu,dow_fri,dow_sat,dow_sun
E09000019,E02000571,1585.71428571,8485.0,2631.25,14.6428571429,15.9642857143,10.7142857143,8.57142857143,7.85714285714,7.46428571429,16.1785714286,37.8928571429,76.4285714286,88.6785714286,88.3928571429,98.8928571429,97.7142857143,100.571428571,98.2142857143,95.3928571429,93.6071428571,103.75,117.857142857,115.178571429,97.8214285714,81.2142857143,66.7142857143,46.0,1409.75,1726.0,2164.0,1562.25,1623.0,1393.5,1221.5
