zone_id,area_id,total,daytype_inweek,daytype_weekend,hod_00h,hod_01h,hod_02h,hod_03h,hod_04h,hod_05h,hod_06h,hod_07h,hod_08h,hod_09h,hod_10h,hod_11h,hod_12h,hod_13h,hod_14h,hod_15h,hod_16h,hod_17h,hod_18h,hod_19h,hod_20h,hod_21h,hod_22h,hod_23h,dow_mon,dow_tue,dow_wed,dow_thu,dow_fri,dow_sat,dow_sun
E06000040,E02003436,1733.57142857,9061.0,3146.25,9.64285714286,7.10714285714,6.32142857143,4.28571428571,4.14285714286,6.71428571429,18.3928571429,56.0,97.3928571429,109.5,122.357142857,123.892857143,130.142857143,121.892857143,115.571428571,117.178571429,120.5,120.464285714,111.214285714,101.571428571,84.5357142857,66.75,49.4285714286,28.5714285714,1665.25,1775.0,2197.25,1699.5,1724.0,1593.0,1481.0
