zone_id,area_id,total,daytype_inweek,daytype_weekend,hod_00h,hod_01h,hod_02h,hod_03h,hod_04h,hod_05h,hod_06h,hod_07h,hod_08h,hod_09h,hod_10h,hod_11h,hod_12h,hod_13h,hod_14h,hod_15h,hod_16h,hod_17h,hod_18h,hod_19h,hod_20h,hod_21h,hod_22h,hod_23h,dow_mon,dow_tue,dow_wed,dow_thu,dow_fri,dow_sat,dow_sun
E06000054,E02006686,1837.46428571,9995.0,3137.75,7.32142857143,8.32142857143,6.46428571429,4.32142857143,6.17857142857,19.25,37.6071428571,84.75,111.464285714,106.75,103.464285714,115.035714286,113.607142857,115.857142857,116.964285714,124.285714286,138.607142857,145.678571429,128.035714286,109.178571429,82.8214285714,68.7142857143,54.7857142857,28.0,1832.25,1990.75,2430.5,1880.25,1861.25,1561.75,1305.5
