zone_id,area_id,total,daytype_inweek,daytype_weekend,hod_00h,hod_01h,hod_02h,hod_03h,hod_04h,hod_05h,hod_06h,hod_07h,hod_08h,hod_09h,hod_10h,hod_11h,hod_12h,hod_13h,hod_14h,hod_15h,hod_16h,hod_17h,hod_18h,hod_19h,hod_20h,hod_21h,hod_22h,hod_23h,dow_mon,dow_tue,dow_wed,dow_thu,dow_fri,dow_sat,dow_sun
S12000033,S02001242,3334.82142857,18169.75,5753.5,10.7857142857,11.8928571429,11.4285714286,10.5714285714,11.1428571429,24.2857142857,72.4285714286,166.071428571,232.107142857,203.857142857,196.535714286,208.285714286,225.892857143,216.214285714,220.321428571,232.535714286,255.535714286,276.107142857,223.678571429,184.5,134.642857143,100.0,69.9642857143,36.0357142857,3373.5,3549.75,4497.25,3346.5,3402.75,2794.0,2380.0
