zone_id,area_id,total,daytype_inweek,daytype_weekend,hod_00h,hod_01h,hod_02h,hod_03h,hod_04h,hod_05h,hod_06h,hod_07h,hod_08h,hod_09h,hod_10h,hod_11h,hod_12h,hod_13h,hod_14h,hod_15h,hod_16h,hod_17h,hod_18h,hod_19h,hod_20h,hod_21h,hod_22h,hod_23h,dow_mon,dow_tue,dow_wed,dow_thu,dow_fri,dow_sat,dow_sun
E08000035,E02002356,4419.64285714,23790.5,7343.0,22.2857142857,23.8571428571,16.4285714286,12.3928571429,21.1785714286,32.8214285714,90.0357142857,218.607142857,280.5,242.678571429,258.214285714,276.071428571,294.964285714,286.357142857,287.785714286,290.428571429,331.964285714,367.392857143,296.428571429,243.428571429,193.964285714,142.642857143,115.321428571,73.8928571429,4139.25,4650.5,5871.75,4484.75,4644.25,3943.25,3203.75
