zone_id,area_id,total,daytype_inweek,daytype_weekend,hod_00h,hod_01h,hod_02h,hod_03h,hod_04h,hod_05h,hod_06h,hod_07h,hod_08h,hod_09h,hod_10h,hod_11h,hod_12h,hod_13h,hod_14h,hod_15h,hod_16h,hod_17h,hod_18h,hod_19h,hod_20h,hod_21h,hod_22h,hod_23h,dow_mon,dow_tue,dow_wed,dow_thu,dow_fri,dow_sat,dow_sun
E08000025,E02001869,6332.25,34255.25,10770.0,69.9285714286,72.2142857143,50.3571428571,34.7857142857,33.8571428571,65.9642857143,121.535714286,228.928571429,282.0,270.428571429,286.0,311.928571429,389.5,423.607142857,429.892857143,419.714285714,474.857142857,496.035714286,426.5,385.928571429,327.142857143,293.642857143,256.357142857,181.142857143,6138.25,6902.25,8391.75,6437.25,6385.75,5438.75,4631.75
