zone_id,area_id,total,daytype_inweek,daytype_weekend,hod_00h,hod_01h,hod_02h,hod_03h,hod_04h,hod_05h,hod_06h,hod_07h,hod_08h,hod_09h,hod_10h,hod_11h,hod_12h,hod_13h,hod_14h,hod_15h,hod_16h,hod_17h,hod_18h,hod_19h,hod_20h,hod_21h,hod_22h,hod_23h,dow_mon,dow_tue,dow_wed,dow_thu,dow_fri,dow_sat,dow_sun
E07000179,E02005968,3558.17857143,19140.5,6088.75,16.25,12.7142857143,7.82142857143,8.64285714286,9.42857142857,21.1071428571,54.6785714286,134.214285714,211.357142857,214.964285714,238.142857143,248.642857143,264.928571429,244.607142857,246.5,243.321428571,257.678571429,273.964285714,241.714285714,196.25,148.464285714,118.785714286,92.3214285714,51.6785714286,3445.0,3810.25,4739.25,3654.5,3491.5,3123.0,2643.75
