zone_id,area_id,total,daytype_inweek,daytype_weekend,hod_00h,hod_01h,hod_02h,hod_03h,hod_04h,hod_05h,hod_06h,hod_07h,hod_08h,hod_09h,hod_10h,hod_11h,hod_12h,hod_13h,hod_14h,hod_15h,hod_16h,hod_17h,hod_18h,hod_19h,hod_20h,hod_21h,hod_22h,hod_23h,dow_mon,dow_tue,dow_wed,dow_thu,dow_fri,dow_sat,dow_sun
E09000018,E02000543,4939.46428571,26101.0,8623.5,40.8571428571,38.0,26.25,20.0,22.6071428571,43.1428571429,77.0714285714,141.892857143,223.25,256.0,281.035714286,303.392857143,338.75,355.178571429,355.285714286,345.035714286,334.392857143,352.678571429,341.392857143,299.25,262.607142857,209.178571429,161.25,110.964285714,4677.75,5135.25,6238.75,4963.5,5085.75,4529.5,3945.75
