zone_id,area_id,total,daytype_inweek,daytype_weekend,hod_00h,hod_01h,hod_02h,hod_03h,hod_04h,hod_05h,hod_06h,hod_07h,hod_08h,hod_09h,hod_10h,hod_11h,hod_12h,hod_13h,hod_14h,hod_15h,hod_16h,hod_17h,hod_18h,hod_19h,hod_20h,hod_21h,hod_22h,hod_23h,dow_mon,dow_tue,dow_wed,dow_thu,dow_fri,dow_sat,dow_sun
E07000036,E02004082,1216.25,6522.75,2083.25,5.28571428571,6.0,3.92857142857,3.75,5.25,12.75,26.7857142857,37.75,59.4642857143,68.6785714286,78.2142857143,84.0714285714,88.1428571429,81.75,77.4642857143,81.8571428571,84.1071428571,86.3928571429,82.6785714286,76.7857142857,64.5714285714,48.6785714286,34.5357142857,17.3571428571,1170.75,1330.0,1603.25,1222.25,1196.5,1078.5,912.5
