zone_id,area_id,total,daytype_inweek,daytype_weekend,hod_00h,hod_01h,hod_02h,hod_03h,hod_04h,hod_05h,hod_06h,hod_07h,hod_08h,hod_09h,hod_10h,hod_11h,hod_12h,hod_13h,hod_14h,hod_15h,hod_16h,hod_17h,hod_18h,hod_19h,hod_20h,hod_21h,hod_22h,hod_23h,dow_mon,dow_tue,dow_wed,dow_thu,dow_fri,dow_sat,dow_sun
E08000033,E02002260,2103.92857143,11316.0,3436.75,10.1785714286,13.25,9.03571428571,8.17857142857,6.25,15.2142857143,34.7857142857,83.7857142857,103.714285714,106.285714286,125.0,143.785714286,150.678571429,153.214285714,156.428571429,153.178571429,164.392857143,162.75,133.642857143,114.178571429,93.5714285714,72.8928571429,52.8214285714,36.7142857143,1979.25,2264.0,2751.5,2141.25,2180.0,1954.0,1457.5
