zone_id,area_id,total,daytype_inweek,daytype_weekend,hod_00h,hod_01h,hod_02h,hod_03h,hod_04h,hod_05h,hod_06h,hod_07h,hod_08h,hod_09h,hod_10h,hod_11h,hod_12h,hod_13h,hod_14h,hod_15h,hod_16h,hod_17h,hod_18h,hod_19h,hod_20h,hod_21h,hod_22h,hod_23h,dow_mon,dow_tue,dow_wed,dow_thu,dow_fri,dow_sat,dow_sun
E07000122,E02005242,1199.57142857,6417.0,2006.25,5.42857142857,4.32142857143,2.64285714286,2.03571428571,3.5,18.4642857143,19.4285714286,46.5357142857,55.5357142857,62.3571428571,71.7857142857,76.4642857143,82.6071428571,92.0714285714,92.1428571429,85.1785714286,88.9642857143,94.4642857143,75.75,63.0714285714,57.8571428571,42.8928571429,38.1785714286,17.8928571429,1138.75,1272.25,1556.75,1199.25,1250.0,1112.5,867.5
