zone_id,area_id,total,daytype_inweek,daytype_weekend,hod_00h,hod_01h,hod_02h,hod_03h,hod_04h,hod_05h,hod_06h,hod_07h,hod_08h,hod_09h,hod_10h,hod_11h,hod_12h,hod_13h,hod_14h,hod_15h,hod_16h,hod_17h,hod_18h,hod_19h,hod_20h,hod_21h,hod_22h,hod_23h,dow_mon,dow_tue,dow_wed,dow_thu,dow_fri,dow_sat,dow_sun
E06000010,E02002660,3356.92857143,17656.5,5790.75,12.4285714286,15.4285714286,11.7857142857,12.8571428571,18.25,46.7857142857,72.25,132.071428571,147.857142857,164.892857143,203.285714286,230.642857143,248.464285714,250.071428571,255.928571429,250.678571429,256.821428571,247.5,219.571428571,180.321428571,146.607142857,112.392857143,77.0714285714,42.9642857143,3149.5,3432.5,4258.25,3210.25,3606.0,3200.75,2641.25
