zone_id,area_id,total,daytype_inweek,daytype_weekend,hod_00h,hod_01h,hod_02h,hod_03h,hod_04h,hod_05h,hod_06h,hod_07h,hod_08h,hod_09h,hod_10h,hod_11h,hod_12h,hod_13h,hod_14h,hod_15h,hod_16h,hod_17h,hod_18h,hod_19h,hod_20h,hod_21h,hod_22h,hod_23h,dow_mon,dow_tue,dow_wed,dow_thu,dow_fri,dow_sat,dow_sun
E07000082,E02004660,2749.85714286,14481.25,4720.0,10.6428571429,8.42857142857,5.75,4.85714285714,4.42857142857,16.0,41.5714285714,105.892857143,161.535714286,172.035714286,183.928571429,187.571428571,192.392857143,193.5,195.714285714,196.607142857,207.75,213.214285714,177.607142857,148.607142857,115.214285714,94.5,73.7142857143,38.3928571429,2629.0,2855.25,3459.25,2713.0,2824.75,2676.75,2091.0
