zone_id,area_id,total,daytype_inweek,daytype_weekend,hod_00h,hod_01h,hod_02h,hod_03h,hod_04h,hod_05h,hod_06h,hod_07h,hod_08h,hod_09h,hod_10h,hod_11h,hod_12h,hod_13h,hod_14h,hod_15h,hod_16h,hod_17h,hod_18h,hod_19h,hod_20h,hod_21h,hod_22h,hod_23h,dow_mon,dow_tue,dow_wed,dow_thu,dow_fri,dow_sat,dow_sun
S12000010,S02001547,2103.39285714,11399.5,3826.25,11.2857142857,10.0,7.25,5.75,4.10714285714,13.1428571429,37.2142857143,100.714285714,138.25,129.142857143,133.785714286,140.892857143,144.178571429,135.928571429,140.892857143,141.464285714,155.785714286,153.0,135.678571429,113.892857143,93.7857142857,77.7857142857,49.8214285714,29.6428571429,2223.0,2211.75,2794.25,2092.0,2078.5,1721.0,1603.25
