zone_id,area_id,total,daytype_inweek,daytype_weekend,hod_00h,hod_01h,hod_02h,hod_03h,hod_04h,hod_05h,hod_06h,hod_07h,hod_08h,hod_09h,hod_10h,hod_11h,hod_12h,hod_13h,hod_14h,hod_15h,hod_16h,hod_17h,hod_18h,hod_19h,hod_20h,hod_21h,hod_22h,hod_23h,dow_mon,dow_tue,dow_wed,dow_thu,dow_fri,dow_sat,dow_sun
E08000037,E02001690,3666.42857143,19649.0,6327.25,16.0714285714,18.0357142857,11.8928571429,11.9642857143,11.3928571429,25.1785714286,57.2142857143,123.464285714,167.5,199.821428571,233.464285714,262.107142857,285.214285714,270.428571429,268.178571429,262.071428571,276.107142857,278.392857143,242.25,210.107142857,163.107142857,143.642857143,81.7857142857,47.0357142857,3630.0,3788.75,4872.5,3632.25,3725.5,3318.75,2697.25
