zone_id,area_id,total,daytype_inweek,daytype_weekend,hod_00h,hod_01h,hod_02h,hod_03h,hod_04h,hod_05h,hod_06h,hod_07h,hod_08h,hod_09h,hod_10h,hod_11h,hod_12h,hod_13h,hod_14h,hod_15h,hod_16h,hod_17h,hod_18h,hod_19h,hod_20h,hod_21h,hod_22h,hod_23h,dow_mon,dow_tue,dow_wed,dow_thu,dow_fri,dow_sat,dow_sun
S12000011,S02001556,1017.92857143,5397.75,1883.75,6.42857142857,5.92857142857,4.71428571429,4.21428571429,4.10714285714,6.07142857143,12.1071428571,30.3571428571,53.3214285714,55.5,59.5714285714,62.6071428571,68.3928571429,68.8214285714,70.6785714286,77.0,73.2857142857,71.8571428571,68.5357142857,65.7857142857,49.8571428571,45.0357142857,33.8571428571,19.8928571429,1066.75,1089.75,1265.75,970.75,1004.75,910.75,817.0
