zone_id,area_id,total,daytype_inweek,daytype_weekend,hod_00h,hod_01h,hod_02h,hod_03h,hod_04h,hod_05h,hod_06h,hod_07h,hod_08h,hod_09h,hod_10h,hod_11h,hod_12h,hod_13h,hod_14h,hod_15h,hod_16h,hod_17h,hod_18h,hod_19h,hod_20h,hod_21h,hod_22h,hod_23h,dow_mon,dow_tue,dow_wed,dow_thu,dow_fri,dow_sat,dow_sun
E07000118,E02005197,2129.28571429,11266.75,3684.25,10.6785714286,12.75,9.17857142857,7.57142857143,7.92857142857,13.2142857143,29.1071428571,75.8214285714,105.857142857,112.321428571,120.107142857,130.75,145.607142857,147.357142857,147.071428571,149.714285714,157.071428571,163.0,147.607142857,135.964285714,113.071428571,85.9285714286,65.6071428571,36.0,2033.5,2265.0,2751.25,2079.25,2137.75,1987.5,1650.75
