zone_id,area_id,total,daytype_inweek,daytype_weekend,hod_00h,hod_01h,hod_02h,hod_03h,hod_04h,hod_05h,hod_06h,hod_07h,hod_08h,hod_09h,hod_10h,hod_11h,hod_12h,hod_13h,hod_14h,hod_15h,hod_16h,hod_17h,hod_18h,hod_19h,hod_20h,hod_21h,hod_22h,hod_23h,dow_mon,dow_tue,dow_wed,dow_thu,dow_fri,dow_sat,dow_sun
S12000046,S02001931,2577.10714286,13854.75,4386.25,15.9642857143,20.7857142857,17.5,16.2142857143,11.6428571429,17.7142857143,36.0357142857,74.8214285714,121.642857143,133.392857143,128.857142857,146.607142857,163.357142857,168.714285714,168.428571429,183.357142857,188.5,198.75,189.25,165.535714286,146.178571429,111.892857143,91.6428571429,60.3214285714,2515.25,2595.75,3747.5,2474.0,2522.25,2314.0,1871.0
