zone_id,area_id,total,daytype_inweek,daytype_weekend,hod_00h,hod_01h,hod_02h,hod_03h,hod_04h,hod_05h,hod_06h,hod_07h,hod_08h,hod_09h,hod_10h,hod_11h,hod_12h,hod_13h,hod_14h,hod_15h,hod_16h,hod_17h,hod_18h,hod_19h,hod_20h,hod_21h,hod_22h,hod_23h,dow_mon,dow_tue,dow_wed,dow_thu,dow_fri,dow_sat,dow_sun
W06000011,W02000193,3552.64285714,18908.75,6002.5,17.4285714286,22.1071428571,14.7857142857,12.0357142857,10.8571428571,19.0357142857,38.8214285714,105.857142857,181.178571429,193.357142857,213.678571429,239.035714286,251.928571429,263.357142857,253.142857143,263.285714286,275.178571429,272.392857143,238.607142857,206.321428571,160.785714286,131.535714286,101.821428571,66.1071428571,3362.75,3851.75,4651.75,3495.25,3547.25,3320.0,2639.75
