zone_id,area_id,total,daytype_inweek,daytype_weekend,hod_00h,hod_01h,hod_02h,hod_03h,hod_04h,hod_05h,hod_06h,hod_07h,hod_08h,hod_09h,hod_10h,hod_11h,hod_12h,hod_13h,hod_14h,hod_15h,hod_16h,hod_17h,hod_18h,hod_19h,hod_20h,hod_21h,hod_22h,hod_23h,dow_mon,dow_tue,dow_wed,dow_thu,dow_fri,dow_sat,dow_sun
S12000044,S02002205,1407.07142857,7625.0,2514.75,5.46428571429,7.10714285714,4.75,5.78571428571,8.14285714286,15.5714285714,31.9642857143,52.8214285714,80.5357142857,68.3928571429,73.2142857143,77.9642857143,83.8571428571,89.5357142857,95.0714285714,103.0,111.214285714,107.428571429,99.25,87.2857142857,73.5,59.4285714286,43.9285714286,21.8571428571,1491.25,1476.75,1880.75,1408.0,1368.25,1201.0,1023.5
