zone_id,area_id,total,daytype_inweek,daytype_weekend,hod_00h,hod_01h,hod_02h,hod_03h,hod_04h,hod_05h,hod_06h,hod_07h,hod_08h,hod_09h,hod_10h,hod_11h,hod_12h,hod_13h,hod_14h,hod_15h,hod_16h,hod_17h,hod_18h,hod_19h,hod_20h,hod_21h,hod_22h,hod_23h,dow_mon,dow_tue,dow_wed,dow_thu,dow_fri,dow_sat,dow_sun
E08000035,E02002421,2749.14285714,14785.5,4625.25,18.0714285714,19.4642857143,12.9285714286,11.0357142857,12.1071428571,26.5714285714,62.8214285714,120.5,132.285714286,126.678571429,143.75,171.25,188.5,190.357142857,194.607142857,205.107142857,215.571428571,205.642857143,184.142857143,161.535714286,129.571428571,103.285714286,70.6071428571,42.75,2659.75,2855.0,3568.0,2783.0,2919.75,2493.0,1965.5
