zone_id,area_id,total,daytype_inweek,daytype_weekend,hod_00h,hod_01h,hod_02h,hod_03h,hod_04h,hod_05h,hod_06h,hod_07h,hod_08h,hod_09h,hod_10h,hod_11h,hod_12h,hod_13h,hod_14h,hod_15h,hod_16h,hod_17h,hod_18h,hod_19h,hod_20h,hod_21h,hod_22h,hod_23h,dow_mon,dow_tue,dow_wed,dow_thu,dow_fri,dow_sat,dow_sun
E07000087,E02004737,2285.67857143,11977.75,3931.75,8.32142857143,8.07142857143,4.89285714286,3.42857142857,5.39285714286,15.2857142857,38.5,89.7857142857,122.678571429,137.178571429,156.964285714,175.357142857,175.607142857,170.321428571,161.214285714,163.821428571,166.928571429,161.142857143,140.785714286,120.535714286,99.6071428571,75.6071428571,53.7857142857,30.4642857143,2151.75,2321.0,2930.5,2178.75,2395.75,2242.0,1780.0
