zone_id,area_id,total,daytype_inweek,daytype_weekend,hod_00h,hod_01h,hod_02h,hod_03h,hod_04h,hod_05h,hod_06h,hod_07h,hod_08h,hod_09h,hod_10h,hod_11h,hod_12h,hod_13h,hod_14h,hod_15h,hod_16h,hod_17h,hod_18h,hod_19h,hod_20h,hod_21h,hod_22h,hod_23h,dow_mon,dow_tue,dow_wed,dow_thu,dow_fri,dow_sat,dow_sun
E06000023,E02003047,4765.67857143,23429.75,7234.25,20.6071428571,26.1785714286,22.6071428571,21.7142857143,20.1428571429,46.0,83.3928571429,160.928571429,267.75,254.25,237.5,247.428571429,262.75,281.464285714,285.392857143,301.321428571,344.892857143,420.214285714,368.214285714,297.928571429,258.714285714,204.535714286,214.0,117.75,3853.75,4353.25,5555.5,5156.75,4510.5,6549.5,3380.5
