zone_id,area_id,total,daytype_inweek,daytype_weekend,hod_00h,hod_01h,hod_02h,hod_03h,hod_04h,hod_05h,hod_06h,hod_07h,hod_08h,hod_09h,hod_10h,hod_11h,hod_12h,hod_13h,hod_14h,hod_15h,hod_16h,hod_17h,hod_18h,hod_19h,hod_20h,hod_21h,hod_22h,hod_23h,dow_mon,dow_tue,dow_wed,dow_thu,dow_fri,dow_sat,dow_sun
E09000004,E02000084,2463.60714286,12954.75,4247.0,15.7857142857,14.9642857143,7.75,6.78571428571,4.82142857143,10.8214285714,27.6428571429,72.7142857143,117.107142857,142.357142857,160.642857143,168.964285714,171.25,169.535714286,161.25,161.964285714,158.535714286,178.321428571,165.178571429,167.285714286,136.964285714,109.75,81.2142857143,52.0,2321.75,2479.25,3174.25,2536.25,2443.25,2365.25,1925.25
