zone_id,area_id,total,daytype_inweek,daytype_weekend,hod_00h,hod_01h,hod_02h,hod_03h,hod_04h,hod_05h,hod_06h,hod_07h,hod_08h,hod_09h,hod_10h,hod_11h,hod_12h,hod_13h,hod_14h,hod_15h,hod_16h,hod_17h,hod_18h,hod_19h,hod_20h,hod_21h,hod_22h,hod_23h,dow_mon,dow_tue,dow_wed,dow_thu,dow_fri,dow_sat,dow_sun
E08000025,E02001923,5403.89285714,28485.5,9525.5,63.7857142857,65.4285714286,43.6785714286,31.4285714286,30.3928571429,45.0,83.9285714286,160.964285714,239.357142857,255.5,278.178571429,296.821428571,326.357142857,330.678571429,336.821428571,356.75,377.285714286,398.464285714,380.321428571,360.25,305.214285714,262.714285714,227.107142857,147.464285714,5208.75,5512.75,6885.25,5413.75,5465.0,5025.0,4316.75
