zone_id,area_id,total,daytype_inweek,daytype_weekend,hod_00h,hod_01h,hod_02h,hod_03h,hod_04h,hod_05h,hod_06h,hod_07h,hod_08h,hod_09h,hod_10h,hod_11h,hod_12h,hod_13h,hod_14h,hod_15h,hod_16h,hod_17h,hod_18h,hod_19h,hod_20h,hod_21h,hod_22h,hod_23h,dow_mon,dow_tue,dow_wed,dow_thu,dow_fri,dow_sat,dow_sun
S12000034,S02001315,866.678571429,4663.5,1511.25,3.17857142857,2.96428571429,1.75,2.5,4.07142857143,9.75,32.3214285714,43.2857142857,48.3571428571,50.3571428571,50.6785714286,55.3928571429,53.9642857143,57.6071428571,57.5,66.25,70.8928571429,69.6071428571,55.25,47.8928571429,34.0357142857,26.1785714286,15.8214285714,7.07142857143,873.0,921.75,1207.75,866.0,795.0,765.0,638.25
