zone_id,area_id,total,daytype_inweek,daytype_weekend,hod_00h,hod_01h,hod_02h,hod_03h,hod_04h,hod_05h,hod_06h,hod_07h,hod_08h,hod_09h,hod_10h,hod_11h,hod_12h,hod_13h,hod_14h,hod_15h,hod_16h,hod_17h,hod_18h,hod_19h,hod_20h,hod_21h,hod_22h,hod_23h,dow_mon,dow_tue,dow_wed,dow_thu,dow_fri,dow_sat,dow_sun
E07000034,E02004058,3553.5,19062.25,5924.5,12.5,15.5714285714,11.5357142857,9.71428571429,10.4285714286,21.5714285714,46.2857142857,113.607142857,189.5,207.321428571,236.964285714,248.892857143,256.321428571,262.607142857,254.285714286,260.714285714,271.571428571,277.535714286,226.357142857,200.785714286,161.321428571,122.285714286,88.0714285714,47.75,3426.25,3722.25,4581.25,3645.25,3687.25,3314.0,2498.25
