zone_id,area_id,total,daytype_inweek,daytype_weekend,hod_00h,hod_01h,hod_02h,hod_03h,hod_04h,hod_05h,hod_06h,hod_07h,hod_08h,hod_09h,hod_10h,hod_11h,hod_12h,hod_13h,hod_14h,hod_15h,hod_16h,hod_17h,hod_18h,hod_19h,hod_20h,hod_21h,hod_22h,hod_23h,dow_mon,dow_tue,dow_wed,dow_thu,dow_fri,dow_sat,dow_sun
E06000029,E02003207,4964.64285714,26441.0,8598.75,19.5,20.1785714286,11.1071428571,11.2142857143,12.8214285714,33.7857142857,94.1071428571,183.892857143,240.678571429,284.071428571,326.75,351.678571429,345.142857143,346.5,330.928571429,344.642857143,374.142857143,379.178571429,341.035714286,288.75,239.535714286,180.642857143,132.75,71.6071428571,4842.0,5327.0,6313.25,4984.0,4974.75,4554.75,3756.75
