zone_id,area_id,total,daytype_inweek,daytype_weekend,hod_00h,hod_01h,hod_02h,hod_03h,hod_04h,hod_05h,hod_06h,hod_07h,hod_08h,hod_09h,hod_10h,hod_11h,hod_12h,hod_13h,hod_14h,hod_15h,hod_16h,hod_17h,hod_18h,hod_19h,hod_20h,hod_21h,hod_22h,hod_23h,dow_mon,dow_tue,dow_wed,dow_thu,dow_fri,dow_sat,dow_sun
E07000094,E02004831,3266.03571429,17301.75,5958.75,17.3214285714,21.6071428571,18.1785714286,14.5357142857,13.1785714286,20.2857142857,43.3571428571,116.107142857,171.25,188.464285714,196.392857143,217.785714286,213.25,223.964285714,221.035714286,222.25,237.214285714,256.0,213.571428571,194.5,152.464285714,126.321428571,101.178571429,65.8214285714,3380.0,3060.5,3822.75,3663.5,3375.0,2981.75,2578.75
