zone_id,area_id,total,daytype_inweek,daytype_weekend,hod_00h,hod_01h,hod_02h,hod_03h,hod_04h,hod_05h,hod_06h,hod_07h,hod_08h,hod_09h,hod_10h,hod_11h,hod_12h,hod_13h,hod_14h,hod_15h,hod_16h,hod_17h,hod_18h,hod_19h,hod_20h,hod_21h,hod_22h,hod_23h,dow_mon,dow_tue,dow_wed,dow_thu,dow_fri,dow_sat,dow_sun
E08000015,E02001503,5251.07142857,27799.75,8919.75,24.8928571429,26.7142857143,20.6071428571,13.5357142857,15.4285714286,21.0357142857,51.6785714286,174.678571429,296.75,297.892857143,328.178571429,348.964285714,378.964285714,378.428571429,364.107142857,377.75,390.785714286,406.75,352.107142857,308.071428571,244.607142857,187.321428571,149.035714286,92.7857142857,4869.75,5463.5,6759.5,5263.25,5443.75,4907.75,4050.0
