zone_id,area_id,total,daytype_inweek,daytype_weekend,hod_00h,hod_01h,hod_02h,hod_03h,hod_04h,hod_05h,hod_06h,hod_07h,hod_08h,hod_09h,hod_10h,hod_11h,hod_12h,hod_13h,hod_14h,hod_15h,hod_16h,hod_17h,hod_18h,hod_19h,hod_20h,hod_21h,hod_22h,hod_23h,dow_mon,dow_tue,dow_wed,dow_thu,dow_fri,dow_sat,dow_sun
E07000108,E02005052,6045.67857143,31488.75,10942.25,37.9285714286,41.8214285714,48.0714285714,32.8571428571,46.2857142857,87.2142857143,190.071428571,269.964285714,343.25,322.357142857,360.035714286,375.035714286,410.142857143,393.642857143,397.071428571,395.535714286,420.107142857,429.035714286,391.178571429,312.607142857,266.107142857,205.607142857,167.464285714,102.285714286,5956.75,6002.5,7682.0,5846.5,6001.0,5845.5,4985.5
