zone_id,area_id,total,daytype_inweek,daytype_weekend,hod_00h,hod_01h,hod_02h,hod_03h,hod_04h,hod_05h,hod_06h,hod_07h,hod_08h,hod_09h,hod_10h,hod_11h,hod_12h,hod_13h,hod_14h,hod_15h,hod_16h,hod_17h,hod_18h,hod_19h,hod_20h,hod_21h,hod_22h,hod_23h,dow_mon,dow_tue,dow_wed,dow_thu,dow_fri,dow_sat,dow_sun
E07000099,E02004923,1614.10714286,8751.0,2726.0,9.42857142857,7.28571428571,6.32142857143,6.25,6.39285714286,7.92857142857,28.9285714286,62.2857142857,85.4642857143,90.4642857143,93.7142857143,104.321428571,112.214285714,106.75,113.285714286,110.107142857,109.571428571,123.285714286,111.75,95.25,81.1071428571,64.1071428571,49.8214285714,28.0714285714,1589.25,1716.5,2193.0,1648.75,1603.5,1411.0,1136.75
