zone_id,area_id,total,daytype_inweek,daytype_weekend,hod_00h,hod_01h,hod_02h,hod_03h,hod_04h,hod_05h,hod_06h,hod_07h,hod_08h,hod_09h,hod_10h,hod_11h,hod_12h,hod_13h,hod_14h,hod_15h,hod_16h,hod_17h,hod_18h,hod_19h,hod_20h,hod_21h,hod_22h,hod_23h,dow_mon,dow_tue,dow_wed,dow_thu,dow_fri,dow_sat,dow_sun
S12000029,S02002406,1716.10714286,9168.25,3079.75,10.8214285714,11.3571428571,9.67857142857,7.32142857143,7.96428571429,17.5357142857,35.6071428571,68.0,105.714285714,91.6071428571,98.5,104.25,111.785714286,111.607142857,111.75,117.571428571,127.678571429,125.821428571,118.035714286,99.1785714286,81.25,65.0357142857,49.6785714286,28.3571428571,1782.75,1757.25,2201.5,1709.75,1717.0,1547.5,1297.0
