zone_id,area_id,total,daytype_inweek,daytype_weekend,hod_00h,hod_01h,hod_02h,hod_03h,hod_04h,hod_05h,hod_06h,hod_07h,hod_08h,hod_09h,hod_10h,hod_11h,hod_12h,hod_13h,hod_14h,hod_15h,hod_16h,hod_17h,hod_18h,hod_19h,hod_20h,hod_21h,hod_22h,hod_23h,dow_mon,dow_tue,dow_wed,dow_thu,dow_fri,dow_sat,dow_sun
E08000030,E02002130,1755.5,9238.0,2975.0,9.67857142857,11.8928571429,10.6071428571,6.42857142857,7.85714285714,18.1071428571,32.1071428571,57.25,65.3571428571,86.1428571429,101.357142857,114.678571429,125.035714286,127.678571429,130.25,128.464285714,134.75,132.214285714,118.285714286,101.0,89.4642857143,66.3928571429,49.3571428571,31.1428571429,1645.25,1786.5,2219.75,1759.5,1827.0,1720.75,1329.75
