zone_id,area_id,total,daytype_inweek,daytype_weekend,hod_00h,hod_01h,hod_02h,hod_03h,hod_04h,hod_05h,hod_06h,hod_07h,hod_08h,hod_09h,hod_10h,hod_11h,hod_12h,hod_13h,hod_14h,hod_15h,hod_16h,hod_17h,hod_18h,hod_19h,hod_20h,hod_21h,hod_22h,hod_23h,dow_mon,dow_tue,dow_wed,dow_thu,dow_fri,dow_sat,dow_sun
E06000047,E02004313,3853.46428571,20811.0,6474.0,16.0357142857,16.4642857143,14.75,10.2142857143,9.03571428571,22.5,57.7857142857,146.0,218.821428571,235.678571429,256.892857143,272.857142857,288.357142857,285.5,280.464285714,277.892857143,291.285714286,297.571428571,245.714285714,202.571428571,145.571428571,124.214285714,85.5714285714,51.7142857143,3756.25,4118.25,5116.5,3958.0,3862.0,3445.5,2717.75
