zone_id,area_id,total,daytype_inweek,daytype_weekend,hod_00h,hod_01h,hod_02h,hod_03h,hod_04h,hod_05h,hod_06h,hod_07h,hod_08h,hod_09h,hod_10h,hod_11h,hod_12h,hod_13h,hod_14h,hod_15h,hod_16h,hod_17h,hod_18h,hod_19h,hod_20h,hod_21h,hod_22h,hod_23h,dow_mon,dow_tue,dow_wed,dow_thu,dow_fri,dow_sat,dow_sun
E09000009,E02000246,2008.42857143,10448.5,3581.0,18.1785714286,17.1785714286,13.2142857143,8.92857142857,11.0714285714,26.7857142857,37.75,58.1428571429,77.3928571429,95.7857142857,110.928571429,126.214285714,132.142857143,129.071428571,133.857142857,130.964285714,131.035714286,134.535714286,134.785714286,135.607142857,122.785714286,101.214285714,73.9642857143,46.8928571429,1920.75,2028.5,2514.5,1919.5,2065.25,1950.25,1660.25
