zone_id,area_id,total,daytype_inweek,daytype_weekend,hod_00h,hod_01h,hod_02h,hod_03h,hod_04h,hod_05h,hod_06h,hod_07h,hod_08h,hod_09h,hod_10h,hod_11h,hod_12h,hod_13h,hod_14h,hod_15h,hod_16h,hod_17h,hod_18h,hod_19h,hod_20h,hod_21h,hod_22h,hod_23h,dow_mon,dow_tue,dow_wed,dow_thu,dow_fri,dow_sat,dow_sun
E07000035,E02004073,3626.32142857,18625.0,6904.75,10.1428571429,11.2142857143,6.85714285714,5.64285714286,8.10714285714,24.0714285714,47.5714285714,100.035714286,178.928571429,204.964285714,261.357142857,288.75,296.321428571,292.321428571,299.178571429,292.285714286,296.678571429,291.178571429,217.107142857,165.964285714,127.642857143,97.5714285714,65.8571428571,36.5714285714,3635.0,3752.5,4583.0,3286.25,3368.25,3489.5,3269.75
