zone_id,area_id,total,daytype_inweek,daytype_weekend,hod_00h,hod_01h,hod_02h,hod_03h,hod_04h,hod_05h,hod_06h,hod_07h,hod_08h,hod_09h,hod_10h,hod_11h,hod_12h,hod_13h,hod_14h,hod_15h,hod_16h,hod_17h,hod_18h,hod_19h,hod_20h,hod_21h,hod_22h,hod_23h,dow_mon,dow_tue,dow_wed,dow_thu,dow_fri,dow_sat,dow_sun
E08000028,E02002068,4303.46428571,22718.5,7536.0,49.6428571429,50.3571428571,35.0357142857,26.8214285714,24.3571428571,43.0357142857,67.6428571429,127.785714286,159.857142857,189.607142857,213.928571429,249.928571429,270.0,285.571428571,297.321428571,289.0,308.857142857,313.285714286,292.214285714,275.321428571,243.5,204.821428571,167.178571429,118.392857143,4141.75,4420.5,5530.5,4328.75,4297.0,4011.5,3394.25
