zone_id,area_id,total,daytype_inweek,daytype_weekend,hod_00h,hod_01h,hod_02h,hod_03h,hod_04h,hod_05h,hod_06h,hod_07h,hod_08h,hod_09h,hod_10h,hod_11h,hod_12h,hod_13h,hod_14h,hod_15h,hod_16h,hod_17h,hod_18h,hod_19h,hod_20h,hod_21h,hod_22h,hod_23h,dow_mon,dow_tue,dow_wed,dow_thu,dow_fri,dow_sat,dow_sun
S12000036,S02001676,2074.42857143,11011.75,3752.0,10.7857142857,12.2142857143,8.42857142857,8.42857142857,7.89285714286,15.0,38.0,113.178571429,161.678571429,113.75,117.714285714,122.0,126.178571429,127.892857143,125.571428571,133.642857143,148.357142857,164.428571429,146.035714286,124.964285714,92.5714285714,67.7857142857,54.0714285714,33.8571428571,2121.75,2148.25,2650.5,1995.25,2096.0,1879.0,1630.25
