zone_id,area_id,total,daytype_inweek,daytype_weekend,hod_00h,hod_01h,hod_02h,hod_03h,hod_04h,hod_05h,hod_06h,hod_07h,hod_08h,hod_09h,hod_10h,hod_11h,hod_12h,hod_13h,hod_14h,hod_15h,hod_16h,hod_17h,hod_18h,hod_19h,hod_20h,hod_21h,hod_22h,hod_23h,dow_mon,dow_tue,dow_wed,dow_thu,dow_fri,dow_sat,dow_sun
E08000027,E02002014,3401.42857143,18390.0,5595.5,21.7142857143,23.5,16.7142857143,12.9285714286,15.0714285714,35.4642857143,62.8928571429,121.464285714,163.607142857,168.25,197.0,211.5,233.571428571,239.607142857,240.25,232.535714286,258.071428571,256.142857143,230.785714286,196.142857143,162.321428571,139.035714286,100.642857143,62.2142857143,3234.0,3564.0,4573.0,3483.25,3535.75,3058.5,2361.5
