zone_id,area_id,total,daytype_inweek,daytype_weekend,hod_00h,hod_01h,hod_02h,hod_03h,hod_04h,hod_05h,hod_06h,hod_07h,hod_08h,hod_09h,hod_10h,hod_11h,hod_12h,hod_13h,hod_14h,hod_15h,hod_16h,hod_17h,hod_18h,hod_19h,hod_20h,hod_21h,hod_22h,hod_23h,dow_mon,dow_tue,dow_wed,dow_thu,dow_fri,dow_sat,dow_sun
E08000002,E02001039,2280.85714286,11902.75,3942.25,14.8214285714,15.1428571429,10.5714285714,7.07142857143,6.92857142857,13.4285714286,31.6071428571,66.8928571429,97.2142857143,121.714285714,131.607142857,152.5,164.678571429,159.714285714,158.178571429,166.642857143,164.714285714,160.821428571,157.5,147.178571429,122.642857143,96.3571428571,71.1428571429,41.7857142857,2103.0,2335.0,2942.25,2200.25,2322.25,2224.0,1839.25
