zone_id,area_id,total,daytype_inweek,daytype_weekend,hod_00h,hod_01h,hod_02h,hod_03h,hod_04h,hod_05h,hod_06h,hod_07h,hod_08h,hod_09h,hod_10h,hod_11h,hod_12h,hod_13h,hod_14h,hod_15h,hod_16h,hod_17h,hod_18h,hod_19h,hod_20h,hod_21h,hod_22h,hod_23h,dow_mon,dow_tue,dow_wed,dow_thu,dow_fri,dow_sat,dow_sun
E07000214,E02006425,4090.10714286,21648.25,6959.25,22.6071428571,21.6071428571,17.3928571429,13.6071428571,12.1785714286,20.0357142857,59.9642857143,141.607142857,206.035714286,232.071428571,261.035714286,287.857142857,320.5,308.142857143,298.214285714,288.321428571,281.5,273.571428571,265.0,241.714285714,190.857142857,137.678571429,111.75,76.8571428571,3830.5,4218.75,5264.5,4090.0,4244.5,3853.75,3128.75
