zone_id,area_id,total,daytype_inweek,daytype_weekend,hod_00h,hod_01h,hod_02h,hod_03h,hod_04h,hod_05h,hod_06h,hod_07h,hod_08h,hod_09h,hod_10h,hod_11h,hod_12h,hod_13h,hod_14h,hod_15h,hod_16h,hod_17h,hod_18h,hod_19h,hod_20h,hod_21h,hod_22h,hod_23h,dow_mon,dow_tue,dow_wed,dow_thu,dow_fri,dow_sat,dow_sun
E09000025,E02000750,2373.75,11987.25,4293.5,22.6428571429,21.1071428571,13.3571428571,10.75,10.1785714286,18.7857142857,44.8928571429,76.0,107.535714286,118.142857143,123.964285714,137.75,155.785714286,161.25,157.428571429,159.142857143,156.035714286,169.285714286,156.678571429,147.857142857,134.071428571,110.535714286,90.6428571429,69.9285714286,2111.0,2353.25,2920.75,2147.25,2455.0,2446.5,2182.5
