zone_id,area_id,total,daytype_inweek,daytype_weekend,hod_00h,hod_01h,hod_02h,hod_03h,hod_04h,hod_05h,hod_06h,hod_07h,hod_08h,hod_09h,hod_10h,hod_11h,hod_12h,hod_13h,hod_14h,hod_15h,hod_16h,hod_17h,hod_18h,hod_19h,hod_20h,hod_21h,hod_22h,hod_23h,dow_mon,dow_tue,dow_wed,dow_thu,dow_fri,dow_sat,dow_sun
E07000208,E02006335,1562.39285714,8288.5,2728.5,8.96428571429,7.57142857143,6.0,4.07142857143,5.75,7.07142857143,21.3928571429,47.8571428571,77.5,97.7142857143,101.857142857,113.642857143,111.321428571,105.357142857,102.785714286,103.892857143,101.785714286,107.892857143,108.035714286,99.0714285714,82.5,63.1071428571,47.7142857143,29.5357142857,1518.5,1606.0,2034.75,1541.5,1587.75,1438.25,1210.0
