zone_id,area_id,total,daytype_inweek,daytype_weekend,hod_00h,hod_01h,hod_02h,hod_03h,hod_04h,hod_05h,hod_06h,hod_07h,hod_08h,hod_09h,hod_10h,hod_11h,hod_12h,hod_13h,hod_14h,hod_15h,hod_16h,hod_17h,hod_18h,hod_19h,hod_20h,hod_21h,hod_22h,hod_23h,dow_mon,dow_tue,dow_wed,dow_thu,dow_fri,dow_sat,dow_sun
E06000049,E02003811,2469.35714286,13392.0,4185.0,15.25,10.25,9.14285714286,7.82142857143,9.57142857143,26.25,43.7857142857,111.928571429,147.75,151.107142857,156.5,155.571428571,164.821428571,160.785714286,163.857142857,161.071428571,171.857142857,183.714285714,155.642857143,132.892857143,106.142857143,93.9642857143,79.6785714286,50.0,2348.5,2593.5,3361.25,2595.5,2493.25,2057.0,1836.5
