zone_id,area_id,total,daytype_inweek,daytype_weekend,hod_00h,hod_01h,hod_02h,hod_03h,hod_04h,hod_05h,hod_06h,hod_07h,hod_08h,hod_09h,hod_10h,hod_11h,hod_12h,hod_13h,hod_14h,hod_15h,hod_16h,hod_17h,hod_18h,hod_19h,hod_20h,hod_21h,hod_22h,hod_23h,dow_mon,dow_tue,dow_wed,dow_thu,dow_fri,dow_sat,dow_sun
E07000190,E02006099,2230.10714286,12057.75,3832.5,8.64285714286,7.82142857143,7.5,6.57142857143,5.71428571429,12.2857142857,35.3571428571,100.892857143,132.857142857,140.928571429,149.035714286,152.821428571,148.678571429,143.857142857,145.714285714,139.357142857,159.5,163.107142857,147.214285714,126.357142857,102.892857143,81.5357142857,68.7142857143,42.75,2209.0,2435.25,2934.0,2339.25,2140.25,1929.5,1623.5
