zone_id,area_id,total,daytype_inweek,daytype_weekend,hod_00h,hod_01h,hod_02h,hod_03h,hod_04h,hod_05h,hod_06h,hod_07h,hod_08h,hod_09h,hod_10h,hod_11h,hod_12h,hod_13h,hod_14h,hod_15h,hod_16h,hod_17h,hod_18h,hod_19h,hod_20h,hod_21h,hod_22h,hod_23h,dow_mon,dow_tue,dow_wed,dow_thu,dow_fri,dow_sat,dow_sun
E07000142,E02005499,1069.92857143,5549.0,1923.25,4.82142857143,4.57142857143,3.57142857143,3.0,4.42857142857,8.07142857143,21.6785714286,45.1428571429,58.8928571429,63.3214285714,68.4642857143,70.1071428571,71.1428571429,65.0,67.25,71.3928571429,70.25,81.4285714286,65.5714285714,58.9285714286,55.0,48.4642857143,35.5,23.9285714286,1014.25,1085.75,1396.25,1024.25,1028.5,1031.5,909.0
