zone_id,area_id,total,daytype_inweek,daytype_weekend,hod_00h,hod_01h,hod_02h,hod_03h,hod_04h,hod_05h,hod_06h,hod_07h,hod_08h,hod_09h,hod_10h,hod_11h,hod_12h,hod_13h,hod_14h,hod_15h,hod_16h,hod_17h,hod_18h,hod_19h,hod_20h,hod_21h,hod_22h,hod_23h,dow_mon,dow_tue,dow_wed,dow_thu,dow_fri,dow_sat,dow_sun
E07000071,E02004526,3180.64285714,17000.0,5471.0,10.3928571429,9.78571428571,7.25,5.60714285714,6.32142857143,14.3571428571,46.1071428571,135.75,174.964285714,195.285714286,221.75,235.714285714,229.071428571,220.535714286,216.857142857,228.464285714,243.464285714,248.357142857,213.75,170.25,135.714285714,100.892857143,69.7857142857,40.2142857143,3057.25,3395.75,4282.0,3167.25,3097.75,2850.75,2413.75
