zone_id,area_id,total,daytype_inweek,daytype_weekend,hod_00h,hod_01h,hod_02h,hod_03h,hod_04h,hod_05h,hod_06h,hod_07h,hod_08h,hod_09h,hod_10h,hod_11h,hod_12h,hod_13h,hod_14h,hod_15h,hod_16h,hod_17h,hod_18h,hod_19h,hod_20h,hod_21h,hod_22h,hod_23h,dow_mon,dow_tue,dow_wed,dow_thu,dow_fri,dow_sat,dow_sun
E07000045,E02004212,1813.57142857,9839.0,3125.0,6.60714285714,5.35714285714,4.78571428571,4.71428571429,5.82142857143,9.71428571429,23.4285714286,61.4285714286,91.8571428571,111.928571429,125.857142857,126.357142857,131.821428571,124.75,128.071428571,130.928571429,134.892857143,136.785714286,120.928571429,104.25,87.2142857143,66.5357142857,46.3928571429,23.1428571429,1835.25,1990.5,2421.75,1834.75,1756.75,1566.25,1289.75
