zone_id,area_id,total,daytype_inweek,daytype_weekend,hod_00h,hod_01h,hod_02h,hod_03h,hod_04h,hod_05h,hod_06h,hod_07h,hod_08h,hod_09h,hod_10h,hod_11h,hod_12h,hod_13h,hod_14h,hod_15h,hod_16h,hod_17h,hod_18h,hod_19h,hod_20h,hod_21h,hod_22h,hod_23h,dow_mon,dow_tue,dow_wed,dow_thu,dow_fri,dow_sat,dow_sun
E06000055,E02003625,4599.53571429,24485.75,7841.0,22.5714285714,25.5714285714,20.75,14.8928571429,15.8214285714,32.7142857143,82.0357142857,164.75,238.642857143,258.607142857,287.142857143,297.0,329.285714286,323.25,327.607142857,318.607142857,322.607142857,343.035714286,296.535714286,269.607142857,221.642857143,175.964285714,133.071428571,77.8214285714,4405.5,4761.75,5985.75,4535.25,4797.5,4275.5,3435.5
