area_id,total,daytype_inweek,daytype_weekend,hod_00h,hod_01h,hod_02h,hod_03h,hod_04h,hod_05h,hod_06h,hod_07h,hod_08h,hod_09h,hod_10h,hod_11h,hod_12h,hod_13h,hod_14h,hod_15h,hod_16h,hod_17h,hod_18h,hod_19h,hod_20h,hod_21h,hod_22h,hod_23h,dow_mon,dow_tue,dow_wed,dow_thu,dow_fri,dow_sat,dow_sun
05057,0.178571428571,0.75,0.75,0.0,0.0,0.0,0.0,0.0,0.0,0.0,0.0,0.0,0.0,0.0357142857143,0.0,0.0,0.0,0.0,0.0,0.0,0.0,0.0,0.0357142857143,0.0,0.0714285714286,0.0357142857143,0.0,0.25,0.0,0.25,0.25,0.0,0.0,0.5
05168,0.107142857143,0.75,0.0,0.0,0.0,0.0,0.0,0.0,0.0,0.0,0.0,0.0,0.0,0.0,0.0,0.0,0.0,0.0357142857143,0.0714285714286,0.0,0.0,0.0,0.0,0.0,0.0,0.0,0.0,0.0,0.25,0.0,0.5,0.0,0.0,0.0
05019,6.0,29.75,13.25,0.0357142857143,0.0357142857143,0.0357142857143,0.0,0.0357142857143,0.0,0.178571428571,0.285714285714,0.678571428571,0.464285714286,0.392857142857,0.428571428571,0.607142857143,0.214285714286,0.214285714286,0.0714285714286,0.392857142857,0.178571428571,0.214285714286,0.571428571429,0.464285714286,0.285714285714,0.178571428571,0.0357142857143,4.0,7.0,7.75,5.0,6.0,3.0,9.25
05014,52.7857142857,270.5,107.0,0.464285714286,0.821428571429,0.571428571429,0.285714285714,0.571428571429,0.142857142857,0.321428571429,1.32142857143,1.75,2.35714285714,3.67857142857,3.25,4.03571428571,4.42857142857,4.21428571429,2.85714285714,2.39285714286,2.64285714286,2.85714285714,3.25,3.89285714286,3.64285714286,2.07142857143,0.964285714286,55.25,45.75,70.5,48.75,50.25,47.25,51.75
05047,52.9285714286,254.25,93.5,0.25,0.285714285714,0.464285714286,0.321428571429,0.392857142857,0.428571428571,0.678571428571,1.10714285714,1.46428571429,2.5,2.46428571429,4.53571428571,4.78571428571,3.82142857143,2.85714285714,1.71428571429,1.89285714286,1.96428571429,2.25,3.67857142857,3.57142857143,4.67857142857,3.32142857143,3.5,49.75,44.0,65.0,46.0,49.5,72.5,43.75
total,112.0,556.0,214.5,0.75,1.14285714286,1.07142857143,0.607142857143,1.0,0.571428571429,1.17857142857,2.71428571429,3.89285714286,5.32142857143,6.57142857143,8.21428571429,9.42857142857,8.46428571429,7.32142857143,4.71428571429,4.67857142857,4.78571428571,5.32142857143,7.53571428571,7.92857142857,8.67857142857,5.60714285714,4.5,109.25,97.0,143.5,100.5,105.75,122.75,105.25
