zone_id,area_id,total,daytype_inweek,daytype_weekend,hod_00h,hod_01h,hod_02h,hod_03h,hod_04h,hod_05h,hod_06h,hod_07h,hod_08h,hod_09h,hod_10h,hod_11h,hod_12h,hod_13h,hod_14h,hod_15h,hod_16h,hod_17h,hod_18h,hod_19h,hod_20h,hod_21h,hod_22h,hod_23h,dow_mon,dow_tue,dow_wed,dow_thu,dow_fri,dow_sat,dow_sun
E07000196,E02006174,1865.35714286,10036.5,3303.0,11.3571428571,7.89285714286,6.21428571429,5.0,6.46428571429,15.7142857143,35.8214285714,62.2142857143,105.285714286,112.5,121.25,126.428571429,126.857142857,126.107142857,119.607142857,121.892857143,118.0,121.75,118.892857143,112.0,96.25,80.2142857143,66.3214285714,41.3214285714,1896.5,2020.25,2507.75,1810.0,1802.0,1614.5,1406.5
