zone_id,area_id,total,daytype_inweek,daytype_weekend,hod_00h,hod_01h,hod_02h,hod_03h,hod_04h,hod_05h,hod_06h,hod_07h,hod_08h,hod_09h,hod_10h,hod_11h,hod_12h,hod_13h,hod_14h,hod_15h,hod_16h,hod_17h,hod_18h,hod_19h,hod_20h,hod_21h,hod_22h,hod_23h,dow_mon,dow_tue,dow_wed,dow_thu,dow_fri,dow_sat,dow_sun
E06000028,E02003182,8638.35714286,45336.75,15129.0,34.8928571429,39.75,28.4642857143,27.6785714286,28.7857142857,44.5714285714,124.75,287.357142857,471.321428571,450.821428571,520.035714286,586.464285714,617.821428571,632.928571429,598.428571429,608.464285714,638.714285714,682.357142857,622.535714286,520.107142857,399.928571429,311.714285714,235.0,125.464285714,8199.75,8757.0,11060.25,8487.5,8832.25,8202.5,6929.25
