zone_id,area_id,total,daytype_inweek,daytype_weekend,hod_00h,hod_01h,hod_02h,hod_03h,hod_04h,hod_05h,hod_06h,hod_07h,hod_08h,hod_09h,hod_10h,hod_11h,hod_12h,hod_13h,hod_14h,hod_15h,hod_16h,hod_17h,hod_18h,hod_19h,hod_20h,hod_21h,hod_22h,hod_23h,dow_mon,dow_tue,dow_wed,dow_thu,dow_fri,dow_sat,dow_sun
E09000020,E02000581,1796.17857143,9450.75,4651.5,15.7142857143,14.8214285714,8.85714285714,6.0,5.92857142857,7.53571428571,11.2142857143,26.1071428571,61.5,77.6785714286,90.4285714286,100.428571429,119.25,126.107142857,126.714285714,134.607142857,141.071428571,150.142857143,153.357142857,128.285714286,105.285714286,83.5714285714,59.8571428571,41.7142857143,2784.75,1614.5,2072.5,1491.75,1487.25,1255.75,1866.75
