zone_id,area_id,total,daytype_inweek,daytype_weekend,hod_00h,hod_01h,hod_02h,hod_03h,hod_04h,hod_05h,hod_06h,hod_07h,hod_08h,hod_09h,hod_10h,hod_11h,hod_12h,hod_13h,hod_14h,hod_15h,hod_16h,hod_17h,hod_18h,hod_19h,hod_20h,hod_21h,hod_22h,hod_23h,dow_mon,dow_tue,dow_wed,dow_thu,dow_fri,dow_sat,dow_sun
E07000065,E02004415,2282.46428571,12189.5,4010.5,9.82142857143,6.92857142857,6.46428571429,5.5,7.89285714286,13.4642857143,44.3571428571,97.75,141.535714286,142.214285714,157.071428571,160.5,156.857142857,156.071428571,157.607142857,155.928571429,168.071428571,165.571428571,138.535714286,114.178571429,94.1785714286,79.3214285714,66.2857142857,36.3571428571,2240.0,2456.25,3035.5,2268.5,2189.25,2017.25,1770.5
