zone_id,area_id,total,daytype_inweek,daytype_weekend,hod_00h,hod_01h,hod_02h,hod_03h,hod_04h,hod_05h,hod_06h,hod_07h,hod_08h,hod_09h,hod_10h,hod_11h,hod_12h,hod_13h,hod_14h,hod_15h,hod_16h,hod_17h,hod_18h,hod_19h,hod_20h,hod_21h,hod_22h,hod_23h,dow_mon,dow_tue,dow_wed,dow_thu,dow_fri,dow_sat,dow_sun
S12000036,S02001647,6613.25,33851.75,12035.0,53.0714285714,78.9285714286,59.9285714286,49.75,38.0714285714,55.1071428571,81.75,191.321428571,345.821428571,311.214285714,323.928571429,373.607142857,417.785714286,430.071428571,420.892857143,428.5,457.857142857,522.214285714,480.5,384.928571429,333.178571429,304.5,265.0,205.321428571,6527.25,6505.0,7864.5,6188.75,6766.25,6933.25,5507.75
