zone_id,area_id,total,daytype_inweek,daytype_weekend,hod_00h,hod_01h,hod_02h,hod_03h,hod_04h,hod_05h,hod_06h,hod_07h,hod_08h,hod_09h,hod_10h,hod_11h,hod_12h,hod_13h,hod_14h,hod_15h,hod_16h,hod_17h,hod_18h,hod_19h,hod_20h,hod_21h,hod_22h,hod_23h,dow_mon,dow_tue,dow_wed,dow_thu,dow_fri,dow_sat,dow_sun
E08000004,E02001128,2886.21428571,15609.5,4815.75,22.1785714286,22.6428571429,14.0357142857,13.0,13.3928571429,21.1428571429,41.9285714286,95.9285714286,132.071428571,148.0,168.357142857,186.071428571,197.0,204.75,198.892857143,211.75,214.678571429,208.357142857,187.607142857,172.535714286,141.928571429,110.857142857,93.25,65.8571428571,2774.0,3088.5,3902.5,2928.25,2916.25,2552.25,2041.75
