zone_id,area_id,total,daytype_inweek,daytype_weekend,hod_00h,hod_01h,hod_02h,hod_03h,hod_04h,hod_05h,hod_06h,hod_07h,hod_08h,hod_09h,hod_10h,hod_11h,hod_12h,hod_13h,hod_14h,hod_15h,hod_16h,hod_17h,hod_18h,hod_19h,hod_20h,hod_21h,hod_22h,hod_23h,dow_mon,dow_tue,dow_wed,dow_thu,dow_fri,dow_sat,dow_sun
S12000005,S02001396,823.464285714,4525.0,1467.75,2.75,4.39285714286,3.35714285714,1.96428571429,1.67857142857,5.14285714286,12.2857142857,22.0357142857,40.75,43.1785714286,47.8928571429,54.6428571429,59.7142857143,63.8571428571,64.0714285714,63.6785714286,64.75,64.4285714286,58.3214285714,49.5,38.9285714286,29.4642857143,18.4285714286,8.25,897.0,874.25,1116.75,868.0,769.0,668.5,570.75
