zone_id,area_id,total,daytype_inweek,daytype_weekend,hod_00h,hod_01h,hod_02h,hod_03h,hod_04h,hod_05h,hod_06h,hod_07h,hod_08h,hod_09h,hod_10h,hod_11h,hod_12h,hod_13h,hod_14h,hod_15h,hod_16h,hod_17h,hod_18h,hod_19h,hod_20h,hod_21h,hod_22h,hod_23h,dow_mon,dow_tue,dow_wed,dow_thu,dow_fri,dow_sat,dow_sun
S12000039,S02002471,2821.39285714,14793.0,4941.5,13.6785714286,16.1785714286,11.9285714286,6.60714285714,7.5,17.0357142857,40.1428571429,96.0,153.214285714,147.464285714,164.75,179.642857143,203.75,212.0,216.928571429,222.357142857,221.928571429,209.392857143,182.5,160.035714286,124.392857143,101.321428571,69.5357142857,43.1071428571,2719.5,2880.25,3668.0,2643.0,2882.25,2734.75,2222.0
