zone_id,area_id,total,daytype_inweek,daytype_weekend,hod_00h,hod_01h,hod_02h,hod_03h,hod_04h,hod_05h,hod_06h,hod_07h,hod_08h,hod_09h,hod_10h,hod_11h,hod_12h,hod_13h,hod_14h,hod_15h,hod_16h,hod_17h,hod_18h,hod_19h,hod_20h,hod_21h,hod_22h,hod_23h,dow_mon,dow_tue,dow_wed,dow_thu,dow_fri,dow_sat,dow_sun
W06000011,W02000172,3444.21428571,18568.0,5850.25,18.7857142857,18.5714285714,13.7142857143,11.8571428571,12.1428571429,35.3928571429,56.5,123.857142857,182.357142857,172.642857143,193.714285714,217.714285714,229.357142857,242.964285714,247.107142857,245.25,258.571428571,268.857142857,235.214285714,196.75,166.964285714,133.678571429,103.357142857,58.8928571429,3357.5,3718.25,4526.0,3499.0,3467.25,3048.75,2492.75
