zone_id,area_id,total,daytype_inweek,daytype_weekend,hod_00h,hod_01h,hod_02h,hod_03h,hod_04h,hod_05h,hod_06h,hod_07h,hod_08h,hod_09h,hod_10h,hod_11h,hod_12h,hod_13h,hod_14h,hod_15h,hod_16h,hod_17h,hod_18h,hod_19h,hod_20h,hod_21h,hod_22h,hod_23h,dow_mon,dow_tue,dow_wed,dow_thu,dow_fri,dow_sat,dow_sun
E08000026,E02001968,3573.71428571,18792.25,6151.25,21.7857142857,25.0,18.5,16.8928571429,18.0357142857,38.7857142857,67.0,114.75,159.785714286,165.107142857,194.178571429,220.357142857,246.392857143,262.75,260.75,254.321428571,262.678571429,270.142857143,243.214285714,209.75,180.107142857,147.035714286,113.964285714,62.4285714286,3336.0,3648.25,4514.5,3545.5,3748.0,3408.5,2815.25
