zone_id,area_id,total,daytype_inweek,daytype_weekend,hod_00h,hod_01h,hod_02h,hod_03h,hod_04h,hod_05h,hod_06h,hod_07h,hod_08h,hod_09h,hod_10h,hod_11h,hod_12h,hod_13h,hod_14h,hod_15h,hod_16h,hod_17h,hod_18h,hod_19h,hod_20h,hod_21h,hod_22h,hod_23h,dow_mon,dow_tue,dow_wed,dow_thu,dow_fri,dow_sat,dow_sun
E07000007,E02003713,2198.89285714,11735.25,3799.5,10.8571428571,8.92857142857,7.64285714286,6.03571428571,5.78571428571,12.7142857143,31.3928571429,89.8928571429,123.5,132.607142857,140.5,143.321428571,161.5,144.142857143,146.428571429,150.892857143,153.678571429,172.321428571,148.571428571,124.892857143,101.785714286,84.8571428571,60.3928571429,36.25,2136.5,2238.0,2860.75,2233.0,2267.0,1994.0,1663.0
