zone_id,area_id,total,daytype_inweek,daytype_weekend,hod_00h,hod_01h,hod_02h,hod_03h,hod_04h,hod_05h,hod_06h,hod_07h,hod_08h,hod_09h,hod_10h,hod_11h,hod_12h,hod_13h,hod_14h,hod_15h,hod_16h,hod_17h,hod_18h,hod_19h,hod_20h,hod_21h,hod_22h,hod_23h,dow_mon,dow_tue,dow_wed,dow_thu,dow_fri,dow_sat,dow_sun
E09000027,E02000801,1907.89285714,9898.75,3411.25,11.8928571429,10.7857142857,5.07142857143,5.0,3.46428571429,7.82142857143,16.2857142857,47.5357142857,92.7142857143,111.928571429,126.964285714,135.0,153.214285714,148.5,143.5,143.321428571,134.892857143,137.607142857,131.642857143,108.75,84.1785714286,63.5357142857,48.5,35.7857142857,1856.25,1909.75,2470.75,1820.25,1841.75,1901.5,1555.0
