zone_id,area_id,total,daytype_inweek,daytype_weekend,hod_00h,hod_01h,hod_02h,hod_03h,hod_04h,hod_05h,hod_06h,hod_07h,hod_08h,hod_09h,hod_10h,hod_11h,hod_12h,hod_13h,hod_14h,hod_15h,hod_16h,hod_17h,hod_18h,hod_19h,hod_20h,hod_21h,hod_22h,hod_23h,dow_mon,dow_tue,dow_wed,dow_thu,dow_fri,dow_sat,dow_sun
S12000029,S02002360,1354.75,7374.0,2421.75,9.53571428571,8.75,5.07142857143,3.82142857143,5.42857142857,10.25,24.0,57.2857142857,84.0714285714,76.2857142857,79.6071428571,80.6071428571,86.4642857143,91.0714285714,91.6071428571,100.178571429,98.3928571429,97.1071428571,86.6071428571,75.7857142857,65.4285714286,55.6071428571,39.9642857143,21.8214285714,1439.75,1440.5,1788.0,1410.0,1295.75,1127.25,982.0
