zone_id,area_id,total,daytype_inweek,daytype_weekend,hod_00h,hod_01h,hod_02h,hod_03h,hod_04h,hod_05h,hod_06h,hod_07h,hod_08h,hod_09h,hod_10h,hod_11h,hod_12h,hod_13h,hod_14h,hod_15h,hod_16h,hod_17h,hod_18h,hod_19h,hod_20h,hod_21h,hod_22h,hod_23h,dow_mon,dow_tue,dow_wed,dow_thu,dow_fri,dow_sat,dow_sun
E06000027,E02003167,7706.39285714,40986.5,13593.5,33.1785714286,27.5714285714,22.7857142857,18.7857142857,15.0,27.0,66.5,206.678571429,317.464285714,397.642857143,517.857142857,573.857142857,575.892857143,550.642857143,564.357142857,575.107142857,608.107142857,595.642857143,530.857142857,455.642857143,377.321428571,297.428571429,222.464285714,128.607142857,7601.25,8142.5,10146.0,7770.0,7326.75,6966.0,5992.25
