zone_id,area_id,total,daytype_inweek,daytype_weekend,hod_00h,hod_01h,hod_02h,hod_03h,hod_04h,hod_05h,hod_06h,hod_07h,hod_08h,hod_09h,hod_10h,hod_11h,hod_12h,hod_13h,hod_14h,hod_15h,hod_16h,hod_17h,hod_18h,hod_19h,hod_20h,hod_21h,hod_22h,hod_23h,dow_mon,dow_tue,dow_wed,dow_thu,dow_fri,dow_sat,dow_sun
E09000007,E02000184,3533.64285714,20077.5,5238.5,32.8214285714,31.6785714286,20.9285714286,13.9642857143,13.8571428571,18.3571428571,25.5714285714,73.6071428571,174.357142857,211.928571429,216.107142857,225.392857143,268.892857143,284.535714286,250.321428571,237.892857143,232.785714286,251.785714286,247.0,201.214285714,164.928571429,135.321428571,110.071428571,90.3214285714,3195.25,3998.75,5194.75,3877.25,3811.5,2614.75,2043.25
