zone_id,area_id,total,daytype_inweek,daytype_weekend,hod_00h,hod_01h,hod_02h,hod_03h,hod_04h,hod_05h,hod_06h,hod_07h,hod_08h,hod_09h,hod_10h,hod_11h,hod_12h,hod_13h,hod_14h,hod_15h,hod_16h,hod_17h,hod_18h,hod_19h,hod_20h,hod_21h,hod_22h,hod_23h,dow_mon,dow_tue,dow_wed,dow_thu,dow_fri,dow_sat,dow_sun
E08000022,E02001754,1857.14285714,9670.25,3373.5,7.35714285714,8.42857142857,5.82142857143,4.17857142857,3.64285714286,7.96428571429,18.7857142857,59.0714285714,92.9285714286,94.3928571429,112.785714286,130.857142857,140.821428571,142.285714286,147.071428571,140.321428571,145.642857143,144.321428571,122.928571429,112.464285714,87.2857142857,61.5,40.3928571429,25.8928571429,1834.0,1882.25,2322.0,1734.75,1897.25,1790.25,1539.5
