zone_id,area_id,total,daytype_inweek,daytype_weekend,hod_00h,hod_01h,hod_02h,hod_03h,hod_04h,hod_05h,hod_06h,hod_07h,hod_08h,hod_09h,hod_10h,hod_11h,hod_12h,hod_13h,hod_14h,hod_15h,hod_16h,hod_17h,hod_18h,hod_19h,hod_20h,hod_21h,hod_22h,hod_23h,dow_mon,dow_tue,dow_wed,dow_thu,dow_fri,dow_sat,dow_sun
E06000035,E02003346,3092.89285714,16380.25,5341.0,14.5357142857,12.8214285714,8.78571428571,6.46428571429,10.0,24.6428571429,60.6071428571,125.892857143,160.821428571,185.857142857,197.821428571,205.321428571,219.821428571,220.75,208.357142857,211.035714286,226.428571429,238.285714286,211.392857143,169.75,144.214285714,114.785714286,75.6428571429,38.8571428571,2992.25,3206.0,3984.5,3119.5,3078.0,2921.25,2348.75
