zone_id,area_id,total,daytype_inweek,daytype_weekend,hod_00h,hod_01h,hod_02h,hod_03h,hod_04h,hod_05h,hod_06h,hod_07h,hod_08h,hod_09h,hod_10h,hod_11h,hod_12h,hod_13h,hod_14h,hod_15h,hod_16h,hod_17h,hod_18h,hod_19h,hod_20h,hod_21h,hod_22h,hod_23h,dow_mon,dow_tue,dow_wed,dow_thu,dow_fri,dow_sat,dow_sun
E08000027,E02002040,1896.64285714,9891.25,3271.75,9.32142857143,8.85714285714,6.64285714286,5.28571428571,5.71428571429,10.0714285714,27.6785714286,58.1071428571,95.5,114.964285714,121.785714286,131.107142857,129.321428571,131.75,131.357142857,132.071428571,128.821428571,138.214285714,126.642857143,117.821428571,96.2142857143,76.8214285714,59.8571428571,32.7142857143,1763.0,1898.75,2453.75,1904.5,1871.25,1876.5,1508.75
