zone_id,area_id,total,daytype_inweek,daytype_weekend,hod_00h,hod_01h,hod_02h,hod_03h,hod_04h,hod_05h,hod_06h,hod_07h,hod_08h,hod_09h,hod_10h,hod_11h,hod_12h,hod_13h,hod_14h,hod_15h,hod_16h,hod_17h,hod_18h,hod_19h,hod_20h,hod_21h,hod_22h,hod_23h,dow_mon,dow_tue,dow_wed,dow_thu,dow_fri,dow_sat,dow_sun
E07000240,E02004941,2423.10714286,13049.25,4151.5,14.0714285714,13.0357142857,9.10714285714,6.96428571429,8.03571428571,14.8214285714,30.2857142857,78.9285714286,117.75,139.785714286,155.392857143,172.035714286,177.714285714,180.607142857,170.607142857,169.892857143,174.821428571,176.821428571,161.892857143,136.357142857,114.678571429,92.0714285714,68.1428571429,39.2857142857,2384.75,2442.0,3417.0,2401.75,2403.75,2145.75,1766.75
