zone_id,area_id,total,daytype_inweek,daytype_weekend,hod_00h,hod_01h,hod_02h,hod_03h,hod_04h,hod_05h,hod_06h,hod_07h,hod_08h,hod_09h,hod_10h,hod_11h,hod_12h,hod_13h,hod_14h,hod_15h,hod_16h,hod_17h,hod_18h,hod_19h,hod_20h,hod_21h,hod_22h,hod_23h,dow_mon,dow_tue,dow_wed,dow_thu,dow_fri,dow_sat,dow_sun
E06000032,E02003271,3165.89285714,17563.25,5110.5,16.9642857143,21.7142857143,22.3214285714,31.0714285714,44.4642857143,67.4642857143,103.142857143,146.75,187.642857143,159.035714286,153.821428571,169.75,201.357142857,215.035714286,207.857142857,200.035714286,207.607142857,242.928571429,217.464285714,169.5,131.392857143,104.75,83.4642857143,60.3571428571,2993.25,3453.0,4413.5,3372.75,3330.75,2480.75,2117.25
