zone_id,area_id,total,daytype_inweek,daytype_weekend,hod_00h,hod_01h,hod_02h,hod_03h,hod_04h,hod_05h,hod_06h,hod_07h,hod_08h,hod_09h,hod_10h,hod_11h,hod_12h,hod_13h,hod_14h,hod_15h,hod_16h,hod_17h,hod_18h,hod_19h,hod_20h,hod_21h,hod_22h,hod_23h,dow_mon,dow_tue,dow_wed,dow_thu,dow_fri,dow_sat,dow_sun
E07000105,E02005009,2400.42857143,12557.5,4318.25,9.85714285714,7.39285714286,6.10714285714,6.25,6.21428571429,12.2142857143,34.1428571429,90.7142857143,133.571428571,148.25,163.75,175.714285714,178.607142857,175.5,179.035714286,172.75,177.857142857,181.107142857,147.714285714,122.071428571,96.3214285714,81.4642857143,60.5714285714,33.25,2367.0,2450.25,3024.25,2336.25,2379.75,2294.25,1951.25
