zone_id,area_id,total,daytype_inweek,daytype_weekend,hod_00h,hod_01h,hod_02h,hod_03h,hod_04h,hod_05h,hod_06h,hod_07h,hod_08h,hod_09h,hod_10h,hod_11h,hod_12h,hod_13h,hod_14h,hod_15h,hod_16h,hod_17h,hod_18h,hod_19h,hod_20h,hod_21h,hod_22h,hod_23h,dow_mon,dow_tue,dow_wed,dow_thu,dow_fri,dow_sat,dow_sun
S12000030,S02002457,2095.92857143,11604.5,3662.25,9.32142857143,7.89285714286,6.89285714286,7.10714285714,4.64285714286,10.6428571429,24.0714285714,72.5,135.142857143,133.535714286,136.392857143,145.892857143,154.607142857,149.142857143,151.5,159.857142857,164.928571429,166.142857143,130.464285714,103.678571429,80.5,71.1428571429,48.1785714286,21.75,2249.75,2338.75,2891.5,2248.5,1876.0,1654.5,1412.5
