zone_id,area_id,total,daytype_inweek,daytype_weekend,hod_00h,hod_01h,hod_02h,hod_03h,hod_04h,hod_05h,hod_06h,hod_07h,hod_08h,hod_09h,hod_10h,hod_11h,hod_12h,hod_13h,hod_14h,hod_15h,hod_16h,hod_17h,hod_18h,hod_19h,hod_20h,hod_21h,hod_22h,hod_23h,dow_mon,dow_tue,dow_wed,dow_thu,dow_fri,dow_sat,dow_sun
E07000177,E02005931,2983.42857143,16248.75,5101.0,12.9285714286,11.2857142857,10.0,8.39285714286,12.0,24.9285714286,64.2857142857,133.428571429,181.5,183.964285714,199.0,194.678571429,202.642857143,198.75,196.392857143,203.607142857,204.535714286,219.571428571,187.142857143,164.821428571,130.071428571,106.25,83.9285714286,49.3214285714,2990.25,3224.25,4021.5,3102.0,2910.75,2524.5,2110.75
