zone_id,area_id,total,daytype_inweek,daytype_weekend,hod_00h,hod_01h,hod_02h,hod_03h,hod_04h,hod_05h,hod_06h,hod_07h,hod_08h,hod_09h,hod_10h,hod_11h,hod_12h,hod_13h,hod_14h,hod_15h,hod_16h,hod_17h,hod_18h,hod_19h,hod_20h,hod_21h,hod_22h,hod_23h,dow_mon,dow_tue,dow_wed,dow_thu,dow_fri,dow_sat,dow_sun
E08000037,E02001700,2551.17857143,13527.75,4481.25,11.8214285714,11.9285714286,7.85714285714,7.92857142857,8.39285714286,19.25,42.2142857143,95.1428571429,121.178571429,137.75,164.178571429,175.714285714,185.25,172.678571429,179.714285714,179.714285714,182.928571429,189.678571429,178.928571429,152.535714286,128.428571429,97.75,62.6785714286,37.5357142857,2494.5,2624.25,3290.25,2540.5,2578.25,2343.75,1986.75
