zone_id,area_id,total,daytype_inweek,daytype_weekend,hod_00h,hod_01h,hod_02h,hod_03h,hod_04h,hod_05h,hod_06h,hod_07h,hod_08h,hod_09h,hod_10h,hod_11h,hod_12h,hod_13h,hod_14h,hod_15h,hod_16h,hod_17h,hod_18h,hod_19h,hod_20h,hod_21h,hod_22h,hod_23h,dow_mon,dow_tue,dow_wed,dow_thu,dow_fri,dow_sat,dow_sun
E07000179,E02005976,1940.25,10255.5,3392.75,8.85714285714,9.67857142857,6.17857142857,4.39285714286,4.53571428571,7.17857142857,21.2857142857,61.6785714286,114.321428571,127.535714286,139.75,140.785714286,154.392857143,144.571428571,138.75,137.642857143,141.928571429,140.464285714,122.571428571,99.25,72.6785714286,57.8928571429,51.7142857143,32.2142857143,1878.75,2054.5,2503.5,1887.5,1931.25,1812.25,1514.0
