zone_id,area_id,total,daytype_inweek,daytype_weekend,hod_00h,hod_01h,hod_02h,hod_03h,hod_04h,hod_05h,hod_06h,hod_07h,hod_08h,hod_09h,hod_10h,hod_11h,hod_12h,hod_13h,hod_14h,hod_15h,hod_16h,hod_17h,hod_18h,hod_19h,hod_20h,hod_21h,hod_22h,hod_23h,dow_mon,dow_tue,dow_wed,dow_thu,dow_fri,dow_sat,dow_sun
S12000046,S02001859,2380.28571429,12037.5,3775.0,14.8214285714,16.1071428571,12.1071428571,9.78571428571,9.0,15.8928571429,38.3214285714,82.4285714286,142.571428571,126.142857143,127.25,144.571428571,165.964285714,173.178571429,181.678571429,164.714285714,176.785714286,195.607142857,153.285714286,125.142857143,99.8928571429,81.5714285714,70.75,52.7142857143,2238.75,2522.75,2851.5,2220.5,2204.0,3088.25,1536.25
