zone_id,area_id,total,daytype_inweek,daytype_weekend,hod_00h,hod_01h,hod_02h,hod_03h,hod_04h,hod_05h,hod_06h,hod_07h,hod_08h,hod_09h,hod_10h,hod_11h,hod_12h,hod_13h,hod_14h,hod_15h,hod_16h,hod_17h,hod_18h,hod_19h,hod_20h,hod_21h,hod_22h,hod_23h,dow_mon,dow_tue,dow_wed,dow_thu,dow_fri,dow_sat,dow_sun
E06000015,E02002826,1842.57142857,9679.25,3234.25,10.4285714286,10.8214285714,7.64285714286,6.53571428571,6.17857142857,12.5357142857,26.9285714286,69.4285714286,93.2142857143,103.714285714,115.964285714,127.178571429,132.0,126.214285714,123.321428571,126.535714286,135.0,136.25,124.571428571,107.5,91.1785714286,71.4642857143,50.0714285714,27.8928571429,1742.0,1912.0,2373.0,1812.25,1840.0,1726.5,1492.25
