zone_id,area_id,total,daytype_inweek,daytype_weekend,hod_00h,hod_01h,hod_02h,hod_03h,hod_04h,hod_05h,hod_06h,hod_07h,hod_08h,hod_09h,hod_10h,hod_11h,hod_12h,hod_13h,hod_14h,hod_15h,hod_16h,hod_17h,hod_18h,hod_19h,hod_20h,hod_21h,hod_22h,hod_23h,dow_mon,dow_tue,dow_wed,dow_thu,dow_fri,dow_sat,dow_sun
E07000007,E02003715,2924.35714286,15847.25,4902.75,13.0714285714,12.6785714286,8.78571428571,6.82142857143,9.5,21.8571428571,54.6785714286,128.607142857,169.642857143,169.357142857,179.678571429,184.892857143,199.892857143,196.321428571,198.821428571,193.428571429,207.214285714,231.357142857,209.142857143,166.5,132.5,107.178571429,78.6071428571,43.8214285714,2791.0,3140.0,3860.25,3055.25,3000.75,2511.5,2111.75
