zone_id,area_id,total,daytype_inweek,daytype_weekend,hod_00h,hod_01h,hod_02h,hod_03h,hod_04h,hod_05h,hod_06h,hod_07h,hod_08h,hod_09h,hod_10h,hod_11h,hod_12h,hod_13h,hod_14h,hod_15h,hod_16h,hod_17h,hod_18h,hod_19h,hod_20h,hod_21h,hod_22h,hod_23h,dow_mon,dow_tue,dow_wed,dow_thu,dow_fri,dow_sat,dow_sun
E08000009,E02001259,5293.57142857,28895.25,8570.25,38.3214285714,44.25,29.75,26.0714285714,21.5357142857,41.0,89.0,196.214285714,291.071428571,275.214285714,277.357142857,301.642857143,338.785714286,352.0,342.0,342.75,369.785714286,393.071428571,368.821428571,324.535714286,267.821428571,230.142857143,199.75,132.678571429,4949.75,5571.25,7355.75,5368.25,5650.25,4539.25,3620.5
