zone_id,area_id,total,daytype_inweek,daytype_weekend,hod_00h,hod_01h,hod_02h,hod_03h,hod_04h,hod_05h,hod_06h,hod_07h,hod_08h,hod_09h,hod_10h,hod_11h,hod_12h,hod_13h,hod_14h,hod_15h,hod_16h,hod_17h,hod_18h,hod_19h,hod_20h,hod_21h,hod_22h,hod_23h,dow_mon,dow_tue,dow_wed,dow_thu,dow_fri,dow_sat,dow_sun
E06000056,E02003636,1564.67857143,8343.75,2796.25,9.64285714286,9.10714285714,6.71428571429,6.67857142857,7.60714285714,12.25,28.7142857143,64.7142857143,82.0714285714,90.8928571429,91.2142857143,96.6428571429,101.464285714,95.8928571429,98.6071428571,104.464285714,108.214285714,118.178571429,106.285714286,89.2857142857,82.4642857143,67.6785714286,53.8928571429,32.0,1522.25,1729.0,2038.5,1548.25,1505.75,1335.0,1274.0
