zone_id,area_id,total,daytype_inweek,daytype_weekend,hod_00h,hod_01h,hod_02h,hod_03h,hod_04h,hod_05h,hod_06h,hod_07h,hod_08h,hod_09h,hod_10h,hod_11h,hod_12h,hod_13h,hod_14h,hod_15h,hod_16h,hod_17h,hod_18h,hod_19h,hod_20h,hod_21h,hod_22h,hod_23h,dow_mon,dow_tue,dow_wed,dow_thu,dow_fri,dow_sat,dow_sun
E07000040,E02004129,2530.25,13387.5,4575.0,9.85714285714,9.75,7.71428571429,6.0,5.78571428571,16.6071428571,39.6785714286,106.678571429,136.25,155.392857143,182.392857143,183.0,175.892857143,162.928571429,167.964285714,169.571428571,181.821428571,195.5,163.714285714,142.821428571,111.321428571,89.9285714286,70.4642857143,39.2142857143,2550.5,2611.0,3170.0,2612.5,2443.5,2299.75,2024.5
