zone_id,area_id,total,daytype_inweek,daytype_weekend,hod_00h,hod_01h,hod_02h,hod_03h,hod_04h,hod_05h,hod_06h,hod_07h,hod_08h,hod_09h,hod_10h,hod_11h,hod_12h,hod_13h,hod_14h,hod_15h,hod_16h,hod_17h,hod_18h,hod_19h,hod_20h,hod_21h,hod_22h,hod_23h,dow_mon,dow_tue,dow_wed,dow_thu,dow_fri,dow_sat,dow_sun
S12000024,S02002234,3319.21428571,17947.25,5735.75,10.7857142857,13.7857142857,10.1071428571,7.39285714286,9.5,22.5357142857,54.8928571429,136.25,223.178571429,187.071428571,191.785714286,209.607142857,209.964285714,226.75,234.964285714,260.035714286,271.678571429,275.571428571,219.821428571,177.178571429,145.392857143,104.428571429,75.4642857143,41.0714285714,3375.0,3547.0,4360.75,3276.0,3388.5,2926.5,2360.75
