zone_id,area_id,total,daytype_inweek,daytype_weekend,hod_00h,hod_01h,hod_02h,hod_03h,hod_04h,hod_05h,hod_06h,hod_07h,hod_08h,hod_09h,hod_10h,hod_11h,hod_12h,hod_13h,hod_14h,hod_15h,hod_16h,hod_17h,hod_18h,hod_19h,hod_20h,hod_21h,hod_22h,hod_23h,dow_mon,dow_tue,dow_wed,dow_thu,dow_fri,dow_sat,dow_sun
E06000054,E02006671,6889.25,36234.0,11456.25,25.0357142857,24.8571428571,17.8571428571,21.5357142857,14.3928571429,29.8214285714,96.9285714286,270.5,414.285714286,407.678571429,468.035714286,514.928571429,534.0,539.857142857,518.678571429,502.678571429,505.5,534.607142857,436.642857143,336.357142857,255.535714286,197.357142857,137.785714286,84.3928571429,6448.75,7025.25,8777.0,6742.25,7240.75,6983.25,5007.5
