zone_id,area_id,total,daytype_inweek,daytype_weekend,hod_00h,hod_01h,hod_02h,hod_03h,hod_04h,hod_05h,hod_06h,hod_07h,hod_08h,hod_09h,hod_10h,hod_11h,hod_12h,hod_13h,hod_14h,hod_15h,hod_16h,hod_17h,hod_18h,hod_19h,hod_20h,hod_21h,hod_22h,hod_23h,dow_mon,dow_tue,dow_wed,dow_thu,dow_fri,dow_sat,dow_sun
S12000030,S02002437,687.392857143,3763.0,1161.75,1.85714285714,1.71428571429,1.32142857143,1.14285714286,1.82142857143,2.25,8.25,26.4642857143,44.9642857143,49.6785714286,50.0714285714,48.6428571429,50.8571428571,51.2857142857,52.5,60.8214285714,55.3928571429,48.8214285714,40.6071428571,32.6428571429,23.5,18.0714285714,10.8571428571,3.85714285714,696.75,741.5,916.5,752.0,656.25,583.75,465.0
