zone_id,area_id,total,daytype_inweek,daytype_weekend,hod_00h,hod_01h,hod_02h,hod_03h,hod_04h,hod_05h,hod_06h,hod_07h,hod_08h,hod_09h,hod_10h,hod_11h,hod_12h,hod_13h,hod_14h,hod_15h,hod_16h,hod_17h,hod_18h,hod_19h,hod_20h,hod_21h,hod_22h,hod_23h,dow_mon,dow_tue,dow_wed,dow_thu,dow_fri,dow_sat,dow_sun
S12000040,S02002497,2750.42857143,14904.0,4767.5,14.0,13.3928571429,9.64285714286,8.60714285714,9.78571428571,31.3571428571,65.4642857143,124.964285714,158.571428571,141.5,152.678571429,165.142857143,186.0,184.964285714,185.714285714,201.357142857,217.107142857,209.571428571,191.464285714,152.785714286,127.642857143,101.642857143,62.7857142857,34.2857142857,2813.5,2959.5,3548.5,2746.25,2836.25,2395.0,1954.0
