zone_id,area_id,total,daytype_inweek,daytype_weekend,hod_00h,hod_01h,hod_02h,hod_03h,hod_04h,hod_05h,hod_06h,hod_07h,hod_08h,hod_09h,hod_10h,hod_11h,hod_12h,hod_13h,hod_14h,hod_15h,hod_16h,hod_17h,hod_18h,hod_19h,hod_20h,hod_21h,hod_22h,hod_23h,dow_mon,dow_tue,dow_wed,dow_thu,dow_fri,dow_sat,dow_sun
S12000021,S02002104,1533.75,8258.25,2689.75,6.25,8.35714285714,5.46428571429,3.25,3.82142857143,9.03571428571,18.3571428571,50.7142857143,94.25,81.6428571429,84.2857142857,92.9285714286,102.035714286,100.964285714,108.5,118.428571429,115.428571429,117.321428571,109.785714286,97.3571428571,76.2142857143,60.2857142857,46.3214285714,22.75,1580.75,1599.0,2059.5,1478.0,1541.0,1369.0,1109.0
