zone_id,area_id,total,daytype_inweek,daytype_weekend,hod_00h,hod_01h,hod_02h,hod_03h,hod_04h,hod_05h,hod_06h,hod_07h,hod_08h,hod_09h,hod_10h,hod_11h,hod_12h,hod_13h,hod_14h,hod_15h,hod_16h,hod_17h,hod_18h,hod_19h,hod_20h,hod_21h,hod_22h,hod_23h,dow_mon,dow_tue,dow_wed,dow_thu,dow_fri,dow_sat,dow_sun
E06000016,E02002856,9162.14285714,48918.5,14932.25,56.25,75.1071428571,54.4642857143,43.5357142857,39.8214285714,57.6428571429,128.678571429,297.107142857,547.25,515.428571429,497.678571429,526.75,574.214285714,635.357142857,625.535714286,638.0,697.0,708.964285714,616.071428571,526.214285714,464.857142857,367.142857143,286.0,183.071428571,8516.5,9785.25,12067.25,8921.0,9628.5,8800.75,6415.75
