zone_id,area_id,total,daytype_inweek,daytype_weekend,hod_00h,hod_01h,hod_02h,hod_03h,hod_04h,hod_05h,hod_06h,hod_07h,hod_08h,hod_09h,hod_10h,hod_11h,hod_12h,hod_13h,hod_14h,hod_15h,hod_16h,hod_17h,hod_18h,hod_19h,hod_20h,hod_21h,hod_22h,hod_23h,dow_mon,dow_tue,dow_wed,dow_thu,dow_fri,dow_sat,dow_sun
E08000030,E02002126,3138.25,16695.25,5244.0,18.5357142857,18.0,15.5714285714,12.5,14.6071428571,35.1071428571,60.1785714286,102.035714286,124.464285714,159.035714286,181.464285714,209.571428571,232.107142857,233.25,229.642857143,231.321428571,235.321428571,231.107142857,205.678571429,180.857142857,147.392857143,118.071428571,88.5714285714,53.8571428571,2945.0,3305.0,4035.0,3179.0,3231.25,2973.5,2299.0
