zone_id,area_id,total,daytype_inweek,daytype_weekend,hod_00h,hod_01h,hod_02h,hod_03h,hod_04h,hod_05h,hod_06h,hod_07h,hod_08h,hod_09h,hod_10h,hod_11h,hod_12h,hod_13h,hod_14h,hod_15h,hod_16h,hod_17h,hod_18h,hod_19h,hod_20h,hod_21h,hod_22h,hod_23h,dow_mon,dow_tue,dow_wed,dow_thu,dow_fri,dow_sat,dow_sun
S12000034,S02001303,2326.42857143,12517.5,4244.25,7.71428571429,7.71428571429,6.71428571429,4.71428571429,5.92857142857,20.4642857143,55.5357142857,107.178571429,142.75,137.142857143,141.392857143,153.107142857,159.892857143,168.892857143,175.428571429,180.0,187.178571429,186.714285714,137.678571429,111.25,85.1071428571,70.0,47.7857142857,26.1428571429,2474.5,2485.0,3032.25,2308.0,2217.75,1997.75,1769.75
