zone_id,area_id,total,daytype_inweek,daytype_weekend,hod_00h,hod_01h,hod_02h,hod_03h,hod_04h,hod_05h,hod_06h,hod_07h,hod_08h,hod_09h,hod_10h,hod_11h,hod_12h,hod_13h,hod_14h,hod_15h,hod_16h,hod_17h,hod_18h,hod_19h,hod_20h,hod_21h,hod_22h,hod_23h,dow_mon,dow_tue,dow_wed,dow_thu,dow_fri,dow_sat,dow_sun
S12000035,S02001389,31.0357142857,167.75,51.0,0.107142857143,0.0714285714286,0.0714285714286,0.214285714286,0.0,0.285714285714,0.5,1.96428571429,1.92857142857,1.75,1.82142857143,2.14285714286,2.25,3.60714285714,1.64285714286,1.96428571429,2.42857142857,2.39285714286,1.64285714286,1.28571428571,1.14285714286,0.892857142857,0.464285714286,0.464285714286,28.75,32.5,42.5,39.0,25.0,27.25,22.25
