zone_id,area_id,total,daytype_inweek,daytype_weekend,hod_00h,hod_01h,hod_02h,hod_03h,hod_04h,hod_05h,hod_06h,hod_07h,hod_08h,hod_09h,hod_10h,hod_11h,hod_12h,hod_13h,hod_14h,hod_15h,hod_16h,hod_17h,hod_18h,hod_19h,hod_20h,hod_21h,hod_22h,hod_23h,dow_mon,dow_tue,dow_wed,dow_thu,dow_fri,dow_sat,dow_sun
S12000018,S02002037,1146.42857143,6019.0,1963.0,4.39285714286,6.25,4.07142857143,2.28571428571,4.71428571429,6.14285714286,11.3214285714,30.1428571429,66.2142857143,62.5357142857,74.6071428571,75.3571428571,80.2142857143,82.1428571429,85.1071428571,87.9642857143,83.5,87.25,78.0357142857,68.25,57.5714285714,41.5714285714,29.2857142857,17.5,1140.25,1192.5,1492.25,1057.5,1136.5,1183.25,822.75
