zone_id,area_id,total,daytype_inweek,daytype_weekend,hod_00h,hod_01h,hod_02h,hod_03h,hod_04h,hod_05h,hod_06h,hod_07h,hod_08h,hod_09h,hod_10h,hod_11h,hod_12h,hod_13h,hod_14h,hod_15h,hod_16h,hod_17h,hod_18h,hod_19h,hod_20h,hod_21h,hod_22h,hod_23h,dow_mon,dow_tue,dow_wed,dow_thu,dow_fri,dow_sat,dow_sun
S12000021,S02002131,583.25,3215.25,1023.75,2.32142857143,2.35714285714,2.0,1.35714285714,1.67857142857,4.14285714286,12.0714285714,29.5,36.9642857143,31.3571428571,33.9642857143,36.2142857143,39.8214285714,42.0714285714,41.6071428571,42.9642857143,46.9642857143,41.2857142857,37.6785714286,27.3571428571,25.25,21.1785714286,13.8214285714,9.32142857143,629.5,656.0,767.75,568.0,594.0,473.25,394.25
