zone_id,area_id,total,daytype_inweek,daytype_weekend,hod_00h,hod_01h,hod_02h,hod_03h,hod_04h,hod_05h,hod_06h,hod_07h,hod_08h,hod_09h,hod_10h,hod_11h,hod_12h,hod_13h,hod_14h,hod_15h,hod_16h,hod_17h,hod_18h,hod_19h,hod_20h,hod_21h,hod_22h,hod_23h,dow_mon,dow_tue,dow_wed,dow_thu,dow_fri,dow_sat,dow_sun
W06000001,W02000002,1714.78571429,8480.5,3284.5,7.03571428571,6.14285714286,3.64285714286,4.0,4.10714285714,8.89285714286,18.8571428571,47.1071428571,70.9642857143,79.7857142857,111.607142857,133.928571429,132.392857143,131.642857143,128.357142857,133.071428571,140.642857143,142.678571429,116.857142857,98.2142857143,73.75,57.5,40.3928571429,23.2142857143,1652.25,1706.5,2010.25,1527.0,1584.5,1890.75,1632.25
