zone_id,area_id,total,daytype_inweek,daytype_weekend,hod_00h,hod_01h,hod_02h,hod_03h,hod_04h,hod_05h,hod_06h,hod_07h,hod_08h,hod_09h,hod_10h,hod_11h,hod_12h,hod_13h,hod_14h,hod_15h,hod_16h,hod_17h,hod_18h,hod_19h,hod_20h,hod_21h,hod_22h,hod_23h,dow_mon,dow_tue,dow_wed,dow_thu,dow_fri,dow_sat,dow_sun
S12000011,S02001560,562.535714286,3020.75,1007.25,2.46428571429,4.28571428571,3.0,1.42857142857,2.14285714286,3.21428571429,7.53571428571,15.8928571429,28.0,29.5357142857,32.1428571429,34.9642857143,33.6428571429,36.3214285714,38.25,40.0714285714,40.6785714286,40.8571428571,40.7857142857,34.3571428571,33.5,25.1071428571,20.2857142857,14.0714285714,578.25,590.0,735.0,567.0,550.5,488.0,429.0
