zone_id,area_id,total,daytype_inweek,daytype_weekend,hod_00h,hod_01h,hod_02h,hod_03h,hod_04h,hod_05h,hod_06h,hod_07h,hod_08h,hod_09h,hod_10h,hod_11h,hod_12h,hod_13h,hod_14h,hod_15h,hod_16h,hod_17h,hod_18h,hod_19h,hod_20h,hod_21h,hod_22h,hod_23h,dow_mon,dow_tue,dow_wed,dow_thu,dow_fri,dow_sat,dow_sun
E08000025,E02001901,3727.71428571,20137.0,6258.0,32.7142857143,31.0357142857,21.2857142857,17.5357142857,17.6428571429,28.6785714286,62.7142857143,134.5,211.0,201.75,203.107142857,223.071428571,226.571428571,240.464285714,249.035714286,256.25,260.035714286,277.321428571,254.285714286,223.928571429,185.0,152.928571429,127.714285714,89.1428571429,3551.0,3912.25,5015.5,3830.0,3828.25,3250.0,2707.0
