zone_id,area_id,total,daytype_inweek,daytype_weekend,hod_00h,hod_01h,hod_02h,hod_03h,hod_04h,hod_05h,hod_06h,hod_07h,hod_08h,hod_09h,hod_10h,hod_11h,hod_12h,hod_13h,hod_14h,hod_15h,hod_16h,hod_17h,hod_18h,hod_19h,hod_20h,hod_21h,hod_22h,hod_23h,dow_mon,dow_tue,dow_wed,dow_thu,dow_fri,dow_sat,dow_sun
E08000003,E02001073,4918.42857143,26256.75,8304.75,45.3214285714,51.0357142857,36.7857142857,31.8571428571,27.8571428571,34.6071428571,73.1071428571,168.428571429,290.964285714,242.392857143,238.857142857,254.607142857,285.857142857,292.892857143,297.785714286,306.392857143,336.142857143,390.0,366.214285714,322.321428571,281.0,219.642857143,191.25,133.107142857,4600.0,5078.5,6574.5,4932.0,5071.75,4467.5,3704.75
