zone_id,area_id,total,daytype_inweek,daytype_weekend,hod_00h,hod_01h,hod_02h,hod_03h,hod_04h,hod_05h,hod_06h,hod_07h,hod_08h,hod_09h,hod_10h,hod_11h,hod_12h,hod_13h,hod_14h,hod_15h,hod_16h,hod_17h,hod_18h,hod_19h,hod_20h,hod_21h,hod_22h,hod_23h,dow_mon,dow_tue,dow_wed,dow_thu,dow_fri,dow_sat,dow_sun
E07000224,E02006547,2536.57142857,13330.5,4423.25,8.46428571429,6.67857142857,6.82142857143,5.32142857143,10.4642857143,24.75,51.5357142857,102.642857143,134.892857143,147.285714286,165.392857143,176.857142857,187.321428571,184.75,175.25,178.642857143,187.392857143,190.142857143,165.392857143,139.285714286,106.678571429,79.5,62.4642857143,38.6428571429,2431.0,2591.5,3256.75,2515.0,2536.25,2433.25,1992.25
