zone_id,area_id,total,daytype_inweek,daytype_weekend,hod_00h,hod_01h,hod_02h,hod_03h,hod_04h,hod_05h,hod_06h,hod_07h,hod_08h,hod_09h,hod_10h,hod_11h,hod_12h,hod_13h,hod_14h,hod_15h,hod_16h,hod_17h,hod_18h,hod_19h,hod_20h,hod_21h,hod_22h,hod_23h,dow_mon,dow_tue,dow_wed,dow_thu,dow_fri,dow_sat,dow_sun
E07000037,E02004095,890.428571429,4690.75,1512.5,2.96428571429,3.42857142857,3.07142857143,2.07142857143,2.92857142857,6.78571428571,12.4642857143,25.5,42.5357142857,47.2857142857,53.6428571429,60.2857142857,67.8214285714,69.0357142857,67.6428571429,66.75,67.4642857143,67.4285714286,53.0,46.1428571429,39.5,34.6071428571,29.8214285714,18.25,809.75,861.0,1201.0,919.5,899.5,839.5,702.75
