zone_id,area_id,total,daytype_inweek,daytype_weekend,hod_00h,hod_01h,hod_02h,hod_03h,hod_04h,hod_05h,hod_06h,hod_07h,hod_08h,hod_09h,hod_10h,hod_11h,hod_12h,hod_13h,hod_14h,hod_15h,hod_16h,hod_17h,hod_18h,hod_19h,hod_20h,hod_21h,hod_22h,hod_23h,dow_mon,dow_tue,dow_wed,dow_thu,dow_fri,dow_sat,dow_sun
E06000046,E02003586,2622.57142857,14173.0,4413.5,10.4642857143,8.14285714286,8.42857142857,6.96428571429,9.60714285714,14.0714285714,38.3928571429,108.392857143,131.071428571,145.642857143,171.178571429,189.285714286,190.071428571,191.25,195.607142857,200.892857143,217.285714286,215.035714286,158.892857143,123.035714286,102.75,87.6428571429,63.0714285714,35.3928571429,2507.5,2793.75,3554.0,2799.25,2518.5,2279.0,1906.0
