zone_id,area_id,total,daytype_inweek,daytype_weekend,hod_00h,hod_01h,hod_02h,hod_03h,hod_04h,hod_05h,hod_06h,hod_07h,hod_08h,hod_09h,hod_10h,hod_11h,hod_12h,hod_13h,hod_14h,hod_15h,hod_16h,hod_17h,hod_18h,hod_19h,hod_20h,hod_21h,hod_22h,hod_23h,dow_mon,dow_tue,dow_wed,dow_thu,dow_fri,dow_sat,dow_sun
E08000003,E02001095,5026.39285714,27374.75,8685.0,41.6071428571,46.2857142857,41.6428571429,61.1428571429,89.9642857143,136.785714286,194.714285714,283.321428571,308.035714286,265.785714286,254.642857143,280.964285714,318.571428571,337.571428571,315.321428571,306.892857143,321.928571429,316.857142857,275.321428571,237.607142857,215.464285714,155.571428571,122.821428571,97.5714285714,4936.25,5300.75,6658.5,5253.75,5225.5,4061.25,3748.75
