zone_id,area_id,total,daytype_inweek,daytype_weekend,hod_00h,hod_01h,hod_02h,hod_03h,hod_04h,hod_05h,hod_06h,hod_07h,hod_08h,hod_09h,hod_10h,hod_11h,hod_12h,hod_13h,hod_14h,hod_15h,hod_16h,hod_17h,hod_18h,hod_19h,hod_20h,hod_21h,hod_22h,hod_23h,dow_mon,dow_tue,dow_wed,dow_thu,dow_fri,dow_sat,dow_sun
E08000012,E02001382,3401.07142857,18064.0,5659.75,16.9642857143,17.75,10.3928571429,10.6071428571,14.0357142857,18.9642857143,44.8214285714,114.714285714,176.785714286,183.928571429,202.928571429,213.0,224.464285714,231.571428571,245.357142857,255.5,263.428571429,268.035714286,238.178571429,214.178571429,165.035714286,123.142857143,90.2142857143,57.0714285714,3130.25,3461.75,4522.5,3477.0,3472.5,3214.0,2529.5
