zone_id,area_id,total,daytype_inweek,daytype_weekend,hod_00h,hod_01h,hod_02h,hod_03h,hod_04h,hod_05h,hod_06h,hod_07h,hod_08h,hod_09h,hod_10h,hod_11h,hod_12h,hod_13h,hod_14h,hod_15h,hod_16h,hod_17h,hod_18h,hod_19h,hod_20h,hod_21h,hod_22h,hod_23h,dow_mon,dow_tue,dow_wed,dow_thu,dow_fri,dow_sat,dow_sun
E07000136,E02005418,787.142857143,4305.0,1284.75,2.32142857143,3.10714285714,3.28571428571,3.75,8.14285714286,24.25,21.4285714286,33.3928571429,36.25,41.3214285714,41.8214285714,44.3214285714,50.5357142857,48.1071428571,54.5714285714,53.5,56.9642857143,63.0357142857,57.8928571429,45.75,32.9642857143,29.3571428571,20.1785714286,10.8928571429,767.5,845.0,1079.75,814.25,798.5,687.75,517.25
