zone_id,area_id,total,daytype_inweek,daytype_weekend,hod_00h,hod_01h,hod_02h,hod_03h,hod_04h,hod_05h,hod_06h,hod_07h,hod_08h,hod_09h,hod_10h,hod_11h,hod_12h,hod_13h,hod_14h,hod_15h,hod_16h,hod_17h,hod_18h,hod_19h,hod_20h,hod_21h,hod_22h,hod_23h,dow_mon,dow_tue,dow_wed,dow_thu,dow_fri,dow_sat,dow_sun
S12000029,S02002369,1507.42857143,8223.25,2605.0,7.25,6.35714285714,5.21428571429,4.35714285714,4.14285714286,12.8928571429,33.1785714286,73.25,88.5714285714,81.4642857143,85.6071428571,94.0714285714,102.607142857,104.321428571,107.892857143,113.607142857,118.642857143,108.892857143,100.0,78.1785714286,68.0714285714,54.1071428571,36.1071428571,18.6428571429,1563.5,1592.25,1995.75,1568.0,1503.75,1287.25,1041.5
