zone_id,area_id,total,daytype_inweek,daytype_weekend,hod_00h,hod_01h,hod_02h,hod_03h,hod_04h,hod_05h,hod_06h,hod_07h,hod_08h,hod_09h,hod_10h,hod_11h,hod_12h,hod_13h,hod_14h,hod_15h,hod_16h,hod_17h,hod_18h,hod_19h,hod_20h,hod_21h,hod_22h,hod_23h,dow_mon,dow_tue,dow_wed,dow_thu,dow_fri,dow_sat,dow_sun
E06000049,E02003859,4994.71428571,26572.75,9577.75,29.6071428571,24.7857142857,17.1785714286,18.2142857143,28.25,47.2142857143,91.1785714286,202.357142857,294.357142857,297.535714286,329.178571429,345.25,382.428571429,381.035714286,370.071428571,363.714285714,349.035714286,355.035714286,278.928571429,228.392857143,184.964285714,151.821428571,133.964285714,90.2142857143,5201.5,5187.75,6443.75,5002.25,4737.5,4014.0,4376.25
