zone_id,area_id,total,daytype_inweek,daytype_weekend,hod_00h,hod_01h,hod_02h,hod_03h,hod_04h,hod_05h,hod_06h,hod_07h,hod_08h,hod_09h,hod_10h,hod_11h,hod_12h,hod_13h,hod_14h,hod_15h,hod_16h,hod_17h,hod_18h,hod_19h,hod_20h,hod_21h,hod_22h,hod_23h,dow_mon,dow_tue,dow_wed,dow_thu,dow_fri,dow_sat,dow_sun
E07000041,E02004155,2968.89285714,16074.0,4808.5,12.1428571429,14.1071428571,9.82142857143,9.07142857143,9.17857142857,13.7142857143,46.1785714286,113.321428571,172.321428571,174.892857143,190.964285714,201.035714286,208.178571429,208.75,194.964285714,200.142857143,226.035714286,236.857142857,188.821428571,172.5,133.857142857,108.5,78.0,45.5357142857,2803.0,3145.0,3911.75,3055.0,3159.25,2702.75,2005.5
