zone_id,area_id,total,daytype_inweek,daytype_weekend,hod_00h,hod_01h,hod_02h,hod_03h,hod_04h,hod_05h,hod_06h,hod_07h,hod_08h,hod_09h,hod_10h,hod_11h,hod_12h,hod_13h,hod_14h,hod_15h,hod_16h,hod_17h,hod_18h,hod_19h,hod_20h,hod_21h,hod_22h,hod_23h,dow_mon,dow_tue,dow_wed,dow_thu,dow_fri,dow_sat,dow_sun
E08000026,E02001975,3086.96428571,16273.25,5341.0,16.25,17.0,12.5714285714,11.6785714286,13.5714285714,31.2857142857,66.1785714286,120.892857143,159.857142857,157.035714286,168.964285714,196.607142857,202.678571429,207.714285714,206.821428571,213.035714286,231.678571429,231.892857143,214.142857143,194.357142857,158.714285714,124.071428571,83.3571428571,46.6071428571,2926.0,3186.0,3982.75,2970.5,3208.0,2920.5,2415.0
