zone_id,area_id,total,daytype_inweek,daytype_weekend,hod_00h,hod_01h,hod_02h,hod_03h,hod_04h,hod_05h,hod_06h,hod_07h,hod_08h,hod_09h,hod_10h,hod_11h,hod_12h,hod_13h,hod_14h,hod_15h,hod_16h,hod_17h,hod_18h,hod_19h,hod_20h,hod_21h,hod_22h,hod_23h,dow_mon,dow_tue,dow_wed,dow_thu,dow_fri,dow_sat,dow_sun
E09000004,E02000088,1451.78571429,7635.0,2590.75,10.25,8.78571428571,5.17857142857,4.71428571429,3.03571428571,8.92857142857,19.0714285714,45.1428571429,69.2857142857,85.4642857143,94.8571428571,99.7142857143,99.7857142857,97.5357142857,98.4642857143,95.9285714286,94.2142857143,102.071428571,101.928571429,89.6785714286,78.9285714286,63.3571428571,47.2857142857,28.1785714286,1403.5,1440.5,1902.0,1481.0,1408.0,1340.25,1187.25
