zone_id,area_id,total,daytype_inweek,daytype_weekend,hod_00h,hod_01h,hod_02h,hod_03h,hod_04h,hod_05h,hod_06h,hod_07h,hod_08h,hod_09h,hod_10h,hod_11h,hod_12h,hod_13h,hod_14h,hod_15h,hod_16h,hod_17h,hod_18h,hod_19h,hod_20h,hod_21h,hod_22h,hod_23h,dow_mon,dow_tue,dow_wed,dow_thu,dow_fri,dow_sat,dow_sun
E08000032,E02002236,2900.25,15314.5,4976.5,20.9642857143,22.7857142857,15.1428571429,11.5357142857,9.96428571429,22.4285714286,52.3928571429,99.2142857143,129.821428571,138.464285714,160.607142857,174.571428571,188.964285714,190.714285714,200.642857143,202.928571429,218.5,219.928571429,199.107142857,182.178571429,156.142857143,130.928571429,96.75,55.5714285714,2774.5,3024.25,3716.75,2846.0,2953.0,2785.25,2202.0
