zone_id,area_id,total,daytype_inweek,daytype_weekend,hod_00h,hod_01h,hod_02h,hod_03h,hod_04h,hod_05h,hod_06h,hod_07h,hod_08h,hod_09h,hod_10h,hod_11h,hod_12h,hod_13h,hod_14h,hod_15h,hod_16h,hod_17h,hod_18h,hod_19h,hod_20h,hod_21h,hod_22h,hod_23h,dow_mon,dow_tue,dow_wed,dow_thu,dow_fri,dow_sat,dow_sun
E06000014,E02002788,5466.57142857,28761.75,8777.25,23.6071428571,29.1785714286,23.75,19.8571428571,20.5,34.0714285714,78.9642857143,187.107142857,294.678571429,297.178571429,325.857142857,368.785714286,398.964285714,417.714285714,404.785714286,399.214285714,418.142857143,435.857142857,370.392857143,295.0,234.107142857,178.285714286,128.285714286,82.2857142857,4833.75,5332.0,7285.75,5627.25,5683.0,5560.75,3943.5
