zone_id,area_id,total,daytype_inweek,daytype_weekend,hod_00h,hod_01h,hod_02h,hod_03h,hod_04h,hod_05h,hod_06h,hod_07h,hod_08h,hod_09h,hod_10h,hod_11h,hod_12h,hod_13h,hod_14h,hod_15h,hod_16h,hod_17h,hod_18h,hod_19h,hod_20h,hod_21h,hod_22h,hod_23h,dow_mon,dow_tue,dow_wed,dow_thu,dow_fri,dow_sat,dow_sun
E07000071,E02004515,3727.60714286,19888.25,6403.25,17.0,13.1428571429,9.78571428571,8.82142857143,8.92857142857,20.9642857143,69.5,158.571428571,211.25,229.892857143,252.75,273.428571429,280.071428571,267.928571429,268.392857143,260.0,268.714285714,285.107142857,230.464285714,190.214285714,150.571428571,120.071428571,83.6785714286,48.3571428571,3616.25,3791.75,5084.5,3743.0,3652.75,3418.0,2787.0
