zone_id,area_id,total,daytype_inweek,daytype_weekend,hod_00h,hod_01h,hod_02h,hod_03h,hod_04h,hod_05h,hod_06h,hod_07h,hod_08h,hod_09h,hod_10h,hod_11h,hod_12h,hod_13h,hod_14h,hod_15h,hod_16h,hod_17h,hod_18h,hod_19h,hod_20h,hod_21h,hod_22h,hod_23h,dow_mon,dow_tue,dow_wed,dow_thu,dow_fri,dow_sat,dow_sun
E06000028,E02003179,4053.35714286,21562.5,6775.5,16.4642857143,16.2857142857,14.8214285714,13.3571428571,14.5357142857,22.1785714286,56.0,149.5,218.821428571,225.714285714,258.107142857,275.964285714,294.5,288.678571429,278.678571429,277.785714286,303.571428571,316.821428571,293.785714286,232.892857143,183.75,140.428571429,102.714285714,58.0,3720.25,4145.5,5324.5,4096.0,4276.25,3755.75,3055.25
