zone_id,area_id,total,daytype_inweek,daytype_weekend,hod_00h,hod_01h,hod_02h,hod_03h,hod_04h,hod_05h,hod_06h,hod_07h,hod_08h,hod_09h,hod_10h,hod_11h,hod_12h,hod_13h,hod_14h,hod_15h,hod_16h,hod_17h,hod_18h,hod_19h,hod_20h,hod_21h,hod_22h,hod_23h,dow_mon,dow_tue,dow_wed,dow_thu,dow_fri,dow_sat,dow_sun
E08000003,E02001055,4567.17857143,24447.25,7764.5,39.2142857143,45.25,32.6785714286,28.6428571429,26.75,47.2142857143,90.6785714286,166.178571429,219.428571429,231.428571429,248.321428571,277.392857143,313.642857143,313.178571429,307.571428571,318.678571429,328.25,329.535714286,299.892857143,260.571428571,216.607142857,177.142857143,145.285714286,103.642857143,4301.75,4756.25,6052.75,4578.25,4758.25,4060.25,3462.75
