zone_id,area_id,total,daytype_inweek,daytype_weekend,hod_00h,hod_01h,hod_02h,hod_03h,hod_04h,hod_05h,hod_06h,hod_07h,hod_08h,hod_09h,hod_10h,hod_11h,hod_12h,hod_13h,hod_14h,hod_15h,hod_16h,hod_17h,hod_18h,hod_19h,hod_20h,hod_21h,hod_22h,hod_23h,dow_mon,dow_tue,dow_wed,dow_thu,dow_fri,dow_sat,dow_sun
E06000018,E02002868,1892.82142857,10097.25,3197.5,10.2142857143,11.8571428571,8.71428571429,8.0,6.82142857143,19.3571428571,39.4642857143,67.4285714286,90.4285714286,96.75,118.035714286,130.392857143,137.535714286,133.142857143,137.178571429,137.428571429,140.178571429,127.607142857,121.821428571,108.571428571,87.5,71.1785714286,51.1428571429,32.0714285714,1799.25,1931.75,2434.5,1956.0,1975.75,1754.25,1398.25
