zone_id,area_id,total,daytype_inweek,daytype_weekend,hod_00h,hod_01h,hod_02h,hod_03h,hod_04h,hod_05h,hod_06h,hod_07h,hod_08h,hod_09h,hod_10h,hod_11h,hod_12h,hod_13h,hod_14h,hod_15h,hod_16h,hod_17h,hod_18h,hod_19h,hod_20h,hod_21h,hod_22h,hod_23h,dow_mon,dow_tue,dow_wed,dow_thu,dow_fri,dow_sat,dow_sun
E06000031,E02003238,3257.71428571,17629.75,5420.75,15.4285714286,14.5357142857,12.0,13.0714285714,13.7857142857,24.0357142857,62.2142857143,139.464285714,214.285714286,189.107142857,190.107142857,203.571428571,212.142857143,212.75,217.642857143,216.5,241.357142857,265.785714286,214.428571429,183.428571429,147.142857143,119.821428571,88.2857142857,46.8214285714,3109.25,3472.0,4318.75,3401.25,3328.5,2862.75,2311.5
