zone_id,area_id,total,daytype_inweek,daytype_weekend,hod_00h,hod_01h,hod_02h,hod_03h,hod_04h,hod_05h,hod_06h,hod_07h,hod_08h,hod_09h,hod_10h,hod_11h,hod_12h,hod_13h,hod_14h,hod_15h,hod_16h,hod_17h,hod_18h,hod_19h,hod_20h,hod_21h,hod_22h,hod_23h,dow_mon,dow_tue,dow_wed,dow_thu,dow_fri,dow_sat,dow_sun
E06000003,E02002523,1370.75,7437.5,2330.0,7.21428571429,5.89285714286,4.57142857143,4.14285714286,5.32142857143,10.0,23.8571428571,40.9285714286,59.75,72.0714285714,83.7857142857,94.3214285714,105.892857143,104.857142857,104.785714286,105.785714286,101.214285714,103.678571429,91.75,80.4642857143,67.4285714286,47.2857142857,28.5714285714,17.1785714286,1335.25,1520.25,1832.75,1355.5,1393.75,1163.0,994.75
