zone_id,area_id,total,daytype_inweek,daytype_weekend,hod_00h,hod_01h,hod_02h,hod_03h,hod_04h,hod_05h,hod_06h,hod_07h,hod_08h,hod_09h,hod_10h,hod_11h,hod_12h,hod_13h,hod_14h,hod_15h,hod_16h,hod_17h,hod_18h,hod_19h,hod_20h,hod_21h,hod_22h,hod_23h,dow_mon,dow_tue,dow_wed,dow_thu,dow_fri,dow_sat,dow_sun
W06000015,W02000377,4195.10714286,22858.25,6994.0,26.6785714286,23.25,17.8214285714,16.0,18.6785714286,39.75,72.9642857143,175.428571429,238.75,224.357142857,236.107142857,262.642857143,294.678571429,292.642857143,282.178571429,283.964285714,322.714285714,335.071428571,291.142857143,231.964285714,182.107142857,143.821428571,112.857142857,69.5357142857,4059.5,4450.0,5621.0,4380.75,4347.0,3573.0,2934.5
