zone_id,area_id,total,daytype_inweek,daytype_weekend,hod_00h,hod_01h,hod_02h,hod_03h,hod_04h,hod_05h,hod_06h,hod_07h,hod_08h,hod_09h,hod_10h,hod_11h,hod_12h,hod_13h,hod_14h,hod_15h,hod_16h,hod_17h,hod_18h,hod_19h,hod_20h,hod_21h,hod_22h,hod_23h,dow_mon,dow_tue,dow_wed,dow_thu,dow_fri,dow_sat,dow_sun
E07000111,E02005091,1347.07142857,7096.0,2332.25,7.42857142857,5.96428571429,3.03571428571,3.03571428571,4.64285714286,7.10714285714,19.4642857143,42.0357142857,71.8571428571,79.4285714286,90.0357142857,92.8928571429,96.4285714286,89.8928571429,85.5357142857,87.5357142857,93.7857142857,92.9642857143,95.2857142857,77.9285714286,66.6785714286,56.5357142857,44.3214285714,33.25,1292.0,1348.75,1732.5,1326.25,1396.5,1293.25,1040.25
