zone_id,area_id,total,daytype_inweek,daytype_weekend,hod_00h,hod_01h,hod_02h,hod_03h,hod_04h,hod_05h,hod_06h,hod_07h,hod_08h,hod_09h,hod_10h,hod_11h,hod_12h,hod_13h,hod_14h,hod_15h,hod_16h,hod_17h,hod_18h,hod_19h,hod_20h,hod_21h,hod_22h,hod_23h,dow_mon,dow_tue,dow_wed,dow_thu,dow_fri,dow_sat,dow_sun
E07000011,E02003757,2429.82142857,13171.5,3977.75,9.17857142857,9.60714285714,5.78571428571,5.71428571429,9.28571428571,26.3571428571,65.1071428571,138.5,158.75,139.714285714,142.178571429,145.821428571,151.714285714,146.25,150.464285714,154.357142857,177.785714286,190.821428571,158.607142857,135.321428571,105.071428571,91.3214285714,71.9642857143,40.1428571429,2310.75,2645.25,3302.25,2506.25,2407.0,2170.25,1667.0
