zone_id,area_id,total,daytype_inweek,daytype_weekend,hod_00h,hod_01h,hod_02h,hod_03h,hod_04h,hod_05h,hod_06h,hod_07h,hod_08h,hod_09h,hod_10h,hod_11h,hod_12h,hod_13h,hod_14h,hod_15h,hod_16h,hod_17h,hod_18h,hod_19h,hod_20h,hod_21h,hod_22h,hod_23h,dow_mon,dow_tue,dow_wed,dow_thu,dow_fri,dow_sat,dow_sun
E08000009,E02001285,3190.67857143,17164.5,5420.75,15.2142857143,17.4285714286,12.2857142857,10.1071428571,11.0714285714,16.75,39.7857142857,104.392857143,188.607142857,196.071428571,199.785714286,219.785714286,231.214285714,224.178571429,226.107142857,219.285714286,221.321428571,238.428571429,213.0,188.5,142.357142857,105.535714286,88.8214285714,60.6428571429,3011.0,3339.0,4298.75,3244.0,3271.75,2760.5,2409.75
