zone_id,area_id,total,daytype_inweek,daytype_weekend,hod_00h,hod_01h,hod_02h,hod_03h,hod_04h,hod_05h,hod_06h,hod_07h,hod_08h,hod_09h,hod_10h,hod_11h,hod_12h,hod_13h,hod_14h,hod_15h,hod_16h,hod_17h,hod_18h,hod_19h,hod_20h,hod_21h,hod_22h,hod_23h,dow_mon,dow_tue,dow_wed,dow_thu,dow_fri,dow_sat,dow_sun
E09000017,E02000517,2798.96428571,14882.75,4843.25,17.9285714286,19.6071428571,11.7857142857,11.3571428571,18.7142857143,29.25,54.6785714286,100.75,129.214285714,141.392857143,154.035714286,170.321428571,184.357142857,189.035714286,185.285714286,177.25,194.714285714,200.107142857,193.392857143,181.75,161.75,120.464285714,93.8928571429,57.9285714286,2665.75,2893.25,3634.75,2805.0,2884.0,2532.5,2177.5
