zone_id,area_id,total,daytype_inweek,daytype_weekend,hod_00h,hod_01h,hod_02h,hod_03h,hod_04h,hod_05h,hod_06h,hod_07h,hod_08h,hod_09h,hod_10h,hod_11h,hod_12h,hod_13h,hod_14h,hod_15h,hod_16h,hod_17h,hod_18h,hod_19h,hod_20h,hod_21h,hod_22h,hod_23h,dow_mon,dow_tue,dow_wed,dow_thu,dow_fri,dow_sat,dow_sun
E08000014,E02001441,3344.60714286,17657.5,5966.75,18.5357142857,13.8214285714,9.67857142857,7.14285714286,5.57142857143,13.25,37.6428571429,106.928571429,170.892857143,184.464285714,205.964285714,224.607142857,245.857142857,247.392857143,248.714285714,245.535714286,258.571428571,257.607142857,224.714285714,201.071428571,153.107142857,116.464285714,91.4642857143,55.6071428571,3284.75,3505.5,4291.75,3240.0,3335.5,3072.75,2682.0
