zone_id,area_id,total,daytype_inweek,daytype_weekend,hod_00h,hod_01h,hod_02h,hod_03h,hod_04h,hod_05h,hod_06h,hod_07h,hod_08h,hod_09h,hod_10h,hod_11h,hod_12h,hod_13h,hod_14h,hod_15h,hod_16h,hod_17h,hod_18h,hod_19h,hod_20h,hod_21h,hod_22h,hod_23h,dow_mon,dow_tue,dow_wed,dow_thu,dow_fri,dow_sat,dow_sun
E08000034,E02002313,2683.21428571,14192.25,4612.5,16.3214285714,22.1785714286,14.9642857143,13.8928571429,12.6428571429,23.4285714286,45.4642857143,103.571428571,128.607142857,133.178571429,145.571428571,163.785714286,171.785714286,176.5,184.392857143,185.392857143,195.928571429,207.178571429,169.642857143,164.178571429,141.071428571,117.321428571,91.5714285714,54.6428571429,2569.25,2831.0,3502.5,2625.75,2663.75,2547.0,2043.25
