zone_id,area_id,total,daytype_inweek,daytype_weekend,hod_00h,hod_01h,hod_02h,hod_03h,hod_04h,hod_05h,hod_06h,hod_07h,hod_08h,hod_09h,hod_10h,hod_11h,hod_12h,hod_13h,hod_14h,hod_15h,hod_16h,hod_17h,hod_18h,hod_19h,hod_20h,hod_21h,hod_22h,hod_23h,dow_mon,dow_tue,dow_wed,dow_thu,dow_fri,dow_sat,dow_sun
E08000008,E02001253,2884.42857143,15443.0,4852.0,18.7142857143,22.1071428571,15.3928571429,14.3214285714,15.6071428571,28.7142857143,49.7142857143,106.321428571,138.392857143,147.321428571,164.714285714,184.035714286,201.535714286,194.0,199.321428571,198.428571429,213.107142857,218.535714286,192.857142857,166.857142857,141.821428571,112.107142857,88.1071428571,52.3928571429,2744.75,3032.0,3804.75,2937.75,2923.75,2640.75,2107.25
