zone_id,area_id,total,daytype_inweek,daytype_weekend,hod_00h,hod_01h,hod_02h,hod_03h,hod_04h,hod_05h,hod_06h,hod_07h,hod_08h,hod_09h,hod_10h,hod_11h,hod_12h,hod_13h,hod_14h,hod_15h,hod_16h,hod_17h,hod_18h,hod_19h,hod_20h,hod_21h,hod_22h,hod_23h,dow_mon,dow_tue,dow_wed,dow_thu,dow_fri,dow_sat,dow_sun
E08000028,E02002080,1727.78571429,9239.0,2905.25,10.8214285714,14.9285714286,8.35714285714,7.64285714286,8.64285714286,14.6785714286,29.7142857143,57.5357142857,74.3928571429,84.5714285714,100.785714286,113.535714286,127.642857143,123.785714286,117.571428571,118.821428571,121.678571429,125.642857143,114.464285714,107.607142857,87.1428571429,70.8214285714,56.5,30.5,1666.75,1743.25,2255.0,1775.25,1798.75,1617.0,1238.5
