zone_id,area_id,total,daytype_inweek,daytype_weekend,hod_00h,hod_01h,hod_02h,hod_03h,hod_04h,hod_05h,hod_06h,hod_07h,hod_08h,hod_09h,hod_10h,hod_11h,hod_12h,hod_13h,hod_14h,hod_15h,hod_16h,hod_17h,hod_18h,hod_19h,hod_20h,hod_21h,hod_22h,hod_23h,dow_mon,dow_tue,dow_wed,dow_thu,dow_fri,dow_sat,dow_sun
E06000052,E02003925,3903.0,20969.25,6604.0,18.75,14.3571428571,12.6071428571,10.1071428571,12.5357142857,29.6785714286,71.6785714286,169.607142857,193.142857143,210.714285714,243.178571429,268.071428571,267.714285714,267.285714286,272.035714286,284.107142857,308.321428571,316.464285714,255.285714286,205.535714286,171.75,142.071428571,99.3214285714,58.6785714286,3767.0,4092.0,5192.75,3991.75,3925.75,3514.75,2837.0
