zone_id,area_id,total,daytype_inweek,daytype_weekend,hod_00h,hod_01h,hod_02h,hod_03h,hod_04h,hod_05h,hod_06h,hod_07h,hod_08h,hod_09h,hod_10h,hod_11h,hod_12h,hod_13h,hod_14h,hod_15h,hod_16h,hod_17h,hod_18h,hod_19h,hod_20h,hod_21h,hod_22h,hod_23h,dow_mon,dow_tue,dow_wed,dow_thu,dow_fri,dow_sat,dow_sun
E06000020,E02002928,923.25,4965.75,1556.0,2.92857142857,2.96428571429,2.67857142857,3.07142857143,2.82142857143,5.17857142857,15.2142857143,42.75,54.7142857143,50.0,53.1428571429,57.7142857143,61.5714285714,64.6428571429,63.25,62.0357142857,73.4642857143,78.0357142857,56.5357142857,47.6785714286,41.3214285714,36.1428571429,28.9642857143,16.4285714286,895.5,970.75,1174.5,975.25,949.75,836.5,660.5
