zone_id,area_id,total,daytype_inweek,daytype_weekend,hod_00h,hod_01h,hod_02h,hod_03h,hod_04h,hod_05h,hod_06h,hod_07h,hod_08h,hod_09h,hod_10h,hod_11h,hod_12h,hod_13h,hod_14h,hod_15h,hod_16h,hod_17h,hod_18h,hod_19h,hod_20h,hod_21h,hod_22h,hod_23h,dow_mon,dow_tue,dow_wed,dow_thu,dow_fri,dow_sat,dow_sun
E08000018,E02001596,3284.89285714,17258.0,5737.0,15.6785714286,19.2857142857,13.1071428571,9.39285714286,9.32142857143,32.0714285714,56.6071428571,111.571428571,171.0,179.214285714,204.821428571,223.464285714,229.571428571,223.785714286,222.25,225.178571429,246.0,254.071428571,225.285714286,201.571428571,164.071428571,118.107142857,81.1428571429,48.3214285714,3120.0,3353.0,4161.75,3217.5,3405.75,3119.25,2617.0
