zone_id,area_id,total,daytype_inweek,daytype_weekend,hod_00h,hod_01h,hod_02h,hod_03h,hod_04h,hod_05h,hod_06h,hod_07h,hod_08h,hod_09h,hod_10h,hod_11h,hod_12h,hod_13h,hod_14h,hod_15h,hod_16h,hod_17h,hod_18h,hod_19h,hod_20h,hod_21h,hod_22h,hod_23h,dow_mon,dow_tue,dow_wed,dow_thu,dow_fri,dow_sat,dow_sun
E07000154,E02005672,5359.57142857,28586.5,8845.5,31.5357142857,35.4285714286,30.8928571429,31.0,44.0,92.9642857143,110.357142857,201.428571429,272.571428571,273.964285714,296.214285714,328.071428571,347.642857143,377.0,372.857142857,365.392857143,385.035714286,404.071428571,352.464285714,307.642857143,251.214285714,201.071428571,161.0,85.75,4950.5,5709.5,7032.5,5280.5,5613.5,5035.5,3895.0
