zone_id,area_id,total,daytype_inweek,daytype_weekend,hod_00h,hod_01h,hod_02h,hod_03h,hod_04h,hod_05h,hod_06h,hod_07h,hod_08h,hod_09h,hod_10h,hod_11h,hod_12h,hod_13h,hod_14h,hod_15h,hod_16h,hod_17h,hod_18h,hod_19h,hod_20h,hod_21h,hod_22h,hod_23h,dow_mon,dow_tue,dow_wed,dow_thu,dow_fri,dow_sat,dow_sun
E09000007,E02000187,2641.03571429,15014.75,3901.25,21.5,21.9642857143,14.1071428571,10.3571428571,11.8214285714,14.3214285714,26.5357142857,56.6785714286,112.178571429,160.785714286,155.035714286,159.178571429,210.107142857,221.071428571,181.107142857,177.821428571,171.75,184.357142857,195.928571429,162.0,128.821428571,98.25,79.9285714286,65.4285714286,2362.0,2902.25,3851.75,2971.25,2927.5,1933.25,1539.25
