zone_id,area_id,total,daytype_inweek,daytype_weekend,hod_00h,hod_01h,hod_02h,hod_03h,hod_04h,hod_05h,hod_06h,hod_07h,hod_08h,hod_09h,hod_10h,hod_11h,hod_12h,hod_13h,hod_14h,hod_15h,hod_16h,hod_17h,hod_18h,hod_19h,hod_20h,hod_21h,hod_22h,hod_23h,dow_mon,dow_tue,dow_wed,dow_thu,dow_fri,dow_sat,dow_sun
S12000036,S02001652,2691.71428571,14377.5,4788.75,16.9642857143,23.3928571429,16.75,12.6785714286,13.6428571429,22.3214285714,33.3571428571,106.321428571,198.5,148.892857143,146.642857143,149.321428571,165.607142857,163.0,156.0,169.142857143,194.5,224.964285714,202.714285714,152.357142857,124.964285714,101.428571429,90.1428571429,58.1071428571,2736.5,2830.5,3513.75,2537.0,2759.75,2412.25,2052.25
