zone_id,area_id,total,daytype_inweek,daytype_weekend,hod_00h,hod_01h,hod_02h,hod_03h,hod_04h,hod_05h,hod_06h,hod_07h,hod_08h,hod_09h,hod_10h,hod_11h,hod_12h,hod_13h,hod_14h,hod_15h,hod_16h,hod_17h,hod_18h,hod_19h,hod_20h,hod_21h,hod_22h,hod_23h,dow_mon,dow_tue,dow_wed,dow_thu,dow_fri,dow_sat,dow_sun
E06000005,E02002566,4384.75,23838.0,7116.25,20.0,25.0,19.5714285714,14.0714285714,14.8928571429,28.9642857143,51.2142857143,130.0,235.071428571,274.071428571,299.964285714,330.0,351.571428571,335.892857143,333.142857143,324.75,318.642857143,319.928571429,262.821428571,222.392857143,176.178571429,133.928571429,100.857142857,61.8214285714,4199.0,4655.75,5828.75,4550.0,4604.5,3938.0,2917.25
