zone_id,area_id,total,daytype_inweek,daytype_weekend,hod_00h,hod_01h,hod_02h,hod_03h,hod_04h,hod_05h,hod_06h,hod_07h,hod_08h,hod_09h,hod_10h,hod_11h,hod_12h,hod_13h,hod_14h,hod_15h,hod_16h,hod_17h,hod_18h,hod_19h,hod_20h,hod_21h,hod_22h,hod_23h,dow_mon,dow_tue,dow_wed,dow_thu,dow_fri,dow_sat,dow_sun
E08000019,E02001616,2855.14285714,15082.0,4866.5,12.8214285714,14.25,8.5,8.46428571429,10.7142857143,28.5357142857,62.2857142857,125.821428571,150.535714286,152.5,172.928571429,186.5,197.785714286,202.392857143,200.857142857,198.607142857,213.5,217.321428571,188.25,163.107142857,133.535714286,99.8571428571,68.75,37.3214285714,2677.75,2908.0,3655.0,2818.5,3022.75,2715.25,2188.75
