zone_id,area_id,total,daytype_inweek,daytype_weekend,hod_00h,hod_01h,hod_02h,hod_03h,hod_04h,hod_05h,hod_06h,hod_07h,hod_08h,hod_09h,hod_10h,hod_11h,hod_12h,hod_13h,hod_14h,hod_15h,hod_16h,hod_17h,hod_18h,hod_19h,hod_20h,hod_21h,hod_22h,hod_23h,dow_mon,dow_tue,dow_wed,dow_thu,dow_fri,dow_sat,dow_sun
E06000011,E02002697,3457.21428571,17758.0,6515.5,17.4642857143,12.7857142857,7.67857142857,6.46428571429,9.39285714286,28.1428571429,62.5357142857,126.178571429,156.035714286,186.428571429,240.392857143,263.142857143,272.035714286,273.964285714,271.535714286,270.678571429,272.642857143,252.392857143,204.214285714,168.535714286,134.821428571,103.928571429,73.1428571429,42.6785714286,3365.25,3473.25,4285.25,3339.0,3295.25,3292.25,3150.25
