zone_id,area_id,total,daytype_inweek,daytype_weekend,hod_00h,hod_01h,hod_02h,hod_03h,hod_04h,hod_05h,hod_06h,hod_07h,hod_08h,hod_09h,hod_10h,hod_11h,hod_12h,hod_13h,hod_14h,hod_15h,hod_16h,hod_17h,hod_18h,hod_19h,hod_20h,hod_21h,hod_22h,hod_23h,dow_mon,dow_tue,dow_wed,dow_thu,dow_fri,dow_sat,dow_sun
E07000136,E02005420,670.571428571,3539.25,1186.75,2.10714285714,2.92857142857,2.10714285714,2.92857142857,4.5,12.7142857143,18.25,28.0357142857,33.6785714286,30.3214285714,34.4642857143,37.9642857143,42.5714285714,42.5714285714,46.25,46.9285714286,49.1071428571,54.2142857143,49.3928571429,39.5,34.1428571429,27.7857142857,18.9285714286,9.17857142857,659.25,688.0,859.5,667.5,665.0,627.25,527.5
