zone_id,area_id,total,daytype_inweek,daytype_weekend,hod_00h,hod_01h,hod_02h,hod_03h,hod_04h,hod_05h,hod_06h,hod_07h,hod_08h,hod_09h,hod_10h,hod_11h,hod_12h,hod_13h,hod_14h,hod_15h,hod_16h,hod_17h,hod_18h,hod_19h,hod_20h,hod_21h,hod_22h,hod_23h,dow_mon,dow_tue,dow_wed,dow_thu,dow_fri,dow_sat,dow_sun
E06000045,E02003575,2020.42857143,10648.5,3495.5,9.53571428571,8.96428571429,6.0,5.03571428571,6.28571428571,20.75,42.25,79.3928571429,100.285714286,113.857142857,125.0,136.464285714,141.071428571,142.071428571,141.178571429,142.214285714,142.857142857,147.785714286,141.464285714,120.428571429,97.8928571429,70.2142857143,49.8214285714,29.6071428571,1953.5,1975.25,2595.0,1997.75,2127.0,1952.5,1542.0
