zone_id,area_id,total,daytype_inweek,daytype_weekend,hod_00h,hod_01h,hod_02h,hod_03h,hod_04h,hod_05h,hod_06h,hod_07h,hod_08h,hod_09h,hod_10h,hod_11h,hod_12h,hod_13h,hod_14h,hod_15h,hod_16h,hod_17h,hod_18h,hod_19h,hod_20h,hod_21h,hod_22h,hod_23h,dow_mon,dow_tue,dow_wed,dow_thu,dow_fri,dow_sat,dow_sun
E09000017,E02000510,4388.0,23386.25,7483.0,29.8571428571,30.2857142857,20.25,15.5714285714,19.6071428571,31.0357142857,77.0714285714,151.0,224.607142857,235.75,253.607142857,279.785714286,311.607142857,305.642857143,301.785714286,302.928571429,311.821428571,321.964285714,289.928571429,268.892857143,223.964285714,176.25,127.464285714,77.3214285714,4173.75,4614.0,5739.75,4347.5,4511.25,4020.5,3309.25
