zone_id,area_id,total,daytype_inweek,daytype_weekend,hod_00h,hod_01h,hod_02h,hod_03h,hod_04h,hod_05h,hod_06h,hod_07h,hod_08h,hod_09h,hod_10h,hod_11h,hod_12h,hod_13h,hod_14h,hod_15h,hod_16h,hod_17h,hod_18h,hod_19h,hod_20h,hod_21h,hod_22h,hod_23h,dow_mon,dow_tue,dow_wed,dow_thu,dow_fri,dow_sat,dow_sun
S12000046,S02001971,3221.14285714,17257.5,5709.0,18.4285714286,23.5714285714,18.0357142857,15.5357142857,13.1071428571,25.8571428571,52.8571428571,136.392857143,225.107142857,175.321428571,169.178571429,179.964285714,198.964285714,203.571428571,198.285714286,214.285714286,237.392857143,257.535714286,231.928571429,197.785714286,163.857142857,117.928571429,88.5357142857,57.7142857143,3270.0,3369.25,4153.0,3194.75,3270.5,2851.5,2439.0
