zone_id,area_id,total,daytype_inweek,daytype_weekend,hod_00h,hod_01h,hod_02h,hod_03h,hod_04h,hod_05h,hod_06h,hod_07h,hod_08h,hod_09h,hod_10h,hod_11h,hod_12h,hod_13h,hod_14h,hod_15h,hod_16h,hod_17h,hod_18h,hod_19h,hod_20h,hod_21h,hod_22h,hod_23h,dow_mon,dow_tue,dow_wed,dow_thu,dow_fri,dow_sat,dow_sun
E06000013,E02002756,6962.78571429,36905.25,11003.25,27.9285714286,33.7857142857,24.9285714286,26.3214285714,31.1785714286,98.3214285714,132.178571429,236.357142857,363.678571429,382.821428571,438.428571429,511.714285714,544.0,547.642857143,553.642857143,511.035714286,534.714285714,507.678571429,385.714285714,330.928571429,258.0,214.892857143,168.892857143,98.0,6228.25,7238.25,8931.25,6741.5,7766.0,7059.25,4775.0
