zone_id,area_id,total,daytype_inweek,daytype_weekend,hod_00h,hod_01h,hod_02h,hod_03h,hod_04h,hod_05h,hod_06h,hod_07h,hod_08h,hod_09h,hod_10h,hod_11h,hod_12h,hod_13h,hod_14h,hod_15h,hod_16h,hod_17h,hod_18h,hod_19h,hod_20h,hod_21h,hod_22h,hod_23h,dow_mon,dow_tue,dow_wed,dow_thu,dow_fri,dow_sat,dow_sun
W06000012,W02000201,439.571428571,2309.0,724.5,1.46428571429,1.07142857143,0.928571428571,0.714285714286,1.71428571429,3.64285714286,10.6785714286,17.7857142857,23.3571428571,23.6428571429,29.1428571429,31.0357142857,32.9642857143,33.3214285714,33.0,33.3214285714,31.5357142857,34.75,28.5714285714,19.8928571429,17.7857142857,15.5357142857,9.35714285714,4.35714285714,399.0,445.5,557.5,449.75,457.25,442.5,325.5
