zone_id,area_id,total,daytype_inweek,daytype_weekend,hod_00h,hod_01h,hod_02h,hod_03h,hod_04h,hod_05h,hod_06h,hod_07h,hod_08h,hod_09h,hod_10h,hod_11h,hod_12h,hod_13h,hod_14h,hod_15h,hod_16h,hod_17h,hod_18h,hod_19h,hod_20h,hod_21h,hod_22h,hod_23h,dow_mon,dow_tue,dow_wed,dow_thu,dow_fri,dow_sat,dow_sun
E06000025,E02003092,4207.46428571,22810.0,7092.75,19.3571428571,17.2142857143,13.0714285714,11.0,13.3571428571,30.3214285714,85.8214285714,191.607142857,250.428571429,257.071428571,276.5,280.285714286,287.571428571,275.857142857,274.678571429,275.892857143,300.035714286,315.857142857,262.357142857,232.857142857,192.464285714,147.142857143,120.392857143,76.3214285714,4186.5,4533.25,5621.75,4272.75,4195.75,3736.0,2906.25
