zone_id,area_id,total,daytype_inweek,daytype_weekend,hod_00h,hod_01h,hod_02h,hod_03h,hod_04h,hod_05h,hod_06h,hod_07h,hod_08h,hod_09h,hod_10h,hod_11h,hod_12h,hod_13h,hod_14h,hod_15h,hod_16h,hod_17h,hod_18h,hod_19h,hod_20h,hod_21h,hod_22h,hod_23h,dow_mon,dow_tue,dow_wed,dow_thu,dow_fri,dow_sat,dow_sun
E09000019,E02000572,1634.07142857,8808.5,2690.5,20.5357142857,21.8571428571,12.0,10.0,8.53571428571,8.25,15.6428571429,29.5714285714,64.5,83.9642857143,81.9285714286,89.1071428571,107.821428571,114.678571429,103.357142857,106.285714286,104.642857143,112.785714286,128.464285714,114.5,98.25,79.5,65.4642857143,52.4285714286,1461.5,1757.75,2208.5,1653.75,1727.0,1401.0,1229.0
