zone_id,area_id,total,daytype_inweek,daytype_weekend,hod_00h,hod_01h,hod_02h,hod_03h,hod_04h,hod_05h,hod_06h,hod_07h,hod_08h,hod_09h,hod_10h,hod_11h,hod_12h,hod_13h,hod_14h,hod_15h,hod_16h,hod_17h,hod_18h,hod_19h,hod_20h,hod_21h,hod_22h,hod_23h,dow_mon,dow_tue,dow_wed,dow_thu,dow_fri,dow_sat,dow_sun
E07000008,E02003721,4596.53571429,24846.0,7375.75,21.0357142857,22.4642857143,17.25,17.5357142857,16.2857142857,30.5,85.5714285714,174.464285714,294.357142857,278.964285714,273.857142857,284.178571429,314.285714286,301.035714286,302.785714286,309.428571429,326.214285714,367.107142857,328.535714286,270.357142857,204.035714286,156.714285714,123.535714286,76.0357142857,4137.25,4885.25,6170.25,4676.5,4976.75,4091.25,3238.5
