zone_id,area_id,total,daytype_inweek,daytype_weekend,hod_00h,hod_01h,hod_02h,hod_03h,hod_04h,hod_05h,hod_06h,hod_07h,hod_08h,hod_09h,hod_10h,hod_11h,hod_12h,hod_13h,hod_14h,hod_15h,hod_16h,hod_17h,hod_18h,hod_19h,hod_20h,hod_21h,hod_22h,hod_23h,dow_mon,dow_tue,dow_wed,dow_thu,dow_fri,dow_sat,dow_sun
E07000170,E02005831,1048.28571429,5678.5,1840.5,4.32142857143,5.25,3.82142857143,3.25,4.28571428571,10.8928571429,18.7142857143,39.3214285714,46.2142857143,57.25,68.75,72.8928571429,74.7857142857,71.6071428571,70.8571428571,69.4285714286,80.1071428571,73.25,68.1785714286,62.3214285714,50.4285714286,42.6785714286,33.8571428571,15.8214285714,1030.0,1137.75,1396.5,1102.25,1012.0,849.0,810.5
