zone_id,area_id,total,daytype_inweek,daytype_weekend,hod_00h,hod_01h,hod_02h,hod_03h,hod_04h,hod_05h,hod_06h,hod_07h,hod_08h,hod_09h,hod_10h,hod_11h,hod_12h,hod_13h,hod_14h,hod_15h,hod_16h,hod_17h,hod_18h,hod_19h,hod_20h,hod_21h,hod_22h,hod_23h,dow_mon,dow_tue,dow_wed,dow_thu,dow_fri,dow_sat,dow_sun
E06000014,E02002772,3470.35714286,18564.0,5923.0,10.3571428571,12.2142857143,7.35714285714,8.89285714286,9.53571428571,21.1071428571,58.1785714286,163.107142857,211.321428571,204.714285714,222.428571429,238.214285714,244.678571429,237.214285714,243.821428571,241.392857143,261.107142857,260.928571429,231.75,191.571428571,151.214285714,116.178571429,81.1428571429,41.9285714286,3311.75,3613.0,4540.75,3571.0,3527.5,3117.25,2611.25
