zone_id,area_id,total,daytype_inweek,daytype_weekend,hod_00h,hod_01h,hod_02h,hod_03h,hod_04h,hod_05h,hod_06h,hod_07h,hod_08h,hod_09h,hod_10h,hod_11h,hod_12h,hod_13h,hod_14h,hod_15h,hod_16h,hod_17h,hod_18h,hod_19h,hod_20h,hod_21h,hod_22h,hod_23h,dow_mon,dow_tue,dow_wed,dow_thu,dow_fri,dow_sat,dow_sun
E09000003,E02000057,2467.57142857,13303.25,4561.5,27.3571428571,20.5,14.8214285714,8.35714285714,7.96428571429,12.8571428571,24.5,59.1428571429,90.75,122.964285714,136.892857143,158.0,173.25,181.428571429,176.535714286,179.571428571,172.142857143,179.0,182.535714286,157.071428571,135.392857143,107.678571429,85.6071428571,53.25,2578.0,2567.25,3389.25,2437.0,2331.75,1986.25,1983.5
