zone_id,area_id,total,daytype_inweek,daytype_weekend,hod_00h,hod_01h,hod_02h,hod_03h,hod_04h,hod_05h,hod_06h,hod_07h,hod_08h,hod_09h,hod_10h,hod_11h,hod_12h,hod_13h,hod_14h,hod_15h,hod_16h,hod_17h,hod_18h,hod_19h,hod_20h,hod_21h,hod_22h,hod_23h,dow_mon,dow_tue,dow_wed,dow_thu,dow_fri,dow_sat,dow_sun
E06000047,E02004318,3096.75,16958.5,5229.75,15.5714285714,14.75,11.2142857143,8.53571428571,11.1428571429,23.7857142857,59.75,136.357142857,178.964285714,175.25,196.0,206.928571429,220.571428571,212.678571429,213.321428571,215.392857143,233.928571429,241.321428571,197.928571429,170.285714286,130.785714286,104.714285714,72.0,45.5714285714,3086.5,3333.5,4198.25,3224.75,3115.5,2575.5,2143.25
