zone_id,area_id,total,daytype_inweek,daytype_weekend,hod_00h,hod_01h,hod_02h,hod_03h,hod_04h,hod_05h,hod_06h,hod_07h,hod_08h,hod_09h,hod_10h,hod_11h,hod_12h,hod_13h,hod_14h,hod_15h,hod_16h,hod_17h,hod_18h,hod_19h,hod_20h,hod_21h,hod_22h,hod_23h,dow_mon,dow_tue,dow_wed,dow_thu,dow_fri,dow_sat,dow_sun
S12000014,S02001737,2311.64285714,12361.0,4117.25,12.0,9.85714285714,7.71428571429,6.85714285714,19.3214285714,66.0357142857,43.7142857143,85.3928571429,105.464285714,118.785714286,133.178571429,142.5,164.607142857,184.142857143,212.464285714,157.928571429,160.392857143,146.25,133.107142857,116.392857143,92.0357142857,77.0714285714,85.3571428571,31.0714285714,2355.5,2441.0,3036.5,2348.75,2179.25,2058.75,1761.75
