zone_id,area_id,total,daytype_inweek,daytype_weekend,hod_00h,hod_01h,hod_02h,hod_03h,hod_04h,hod_05h,hod_06h,hod_07h,hod_08h,hod_09h,hod_10h,hod_11h,hod_12h,hod_13h,hod_14h,hod_15h,hod_16h,hod_17h,hod_18h,hod_19h,hod_20h,hod_21h,hod_22h,hod_23h,dow_mon,dow_tue,dow_wed,dow_thu,dow_fri,dow_sat,dow_sun
S12000033,S02001244,3577.0,19448.75,6152.25,11.4642857143,12.8214285714,11.9285714286,9.35714285714,13.8928571429,36.7857142857,108.285714286,195.928571429,223.428571429,204.178571429,202.892857143,220.107142857,244.035714286,241.357142857,240.428571429,255.035714286,289.75,276.678571429,234.821428571,193.25,148.071428571,99.6428571429,68.6428571429,34.2142857143,3615.0,3837.75,4769.75,3557.0,3669.25,3053.0,2537.25
