zone_id,area_id,total,daytype_inweek,daytype_weekend,hod_00h,hod_01h,hod_02h,hod_03h,hod_04h,hod_05h,hod_06h,hod_07h,hod_08h,hod_09h,hod_10h,hod_11h,hod_12h,hod_13h,hod_14h,hod_15h,hod_16h,hod_17h,hod_18h,hod_19h,hod_20h,hod_21h,hod_22h,hod_23h,dow_mon,dow_tue,dow_wed,dow_thu,dow_fri,dow_sat,dow_sun
E08000006,E02001176,5564.64285714,29907.0,9408.5,35.5357142857,37.1071428571,27.6428571429,20.8214285714,22.8928571429,45.0714285714,120.964285714,208.928571429,265.142857143,277.178571429,315.928571429,358.107142857,380.428571429,384.321428571,386.285714286,399.928571429,401.392857143,389.964285714,376.107142857,343.285714286,287.5,217.642857143,161.642857143,100.821428571,5299.75,5846.75,7287.5,5690.5,5782.5,4936.75,4108.75
