zone_id,area_id,total,daytype_inweek,daytype_weekend,hod_00h,hod_01h,hod_02h,hod_03h,hod_04h,hod_05h,hod_06h,hod_07h,hod_08h,hod_09h,hod_10h,hod_11h,hod_12h,hod_13h,hod_14h,hod_15h,hod_16h,hod_17h,hod_18h,hod_19h,hod_20h,hod_21h,hod_22h,hod_23h,dow_mon,dow_tue,dow_wed,dow_thu,dow_fri,dow_sat,dow_sun
E07000192,E02006127,2038.07142857,10711.75,3532.25,11.75,11.5714285714,7.75,6.25,9.92857142857,19.4642857143,29.3214285714,62.6428571429,101.571428571,98.9285714286,114.678571429,128.75,141.964285714,144.678571429,136.321428571,135.25,146.035714286,162.071428571,142.071428571,130.428571429,101.928571429,88.8928571429,68.7857142857,37.0357142857,1969.5,2051.0,2582.25,2020.5,2088.5,1992.0,1562.75
