zone_id,area_id,total,daytype_inweek,daytype_weekend,hod_00h,hod_01h,hod_02h,hod_03h,hod_04h,hod_05h,hod_06h,hod_07h,hod_08h,hod_09h,hod_10h,hod_11h,hod_12h,hod_13h,hod_14h,hod_15h,hod_16h,hod_17h,hod_18h,hod_19h,hod_20h,hod_21h,hod_22h,hod_23h,dow_mon,dow_tue,dow_wed,dow_thu,dow_fri,dow_sat,dow_sun
E07000207,E02006322,1267.28571429,6655.5,2266.0,8.10714285714,6.21428571429,4.82142857143,3.71428571429,2.71428571429,5.10714285714,15.5357142857,38.4285714286,66.1428571429,74.25,84.1785714286,88.25,87.2857142857,86.9285714286,80.6785714286,84.1071428571,90.5357142857,87.8571428571,84.8571428571,81.6071428571,63.5,53.9285714286,41.8214285714,26.7142857143,1270.5,1313.0,1563.25,1255.75,1253.0,1220.0,995.5
