zone_id,area_id,total,daytype_inweek,daytype_weekend,hod_00h,hod_01h,hod_02h,hod_03h,hod_04h,hod_05h,hod_06h,hod_07h,hod_08h,hod_09h,hod_10h,hod_11h,hod_12h,hod_13h,hod_14h,hod_15h,hod_16h,hod_17h,hod_18h,hod_19h,hod_20h,hod_21h,hod_22h,hod_23h,dow_mon,dow_tue,dow_wed,dow_thu,dow_fri,dow_sat,dow_sun
E08000028,E02002072,2444.60714286,13072.0,4183.75,18.4285714286,19.7857142857,13.0357142857,8.57142857143,10.3571428571,20.6071428571,48.5357142857,85.3928571429,105.428571429,116.678571429,136.214285714,155.357142857,165.285714286,165.035714286,168.107142857,165.035714286,171.428571429,178.357142857,170.607142857,157.107142857,132.678571429,102.25,80.0714285714,50.25,2356.0,2512.5,3249.0,2473.75,2480.75,2212.5,1827.75
