zone_id,area_id,total,daytype_inweek,daytype_weekend,hod_00h,hod_01h,hod_02h,hod_03h,hod_04h,hod_05h,hod_06h,hod_07h,hod_08h,hod_09h,hod_10h,hod_11h,hod_12h,hod_13h,hod_14h,hod_15h,hod_16h,hod_17h,hod_18h,hod_19h,hod_20h,hod_21h,hod_22h,hod_23h,dow_mon,dow_tue,dow_wed,dow_thu,dow_fri,dow_sat,dow_sun
E07000175,E02005905,1159.39285714,6088.0,2125.0,5.53571428571,4.92857142857,3.96428571429,2.64285714286,4.85714285714,8.78571428571,18.7857142857,37.2857142857,65.5,75.5,80.5,87.3928571429,89.1785714286,86.9642857143,81.8214285714,84.2857142857,83.3571428571,86.2857142857,68.6071428571,57.25,45.2142857143,35.7857142857,26.6428571429,18.3214285714,1131.25,1194.75,1515.0,1177.5,1069.5,1034.0,993.75
