zone_id,area_id,total,daytype_inweek,daytype_weekend,hod_00h,hod_01h,hod_02h,hod_03h,hod_04h,hod_05h,hod_06h,hod_07h,hod_08h,hod_09h,hod_10h,hod_11h,hod_12h,hod_13h,hod_14h,hod_15h,hod_16h,hod_17h,hod_18h,hod_19h,hod_20h,hod_21h,hod_22h,hod_23h,dow_mon,dow_tue,dow_wed,dow_thu,dow_fri,dow_sat,dow_sun
S12000044,S02002168,3230.67857143,17499.5,5669.5,20.9285714286,22.6785714286,17.1785714286,14.3571428571,17.6785714286,31.3571428571,66.4285714286,142.321428571,192.357142857,177.214285714,178.071428571,188.535714286,197.071428571,201.678571429,210.0,224.357142857,230.892857143,234.392857143,215.678571429,195.321428571,163.5,127.678571429,99.9642857143,61.0357142857,3286.25,3400.75,4248.5,3268.25,3295.75,2732.0,2383.25
