zone_id,area_id,total,daytype_inweek,daytype_weekend,hod_00h,hod_01h,hod_02h,hod_03h,hod_04h,hod_05h,hod_06h,hod_07h,hod_08h,hod_09h,hod_10h,hod_11h,hod_12h,hod_13h,hod_14h,hod_15h,hod_16h,hod_17h,hod_18h,hod_19h,hod_20h,hod_21h,hod_22h,hod_23h,dow_mon,dow_tue,dow_wed,dow_thu,dow_fri,dow_sat,dow_sun
E06000009,E02002640,3375.03571429,17701.75,6016.5,19.2142857143,20.8928571429,16.4285714286,13.0357142857,11.5357142857,22.9285714286,40.0714285714,87.9285714286,145.5,166.357142857,208.0,227.0,238.857142857,245.107142857,257.928571429,263.071428571,262.607142857,260.25,223.107142857,187.928571429,157.142857143,133.107142857,101.5,65.5357142857,3261.25,3454.75,4301.0,3294.5,3390.25,3168.25,2755.25
