zone_id,area_id,total,daytype_inweek,daytype_weekend,hod_00h,hod_01h,hod_02h,hod_03h,hod_04h,hod_05h,hod_06h,hod_07h,hod_08h,hod_09h,hod_10h,hod_11h,hod_12h,hod_13h,hod_14h,hod_15h,hod_16h,hod_17h,hod_18h,hod_19h,hod_20h,hod_21h,hod_22h,hod_23h,dow_mon,dow_tue,dow_wed,dow_thu,dow_fri,dow_sat,dow_sun
S12000015,S02001841,584.178571429,3149.25,1024.75,2.67857142857,3.35714285714,1.92857142857,2.32142857143,2.28571428571,5.67857142857,10.2142857143,19.25,31.3214285714,35.4285714286,40.7142857143,43.1785714286,43.25,43.3571428571,42.1785714286,49.1785714286,44.5714285714,41.1785714286,32.9285714286,26.8928571429,23.3571428571,18.8214285714,13.1428571429,6.96428571429,602.75,630.5,767.25,608.75,540.0,518.0,422.0
