zone_id,area_id,total,daytype_inweek,daytype_weekend,hod_00h,hod_01h,hod_02h,hod_03h,hod_04h,hod_05h,hod_06h,hod_07h,hod_08h,hod_09h,hod_10h,hod_11h,hod_12h,hod_13h,hod_14h,hod_15h,hod_16h,hod_17h,hod_18h,hod_19h,hod_20h,hod_21h,hod_22h,hod_23h,dow_mon,dow_tue,dow_wed,dow_thu,dow_fri,dow_sat,dow_sun
E07000071,E02004524,2841.39285714,15124.0,4940.0,11.1428571429,9.42857142857,7.21428571429,8.75,6.85714285714,14.2857142857,47.8928571429,108.964285714,155.428571429,177.678571429,195.5,204.857142857,206.714285714,200.0,206.25,210.785714286,214.928571429,215.392857143,175.25,145.321428571,119.642857143,96.9642857143,67.0357142857,35.1071428571,2771.0,2981.75,3775.75,2804.75,2790.75,2596.75,2169.0
