zone_id,area_id,total,daytype_inweek,daytype_weekend,hod_00h,hod_01h,hod_02h,hod_03h,hod_04h,hod_05h,hod_06h,hod_07h,hod_08h,hod_09h,hod_10h,hod_11h,hod_12h,hod_13h,hod_14h,hod_15h,hod_16h,hod_17h,hod_18h,hod_19h,hod_20h,hod_21h,hod_22h,hod_23h,dow_mon,dow_tue,dow_wed,dow_thu,dow_fri,dow_sat,dow_sun
E07000122,E02005245,1519.53571429,8007.25,2534.5,5.71428571429,4.89285714286,4.60714285714,5.60714285714,5.82142857143,15.75,21.75,56.6071428571,74.8928571429,83.0357142857,92.1071428571,94.7142857143,98.75,107.071428571,106.642857143,107.678571429,112.035714286,122.25,109.785714286,90.8214285714,78.7857142857,58.7142857143,40.6428571429,20.8571428571,1422.5,1534.0,1967.0,1500.0,1583.75,1517.5,1112.0
