zone_id,area_id,total,daytype_inweek,daytype_weekend,hod_00h,hod_01h,hod_02h,hod_03h,hod_04h,hod_05h,hod_06h,hod_07h,hod_08h,hod_09h,hod_10h,hod_11h,hod_12h,hod_13h,hod_14h,hod_15h,hod_16h,hod_17h,hod_18h,hod_19h,hod_20h,hod_21h,hod_22h,hod_23h,dow_mon,dow_tue,dow_wed,dow_thu,dow_fri,dow_sat,dow_sun
W06000022,W02000357,3417.14285714,18264.5,5911.75,23.8214285714,27.0357142857,17.2142857143,13.8214285714,16.0357142857,39.9642857143,53.1071428571,88.1428571429,139.75,164.25,195.142857143,214.821428571,241.642857143,252.035714286,248.5,252.5,245.071428571,253.142857143,234.464285714,205.392857143,167.178571429,142.392857143,113.714285714,68.0,3390.25,3593.0,4458.0,3383.5,3439.75,3134.0,2521.5
