zone_id,area_id,total,daytype_inweek,daytype_weekend,hod_00h,hod_01h,hod_02h,hod_03h,hod_04h,hod_05h,hod_06h,hod_07h,hod_08h,hod_09h,hod_10h,hod_11h,hod_12h,hod_13h,hod_14h,hod_15h,hod_16h,hod_17h,hod_18h,hod_19h,hod_20h,hod_21h,hod_22h,hod_23h,dow_mon,dow_tue,dow_wed,dow_thu,dow_fri,dow_sat,dow_sun
E08000029,E02006808,1795.64285714,9389.75,3080.5,8.78571428571,9.07142857143,6.35714285714,5.0,5.64285714286,13.9642857143,26.2142857143,51.8571428571,89.6785714286,100.25,116.392857143,120.464285714,131.0,125.75,124.571428571,124.75,125.035714286,135.964285714,120.5,105.75,88.7857142857,69.5,56.5,33.8571428571,1671.5,1831.0,2285.5,1783.5,1818.25,1770.75,1409.0
