zone_id,area_id,total,daytype_inweek,daytype_weekend,hod_00h,hod_01h,hod_02h,hod_03h,hod_04h,hod_05h,hod_06h,hod_07h,hod_08h,hod_09h,hod_10h,hod_11h,hod_12h,hod_13h,hod_14h,hod_15h,hod_16h,hod_17h,hod_18h,hod_19h,hod_20h,hod_21h,hod_22h,hod_23h,dow_mon,dow_tue,dow_wed,dow_thu,dow_fri,dow_sat,dow_sun
E09000025,E02000735,1508.32142857,7575.75,2802.25,21.1785714286,18.4642857143,11.0,8.46428571429,9.07142857143,9.67857142857,20.3214285714,33.8928571429,46.0357142857,61.1785714286,71.25,84.3928571429,89.6428571429,95.9642857143,101.464285714,103.535714286,104.035714286,105.642857143,111.142857143,110.75,99.25,81.3928571429,64.0357142857,46.5357142857,1415.5,1449.0,1805.75,1407.75,1497.75,1595.75,1386.75
