zone_id,area_id,total,daytype_inweek,daytype_weekend,hod_00h,hod_01h,hod_02h,hod_03h,hod_04h,hod_05h,hod_06h,hod_07h,hod_08h,hod_09h,hod_10h,hod_11h,hod_12h,hod_13h,hod_14h,hod_15h,hod_16h,hod_17h,hod_18h,hod_19h,hod_20h,hod_21h,hod_22h,hod_23h,dow_mon,dow_tue,dow_wed,dow_thu,dow_fri,dow_sat,dow_sun
W06000010,W02000153,1196.89285714,6369.75,2079.0,4.75,4.0,3.46428571429,3.32142857143,2.96428571429,7.57142857143,14.5714285714,37.3214285714,60.1071428571,67.8214285714,82.8571428571,90.1071428571,88.5,91.1428571429,92.4642857143,91.6071428571,93.5357142857,93.1428571429,75.1785714286,57.0714285714,49.8928571429,41.7142857143,27.6071428571,16.1785714286,1195.5,1267.5,1505.75,1192.0,1209.0,1125.0,883.5
