zone_id,area_id,total,daytype_inweek,daytype_weekend,hod_00h,hod_01h,hod_02h,hod_03h,hod_04h,hod_05h,hod_06h,hod_07h,hod_08h,hod_09h,hod_10h,hod_11h,hod_12h,hod_13h,hod_14h,hod_15h,hod_16h,hod_17h,hod_18h,hod_19h,hod_20h,hod_21h,hod_22h,hod_23h,dow_mon,dow_tue,dow_wed,dow_thu,dow_fri,dow_sat,dow_sun
E08000004,E02001131,1363.28571429,7235.5,2250.5,13.8571428571,11.9285714286,7.35714285714,6.25,5.92857142857,11.25,20.8928571429,44.5,53.7857142857,70.3928571429,75.3571428571,89.0,93.8571428571,95.1428571429,98.4285714286,99.5357142857,93.4642857143,93.8928571429,90.4285714286,88.2857142857,72.6071428571,57.6785714286,41.3214285714,28.1428571429,1219.5,1355.75,1938.25,1411.5,1310.5,1276.5,1031.0
