zone_id,area_id,total,daytype_inweek,daytype_weekend,hod_00h,hod_01h,hod_02h,hod_03h,hod_04h,hod_05h,hod_06h,hod_07h,hod_08h,hod_09h,hod_10h,hod_11h,hod_12h,hod_13h,hod_14h,hod_15h,hod_16h,hod_17h,hod_18h,hod_19h,hod_20h,hod_21h,hod_22h,hod_23h,dow_mon,dow_tue,dow_wed,dow_thu,dow_fri,dow_sat,dow_sun
W06000013,W02000222,1080.42857143,5919.75,1769.25,3.78571428571,3.60714285714,2.53571428571,2.17857142857,4.25,14.7857142857,26.8928571429,45.0714285714,54.4285714286,51.6785714286,58.7142857143,67.0,74.9642857143,75.5714285714,83.2142857143,80.1428571429,84.5357142857,85.6785714286,71.3928571429,59.0714285714,49.6428571429,38.1785714286,26.4642857143,16.6428571429,1031.0,1231.75,1434.25,1148.0,1074.75,905.0,738.25
