zone_id,area_id,total,daytype_inweek,daytype_weekend,hod_00h,hod_01h,hod_02h,hod_03h,hod_04h,hod_05h,hod_06h,hod_07h,hod_08h,hod_09h,hod_10h,hod_11h,hod_12h,hod_13h,hod_14h,hod_15h,hod_16h,hod_17h,hod_18h,hod_19h,hod_20h,hod_21h,hod_22h,hod_23h,dow_mon,dow_tue,dow_wed,dow_thu,dow_fri,dow_sat,dow_sun
E07000198,E02006215,1359.28571429,7011.0,2435.0,6.60714285714,5.96428571429,5.21428571429,3.21428571429,4.10714285714,10.5357142857,18.8214285714,46.9642857143,63.1785714286,79.1428571429,79.3214285714,89.8214285714,86.9285714286,84.4285714286,82.9642857143,82.1428571429,95.4285714286,97.75,95.2142857143,91.8214285714,79.0714285714,67.5714285714,52.1071428571,30.9642857143,1273.0,1365.25,1673.5,1308.75,1390.5,1342.0,1162.0
