zone_id,area_id,total,daytype_inweek,daytype_weekend,hod_00h,hod_01h,hod_02h,hod_03h,hod_04h,hod_05h,hod_06h,hod_07h,hod_08h,hod_09h,hod_10h,hod_11h,hod_12h,hod_13h,hod_14h,hod_15h,hod_16h,hod_17h,hod_18h,hod_19h,hod_20h,hod_21h,hod_22h,hod_23h,dow_mon,dow_tue,dow_wed,dow_thu,dow_fri,dow_sat,dow_sun
E06000025,E02003114,2554.21428571,13732.5,4358.25,11.8571428571,12.3571428571,9.39285714286,8.25,11.4642857143,18.4642857143,51.8214285714,110.0,125.607142857,147.928571429,159.821428571,169.464285714,171.642857143,175.75,174.75,169.785714286,188.107142857,187.142857143,168.357142857,149.892857143,121.607142857,96.7857142857,72.2142857143,41.75,2471.25,2712.5,3422.0,2556.5,2570.25,2260.0,1887.0
