zone_id,area_id,total,daytype_inweek,daytype_weekend,hod_00h,hod_01h,hod_02h,hod_03h,hod_04h,hod_05h,hod_06h,hod_07h,hod_08h,hod_09h,hod_10h,hod_11h,hod_12h,hod_13h,hod_14h,hod_15h,hod_16h,hod_17h,hod_18h,hod_19h,hod_20h,hod_21h,hod_22h,hod_23h,dow_mon,dow_tue,dow_wed,dow_thu,dow_fri,dow_sat,dow_sun
S12000044,S02002152,1405.53571429,7562.25,2484.5,9.25,9.21428571429,6.07142857143,5.60714285714,6.10714285714,14.25,28.8214285714,58.5,75.6785714286,66.3928571429,71.6785714286,75.8928571429,84.7857142857,85.3928571429,93.3214285714,101.142857143,107.142857143,103.0,102.785714286,93.9642857143,75.75,62.8928571429,42.3928571429,25.5,1421.25,1451.5,1855.75,1444.0,1389.75,1213.25,1063.25
