zone_id,area_id,total,daytype_inweek,daytype_weekend,hod_00h,hod_01h,hod_02h,hod_03h,hod_04h,hod_05h,hod_06h,hod_07h,hod_08h,hod_09h,hod_10h,hod_11h,hod_12h,hod_13h,hod_14h,hod_15h,hod_16h,hod_17h,hod_18h,hod_19h,hod_20h,hod_21h,hod_22h,hod_23h,dow_mon,dow_tue,dow_wed,dow_thu,dow_fri,dow_sat,dow_sun
E08000027,E02002000,1910.10714286,10219.5,3254.25,12.1428571429,12.1428571429,8.64285714286,6.42857142857,7.17857142857,17.8928571429,34.5357142857,65.7857142857,90.3571428571,97.5357142857,113.428571429,121.285714286,130.0,122.0,122.785714286,129.821428571,141.714285714,141.928571429,127.142857143,114.857142857,102.214285714,87.4285714286,64.25,38.6071428571,1813.5,2009.25,2540.0,1956.75,1900.0,1710.5,1440.75
