zone_id,area_id,total,daytype_inweek,daytype_weekend,hod_00h,hod_01h,hod_02h,hod_03h,hod_04h,hod_05h,hod_06h,hod_07h,hod_08h,hod_09h,hod_10h,hod_11h,hod_12h,hod_13h,hod_14h,hod_15h,hod_16h,hod_17h,hod_18h,hod_19h,hod_20h,hod_21h,hod_22h,hod_23h,dow_mon,dow_tue,dow_wed,dow_thu,dow_fri,dow_sat,dow_sun
E06000011,E02002689,3571.92857143,18805.25,6794.75,10.1428571429,10.7142857143,8.28571428571,6.10714285714,9.92857142857,24.8571428571,49.0714285714,94.6785714286,132.785714286,193.464285714,263.321428571,306.75,304.392857143,299.714285714,294.214285714,293.0,292.821428571,268.571428571,211.214285714,161.714285714,125.107142857,97.4285714286,73.3571428571,40.2857142857,3816.75,3824.75,4678.25,3387.5,3098.0,3220.25,2978.0
