zone_id,area_id,total,daytype_inweek,daytype_weekend,hod_00h,hod_01h,hod_02h,hod_03h,hod_04h,hod_05h,hod_06h,hod_07h,hod_08h,hod_09h,hod_10h,hod_11h,hod_12h,hod_13h,hod_14h,hod_15h,hod_16h,hod_17h,hod_18h,hod_19h,hod_20h,hod_21h,hod_22h,hod_23h,dow_mon,dow_tue,dow_wed,dow_thu,dow_fri,dow_sat,dow_sun
E06000046,E02003592,6074.17857143,31484.5,11074.0,18.8214285714,15.9285714286,8.92857142857,6.39285714286,8.42857142857,22.1428571429,65.9642857143,182.642857143,263.535714286,333.785714286,450.0,499.535714286,498.964285714,490.785714286,511.964285714,516.214285714,526.428571429,478.285714286,344.357142857,272.5,214.321428571,170.214285714,114.357142857,59.6785714286,5922.25,6153.25,7679.75,5973.25,5756.0,5883.0,5151.75
