zone_id,area_id,total,daytype_inweek,daytype_weekend,hod_00h,hod_01h,hod_02h,hod_03h,hod_04h,hod_05h,hod_06h,hod_07h,hod_08h,hod_09h,hod_10h,hod_11h,hod_12h,hod_13h,hod_14h,hod_15h,hod_16h,hod_17h,hod_18h,hod_19h,hod_20h,hod_21h,hod_22h,hod_23h,dow_mon,dow_tue,dow_wed,dow_thu,dow_fri,dow_sat,dow_sun
W06000004,W02000419,3192.64285714,16763.5,5687.75,13.3928571429,14.4642857143,11.1428571429,8.39285714286,7.57142857143,17.8571428571,30.7142857143,91.8214285714,165.857142857,172.321428571,188.178571429,215.214285714,226.571428571,237.964285714,239.035714286,236.607142857,242.535714286,250.821428571,218.035714286,187.928571429,156.071428571,114.821428571,89.9285714286,55.3928571429,3061.25,3271.25,4122.5,3065.5,3243.0,2958.5,2626.5
