zone_id,area_id,total,daytype_inweek,daytype_weekend,hod_00h,hod_01h,hod_02h,hod_03h,hod_04h,hod_05h,hod_06h,hod_07h,hod_08h,hod_09h,hod_10h,hod_11h,hod_12h,hod_13h,hod_14h,hod_15h,hod_16h,hod_17h,hod_18h,hod_19h,hod_20h,hod_21h,hod_22h,hod_23h,dow_mon,dow_tue,dow_wed,dow_thu,dow_fri,dow_sat,dow_sun
E07000065,E02004419,2141.67857143,11172.25,3967.25,11.2142857143,7.78571428571,5.57142857143,5.28571428571,7.53571428571,15.5,42.75,103.964285714,118.964285714,127.821428571,135.892857143,141.535714286,139.535714286,138.821428571,135.571428571,136.928571429,152.571428571,170.071428571,143.785714286,122.928571429,104.785714286,81.1785714286,58.1785714286,33.5,2123.5,2175.0,2767.0,1993.75,2113.0,1975.75,1843.75
