zone_id,area_id,total,daytype_inweek,daytype_weekend,hod_00h,hod_01h,hod_02h,hod_03h,hod_04h,hod_05h,hod_06h,hod_07h,hod_08h,hod_09h,hod_10h,hod_11h,hod_12h,hod_13h,hod_14h,hod_15h,hod_16h,hod_17h,hod_18h,hod_19h,hod_20h,hod_21h,hod_22h,hod_23h,dow_mon,dow_tue,dow_wed,dow_thu,dow_fri,dow_sat,dow_sun
E06000054,E02006663,5910.71428571,31878.0,9892.0,23.8928571429,22.4285714286,15.25,15.5,16.5,41.9642857143,138.214285714,334.642857143,367.964285714,313.142857143,351.642857143,370.785714286,415.25,407.714285714,401.285714286,409.857142857,459.607142857,489.892857143,393.857142857,297.035714286,233.25,194.035714286,131.321428571,65.6785714286,5614.25,6154.75,7835.25,5948.75,6325.0,5219.25,4277.75
