zone_id,area_id,total,daytype_inweek,daytype_weekend,hod_00h,hod_01h,hod_02h,hod_03h,hod_04h,hod_05h,hod_06h,hod_07h,hod_08h,hod_09h,hod_10h,hod_11h,hod_12h,hod_13h,hod_14h,hod_15h,hod_16h,hod_17h,hod_18h,hod_19h,hod_20h,hod_21h,hod_22h,hod_23h,dow_mon,dow_tue,dow_wed,dow_thu,dow_fri,dow_sat,dow_sun
E08000019,E02001613,3385.28571429,17937.75,5779.0,15.5357142857,16.75,11.1071428571,8.67857142857,11.2142857143,35.1071428571,88.0357142857,176.392857143,190.428571429,173.607142857,195.678571429,211.321428571,219.035714286,215.357142857,222.214285714,239.285714286,261.107142857,276.821428571,229.75,195.75,158.142857143,110.642857143,77.9642857143,45.3571428571,3211.0,3473.0,4369.75,3364.75,3519.25,3191.25,2568.0
