zone_id,area_id,total,daytype_inweek,daytype_weekend,hod_00h,hod_01h,hod_02h,hod_03h,hod_04h,hod_05h,hod_06h,hod_07h,hod_08h,hod_09h,hod_10h,hod_11h,hod_12h,hod_13h,hod_14h,hod_15h,hod_16h,hod_17h,hod_18h,hod_19h,hod_20h,hod_21h,hod_22h,hod_23h,dow_mon,dow_tue,dow_wed,dow_thu,dow_fri,dow_sat,dow_sun
S12000034,S02001336,1901.82142857,10409.5,3242.0,9.03571428571,8.35714285714,7.5,8.14285714286,16.8214285714,34.5714285714,67.4642857143,121.928571429,108.214285714,98.5,101.428571429,113.214285714,122.357142857,129.357142857,132.178571429,131.392857143,160.857142857,149.714285714,116.678571429,87.3928571429,71.6071428571,55.25,33.6071428571,16.25,1942.5,2042.0,2547.5,1970.0,1907.5,1603.75,1299.5
