zone_id,area_id,total,daytype_inweek,daytype_weekend,hod_00h,hod_01h,hod_02h,hod_03h,hod_04h,hod_05h,hod_06h,hod_07h,hod_08h,hod_09h,hod_10h,hod_11h,hod_12h,hod_13h,hod_14h,hod_15h,hod_16h,hod_17h,hod_18h,hod_19h,hod_20h,hod_21h,hod_22h,hod_23h,dow_mon,dow_tue,dow_wed,dow_thu,dow_fri,dow_sat,dow_sun
E09000009,E02000249,2593.35714286,13773.0,4422.5,27.5357142857,22.5714285714,15.0,13.5,16.6428571429,27.5,53.7857142857,82.7857142857,107.285714286,132.285714286,138.928571429,158.714285714,171.035714286,170.285714286,178.107142857,171.607142857,172.285714286,176.928571429,176.964285714,161.071428571,140.964285714,121.892857143,92.6785714286,63.0,2436.75,2718.25,3389.25,2629.75,2599.0,2394.75,1985.75
