zone_id,area_id,total,daytype_inweek,daytype_weekend,hod_00h,hod_01h,hod_02h,hod_03h,hod_04h,hod_05h,hod_06h,hod_07h,hod_08h,hod_09h,hod_10h,hod_11h,hod_12h,hod_13h,hod_14h,hod_15h,hod_16h,hod_17h,hod_18h,hod_19h,hod_20h,hod_21h,hod_22h,hod_23h,dow_mon,dow_tue,dow_wed,dow_thu,dow_fri,dow_sat,dow_sun
E08000007,E02001201,2423.03571429,12815.5,4170.25,13.7857142857,16.1785714286,10.1785714286,9.25,10.0357142857,17.8214285714,43.5357142857,88.1428571429,128.75,130.964285714,138.142857143,151.857142857,166.678571429,161.321428571,161.678571429,168.107142857,175.25,182.607142857,167.857142857,150.285714286,123.857142857,91.1785714286,70.3571428571,45.2142857143,2311.0,2500.5,3057.25,2485.0,2461.75,2286.5,1859.25
