zone_id,area_id,total,daytype_inweek,daytype_weekend,hod_00h,hod_01h,hod_02h,hod_03h,hod_04h,hod_05h,hod_06h,hod_07h,hod_08h,hod_09h,hod_10h,hod_11h,hod_12h,hod_13h,hod_14h,hod_15h,hod_16h,hod_17h,hod_18h,hod_19h,hod_20h,hod_21h,hod_22h,hod_23h,dow_mon,dow_tue,dow_wed,dow_thu,dow_fri,dow_sat,dow_sun
S12000040,S02002478,1699.92857143,9141.25,2954.25,7.64285714286,7.53571428571,5.92857142857,5.46428571429,7.39285714286,17.9285714286,55.75,78.1428571429,92.8928571429,82.0714285714,88.75,99.6071428571,107.892857143,111.071428571,116.25,122.142857143,136.857142857,130.785714286,112.535714286,97.6785714286,84.3214285714,62.3928571429,45.6785714286,23.2142857143,1726.5,1775.25,2183.0,1655.25,1801.25,1530.5,1227.75
