zone_id,area_id,total,daytype_inweek,daytype_weekend,hod_00h,hod_01h,hod_02h,hod_03h,hod_04h,hod_05h,hod_06h,hod_07h,hod_08h,hod_09h,hod_10h,hod_11h,hod_12h,hod_13h,hod_14h,hod_15h,hod_16h,hod_17h,hod_18h,hod_19h,hod_20h,hod_21h,hod_22h,hod_23h,dow_mon,dow_tue,dow_wed,dow_thu,dow_fri,dow_sat,dow_sun
S12000034,S02001343,1947.53571429,10637.5,3248.0,7.60714285714,12.7142857143,7.85714285714,7.28571428571,11.7142857143,26.5714285714,43.1785714286,82.2142857143,113.321428571,101.035714286,107.178571429,122.821428571,139.535714286,149.857142857,140.857142857,153.642857143,157.107142857,148.571428571,115.75,94.4642857143,73.7142857143,62.6428571429,42.8928571429,25.0,2009.5,2042.0,2617.75,1990.5,1977.75,1756.75,1238.5
