zone_id,area_id,total,daytype_inweek,daytype_weekend,hod_00h,hod_01h,hod_02h,hod_03h,hod_04h,hod_05h,hod_06h,hod_07h,hod_08h,hod_09h,hod_10h,hod_11h,hod_12h,hod_13h,hod_14h,hod_15h,hod_16h,hod_17h,hod_18h,hod_19h,hod_20h,hod_21h,hod_22h,hod_23h,dow_mon,dow_tue,dow_wed,dow_thu,dow_fri,dow_sat,dow_sun
S12000040,S02002512,2742.75,14753.5,4884.75,14.7857142857,14.4285714286,9.57142857143,8.82142857143,15.0714285714,36.4642857143,75.5714285714,106.678571429,149.642857143,141.607142857,154.75,170.142857143,189.571428571,181.142857143,203.535714286,204.25,211.071428571,196.464285714,183.214285714,147.678571429,123.428571429,99.2142857143,69.7142857143,35.9285714286,2808.0,2866.5,3530.75,2718.0,2830.25,2369.0,2076.75
