zone_id,area_id,total,daytype_inweek,daytype_weekend,hod_00h,hod_01h,hod_02h,hod_03h,hod_04h,hod_05h,hod_06h,hod_07h,hod_08h,hod_09h,hod_10h,hod_11h,hod_12h,hod_13h,hod_14h,hod_15h,hod_16h,hod_17h,hod_18h,hod_19h,hod_20h,hod_21h,hod_22h,hod_23h,dow_mon,dow_tue,dow_wed,dow_thu,dow_fri,dow_sat,dow_sun
E09000033,E02000965,2336.46428571,12466.0,4979.25,27.7857142857,24.0357142857,15.75,11.9285714286,10.3928571429,14.6071428571,24.5,62.6785714286,126.642857143,123.642857143,111.392857143,126.357142857,126.821428571,130.714285714,141.464285714,152.464285714,164.035714286,177.035714286,195.75,168.964285714,135.357142857,113.357142857,84.8928571429,65.8928571429,2871.5,2398.5,2879.75,2196.25,2120.0,1781.5,2107.75
