zone_id,area_id,total,daytype_inweek,daytype_weekend,hod_00h,hod_01h,hod_02h,hod_03h,hod_04h,hod_05h,hod_06h,hod_07h,hod_08h,hod_09h,hod_10h,hod_11h,hod_12h,hod_13h,hod_14h,hod_15h,hod_16h,hod_17h,hod_18h,hod_19h,hod_20h,hod_21h,hod_22h,hod_23h,dow_mon,dow_tue,dow_wed,dow_thu,dow_fri,dow_sat,dow_sun
E09000025,E02000724,1875.85714286,9564.0,3438.5,26.5357142857,22.2857142857,12.8928571429,8.60714285714,8.92857142857,14.3214285714,19.3928571429,38.0,57.3571428571,77.9285714286,89.4285714286,104.571428571,113.392857143,118.714285714,125.321428571,122.321428571,124.928571429,127.714285714,138.642857143,138.357142857,124.5,110.357142857,90.0714285714,61.2857142857,1783.5,1901.5,2317.0,1758.0,1804.0,1912.0,1655.0
