zone_id,area_id,total,daytype_inweek,daytype_weekend,hod_00h,hod_01h,hod_02h,hod_03h,hod_04h,hod_05h,hod_06h,hod_07h,hod_08h,hod_09h,hod_10h,hod_11h,hod_12h,hod_13h,hod_14h,hod_15h,hod_16h,hod_17h,hod_18h,hod_19h,hod_20h,hod_21h,hod_22h,hod_23h,dow_mon,dow_tue,dow_wed,dow_thu,dow_fri,dow_sat,dow_sun
E09000011,E02000318,2311.60714286,11979.0,4125.0,27.7857142857,20.7857142857,16.5357142857,11.25,12.5357142857,21.6785714286,39.0,62.5,91.1428571429,108.678571429,123.035714286,133.75,142.142857143,154.142857143,159.464285714,152.107142857,154.25,162.107142857,166.357142857,152.5,134.892857143,112.535714286,89.9642857143,62.4642857143,2192.25,2320.75,2871.75,2195.75,2398.5,2269.5,1932.75
