zone_id,area_id,total,daytype_inweek,daytype_weekend,hod_00h,hod_01h,hod_02h,hod_03h,hod_04h,hod_05h,hod_06h,hod_07h,hod_08h,hod_09h,hod_10h,hod_11h,hod_12h,hod_13h,hod_14h,hod_15h,hod_16h,hod_17h,hod_18h,hod_19h,hod_20h,hod_21h,hod_22h,hod_23h,dow_mon,dow_tue,dow_wed,dow_thu,dow_fri,dow_sat,dow_sun
E06000031,E02003255,5836.53571429,30958.0,10127.0,33.25,34.6428571429,24.1428571429,23.3214285714,30.6785714286,74.5,115.857142857,242.964285714,337.25,297.535714286,334.678571429,357.75,390.642857143,394.607142857,383.5,376.0,424.857142857,457.714285714,417.964285714,343.571428571,275.178571429,226.428571429,164.928571429,74.5714285714,5561.0,6091.25,7468.0,5802.75,6035.0,5331.75,4566.0
