zone_id,area_id,total,daytype_inweek,daytype_weekend,hod_00h,hod_01h,hod_02h,hod_03h,hod_04h,hod_05h,hod_06h,hod_07h,hod_08h,hod_09h,hod_10h,hod_11h,hod_12h,hod_13h,hod_14h,hod_15h,hod_16h,hod_17h,hod_18h,hod_19h,hod_20h,hod_21h,hod_22h,hod_23h,dow_mon,dow_tue,dow_wed,dow_thu,dow_fri,dow_sat,dow_sun
E09000010,E02000284,2672.35714286,13908.5,4630.0,17.4285714286,17.0357142857,11.4285714286,7.96428571429,7.96428571429,15.8928571429,28.2142857143,71.0,121.928571429,150.321428571,166.714285714,189.178571429,201.642857143,198.392857143,202.214285714,192.321428571,185.464285714,188.75,169.821428571,155.892857143,135.678571429,102.964285714,82.8571428571,51.2857142857,2500.5,2778.5,3445.75,2555.25,2628.5,2668.5,2129.5
