zone_id,area_id,total,daytype_inweek,daytype_weekend,hod_00h,hod_01h,hod_02h,hod_03h,hod_04h,hod_05h,hod_06h,hod_07h,hod_08h,hod_09h,hod_10h,hod_11h,hod_12h,hod_13h,hod_14h,hod_15h,hod_16h,hod_17h,hod_18h,hod_19h,hod_20h,hod_21h,hod_22h,hod_23h,dow_mon,dow_tue,dow_wed,dow_thu,dow_fri,dow_sat,dow_sun
E07000191,E02006115,1401.85714286,7490.25,2518.75,6.39285714286,6.25,5.25,4.07142857143,4.42857142857,4.92857142857,11.75,45.3571428571,64.0357142857,75.8928571429,91.1071428571,103.214285714,97.8928571429,97.6071428571,103.107142857,109.857142857,109.5,106.357142857,87.0714285714,75.25,63.3214285714,58.8214285714,42.6428571429,27.75,1444.75,1541.0,1839.75,1400.75,1264.0,1248.75,1074.0
