zone_id,area_id,total,daytype_inweek,daytype_weekend,hod_00h,hod_01h,hod_02h,hod_03h,hod_04h,hod_05h,hod_06h,hod_07h,hod_08h,hod_09h,hod_10h,hod_11h,hod_12h,hod_13h,hod_14h,hod_15h,hod_16h,hod_17h,hod_18h,hod_19h,hod_20h,hod_21h,hod_22h,hod_23h,dow_mon,dow_tue,dow_wed,dow_thu,dow_fri,dow_sat,dow_sun
E06000043,E02003517,18604.1785714,90164.75,30996.75,102.571428571,149.035714286,133.857142857,117.25,92.4642857143,104.857142857,180.357142857,441.25,852.964285714,823.321428571,933.5,1128.75,1311.35714286,1418.25,1430.53571429,1420.07142857,1445.57142857,1524.03571429,1351.82142857,1054.82142857,866.928571429,706.142857143,577.964285714,436.5,16025.25,17690.0,21700.25,16421.75,18327.5,25093.0,14971.5
