zone_id,area_id,total,daytype_inweek,daytype_weekend,hod_00h,hod_01h,hod_02h,hod_03h,hod_04h,hod_05h,hod_06h,hod_07h,hod_08h,hod_09h,hod_10h,hod_11h,hod_12h,hod_13h,hod_14h,hod_15h,hod_16h,hod_17h,hod_18h,hod_19h,hod_20h,hod_21h,hod_22h,hod_23h,dow_mon,dow_tue,dow_wed,dow_thu,dow_fri,dow_sat,dow_sun
E09000006,E02000139,2059.39285714,10813.25,3595.5,14.4642857143,14.6071428571,9.5,6.85714285714,5.32142857143,10.5,29.3571428571,59.1428571429,99.7857142857,115.357142857,133.678571429,146.535714286,145.035714286,143.571428571,141.714285714,135.607142857,139.142857143,150.964285714,142.0,126.25,105.928571429,85.9642857143,60.7857142857,37.3214285714,1970.25,2140.5,2647.0,2046.0,2009.5,1977.25,1625.25
