zone_id,area_id,total,daytype_inweek,daytype_weekend,hod_00h,hod_01h,hod_02h,hod_03h,hod_04h,hod_05h,hod_06h,hod_07h,hod_08h,hod_09h,hod_10h,hod_11h,hod_12h,hod_13h,hod_14h,hod_15h,hod_16h,hod_17h,hod_18h,hod_19h,hod_20h,hod_21h,hod_22h,hod_23h,dow_mon,dow_tue,dow_wed,dow_thu,dow_fri,dow_sat,dow_sun
S12000042,S02001455,2270.42857143,12123.5,4007.5,8.85714285714,12.5,9.42857142857,9.28571428571,7.0,15.3928571429,45.8928571429,88.8571428571,141.785714286,121.5,123.5,135.964285714,150.642857143,154.214285714,161.464285714,177.678571429,166.821428571,176.821428571,151.607142857,131.535714286,112.5,81.2142857143,56.3928571429,29.5714285714,2310.75,2353.75,2958.75,2124.0,2376.25,2072.75,1696.75
