zone_id,area_id,total,daytype_inweek,daytype_weekend,hod_00h,hod_01h,hod_02h,hod_03h,hod_04h,hod_05h,hod_06h,hod_07h,hod_08h,hod_09h,hod_10h,hod_11h,hod_12h,hod_13h,hod_14h,hod_15h,hod_16h,hod_17h,hod_18h,hod_19h,hod_20h,hod_21h,hod_22h,hod_23h,dow_mon,dow_tue,dow_wed,dow_thu,dow_fri,dow_sat,dow_sun
E06000008,E02002631,2985.32142857,16073.0,4934.75,18.0357142857,20.7142857143,17.4642857143,13.2857142857,13.0714285714,30.3214285714,41.6071428571,121.928571429,161.0,148.321428571,160.464285714,175.0,195.321428571,198.5,200.464285714,202.25,225.357142857,245.0,216.357142857,186.107142857,144.214285714,112.607142857,85.1428571429,52.7857142857,2834.25,3133.25,3932.25,3073.5,3099.75,2723.75,2100.5
