zone_id,area_id,total,daytype_inweek,daytype_weekend,hod_00h,hod_01h,hod_02h,hod_03h,hod_04h,hod_05h,hod_06h,hod_07h,hod_08h,hod_09h,hod_10h,hod_11h,hod_12h,hod_13h,hod_14h,hod_15h,hod_16h,hod_17h,hod_18h,hod_19h,hod_20h,hod_21h,hod_22h,hod_23h,dow_mon,dow_tue,dow_wed,dow_thu,dow_fri,dow_sat,dow_sun
E09000018,E02000552,3118.78571429,16531.5,5273.5,23.8571428571,18.7142857143,12.3928571429,12.3214285714,17.7142857143,29.8928571429,61.0714285714,111.642857143,157.714285714,168.321428571,179.535714286,200.321428571,229.5,218.642857143,202.214285714,192.5,208.928571429,223.785714286,213.857142857,195.357142857,162.321428571,128.285714286,92.4285714286,57.4642857143,2891.25,3225.75,3971.0,3161.75,3281.75,2917.75,2382.25
