zone_id,area_id,total,daytype_inweek,daytype_weekend,hod_00h,hod_01h,hod_02h,hod_03h,hod_04h,hod_05h,hod_06h,hod_07h,hod_08h,hod_09h,hod_10h,hod_11h,hod_12h,hod_13h,hod_14h,hod_15h,hod_16h,hod_17h,hod_18h,hod_19h,hod_20h,hod_21h,hod_22h,hod_23h,dow_mon,dow_tue,dow_wed,dow_thu,dow_fri,dow_sat,dow_sun
E06000054,E02006659,4065.14285714,22262.5,6902.75,19.0,16.8928571429,14.6428571429,12.0714285714,12.4642857143,35.1428571429,81.7857142857,196.964285714,241.75,250.071428571,265.785714286,272.464285714,273.071428571,277.428571429,269.285714286,278.821428571,296.25,305.392857143,266.392857143,214.607142857,162.571428571,128.285714286,108.321428571,65.6785714286,3999.0,4485.0,5429.75,4229.25,4119.5,3289.75,2903.75
