zone_id,area_id,total,daytype_inweek,daytype_weekend,hod_00h,hod_01h,hod_02h,hod_03h,hod_04h,hod_05h,hod_06h,hod_07h,hod_08h,hod_09h,hod_10h,hod_11h,hod_12h,hod_13h,hod_14h,hod_15h,hod_16h,hod_17h,hod_18h,hod_19h,hod_20h,hod_21h,hod_22h,hod_23h,dow_mon,dow_tue,dow_wed,dow_thu,dow_fri,dow_sat,dow_sun
E07000219,E02006481,1647.5,8707.0,2833.25,6.78571428571,6.46428571429,6.60714285714,6.5,5.85714285714,14.25,25.1785714286,59.5357142857,75.0714285714,90.1071428571,102.0,114.035714286,117.821428571,120.0,118.642857143,112.678571429,123.285714286,123.357142857,106.964285714,96.9285714286,79.6071428571,63.3571428571,47.5714285714,24.8928571429,1590.75,1671.0,2139.25,1620.75,1685.25,1583.0,1242.5
