zone_id,area_id,total,daytype_inweek,daytype_weekend,hod_00h,hod_01h,hod_02h,hod_03h,hod_04h,hod_05h,hod_06h,hod_07h,hod_08h,hod_09h,hod_10h,hod_11h,hod_12h,hod_13h,hod_14h,hod_15h,hod_16h,hod_17h,hod_18h,hod_19h,hod_20h,hod_21h,hod_22h,hod_23h,dow_mon,dow_tue,dow_wed,dow_thu,dow_fri,dow_sat,dow_sun
E08000021,E02001714,6490.60714286,34861.5,10505.75,40.3214285714,42.8214285714,37.4642857143,34.8214285714,25.0357142857,34.2857142857,93.2857142857,243.892857143,360.25,362.928571429,389.25,427.178571429,455.357142857,446.321428571,446.214285714,440.214285714,479.928571429,491.285714286,424.964285714,368.392857143,298.357142857,229.0,182.892857143,136.142857143,6047.0,6850.25,8645.5,6587.25,6731.5,6114.0,4458.75
