zone_id,area_id,total,daytype_inweek,daytype_weekend,hod_00h,hod_01h,hod_02h,hod_03h,hod_04h,hod_05h,hod_06h,hod_07h,hod_08h,hod_09h,hod_10h,hod_11h,hod_12h,hod_13h,hod_14h,hod_15h,hod_16h,hod_17h,hod_18h,hod_19h,hod_20h,hod_21h,hod_22h,hod_23h,dow_mon,dow_tue,dow_wed,dow_thu,dow_fri,dow_sat,dow_sun
E07000156,E02005694,2240.28571429,12072.5,3739.0,13.3571428571,13.4285714286,10.1071428571,5.85714285714,10.2857142857,26.1428571429,33.5714285714,65.9285714286,95.6428571429,109.785714286,135.75,146.321428571,159.464285714,162.964285714,163.714285714,162.0,161.678571429,174.035714286,148.357142857,136.107142857,111.357142857,91.2142857143,68.1428571429,35.0714285714,2138.25,2427.0,2980.5,2258.25,2268.5,2008.75,1600.75
