zone_id,area_id,total,daytype_inweek,daytype_weekend,hod_00h,hod_01h,hod_02h,hod_03h,hod_04h,hod_05h,hod_06h,hod_07h,hod_08h,hod_09h,hod_10h,hod_11h,hod_12h,hod_13h,hod_14h,hod_15h,hod_16h,hod_17h,hod_18h,hod_19h,hod_20h,hod_21h,hod_22h,hod_23h,dow_mon,dow_tue,dow_wed,dow_thu,dow_fri,dow_sat,dow_sun
E08000008,E02001236,2144.21428571,11380.75,3673.5,11.0,14.1071428571,9.92857142857,10.4642857143,8.57142857143,18.0357142857,31.6071428571,74.9285714286,90.8214285714,103.607142857,122.285714286,138.75,152.821428571,150.642857143,149.535714286,153.392857143,162.785714286,159.428571429,149.821428571,137.607142857,109.321428571,84.9642857143,64.4285714286,35.3571428571,2056.5,2255.5,2769.75,2112.5,2186.5,2011.75,1617.0
