zone_id,area_id,total,daytype_inweek,daytype_weekend,hod_00h,hod_01h,hod_02h,hod_03h,hod_04h,hod_05h,hod_06h,hod_07h,hod_08h,hod_09h,hod_10h,hod_11h,hod_12h,hod_13h,hod_14h,hod_15h,hod_16h,hod_17h,hod_18h,hod_19h,hod_20h,hod_21h,hod_22h,hod_23h,dow_mon,dow_tue,dow_wed,dow_thu,dow_fri,dow_sat,dow_sun
E08000035,E02002382,4117.42857143,21968.5,7331.0,43.1785714286,41.2142857143,27.4642857143,19.0357142857,20.5,35.5357142857,71.0714285714,150.214285714,196.928571429,199.642857143,200.357142857,227.107142857,260.035714286,273.428571429,278.785714286,292.071428571,301.678571429,307.428571429,283.928571429,247.678571429,228.321428571,182.964285714,135.821428571,93.0357142857,4127.75,4272.25,5340.5,4023.5,4204.5,3650.25,3203.25
