zone_id,area_id,total,daytype_inweek,daytype_weekend,hod_00h,hod_01h,hod_02h,hod_03h,hod_04h,hod_05h,hod_06h,hod_07h,hod_08h,hod_09h,hod_10h,hod_11h,hod_12h,hod_13h,hod_14h,hod_15h,hod_16h,hod_17h,hod_18h,hod_19h,hod_20h,hod_21h,hod_22h,hod_23h,dow_mon,dow_tue,dow_wed,dow_thu,dow_fri,dow_sat,dow_sun
E08000036,E02002460,2684.25,14216.5,4640.25,11.75,14.9642857143,10.8928571429,8.10714285714,12.4285714286,32.7142857143,61.2142857143,98.3571428571,126.5,142.571428571,170.25,177.107142857,187.642857143,186.071428571,193.607142857,192.571428571,189.0,204.75,186.0,158.0,123.857142857,94.8928571429,66.5357142857,34.4642857143,2538.75,2709.0,3528.75,2693.25,2746.75,2471.75,2101.5
