zone_id,area_id,total,daytype_inweek,daytype_weekend,hod_00h,hod_01h,hod_02h,hod_03h,hod_04h,hod_05h,hod_06h,hod_07h,hod_08h,hod_09h,hod_10h,hod_11h,hod_12h,hod_13h,hod_14h,hod_15h,hod_16h,hod_17h,hod_18h,hod_19h,hod_20h,hod_21h,hod_22h,hod_23h,dow_mon,dow_tue,dow_wed,dow_thu,dow_fri,dow_sat,dow_sun
E09000010,E02000292,2963.07142857,15488.25,5188.75,24.8214285714,24.3571428571,16.7142857143,12.8214285714,11.8571428571,20.3928571429,45.0,89.0357142857,131.857142857,152.0,172.607142857,192.892857143,205.392857143,214.428571429,204.357142857,200.5,193.321428571,215.071428571,198.107142857,184.0,158.5,131.071428571,101.392857143,62.5714285714,2853.25,3017.5,3833.75,2831.5,2952.25,2917.75,2335.5
