zone_id,area_id,total,daytype_inweek,daytype_weekend,hod_00h,hod_01h,hod_02h,hod_03h,hod_04h,hod_05h,hod_06h,hod_07h,hod_08h,hod_09h,hod_10h,hod_11h,hod_12h,hod_13h,hod_14h,hod_15h,hod_16h,hod_17h,hod_18h,hod_19h,hod_20h,hod_21h,hod_22h,hod_23h,dow_mon,dow_tue,dow_wed,dow_thu,dow_fri,dow_sat,dow_sun
E07000187,E02006048,2334.92857143,12581.0,3971.0,8.67857142857,8.25,6.60714285714,7.07142857143,9.71428571429,25.3928571429,48.7857142857,98.8571428571,135.535714286,137.642857143,148.285714286,155.071428571,155.214285714,148.928571429,153.964285714,156.821428571,169.785714286,176.607142857,153.214285714,135.357142857,101.178571429,83.75,67.5714285714,42.6428571429,2285.25,2475.25,3144.5,2357.0,2319.0,2077.75,1685.75
