zone_id,area_id,total,daytype_inweek,daytype_weekend,hod_00h,hod_01h,hod_02h,hod_03h,hod_04h,hod_05h,hod_06h,hod_07h,hod_08h,hod_09h,hod_10h,hod_11h,hod_12h,hod_13h,hod_14h,hod_15h,hod_16h,hod_17h,hod_18h,hod_19h,hod_20h,hod_21h,hod_22h,hod_23h,dow_mon,dow_tue,dow_wed,dow_thu,dow_fri,dow_sat,dow_sun
E09000010,E02000309,2865.35714286,15167.5,4990.0,31.4285714286,31.3571428571,20.9642857143,16.5,17.3928571429,30.8571428571,51.3571428571,88.6428571429,127.214285714,141.857142857,163.464285714,177.321428571,185.178571429,188.821428571,194.214285714,189.142857143,192.821428571,189.25,191.357142857,174.5,160.464285714,134.857142857,100.178571429,66.2142857143,2789.0,2960.25,3841.75,2842.75,2733.75,2689.0,2201.0
