zone_id,area_id,total,daytype_inweek,daytype_weekend,hod_00h,hod_01h,hod_02h,hod_03h,hod_04h,hod_05h,hod_06h,hod_07h,hod_08h,hod_09h,hod_10h,hod_11h,hod_12h,hod_13h,hod_14h,hod_15h,hod_16h,hod_17h,hod_18h,hod_19h,hod_20h,hod_21h,hod_22h,hod_23h,dow_mon,dow_tue,dow_wed,dow_thu,dow_fri,dow_sat,dow_sun
E06000047,E02004308,4321.10714286,23516.5,7175.5,16.9285714286,17.0,13.7142857143,10.0,9.75,25.1785714286,80.1071428571,183.357142857,238.928571429,260.964285714,290.0,314.428571429,324.178571429,316.75,306.357142857,312.392857143,328.285714286,326.214285714,276.214285714,229.285714286,173.142857143,128.464285714,88.0,51.4642857143,4210.5,4603.75,5857.75,4535.5,4309.0,3766.25,2965.0
