zone_id,area_id,total,daytype_inweek,daytype_weekend,hod_00h,hod_01h,hod_02h,hod_03h,hod_04h,hod_05h,hod_06h,hod_07h,hod_08h,hod_09h,hod_10h,hod_11h,hod_12h,hod_13h,hod_14h,hod_15h,hod_16h,hod_17h,hod_18h,hod_19h,hod_20h,hod_21h,hod_22h,hod_23h,dow_mon,dow_tue,dow_wed,dow_thu,dow_fri,dow_sat,dow_sun
E07000144,E02005522,1253.5,6722.25,2262.75,4.32142857143,3.53571428571,3.25,3.28571428571,4.28571428571,9.85714285714,27.0357142857,60.5,71.2142857143,69.4285714286,83.8214285714,88.0,90.4285714286,87.25,85.5357142857,91.1785714286,98.3214285714,97.8928571429,74.75,61.1071428571,51.2142857143,38.7142857143,30.8928571429,17.6785714286,1262.5,1372.25,1654.25,1260.5,1172.75,1052.0,1000.25
