zone_id,area_id,total,daytype_inweek,daytype_weekend,hod_00h,hod_01h,hod_02h,hod_03h,hod_04h,hod_05h,hod_06h,hod_07h,hod_08h,hod_09h,hod_10h,hod_11h,hod_12h,hod_13h,hod_14h,hod_15h,hod_16h,hod_17h,hod_18h,hod_19h,hod_20h,hod_21h,hod_22h,hod_23h,dow_mon,dow_tue,dow_wed,dow_thu,dow_fri,dow_sat,dow_sun
E06000007,E02002601,4756.60714286,25306.75,7878.5,17.6785714286,21.1785714286,15.25,14.6785714286,16.75,42.0357142857,63.25,157.464285714,241.178571429,246.464285714,283.892857143,312.535714286,348.142857143,359.357142857,352.892857143,346.5,356.964285714,374.214285714,327.428571429,279.392857143,223.928571429,160.642857143,124.071428571,70.7142857143,4369.25,4853.5,6181.5,4982.5,4920.0,4480.25,3509.25
