zone_id,area_id,total,daytype_inweek,daytype_weekend,hod_00h,hod_01h,hod_02h,hod_03h,hod_04h,hod_05h,hod_06h,hod_07h,hod_08h,hod_09h,hod_10h,hod_11h,hod_12h,hod_13h,hod_14h,hod_15h,hod_16h,hod_17h,hod_18h,hod_19h,hod_20h,hod_21h,hod_22h,hod_23h,dow_mon,dow_tue,dow_wed,dow_thu,dow_fri,dow_sat,dow_sun
E06000017,E02002863,2031.39285714,10913.5,3595.5,7.57142857143,5.89285714286,6.89285714286,5.21428571429,6.82142857143,10.5714285714,32.6071428571,76.7857142857,111.428571429,124.928571429,135.892857143,145.892857143,152.714285714,148.321428571,145.607142857,148.785714286,143.321428571,137.214285714,115.75,99.8214285714,86.2142857143,76.9642857143,67.4642857143,38.7142857143,2119.5,2288.0,2691.0,1969.5,1845.5,1830.25,1476.0
