zone_id,area_id,total,daytype_inweek,daytype_weekend,hod_00h,hod_01h,hod_02h,hod_03h,hod_04h,hod_05h,hod_06h,hod_07h,hod_08h,hod_09h,hod_10h,hod_11h,hod_12h,hod_13h,hod_14h,hod_15h,hod_16h,hod_17h,hod_18h,hod_19h,hod_20h,hod_21h,hod_22h,hod_23h,dow_mon,dow_tue,dow_wed,dow_thu,dow_fri,dow_sat,dow_sun
S12000046,S02001904,1072.21428571,5695.75,1950.75,7.67857142857,7.25,5.21428571429,4.85714285714,4.57142857143,8.57142857143,20.5714285714,49.3928571429,67.9642857143,51.0714285714,52.6428571429,58.3571428571,64.1071428571,66.7142857143,67.3571428571,75.8571428571,80.7857142857,83.6428571429,74.2857142857,69.7857142857,58.0,44.7142857143,33.1071428571,15.7142857143,1089.5,1088.0,1352.5,1055.75,1110.0,948.5,861.25
