zone_id,area_id,total,daytype_inweek,daytype_weekend,hod_00h,hod_01h,hod_02h,hod_03h,hod_04h,hod_05h,hod_06h,hod_07h,hod_08h,hod_09h,hod_10h,hod_11h,hod_12h,hod_13h,hod_14h,hod_15h,hod_16h,hod_17h,hod_18h,hod_19h,hod_20h,hod_21h,hod_22h,hod_23h,dow_mon,dow_tue,dow_wed,dow_thu,dow_fri,dow_sat,dow_sun
E09000002,E02000016,2815.17857143,14763.5,4990.5,29.8571428571,32.2857142857,17.8571428571,14.9285714286,15.1785714286,24.7142857143,40.5357142857,77.1071428571,112.892857143,132.964285714,162.214285714,177.642857143,192.357142857,195.464285714,194.321428571,189.285714286,186.035714286,184.392857143,184.607142857,170.928571429,152.571428571,137.678571429,108.535714286,80.8214285714,2699.0,2991.75,3554.0,2618.0,2900.75,2651.25,2291.5
