zone_id,area_id,total,daytype_inweek,daytype_weekend,hod_00h,hod_01h,hod_02h,hod_03h,hod_04h,hod_05h,hod_06h,hod_07h,hod_08h,hod_09h,hod_10h,hod_11h,hod_12h,hod_13h,hod_14h,hod_15h,hod_16h,hod_17h,hod_18h,hod_19h,hod_20h,hod_21h,hod_22h,hod_23h,dow_mon,dow_tue,dow_wed,dow_thu,dow_fri,dow_sat,dow_sun
S12000029,S02002389,1133.35714286,6014.75,2052.25,5.03571428571,7.42857142857,6.0,5.32142857143,5.25,9.28571428571,19.3571428571,39.3571428571,75.3928571429,56.9642857143,58.6785714286,67.8214285714,73.9642857143,72.7857142857,75.75,83.6428571429,85.6785714286,85.6428571429,78.0714285714,69.0357142857,57.3214285714,41.3571428571,33.8928571429,20.3214285714,1179.5,1173.0,1427.0,1087.0,1148.25,1046.0,872.75
