zone_id,area_id,total,daytype_inweek,daytype_weekend,hod_00h,hod_01h,hod_02h,hod_03h,hod_04h,hod_05h,hod_06h,hod_07h,hod_08h,hod_09h,hod_10h,hod_11h,hod_12h,hod_13h,hod_14h,hod_15h,hod_16h,hod_17h,hod_18h,hod_19h,hod_20h,hod_21h,hod_22h,hod_23h,dow_mon,dow_tue,dow_wed,dow_thu,dow_fri,dow_sat,dow_sun
E07000188,E02006074,2884.21428571,15321.0,5017.0,14.1428571429,12.7142857143,11.5357142857,11.7857142857,16.1785714286,26.3214285714,68.0357142857,122.428571429,152.392857143,156.357142857,178.035714286,180.285714286,184.25,186.142857143,187.642857143,185.25,201.321428571,216.214285714,202.5,175.035714286,140.357142857,116.178571429,86.8928571429,52.2142857143,2798.0,3015.5,3810.0,2856.75,2840.75,2649.5,2219.0
