zone_id,area_id,total,daytype_inweek,daytype_weekend,hod_00h,hod_01h,hod_02h,hod_03h,hod_04h,hod_05h,hod_06h,hod_07h,hod_08h,hod_09h,hod_10h,hod_11h,hod_12h,hod_13h,hod_14h,hod_15h,hod_16h,hod_17h,hod_18h,hod_19h,hod_20h,hod_21h,hod_22h,hod_23h,dow_mon,dow_tue,dow_wed,dow_thu,dow_fri,dow_sat,dow_sun
E09000009,E02000271,1765.14285714,9467.25,3075.5,17.1785714286,15.6785714286,9.39285714286,6.89285714286,6.75,8.78571428571,28.1785714286,50.1071428571,88.8214285714,101.535714286,106.607142857,116.321428571,122.821428571,121.642857143,117.285714286,114.714285714,114.25,119.821428571,125.464285714,110.857142857,88.9642857143,74.5,61.2142857143,37.3571428571,1744.0,1891.75,2318.75,1748.0,1764.75,1557.25,1331.5
