zone_id,area_id,total,daytype_inweek,daytype_weekend,hod_00h,hod_01h,hod_02h,hod_03h,hod_04h,hod_05h,hod_06h,hod_07h,hod_08h,hod_09h,hod_10h,hod_11h,hod_12h,hod_13h,hod_14h,hod_15h,hod_16h,hod_17h,hod_18h,hod_19h,hod_20h,hod_21h,hod_22h,hod_23h,dow_mon,dow_tue,dow_wed,dow_thu,dow_fri,dow_sat,dow_sun
E09000015,E02000456,1448.10714286,7405.75,2592.0,12.7857142857,12.1428571429,7.67857142857,5.35714285714,5.25,6.5,13.3571428571,29.5714285714,59.3214285714,73.2142857143,78.2857142857,90.4642857143,99.0,102.928571429,102.392857143,102.392857143,99.4642857143,103.571428571,101.678571429,99.6428571429,86.8928571429,71.3928571429,53.2142857143,31.6071428571,1365.25,1447.5,1735.75,1371.0,1486.25,1504.25,1226.75
