zone_id,area_id,total,daytype_inweek,daytype_weekend,hod_00h,hod_01h,hod_02h,hod_03h,hod_04h,hod_05h,hod_06h,hod_07h,hod_08h,hod_09h,hod_10h,hod_11h,hod_12h,hod_13h,hod_14h,hod_15h,hod_16h,hod_17h,hod_18h,hod_19h,hod_20h,hod_21h,hod_22h,hod_23h,dow_mon,dow_tue,dow_wed,dow_thu,dow_fri,dow_sat,dow_sun
E08000023,E02001772,2359.21428571,12336.75,4169.0,13.75,15.5,11.0357142857,8.64285714286,8.17857142857,13.6785714286,25.25,68.2857142857,100.285714286,129.464285714,153.107142857,163.142857143,175.428571429,169.857142857,170.607142857,169.142857143,181.071428571,172.607142857,163.714285714,139.535714286,114.678571429,92.0,61.6785714286,38.5714285714,2303.5,2369.0,2963.0,2234.0,2467.25,2312.25,1865.5
