zone_id,area_id,total,daytype_inweek,daytype_weekend,hod_00h,hod_01h,hod_02h,hod_03h,hod_04h,hod_05h,hod_06h,hod_07h,hod_08h,hod_09h,hod_10h,hod_11h,hod_12h,hod_13h,hod_14h,hod_15h,hod_16h,hod_17h,hod_18h,hod_19h,hod_20h,hod_21h,hod_22h,hod_23h,dow_mon,dow_tue,dow_wed,dow_thu,dow_fri,dow_sat,dow_sun
W06000014,W02000241,2979.64285714,15879.75,5259.25,12.9285714286,12.75,8.0,6.82142857143,9.5,12.1428571429,36.6071428571,85.9285714286,140.75,166.357142857,202.821428571,213.678571429,227.142857143,230.071428571,219.321428571,213.678571429,230.392857143,219.607142857,195.035714286,166.321428571,135.785714286,103.714285714,78.9285714286,51.3571428571,2932.75,3122.75,3821.25,3030.5,2972.5,2651.25,2326.5
