zone_id,area_id,total,daytype_inweek,daytype_weekend,hod_00h,hod_01h,hod_02h,hod_03h,hod_04h,hod_05h,hod_06h,hod_07h,hod_08h,hod_09h,hod_10h,hod_11h,hod_12h,hod_13h,hod_14h,hod_15h,hod_16h,hod_17h,hod_18h,hod_19h,hod_20h,hod_21h,hod_22h,hod_23h,dow_mon,dow_tue,dow_wed,dow_thu,dow_fri,dow_sat,dow_sun
E07000093,E02004828,1526.78571429,8476.0,2543.25,6.60714285714,7.96428571429,6.67857142857,5.39285714286,8.92857142857,12.5357142857,31.0,58.25,81.5714285714,92.75,100.464285714,101.071428571,115.464285714,108.857142857,106.142857143,102.428571429,103.142857143,111.464285714,97.8214285714,83.6071428571,65.1785714286,52.2142857143,40.3928571429,26.8571428571,1502.25,1777.0,2043.5,1631.25,1522.0,1170.5,1041.0
