zone_id,area_id,total,daytype_inweek,daytype_weekend,hod_00h,hod_01h,hod_02h,hod_03h,hod_04h,hod_05h,hod_06h,hod_07h,hod_08h,hod_09h,hod_10h,hod_11h,hod_12h,hod_13h,hod_14h,hod_15h,hod_16h,hod_17h,hod_18h,hod_19h,hod_20h,hod_21h,hod_22h,hod_23h,dow_mon,dow_tue,dow_wed,dow_thu,dow_fri,dow_sat,dow_sun
S12000017,S02001985,2062.82142857,11031.5,3604.25,5.57142857143,5.64285714286,4.71428571429,4.89285714286,9.07142857143,18.0,46.5714285714,101.285714286,128.642857143,121.678571429,122.821428571,138.464285714,141.285714286,149.428571429,147.357142857,155.607142857,166.392857143,170.285714286,131.821428571,94.5357142857,75.4285714286,63.4642857143,40.6785714286,19.1785714286,2047.75,2142.5,2673.0,2104.25,2064.0,1851.75,1556.5
