zone_id,area_id,total,daytype_inweek,daytype_weekend,hod_00h,hod_01h,hod_02h,hod_03h,hod_04h,hod_05h,hod_06h,hod_07h,hod_08h,hod_09h,hod_10h,hod_11h,hod_12h,hod_13h,hod_14h,hod_15h,hod_16h,hod_17h,hod_18h,hod_19h,hod_20h,hod_21h,hod_22h,hod_23h,dow_mon,dow_tue,dow_wed,dow_thu,dow_fri,dow_sat,dow_sun
E06000047,E02004321,2706.10714286,14302.0,4948.0,10.1428571429,6.5,5.07142857143,4.0,5.96428571429,19.5,44.75,100.178571429,124.642857143,147.75,180.392857143,202.5,229.857142857,225.464285714,218.428571429,226.035714286,217.75,204.714285714,161.535714286,124.214285714,94.1785714286,70.3928571429,48.6428571429,33.5,2768.0,2816.25,3450.0,2631.5,2636.25,2460.75,2180.0
