zone_id,area_id,total,daytype_inweek,daytype_weekend,hod_00h,hod_01h,hod_02h,hod_03h,hod_04h,hod_05h,hod_06h,hod_07h,hod_08h,hod_09h,hod_10h,hod_11h,hod_12h,hod_13h,hod_14h,hod_15h,hod_16h,hod_17h,hod_18h,hod_19h,hod_20h,hod_21h,hod_22h,hod_23h,dow_mon,dow_tue,dow_wed,dow_thu,dow_fri,dow_sat,dow_sun
E07000222,E02006529,5977.0,32790.0,9875.5,25.7142857143,20.75,15.9285714286,14.4642857143,14.6785714286,39.8214285714,93.2857142857,255.214285714,378.25,353.357142857,385.5,410.357142857,452.892857143,432.535714286,403.642857143,401.0,439.642857143,467.642857143,382.0,327.285714286,257.107142857,192.464285714,139.928571429,73.5357142857,5835.0,6447.5,8384.25,6228.0,5895.25,5008.5,4040.5
