zone_id,area_id,total,daytype_inweek,daytype_weekend,hod_00h,hod_01h,hod_02h,hod_03h,hod_04h,hod_05h,hod_06h,hod_07h,hod_08h,hod_09h,hod_10h,hod_11h,hod_12h,hod_13h,hod_14h,hod_15h,hod_16h,hod_17h,hod_18h,hod_19h,hod_20h,hod_21h,hod_22h,hod_23h,dow_mon,dow_tue,dow_wed,dow_thu,dow_fri,dow_sat,dow_sun
E07000130,E02005346,8445.60714286,45414.75,13931.75,35.9642857143,35.8928571429,28.8928571429,22.1785714286,27.4642857143,69.2142857143,143.607142857,317.928571429,466.678571429,487.892857143,542.0,593.785714286,640.321428571,629.857142857,619.071428571,611.035714286,625.5,640.25,517.357142857,446.0,354.357142857,269.464285714,202.107142857,118.785714286,8092.75,8793.75,10964.5,8984.0,8579.75,7865.5,5839.0
