zone_id,area_id,total,daytype_inweek,daytype_weekend,hod_00h,hod_01h,hod_02h,hod_03h,hod_04h,hod_05h,hod_06h,hod_07h,hod_08h,hod_09h,hod_10h,hod_11h,hod_12h,hod_13h,hod_14h,hod_15h,hod_16h,hod_17h,hod_18h,hod_19h,hod_20h,hod_21h,hod_22h,hod_23h,dow_mon,dow_tue,dow_wed,dow_thu,dow_fri,dow_sat,dow_sun
E07000080,E02004629,1244.67857143,6491.0,2203.75,5.25,3.89285714286,2.53571428571,2.25,2.71428571429,8.42857142857,18.5714285714,43.7142857143,60.3928571429,65.6428571429,79.3928571429,82.6071428571,86.6785714286,87.1071428571,87.6428571429,94.0357142857,99.6785714286,95.1071428571,80.4285714286,70.6785714286,57.3214285714,47.7857142857,38.1785714286,24.6428571429,1145.5,1274.75,1611.0,1252.0,1207.75,1163.5,1058.25
