zone_id,area_id,total,daytype_inweek,daytype_weekend,hod_00h,hod_01h,hod_02h,hod_03h,hod_04h,hod_05h,hod_06h,hod_07h,hod_08h,hod_09h,hod_10h,hod_11h,hod_12h,hod_13h,hod_14h,hod_15h,hod_16h,hod_17h,hod_18h,hod_19h,hod_20h,hod_21h,hod_22h,hod_23h,dow_mon,dow_tue,dow_wed,dow_thu,dow_fri,dow_sat,dow_sun
E07000053,E02004283,4799.46428571,24866.25,8631.75,17.6071428571,21.2142857143,15.3214285714,12.2142857143,12.7857142857,21.7142857143,56.2142857143,133.857142857,213.464285714,260.214285714,315.071428571,346.892857143,352.0,339.214285714,336.392857143,348.428571429,355.75,370.428571429,331.785714286,291.607142857,234.785714286,186.535714286,143.821428571,82.1428571429,4612.5,4962.0,6118.0,4461.75,4712.0,4710.75,4019.25
