zone_id,area_id,total,daytype_inweek,daytype_weekend,hod_00h,hod_01h,hod_02h,hod_03h,hod_04h,hod_05h,hod_06h,hod_07h,hod_08h,hod_09h,hod_10h,hod_11h,hod_12h,hod_13h,hod_14h,hod_15h,hod_16h,hod_17h,hod_18h,hod_19h,hod_20h,hod_21h,hod_22h,hod_23h,dow_mon,dow_tue,dow_wed,dow_thu,dow_fri,dow_sat,dow_sun
W06000006,W02000092,3908.42857143,20812.5,6800.0,16.0,17.3928571429,13.75,12.6071428571,14.8571428571,38.0,62.5714285714,158.214285714,211.75,207.5,228.0,239.321428571,266.357142857,270.464285714,273.821428571,271.321428571,301.392857143,311.714285714,271.0,225.892857143,182.785714286,148.285714286,106.035714286,59.3928571429,3776.5,4127.0,5108.0,3900.0,3901.0,3523.0,3023.5
