zone_id,area_id,total,daytype_inweek,daytype_weekend,hod_00h,hod_01h,hod_02h,hod_03h,hod_04h,hod_05h,hod_06h,hod_07h,hod_08h,hod_09h,hod_10h,hod_11h,hod_12h,hod_13h,hod_14h,hod_15h,hod_16h,hod_17h,hod_18h,hod_19h,hod_20h,hod_21h,hod_22h,hod_23h,dow_mon,dow_tue,dow_wed,dow_thu,dow_fri,dow_sat,dow_sun
E07000173,E02005870,1633.92857143,8637.75,2784.0,8.39285714286,9.53571428571,5.89285714286,4.89285714286,3.78571428571,8.92857142857,25.8571428571,57.3214285714,81.75,91.2857142857,100.714285714,106.785714286,117.571428571,117.678571429,116.464285714,116.678571429,117.75,120.571428571,112.392857143,98.9642857143,82.7142857143,61.8928571429,44.6071428571,21.5,1543.25,1652.25,2148.5,1601.5,1692.25,1559.0,1240.75
