zone_id,area_id,total,daytype_inweek,daytype_weekend,hod_00h,hod_01h,hod_02h,hod_03h,hod_04h,hod_05h,hod_06h,hod_07h,hod_08h,hod_09h,hod_10h,hod_11h,hod_12h,hod_13h,hod_14h,hod_15h,hod_16h,hod_17h,hod_18h,hod_19h,hod_20h,hod_21h,hod_22h,hod_23h,dow_mon,dow_tue,dow_wed,dow_thu,dow_fri,dow_sat,dow_sun
E07000240,E02004927,1247.21428571,6760.25,2098.25,7.46428571429,5.42857142857,5.10714285714,4.67857142857,2.57142857143,6.17857142857,18.1785714286,43.75,70.2857142857,78.4285714286,90.2142857143,85.25,88.8928571429,85.2142857143,84.4285714286,90.4285714286,83.1428571429,87.5357142857,78.3571428571,69.1071428571,58.8214285714,44.9285714286,36.9285714286,21.8928571429,1215.25,1310.5,1737.25,1264.0,1233.25,1087.25,883.0
