zone_id,area_id,total,daytype_inweek,daytype_weekend,hod_00h,hod_01h,hod_02h,hod_03h,hod_04h,hod_05h,hod_06h,hod_07h,hod_08h,hod_09h,hod_10h,hod_11h,hod_12h,hod_13h,hod_14h,hod_15h,hod_16h,hod_17h,hod_18h,hod_19h,hod_20h,hod_21h,hod_22h,hod_23h,dow_mon,dow_tue,dow_wed,dow_thu,dow_fri,dow_sat,dow_sun
E06000011,E02002721,2070.82142857,11263.25,3509.0,7.53571428571,6.60714285714,5.46428571429,6.17857142857,10.7142857143,35.3928571429,60.3214285714,97.2142857143,124.357142857,117.142857143,128.285714286,137.535714286,136.928571429,141.178571429,137.785714286,138.5,156.107142857,162.571428571,130.75,99.1071428571,77.6071428571,69.4285714286,54.5357142857,29.5714285714,2019.0,2207.0,2751.0,2162.0,2124.25,1742.5,1490.0
