zone_id,area_id,total,daytype_inweek,daytype_weekend,hod_00h,hod_01h,hod_02h,hod_03h,hod_04h,hod_05h,hod_06h,hod_07h,hod_08h,hod_09h,hod_10h,hod_11h,hod_12h,hod_13h,hod_14h,hod_15h,hod_16h,hod_17h,hod_18h,hod_19h,hod_20h,hod_21h,hod_22h,hod_23h,dow_mon,dow_tue,dow_wed,dow_thu,dow_fri,dow_sat,dow_sun
E08000012,E02001393,6646.10714286,35291.75,11402.5,40.6785714286,40.8571428571,28.7857142857,23.9285714286,25.7142857143,37.8928571429,84.2142857143,216.214285714,340.214285714,354.428571429,392.571428571,435.607142857,466.857142857,472.035714286,477.285714286,481.25,508.214285714,504.714285714,453.607142857,392.535714286,322.714285714,242.428571429,178.714285714,124.642857143,6312.75,6793.75,8696.25,6716.0,6773.0,6141.25,5089.75
