zone_id,area_id,total,daytype_inweek,daytype_weekend,hod_00h,hod_01h,hod_02h,hod_03h,hod_04h,hod_05h,hod_06h,hod_07h,hod_08h,hod_09h,hod_10h,hod_11h,hod_12h,hod_13h,hod_14h,hod_15h,hod_16h,hod_17h,hod_18h,hod_19h,hod_20h,hod_21h,hod_22h,hod_23h,dow_mon,dow_tue,dow_wed,dow_thu,dow_fri,dow_sat,dow_sun
E08000027,E02002005,3138.35714286,16838.75,5265.5,19.3571428571,19.4642857143,13.3214285714,10.1071428571,11.7857142857,25.4285714286,59.8214285714,105.678571429,149.214285714,154.25,183.357142857,195.714285714,216.107142857,223.892857143,223.178571429,218.107142857,234.75,241.821428571,211.142857143,181.714285714,143.464285714,134.607142857,101.357142857,60.7142857143,2990.75,3351.75,4152.5,3155.0,3188.75,2855.0,2274.75
