zone_id,area_id,total,daytype_inweek,daytype_weekend,hod_00h,hod_01h,hod_02h,hod_03h,hod_04h,hod_05h,hod_06h,hod_07h,hod_08h,hod_09h,hod_10h,hod_11h,hod_12h,hod_13h,hod_14h,hod_15h,hod_16h,hod_17h,hod_18h,hod_19h,hod_20h,hod_21h,hod_22h,hod_23h,dow_mon,dow_tue,dow_wed,dow_thu,dow_fri,dow_sat,dow_sun
E06000007,E02002609,4702.60714286,25257.5,7956.75,24.8928571429,27.75,18.4642857143,16.2857142857,18.6071428571,38.3928571429,67.7857142857,162.607142857,234.107142857,247.107142857,259.25,288.357142857,329.357142857,329.321428571,322.535714286,336.035714286,345.285714286,365.285714286,333.107142857,286.928571429,240.464285714,184.178571429,145.357142857,81.1428571429,4481.0,4994.0,6199.75,4822.5,4760.25,4185.0,3475.75
