zone_id,area_id,total,daytype_inweek,daytype_weekend,hod_00h,hod_01h,hod_02h,hod_03h,hod_04h,hod_05h,hod_06h,hod_07h,hod_08h,hod_09h,hod_10h,hod_11h,hod_12h,hod_13h,hod_14h,hod_15h,hod_16h,hod_17h,hod_18h,hod_19h,hod_20h,hod_21h,hod_22h,hod_23h,dow_mon,dow_tue,dow_wed,dow_thu,dow_fri,dow_sat,dow_sun
E09000002,E02000014,1584.92857143,8289.5,2803.5,17.0714285714,15.3214285714,10.6428571429,6.21428571429,7.85714285714,19.6071428571,29.2142857143,48.6428571429,65.2857142857,76.8214285714,93.3214285714,101.428571429,104.678571429,106.892857143,95.75,98.1785714286,101.107142857,105.964285714,101.714285714,99.7142857143,97.1071428571,80.5,64.0714285714,37.8214285714,1505.0,1599.5,1995.75,1559.75,1629.5,1506.5,1298.5
