zone_id,area_id,total,daytype_inweek,daytype_weekend,hod_00h,hod_01h,hod_02h,hod_03h,hod_04h,hod_05h,hod_06h,hod_07h,hod_08h,hod_09h,hod_10h,hod_11h,hod_12h,hod_13h,hod_14h,hod_15h,hod_16h,hod_17h,hod_18h,hod_19h,hod_20h,hod_21h,hod_22h,hod_23h,dow_mon,dow_tue,dow_wed,dow_thu,dow_fri,dow_sat,dow_sun
E09000028,E02000838,1934.28571429,10244.5,3336.5,20.2857142857,19.5357142857,12.5,10.3571428571,9.35714285714,13.0714285714,23.3214285714,56.25,103.535714286,113.0,111.535714286,122.714285714,126.142857143,119.071428571,115.535714286,117.5,119.142857143,123.892857143,142.714285714,127.321428571,107.071428571,89.9285714286,75.8928571429,54.6071428571,1792.25,2062.0,2557.25,1902.75,1930.25,1751.25,1544.25
