zone_id,area_id,total,daytype_inweek,daytype_weekend,hod_00h,hod_01h,hod_02h,hod_03h,hod_04h,hod_05h,hod_06h,hod_07h,hod_08h,hod_09h,hod_10h,hod_11h,hod_12h,hod_13h,hod_14h,hod_15h,hod_16h,hod_17h,hod_18h,hod_19h,hod_20h,hod_21h,hod_22h,hod_23h,dow_mon,dow_tue,dow_wed,dow_thu,dow_fri,dow_sat,dow_sun
S12000046,S02001914,3134.71428571,16932.0,5430.5,20.4642857143,20.5,13.9285714286,12.7142857143,15.6428571429,34.8571428571,59.5,120.357142857,189.678571429,166.964285714,172.0,186.142857143,212.714285714,218.464285714,226.928571429,234.035714286,232.142857143,222.714285714,208.142857143,173.964285714,140.0,113.571428571,87.7142857143,51.5714285714,3142.25,3275.5,4193.25,3115.5,3205.5,2722.75,2288.25
