zone_id,area_id,total,daytype_inweek,daytype_weekend,hod_00h,hod_01h,hod_02h,hod_03h,hod_04h,hod_05h,hod_06h,hod_07h,hod_08h,hod_09h,hod_10h,hod_11h,hod_12h,hod_13h,hod_14h,hod_15h,hod_16h,hod_17h,hod_18h,hod_19h,hod_20h,hod_21h,hod_22h,hod_23h,dow_mon,dow_tue,dow_wed,dow_thu,dow_fri,dow_sat,dow_sun
E07000076,E02004587,3165.53571429,16340.0,5486.0,9.78571428571,14.6071428571,9.82142857143,6.03571428571,6.89285714286,18.3928571429,41.5,83.8214285714,147.464285714,167.464285714,201.678571429,233.75,243.5,243.392857143,237.607142857,239.857142857,243.25,236.392857143,210.071428571,184.535714286,153.785714286,118.678571429,75.5714285714,37.6785714286,2893.5,3138.0,3963.0,3155.5,3190.0,3226.25,2592.5
