zone_id,area_id,total,daytype_inweek,daytype_weekend,hod_00h,hod_01h,hod_02h,hod_03h,hod_04h,hod_05h,hod_06h,hod_07h,hod_08h,hod_09h,hod_10h,hod_11h,hod_12h,hod_13h,hod_14h,hod_15h,hod_16h,hod_17h,hod_18h,hod_19h,hod_20h,hod_21h,hod_22h,hod_23h,dow_mon,dow_tue,dow_wed,dow_thu,dow_fri,dow_sat,dow_sun
E07000085,E02004702,1588.17857143,8293.5,2873.0,7.03571428571,5.25,3.28571428571,2.07142857143,2.25,9.10714285714,23.1785714286,75.0357142857,102.357142857,92.8571428571,101.0,112.5,107.821428571,108.928571429,104.392857143,105.821428571,120.035714286,123.035714286,103.607142857,89.2142857143,71.1071428571,54.0714285714,39.8571428571,24.3571428571,1484.25,1602.5,2049.0,1515.5,1642.25,1435.0,1388.75
