zone_id,area_id,total,daytype_inweek,daytype_weekend,hod_00h,hod_01h,hod_02h,hod_03h,hod_04h,hod_05h,hod_06h,hod_07h,hod_08h,hod_09h,hod_10h,hod_11h,hod_12h,hod_13h,hod_14h,hod_15h,hod_16h,hod_17h,hod_18h,hod_19h,hod_20h,hod_21h,hod_22h,hod_23h,dow_mon,dow_tue,dow_wed,dow_thu,dow_fri,dow_sat,dow_sun
E07000206,E02006304,1482.42857143,7835.0,2636.5,5.53571428571,5.64285714286,3.10714285714,2.39285714286,3.14285714286,8.32142857143,21.25,48.8928571429,73.0714285714,82.9285714286,97.3928571429,103.714285714,106.535714286,106.107142857,104.892857143,109.75,117.071428571,113.392857143,101.535714286,83.3571428571,66.0714285714,55.8571428571,41.7142857143,20.75,1453.75,1559.5,1951.0,1437.25,1433.5,1359.25,1182.75
