zone_id,area_id,total,daytype_inweek,daytype_weekend,hod_00h,hod_01h,hod_02h,hod_03h,hod_04h,hod_05h,hod_06h,hod_07h,hod_08h,hod_09h,hod_10h,hod_11h,hod_12h,hod_13h,hod_14h,hod_15h,hod_16h,hod_17h,hod_18h,hod_19h,hod_20h,hod_21h,hod_22h,hod_23h,dow_mon,dow_tue,dow_wed,dow_thu,dow_fri,dow_sat,dow_sun
E07000211,E02006389,3362.32142857,18050.5,5738.25,20.4642857143,18.7857142857,16.25,17.0,22.1785714286,34.5714285714,65.5,156.714285714,227.107142857,200.928571429,204.071428571,217.928571429,222.642857143,219.785714286,208.821428571,199.392857143,217.857142857,249.071428571,214.928571429,194.142857143,158.5,118.107142857,96.1428571429,61.4285714286,3254.75,3511.5,4460.75,3400.5,3423.0,3002.25,2483.5
