zone_id,area_id,total,daytype_inweek,daytype_weekend,hod_00h,hod_01h,hod_02h,hod_03h,hod_04h,hod_05h,hod_06h,hod_07h,hod_08h,hod_09h,hod_10h,hod_11h,hod_12h,hod_13h,hod_14h,hod_15h,hod_16h,hod_17h,hod_18h,hod_19h,hod_20h,hod_21h,hod_22h,hod_23h,dow_mon,dow_tue,dow_wed,dow_thu,dow_fri,dow_sat,dow_sun
E07000221,E02006509,1745.17857143,9229.5,2948.5,6.17857142857,5.53571428571,4.14285714286,3.32142857143,5.03571428571,13.2142857143,31.9285714286,71.75,105.964285714,102.75,111.214285714,121.642857143,124.321428571,118.0,118.892857143,119.464285714,118.214285714,135.857142857,116.392857143,94.7142857143,71.75,63.3571428571,50.5714285714,30.9642857143,1602.5,1795.5,2267.5,1801.25,1762.75,1640.75,1346.0
