zone_id,area_id,total,daytype_inweek,daytype_weekend,hod_00h,hod_01h,hod_02h,hod_03h,hod_04h,hod_05h,hod_06h,hod_07h,hod_08h,hod_09h,hod_10h,hod_11h,hod_12h,hod_13h,hod_14h,hod_15h,hod_16h,hod_17h,hod_18h,hod_19h,hod_20h,hod_21h,hod_22h,hod_23h,dow_mon,dow_tue,dow_wed,dow_thu,dow_fri,dow_sat,dow_sun
S12000015,S02001768,3688.57142857,19785.0,6440.0,20.0714285714,16.0714285714,10.6071428571,7.53571428571,8.28571428571,34.1428571429,81.3928571429,150.035714286,222.214285714,199.642857143,201.071428571,237.035714286,258.0,254.464285714,261.964285714,267.857142857,290.392857143,293.285714286,253.392857143,198.571428571,162.285714286,128.5,79.8928571429,51.8571428571,3681.75,3810.25,4815.5,3655.25,3822.25,3276.75,2758.25
