zone_id,area_id,total,daytype_inweek,daytype_weekend,hod_00h,hod_01h,hod_02h,hod_03h,hod_04h,hod_05h,hod_06h,hod_07h,hod_08h,hod_09h,hod_10h,hod_11h,hod_12h,hod_13h,hod_14h,hod_15h,hod_16h,hod_17h,hod_18h,hod_19h,hod_20h,hod_21h,hod_22h,hod_23h,dow_mon,dow_tue,dow_wed,dow_thu,dow_fri,dow_sat,dow_sun
E06000029,E02003194,2275.28571429,12137.5,3863.0,9.89285714286,9.14285714286,5.5,3.53571428571,5.21428571429,15.2142857143,42.9642857143,98.0714285714,121.285714286,131.571428571,145.607142857,153.714285714,159.642857143,155.107142857,161.357142857,155.107142857,171.857142857,172.392857143,149.321428571,130.142857143,97.6428571429,82.8214285714,65.1071428571,33.0714285714,2139.5,2345.75,2958.0,2314.5,2379.75,2066.0,1723.5
