zone_id,area_id,total,daytype_inweek,daytype_weekend,hod_00h,hod_01h,hod_02h,hod_03h,hod_04h,hod_05h,hod_06h,hod_07h,hod_08h,hod_09h,hod_10h,hod_11h,hod_12h,hod_13h,hod_14h,hod_15h,hod_16h,hod_17h,hod_18h,hod_19h,hod_20h,hod_21h,hod_22h,hod_23h,dow_mon,dow_tue,dow_wed,dow_thu,dow_fri,dow_sat,dow_sun
S12000045,S02001527,2235.46428571,12330.0,3891.0,10.3571428571,11.7857142857,6.78571428571,6.67857142857,8.10714285714,12.6785714286,24.2857142857,71.2142857143,135.857142857,130.678571429,140.964285714,157.178571429,169.857142857,162.428571429,166.357142857,167.892857143,159.178571429,157.607142857,144.5,119.0,94.8214285714,77.4285714286,59.4642857143,40.3571428571,2356.5,2425.25,3169.5,2279.25,2099.5,1783.75,1534.5
