zone_id,area_id,total,daytype_inweek,daytype_weekend,hod_00h,hod_01h,hod_02h,hod_03h,hod_04h,hod_05h,hod_06h,hod_07h,hod_08h,hod_09h,hod_10h,hod_11h,hod_12h,hod_13h,hod_14h,hod_15h,hod_16h,hod_17h,hod_18h,hod_19h,hod_20h,hod_21h,hod_22h,hod_23h,dow_mon,dow_tue,dow_wed,dow_thu,dow_fri,dow_sat,dow_sun
E07000042,E02004169,1598.75,8711.25,2588.5,6.17857142857,6.46428571429,4.85714285714,3.78571428571,5.85714285714,11.2857142857,27.3214285714,62.5357142857,88.5357142857,92.5,105.428571429,111.892857143,113.178571429,109.142857143,105.464285714,108.785714286,115.75,120.571428571,100.714285714,86.3571428571,75.8571428571,61.4285714286,47.5,27.3571428571,1548.75,1744.25,2150.0,1650.5,1617.75,1440.25,1039.75
