zone_id,area_id,total,daytype_inweek,daytype_weekend,hod_00h,hod_01h,hod_02h,hod_03h,hod_04h,hod_05h,hod_06h,hod_07h,hod_08h,hod_09h,hod_10h,hod_11h,hod_12h,hod_13h,hod_14h,hod_15h,hod_16h,hod_17h,hod_18h,hod_19h,hod_20h,hod_21h,hod_22h,hod_23h,dow_mon,dow_tue,dow_wed,dow_thu,dow_fri,dow_sat,dow_sun
E07000061,E02004364,4273.64285714,22283.75,7528.75,14.25,16.3214285714,13.0714285714,9.39285714286,9.42857142857,17.2857142857,47.6428571429,123.428571429,214.392857143,244.178571429,283.321428571,308.25,324.857142857,316.678571429,309.321428571,311.535714286,333.071428571,336.428571429,288.535714286,246.785714286,196.642857143,145.678571429,107.0,56.1428571429,4049.5,4363.0,5384.25,4112.75,4374.25,4152.5,3479.25
