zone_id,area_id,total,daytype_inweek,daytype_weekend,hod_00h,hod_01h,hod_02h,hod_03h,hod_04h,hod_05h,hod_06h,hod_07h,hod_08h,hod_09h,hod_10h,hod_11h,hod_12h,hod_13h,hod_14h,hod_15h,hod_16h,hod_17h,hod_18h,hod_19h,hod_20h,hod_21h,hod_22h,hod_23h,dow_mon,dow_tue,dow_wed,dow_thu,dow_fri,dow_sat,dow_sun
S12000045,S02001526,750.107142857,4069.5,1360.0,4.07142857143,4.07142857143,2.75,2.57142857143,3.35714285714,4.64285714286,6.42857142857,21.7142857143,40.8214285714,42.5714285714,45.5714285714,49.5714285714,50.1785714286,48.6428571429,52.7857142857,55.1071428571,55.1428571429,49.9285714286,52.0,45.0357142857,40.7142857143,34.1071428571,24.9285714286,13.3928571429,811.75,801.5,1019.5,778.0,658.75,633.0,548.25
