zone_id,area_id,total,daytype_inweek,daytype_weekend,hod_00h,hod_01h,hod_02h,hod_03h,hod_04h,hod_05h,hod_06h,hod_07h,hod_08h,hod_09h,hod_10h,hod_11h,hod_12h,hod_13h,hod_14h,hod_15h,hod_16h,hod_17h,hod_18h,hod_19h,hod_20h,hod_21h,hod_22h,hod_23h,dow_mon,dow_tue,dow_wed,dow_thu,dow_fri,dow_sat,dow_sun
E07000082,E02004658,1933.92857143,10277.5,3328.5,8.21428571429,7.17857142857,5.35714285714,4.14285714286,4.71428571429,12.25,28.1071428571,71.0714285714,110.535714286,119.571428571,126.107142857,131.035714286,132.821428571,123.607142857,133.535714286,136.071428571,150.214285714,147.428571429,123.035714286,109.071428571,87.7142857143,70.5,57.4642857143,34.1785714286,1888.0,1995.75,2508.5,1929.0,1956.25,1819.5,1440.5
