zone_id,area_id,total,daytype_inweek,daytype_weekend,hod_00h,hod_01h,hod_02h,hod_03h,hod_04h,hod_05h,hod_06h,hod_07h,hod_08h,hod_09h,hod_10h,hod_11h,hod_12h,hod_13h,hod_14h,hod_15h,hod_16h,hod_17h,hod_18h,hod_19h,hod_20h,hod_21h,hod_22h,hod_23h,dow_mon,dow_tue,dow_wed,dow_thu,dow_fri,dow_sat,dow_sun
E08000007,E02001196,2559.67857143,13478.75,4449.25,15.8571428571,15.7142857143,9.85714285714,8.96428571429,7.75,17.0,36.7857142857,94.4285714286,118.928571429,146.571428571,157.321428571,171.285714286,178.214285714,180.857142857,183.214285714,177.892857143,181.857142857,184.75,172.214285714,153.75,131.392857143,93.6785714286,72.5714285714,48.8214285714,2430.75,2645.75,3306.25,2542.0,2554.0,2420.5,2018.5
