zone_id,area_id,total,daytype_inweek,daytype_weekend,hod_00h,hod_01h,hod_02h,hod_03h,hod_04h,hod_05h,hod_06h,hod_07h,hod_08h,hod_09h,hod_10h,hod_11h,hod_12h,hod_13h,hod_14h,hod_15h,hod_16h,hod_17h,hod_18h,hod_19h,hod_20h,hod_21h,hod_22h,hod_23h,dow_mon,dow_tue,dow_wed,dow_thu,dow_fri,dow_sat,dow_sun
E08000023,E02001777,1591.92857143,8603.5,2742.0,9.71428571429,10.8928571429,8.10714285714,5.78571428571,4.42857142857,10.8571428571,28.0714285714,56.7857142857,73.3928571429,87.1785714286,102.071428571,109.892857143,114.964285714,114.071428571,109.964285714,107.25,115.75,110.892857143,106.535714286,95.8571428571,78.8928571429,59.2142857143,43.3571428571,28.0,1613.75,1694.75,2084.75,1602.25,1608.0,1411.75,1128.25
