zone_id,area_id,total,daytype_inweek,daytype_weekend,hod_00h,hod_01h,hod_02h,hod_03h,hod_04h,hod_05h,hod_06h,hod_07h,hod_08h,hod_09h,hod_10h,hod_11h,hod_12h,hod_13h,hod_14h,hod_15h,hod_16h,hod_17h,hod_18h,hod_19h,hod_20h,hod_21h,hod_22h,hod_23h,dow_mon,dow_tue,dow_wed,dow_thu,dow_fri,dow_sat,dow_sun
E08000031,E02002181,1742.32142857,9351.75,2950.75,13.2142857143,12.7857142857,9.0,6.75,9.60714285714,23.3214285714,39.25,58.1071428571,72.1071428571,84.1071428571,99.4285714286,107.571428571,120.392857143,123.607142857,114.357142857,121.642857143,120.678571429,119.321428571,118.357142857,101.607142857,87.0357142857,80.9285714286,60.6428571429,38.5,1696.0,1808.5,2286.5,1817.0,1743.75,1589.75,1254.75
