zone_id,area_id,total,daytype_inweek,daytype_weekend,hod_00h,hod_01h,hod_02h,hod_03h,hod_04h,hod_05h,hod_06h,hod_07h,hod_08h,hod_09h,hod_10h,hod_11h,hod_12h,hod_13h,hod_14h,hod_15h,hod_16h,hod_17h,hod_18h,hod_19h,hod_20h,hod_21h,hod_22h,hod_23h,dow_mon,dow_tue,dow_wed,dow_thu,dow_fri,dow_sat,dow_sun
E07000138,E02005451,2329.53571429,12209.25,4068.0,7.71428571429,11.6071428571,9.71428571429,12.0357142857,8.35714285714,18.25,39.0,85.0357142857,109.178571429,123.285714286,141.678571429,156.25,169.857142857,166.714285714,174.142857143,168.75,172.607142857,177.107142857,152.321428571,137.928571429,108.285714286,85.6785714286,62.0714285714,31.9642857143,2210.75,2376.5,2871.5,2220.75,2529.75,2240.25,1857.25
