zone_id,area_id,total,daytype_inweek,daytype_weekend,hod_00h,hod_01h,hod_02h,hod_03h,hod_04h,hod_05h,hod_06h,hod_07h,hod_08h,hod_09h,hod_10h,hod_11h,hod_12h,hod_13h,hod_14h,hod_15h,hod_16h,hod_17h,hod_18h,hod_19h,hod_20h,hod_21h,hod_22h,hod_23h,dow_mon,dow_tue,dow_wed,dow_thu,dow_fri,dow_sat,dow_sun
E08000012,E02001347,6394.64285714,34187.75,10645.75,37.5357142857,41.3214285714,32.8214285714,21.5714285714,21.8214285714,47.6428571429,117.0,271.892857143,317.928571429,307.607142857,351.25,400.785714286,438.071428571,458.571428571,465.928571429,459.964285714,486.357142857,489.571428571,426.357142857,371.928571429,320.642857143,243.0,163.5,101.571428571,5958.0,6742.5,8389.75,6447.0,6650.5,5887.0,4687.75
