zone_id,area_id,total,daytype_inweek,daytype_weekend,hod_00h,hod_01h,hod_02h,hod_03h,hod_04h,hod_05h,hod_06h,hod_07h,hod_08h,hod_09h,hod_10h,hod_11h,hod_12h,hod_13h,hod_14h,hod_15h,hod_16h,hod_17h,hod_18h,hod_19h,hod_20h,hod_21h,hod_22h,hod_23h,dow_mon,dow_tue,dow_wed,dow_thu,dow_fri,dow_sat,dow_sun
E07000081,E02004636,2086.03571429,11146.0,3522.5,9.17857142857,8.71428571429,6.82142857143,5.85714285714,6.71428571429,11.6428571429,35.25,74.9642857143,105.428571429,116.535714286,130.821428571,138.178571429,150.214285714,145.142857143,140.321428571,142.285714286,151.5,155.357142857,140.571428571,120.035714286,102.964285714,76.6785714286,65.3571428571,45.5,2016.5,2197.0,2679.75,2111.5,2141.25,1950.25,1506.0
