zone_id,area_id,total,daytype_inweek,daytype_weekend,hod_00h,hod_01h,hod_02h,hod_03h,hod_04h,hod_05h,hod_06h,hod_07h,hod_08h,hod_09h,hod_10h,hod_11h,hod_12h,hod_13h,hod_14h,hod_15h,hod_16h,hod_17h,hod_18h,hod_19h,hod_20h,hod_21h,hod_22h,hod_23h,dow_mon,dow_tue,dow_wed,dow_thu,dow_fri,dow_sat,dow_sun
E07000210,E02006371,2524.35714286,13383.25,4425.5,11.9285714286,6.92857142857,4.17857142857,3.82142857143,5.42857142857,10.0,35.4285714286,84.2142857143,143.714285714,151.892857143,179.25,185.75,190.678571429,189.321428571,185.571428571,179.892857143,174.321428571,189.107142857,160.964285714,140.607142857,111.285714286,80.0,60.4285714286,39.6428571429,2477.0,2543.0,3295.75,2594.75,2472.75,2338.75,1948.5
