zone_id,area_id,total,daytype_inweek,daytype_weekend,hod_00h,hod_01h,hod_02h,hod_03h,hod_04h,hod_05h,hod_06h,hod_07h,hod_08h,hod_09h,hod_10h,hod_11h,hod_12h,hod_13h,hod_14h,hod_15h,hod_16h,hod_17h,hod_18h,hod_19h,hod_20h,hod_21h,hod_22h,hod_23h,dow_mon,dow_tue,dow_wed,dow_thu,dow_fri,dow_sat,dow_sun
E06000045,E02003570,8255.25,42691.0,13671.5,50.1071428571,56.3928571429,45.8571428571,39.1785714286,37.0357142857,62.0357142857,117.714285714,257.071428571,430.285714286,407.857142857,469.142857143,516.678571429,570.821428571,593.321428571,626.642857143,593.607142857,614.535714286,654.357142857,552.642857143,462.607142857,387.071428571,294.857142857,245.821428571,169.607142857,7634.75,8186.0,10268.0,8015.5,8586.75,9059.0,6036.75
