zone_id,area_id,total,daytype_inweek,daytype_weekend,hod_00h,hod_01h,hod_02h,hod_03h,hod_04h,hod_05h,hod_06h,hod_07h,hod_08h,hod_09h,hod_10h,hod_11h,hod_12h,hod_13h,hod_14h,hod_15h,hod_16h,hod_17h,hod_18h,hod_19h,hod_20h,hod_21h,hod_22h,hod_23h,dow_mon,dow_tue,dow_wed,dow_thu,dow_fri,dow_sat,dow_sun
E07000214,E02006426,1960.21428571,10370.5,3452.75,9.60714285714,10.6785714286,7.46428571429,5.57142857143,5.07142857143,9.46428571429,30.3928571429,60.5357142857,104.285714286,114.035714286,120.964285714,135.5,140.214285714,135.214285714,138.178571429,134.5,137.142857143,138.928571429,133.178571429,121.214285714,97.8928571429,74.8571428571,58.0714285714,37.25,1910.0,1987.0,2596.25,1920.0,1957.25,1808.25,1542.75
