zone_id,area_id,total,daytype_inweek,daytype_weekend,hod_00h,hod_01h,hod_02h,hod_03h,hod_04h,hod_05h,hod_06h,hod_07h,hod_08h,hod_09h,hod_10h,hod_11h,hod_12h,hod_13h,hod_14h,hod_15h,hod_16h,hod_17h,hod_18h,hod_19h,hod_20h,hod_21h,hod_22h,hod_23h,dow_mon,dow_tue,dow_wed,dow_thu,dow_fri,dow_sat,dow_sun
E07000130,E02005353,4228.0,22619.75,7071.75,15.3571428571,14.8928571429,11.75,12.4285714286,14.4285714286,28.3571428571,59.0357142857,150.142857143,228.142857143,244.214285714,274.142857143,295.964285714,318.928571429,300.071428571,303.464285714,301.642857143,321.714285714,334.357142857,285.607142857,229.75,181.892857143,140.535714286,101.821428571,59.3571428571,4036.5,4495.5,5492.0,4319.5,4276.25,3941.0,3035.25
