zone_id,area_id,total,daytype_inweek,daytype_weekend,hod_00h,hod_01h,hod_02h,hod_03h,hod_04h,hod_05h,hod_06h,hod_07h,hod_08h,hod_09h,hod_10h,hod_11h,hod_12h,hod_13h,hod_14h,hod_15h,hod_16h,hod_17h,hod_18h,hod_19h,hod_20h,hod_21h,hod_22h,hod_23h,dow_mon,dow_tue,dow_wed,dow_thu,dow_fri,dow_sat,dow_sun
E07000228,E02006611,3865.71428571,20759.0,6467.0,18.5357142857,14.75,11.8571428571,8.60714285714,8.71428571429,18.3571428571,51.0,148.928571429,230.464285714,252.285714286,262.25,274.107142857,278.607142857,262.357142857,267.928571429,267.392857143,280.285714286,304.5,246.357142857,210.142857143,169.428571429,125.214285714,96.5,57.1428571429,3680.0,4031.0,5137.0,3984.5,3926.5,3514.0,2787.0
