zone_id,area_id,total,daytype_inweek,daytype_weekend,hod_00h,hod_01h,hod_02h,hod_03h,hod_04h,hod_05h,hod_06h,hod_07h,hod_08h,hod_09h,hod_10h,hod_11h,hod_12h,hod_13h,hod_14h,hod_15h,hod_16h,hod_17h,hod_18h,hod_19h,hod_20h,hod_21h,hod_22h,hod_23h,dow_mon,dow_tue,dow_wed,dow_thu,dow_fri,dow_sat,dow_sun
W06000016,W02000253,783.0,4234.75,1262.75,2.39285714286,2.14285714286,1.25,0.785714285714,0.964285714286,5.21428571429,14.8928571429,25.6428571429,44.1428571429,43.5357142857,52.3214285714,58.7142857143,63.8928571429,60.4285714286,63.2857142857,62.5357142857,64.8571428571,55.0357142857,45.9642857143,36.0,29.75,22.3571428571,17.0357142857,9.85714285714,750.25,836.5,1015.5,810.25,822.25,733.75,512.5
