zone_id,area_id,total,daytype_inweek,daytype_weekend,hod_00h,hod_01h,hod_02h,hod_03h,hod_04h,hod_05h,hod_06h,hod_07h,hod_08h,hod_09h,hod_10h,hod_11h,hod_12h,hod_13h,hod_14h,hod_15h,hod_16h,hod_17h,hod_18h,hod_19h,hod_20h,hod_21h,hod_22h,hod_23h,dow_mon,dow_tue,dow_wed,dow_thu,dow_fri,dow_sat,dow_sun
E07000039,E02004126,1840.10714286,9722.5,3196.75,9.17857142857,8.64285714286,5.85714285714,6.10714285714,6.25,17.5357142857,37.4642857143,69.75,90.5357142857,95.7857142857,110.785714286,123.25,131.714285714,128.928571429,126.892857143,124.821428571,134.642857143,138.5,127.214285714,108.607142857,84.6428571429,69.6785714286,52.25,31.0714285714,1745.25,1878.0,2415.5,1836.0,1847.75,1706.75,1451.5
