zone_id,area_id,total,daytype_inweek,daytype_weekend,hod_00h,hod_01h,hod_02h,hod_03h,hod_04h,hod_05h,hod_06h,hod_07h,hod_08h,hod_09h,hod_10h,hod_11h,hod_12h,hod_13h,hod_14h,hod_15h,hod_16h,hod_17h,hod_18h,hod_19h,hod_20h,hod_21h,hod_22h,hod_23h,dow_mon,dow_tue,dow_wed,dow_thu,dow_fri,dow_sat,dow_sun
E07000096,E02004862,2249.39285714,12105.5,3796.75,9.07142857143,10.9285714286,9.75,6.60714285714,9.03571428571,17.5357142857,35.1071428571,81.1785714286,115.928571429,117.071428571,130.285714286,147.75,155.464285714,149.107142857,153.392857143,148.0,158.678571429,179.678571429,160.642857143,138.142857143,112.142857143,90.9642857143,73.5714285714,39.3571428571,2159.75,2388.25,3001.25,2308.75,2247.5,2003.25,1637.0
