zone_id,area_id,total,daytype_inweek,daytype_weekend,hod_00h,hod_01h,hod_02h,hod_03h,hod_04h,hod_05h,hod_06h,hod_07h,hod_08h,hod_09h,hod_10h,hod_11h,hod_12h,hod_13h,hod_14h,hod_15h,hod_16h,hod_17h,hod_18h,hod_19h,hod_20h,hod_21h,hod_22h,hod_23h,dow_mon,dow_tue,dow_wed,dow_thu,dow_fri,dow_sat,dow_sun
W06000015,W02000368,2244.10714286,12079.5,3824.75,11.3571428571,10.8571428571,9.53571428571,6.75,6.5,14.2142857143,28.7857142857,89.75,123.892857143,126.571428571,134.214285714,143.0,148.035714286,147.75,141.857142857,154.285714286,166.857142857,175.678571429,157.0,137.821428571,109.0,88.25,67.3928571429,44.75,2167.5,2359.75,2963.0,2286.0,2303.25,1972.0,1657.25
