zone_id,area_id,total,daytype_inweek,daytype_weekend,hod_00h,hod_01h,hod_02h,hod_03h,hod_04h,hod_05h,hod_06h,hod_07h,hod_08h,hod_09h,hod_10h,hod_11h,hod_12h,hod_13h,hod_14h,hod_15h,hod_16h,hod_17h,hod_18h,hod_19h,hod_20h,hod_21h,hod_22h,hod_23h,dow_mon,dow_tue,dow_wed,dow_thu,dow_fri,dow_sat,dow_sun
E07000067,E02004460,1647.57142857,8745.75,2888.5,9.96428571429,6.5,5.5,4.60714285714,5.32142857143,15.0,30.0714285714,66.6428571429,89.75,90.5,102.75,105.5,104.75,108.357142857,104.821428571,107.071428571,122.142857143,132.035714286,111.964285714,101.357142857,81.2857142857,64.2857142857,45.9285714286,31.4642857143,1587.0,1705.0,2132.25,1670.75,1650.75,1485.75,1301.5
