zone_id,area_id,total,daytype_inweek,daytype_weekend,hod_00h,hod_01h,hod_02h,hod_03h,hod_04h,hod_05h,hod_06h,hod_07h,hod_08h,hod_09h,hod_10h,hod_11h,hod_12h,hod_13h,hod_14h,hod_15h,hod_16h,hod_17h,hod_18h,hod_19h,hod_20h,hod_21h,hod_22h,hod_23h,dow_mon,dow_tue,dow_wed,dow_thu,dow_fri,dow_sat,dow_sun
W06000004,W02000045,4101.14285714,20705.5,7761.5,15.3928571429,17.5714285714,10.9285714286,10.3928571429,10.1428571429,16.0,36.0357142857,87.25,149.214285714,192.321428571,255.928571429,311.571428571,341.928571429,347.964285714,346.642857143,333.214285714,334.785714286,313.928571429,263.892857143,212.714285714,174.25,141.428571429,108.142857143,69.5,3919.5,4077.5,4993.75,3873.0,3841.75,4160.5,3842.0
