zone_id,area_id,total,daytype_inweek,daytype_weekend,hod_00h,hod_01h,hod_02h,hod_03h,hod_04h,hod_05h,hod_06h,hod_07h,hod_08h,hod_09h,hod_10h,hod_11h,hod_12h,hod_13h,hod_14h,hod_15h,hod_16h,hod_17h,hod_18h,hod_19h,hod_20h,hod_21h,hod_22h,hod_23h,dow_mon,dow_tue,dow_wed,dow_thu,dow_fri,dow_sat,dow_sun
E08000025,E02001919,2543.46428571,13298.5,4598.5,29.8214285714,33.5,21.4642857143,15.5,15.25,18.4642857143,31.8928571429,76.9642857143,116.785714286,114.428571429,124.035714286,129.428571429,146.285714286,158.392857143,159.321428571,167.714285714,178.892857143,190.071428571,183.535714286,180.071428571,150.892857143,124.392857143,108.607142857,67.75,2466.5,2609.0,3222.5,2492.25,2508.25,2373.75,2132.0
