zone_id,area_id,total,daytype_inweek,daytype_weekend,hod_00h,hod_01h,hod_02h,hod_03h,hod_04h,hod_05h,hod_06h,hod_07h,hod_08h,hod_09h,hod_10h,hod_11h,hod_12h,hod_13h,hod_14h,hod_15h,hod_16h,hod_17h,hod_18h,hod_19h,hod_20h,hod_21h,hod_22h,hod_23h,dow_mon,dow_tue,dow_wed,dow_thu,dow_fri,dow_sat,dow_sun
E07000071,E02004514,2688.78571429,14356.75,4543.25,10.7142857143,9.71428571429,6.89285714286,6.89285714286,7.35714285714,12.9642857143,38.3571428571,92.4642857143,141.107142857,160.428571429,183.142857143,200.035714286,204.142857143,201.071428571,198.642857143,196.821428571,196.785714286,196.107142857,174.428571429,147.142857143,115.107142857,92.6071428571,61.9642857143,33.8928571429,2562.75,2766.25,3559.0,2786.5,2682.25,2484.25,1980.5
