zone_id,area_id,total,daytype_inweek,daytype_weekend,hod_00h,hod_01h,hod_02h,hod_03h,hod_04h,hod_05h,hod_06h,hod_07h,hod_08h,hod_09h,hod_10h,hod_11h,hod_12h,hod_13h,hod_14h,hod_15h,hod_16h,hod_17h,hod_18h,hod_19h,hod_20h,hod_21h,hod_22h,hod_23h,dow_mon,dow_tue,dow_wed,dow_thu,dow_fri,dow_sat,dow_sun
E09000022,E02000643,1719.75,8806.0,3082.5,22.5714285714,19.5714285714,14.3571428571,10.1071428571,8.25,10.6785714286,19.5714285714,39.8928571429,72.3928571429,80.3571428571,95.5714285714,99.25,104.928571429,108.571428571,103.535714286,107.857142857,107.321428571,113.642857143,124.75,121.142857143,111.178571429,95.0,76.4642857143,52.7857142857,1612.5,1718.25,2219.0,1612.75,1643.5,1762.25,1470.0
