zone_id,area_id,total,daytype_inweek,daytype_weekend,hod_00h,hod_01h,hod_02h,hod_03h,hod_04h,hod_05h,hod_06h,hod_07h,hod_08h,hod_09h,hod_10h,hod_11h,hod_12h,hod_13h,hod_14h,hod_15h,hod_16h,hod_17h,hod_18h,hod_19h,hod_20h,hod_21h,hod_22h,hod_23h,dow_mon,dow_tue,dow_wed,dow_thu,dow_fri,dow_sat,dow_sun
E06000056,E02003646,1633.14285714,8673.0,2820.5,8.32142857143,6.96428571429,6.17857142857,4.71428571429,4.92857142857,10.9642857143,26.6785714286,57.6428571429,79.3214285714,88.0357142857,95.0357142857,100.607142857,108.928571429,111.142857143,111.928571429,114.0,120.821428571,122.392857143,119.785714286,106.5,82.75,67.8928571429,50.1785714286,27.4285714286,1531.5,1711.5,2195.0,1632.0,1603.0,1470.0,1289.0
