zone_id,area_id,total,daytype_inweek,daytype_weekend,hod_00h,hod_01h,hod_02h,hod_03h,hod_04h,hod_05h,hod_06h,hod_07h,hod_08h,hod_09h,hod_10h,hod_11h,hod_12h,hod_13h,hod_14h,hod_15h,hod_16h,hod_17h,hod_18h,hod_19h,hod_20h,hod_21h,hod_22h,hod_23h,dow_mon,dow_tue,dow_wed,dow_thu,dow_fri,dow_sat,dow_sun
E08000023,E02001789,1764.5,9287.75,3106.75,7.28571428571,8.96428571429,5.64285714286,5.32142857143,5.5,8.35714285714,23.8928571429,52.5357142857,73.8571428571,102.107142857,118.964285714,122.607142857,133.892857143,125.214285714,122.25,132.071428571,133.714285714,128.892857143,122.964285714,103.642857143,85.4285714286,63.1428571429,46.6071428571,31.6428571429,1740.0,1833.0,2228.25,1702.25,1784.25,1697.0,1366.75
