zone_id,area_id,total,daytype_inweek,daytype_weekend,hod_00h,hod_01h,hod_02h,hod_03h,hod_04h,hod_05h,hod_06h,hod_07h,hod_08h,hod_09h,hod_10h,hod_11h,hod_12h,hod_13h,hod_14h,hod_15h,hod_16h,hod_17h,hod_18h,hod_19h,hod_20h,hod_21h,hod_22h,hod_23h,dow_mon,dow_tue,dow_wed,dow_thu,dow_fri,dow_sat,dow_sun
E06000019,E02002923,1693.85714286,9004.75,2914.5,5.35714285714,4.85714285714,3.14285714286,2.53571428571,4.42857142857,10.7857142857,28.3571428571,75.3928571429,101.5,101.357142857,119.464285714,126.285714286,125.357142857,126.321428571,123.142857143,117.0,125.071428571,141.214285714,98.3571428571,75.3214285714,61.2142857143,55.2142857143,39.25,22.9285714286,1573.25,1744.75,2234.75,1758.25,1693.75,1511.0,1341.25
