zone_id,area_id,total,daytype_inweek,daytype_weekend,hod_00h,hod_01h,hod_02h,hod_03h,hod_04h,hod_05h,hod_06h,hod_07h,hod_08h,hod_09h,hod_10h,hod_11h,hod_12h,hod_13h,hod_14h,hod_15h,hod_16h,hod_17h,hod_18h,hod_19h,hod_20h,hod_21h,hod_22h,hod_23h,dow_mon,dow_tue,dow_wed,dow_thu,dow_fri,dow_sat,dow_sun
E07000148,E02006908,1424.82142857,7667.25,2305.75,6.03571428571,7.57142857143,7.21428571429,4.89285714286,6.89285714286,10.7142857143,15.9642857143,43.4285714286,80.8214285714,79.3571428571,89.0357142857,99.1428571429,105.857142857,105.464285714,101.178571429,96.1071428571,96.5,114.357142857,99.1785714286,80.6785714286,65.3571428571,48.9642857143,36.6785714286,23.4285714286,1343.0,1492.75,1888.5,1472.0,1471.0,1343.75,962.75
