zone_id,area_id,total,daytype_inweek,daytype_weekend,hod_00h,hod_01h,hod_02h,hod_03h,hod_04h,hod_05h,hod_06h,hod_07h,hod_08h,hod_09h,hod_10h,hod_11h,hod_12h,hod_13h,hod_14h,hod_15h,hod_16h,hod_17h,hod_18h,hod_19h,hod_20h,hod_21h,hod_22h,hod_23h,dow_mon,dow_tue,dow_wed,dow_thu,dow_fri,dow_sat,dow_sun
E08000003,E02001075,3379.03571429,17909.75,5844.0,41.6428571429,44.8928571429,32.8214285714,24.8214285714,22.1428571429,30.3571428571,46.0357142857,94.3928571429,144.857142857,156.035714286,156.607142857,181.464285714,195.892857143,214.5,221.0,226.857142857,230.321428571,243.107142857,238.428571429,219.035714286,191.964285714,169.642857143,146.714285714,105.5,3207.75,3480.0,4467.25,3346.25,3408.5,3107.25,2636.25
