zone_id,area_id,total,daytype_inweek,daytype_weekend,hod_00h,hod_01h,hod_02h,hod_03h,hod_04h,hod_05h,hod_06h,hod_07h,hod_08h,hod_09h,hod_10h,hod_11h,hod_12h,hod_13h,hod_14h,hod_15h,hod_16h,hod_17h,hod_18h,hod_19h,hod_20h,hod_21h,hod_22h,hod_23h,dow_mon,dow_tue,dow_wed,dow_thu,dow_fri,dow_sat,dow_sun
E07000140,E02005465,2302.89285714,12897.75,3690.5,9.10714285714,10.0357142857,8.78571428571,9.14285714286,11.2142857143,31.7142857143,56.1785714286,116.75,139.75,137.142857143,142.821428571,145.607142857,143.857142857,148.464285714,146.535714286,152.785714286,164.428571429,174.892857143,149.464285714,119.964285714,105.571428571,87.25,60.6785714286,30.75,2295.75,2531.0,3241.25,2532.5,2297.25,1827.75,1394.75
