zone_id,area_id,total,daytype_inweek,daytype_weekend,hod_00h,hod_01h,hod_02h,hod_03h,hod_04h,hod_05h,hod_06h,hod_07h,hod_08h,hod_09h,hod_10h,hod_11h,hod_12h,hod_13h,hod_14h,hod_15h,hod_16h,hod_17h,hod_18h,hod_19h,hod_20h,hod_21h,hod_22h,hod_23h,dow_mon,dow_tue,dow_wed,dow_thu,dow_fri,dow_sat,dow_sun
E09000009,E02000258,1333.53571429,7086.25,2315.5,14.4285714286,13.6071428571,8.57142857143,6.07142857143,5.32142857143,7.28571428571,17.0357142857,39.7142857143,59.1428571429,71.4285714286,72.2142857143,78.6428571429,80.25,86.9285714286,90.7142857143,87.9285714286,91.1071428571,96.7142857143,98.3928571429,86.4642857143,74.2142857143,65.0,48.4285714286,33.9285714286,1254.5,1442.5,1732.0,1293.25,1364.0,1187.5,1061.0
