zone_id,area_id,total,daytype_inweek,daytype_weekend,hod_00h,hod_01h,hod_02h,hod_03h,hod_04h,hod_05h,hod_06h,hod_07h,hod_08h,hod_09h,hod_10h,hod_11h,hod_12h,hod_13h,hod_14h,hod_15h,hod_16h,hod_17h,hod_18h,hod_19h,hod_20h,hod_21h,hod_22h,hod_23h,dow_mon,dow_tue,dow_wed,dow_thu,dow_fri,dow_sat,dow_sun
E06000006,E02002576,3013.42857143,16156.25,5002.25,16.1785714286,18.2857142857,12.7142857143,11.8928571429,12.5357142857,27.7142857143,54.9285714286,99.0357142857,140.678571429,150.285714286,174.428571429,192.107142857,210.464285714,216.607142857,218.035714286,214.571428571,226.142857143,230.678571429,207.678571429,180.678571429,153.892857143,108.892857143,83.3928571429,51.6071428571,2820.0,3079.5,3973.75,3048.75,3234.25,2755.5,2182.25
