zone_id,area_id,total,daytype_inweek,daytype_weekend,hod_00h,hod_01h,hod_02h,hod_03h,hod_04h,hod_05h,hod_06h,hod_07h,hod_08h,hod_09h,hod_10h,hod_11h,hod_12h,hod_13h,hod_14h,hod_15h,hod_16h,hod_17h,hod_18h,hod_19h,hod_20h,hod_21h,hod_22h,hod_23h,dow_mon,dow_tue,dow_wed,dow_thu,dow_fri,dow_sat,dow_sun
E08000028,E02002051,1364.78571429,7307.25,2362.75,8.57142857143,9.96428571429,6.64285714286,5.25,7.78571428571,15.8214285714,29.8928571429,48.4642857143,49.0357142857,64.25,81.6428571429,87.4642857143,96.3214285714,96.3928571429,94.4642857143,91.8571428571,99.3214285714,98.9285714286,89.4285714286,81.25,69.25,59.8571428571,46.5714285714,26.3571428571,1341.75,1508.5,1709.5,1373.0,1374.5,1225.25,1021.0
