zone_id,area_id,total,daytype_inweek,daytype_weekend,hod_00h,hod_01h,hod_02h,hod_03h,hod_04h,hod_05h,hod_06h,hod_07h,hod_08h,hod_09h,hod_10h,hod_11h,hod_12h,hod_13h,hod_14h,hod_15h,hod_16h,hod_17h,hod_18h,hod_19h,hod_20h,hod_21h,hod_22h,hod_23h,dow_mon,dow_tue,dow_wed,dow_thu,dow_fri,dow_sat,dow_sun
E08000002,E02001026,8695.35714286,45271.25,14403.5,51.3571428571,59.6785714286,42.5357142857,36.1071428571,31.5357142857,42.6071428571,98.4285714286,226.571428571,388.357142857,447.071428571,544.714285714,636.821428571,688.678571429,694.857142857,679.892857143,654.785714286,642.428571429,633.25,542.285714286,471.964285714,394.464285714,300.178571429,231.75,155.035714286,7843.0,8637.25,11260.5,8467.25,9063.25,9035.75,6560.5
