zone_id,area_id,total,daytype_inweek,daytype_weekend,hod_00h,hod_01h,hod_02h,hod_03h,hod_04h,hod_05h,hod_06h,hod_07h,hod_08h,hod_09h,hod_10h,hod_11h,hod_12h,hod_13h,hod_14h,hod_15h,hod_16h,hod_17h,hod_18h,hod_19h,hod_20h,hod_21h,hod_22h,hod_23h,dow_mon,dow_tue,dow_wed,dow_thu,dow_fri,dow_sat,dow_sun
S12000036,S02001624,1933.53571429,10167.0,3464.5,18.7857142857,28.1428571429,18.8214285714,15.2142857143,13.1428571429,17.0714285714,30.5,52.4285714286,107.607142857,95.9285714286,89.2857142857,105.857142857,108.857142857,114.642857143,120.857142857,128.178571429,137.357142857,153.035714286,131.714285714,116.071428571,102.535714286,89.5357142857,77.1785714286,60.7857142857,1945.75,1986.0,2432.0,1874.0,1929.25,1849.0,1518.75
