zone_id,area_id,total,daytype_inweek,daytype_weekend,hod_00h,hod_01h,hod_02h,hod_03h,hod_04h,hod_05h,hod_06h,hod_07h,hod_08h,hod_09h,hod_10h,hod_11h,hod_12h,hod_13h,hod_14h,hod_15h,hod_16h,hod_17h,hod_18h,hod_19h,hod_20h,hod_21h,hod_22h,hod_23h,dow_mon,dow_tue,dow_wed,dow_thu,dow_fri,dow_sat,dow_sun
E08000019,E02001659,2978.03571429,15902.0,5077.75,16.3928571429,17.0357142857,11.2857142857,9.17857142857,11.4285714286,29.3928571429,71.9285714286,131.464285714,156.428571429,152.785714286,177.464285714,195.928571429,204.785714286,202.5,199.178571429,204.785714286,216.928571429,234.607142857,199.607142857,168.357142857,142.785714286,110.178571429,72.6428571429,40.9642857143,2818.25,3046.25,3878.5,3068.5,3090.5,2684.75,2259.5
