zone_id,area_id,total,daytype_inweek,daytype_weekend,hod_00h,hod_01h,hod_02h,hod_03h,hod_04h,hod_05h,hod_06h,hod_07h,hod_08h,hod_09h,hod_10h,hod_11h,hod_12h,hod_13h,hod_14h,hod_15h,hod_16h,hod_17h,hod_18h,hod_19h,hod_20h,hod_21h,hod_22h,hod_23h,dow_mon,dow_tue,dow_wed,dow_thu,dow_fri,dow_sat,dow_sun
E07000239,E02006774,1682.14285714,8878.0,2947.75,6.71428571429,8.39285714286,5.07142857143,2.53571428571,4.67857142857,14.7857142857,23.9285714286,60.6071428571,79.1071428571,89.3214285714,105.142857143,113.75,111.714285714,117.714285714,122.964285714,117.0,121.964285714,127.428571429,116.714285714,98.75,80.9642857143,70.2857142857,52.9285714286,29.6785714286,1602.25,1788.25,2212.0,1631.75,1643.75,1551.5,1345.5
