zone_id,area_id,total,daytype_inweek,daytype_weekend,hod_00h,hod_01h,hod_02h,hod_03h,hod_04h,hod_05h,hod_06h,hod_07h,hod_08h,hod_09h,hod_10h,hod_11h,hod_12h,hod_13h,hod_14h,hod_15h,hod_16h,hod_17h,hod_18h,hod_19h,hod_20h,hod_21h,hod_22h,hod_23h,dow_mon,dow_tue,dow_wed,dow_thu,dow_fri,dow_sat,dow_sun
E07000238,E02006754,1053.0,5815.75,1820.0,5.21428571429,4.75,2.89285714286,2.89285714286,3.46428571429,8.39285714286,17.5357142857,46.7857142857,61.1785714286,54.8571428571,67.2142857143,67.7142857143,71.7857142857,71.8571428571,71.2857142857,73.0714285714,77.3214285714,80.2142857143,70.9285714286,59.1071428571,45.3571428571,35.5357142857,33.3214285714,20.3214285714,1084.5,1131.25,1432.25,1099.75,1068.0,819.75,735.5
