zone_id,area_id,total,daytype_inweek,daytype_weekend,hod_00h,hod_01h,hod_02h,hod_03h,hod_04h,hod_05h,hod_06h,hod_07h,hod_08h,hod_09h,hod_10h,hod_11h,hod_12h,hod_13h,hod_14h,hod_15h,hod_16h,hod_17h,hod_18h,hod_19h,hod_20h,hod_21h,hod_22h,hod_23h,dow_mon,dow_tue,dow_wed,dow_thu,dow_fri,dow_sat,dow_sun
E08000010,E02001307,5209.67857143,27660.5,8832.0,25.7142857143,26.1428571429,20.2857142857,17.6785714286,20.4285714286,36.9285714286,81.4285714286,188.678571429,264.285714286,272.392857143,315.714285714,335.571428571,352.678571429,364.071428571,359.035714286,363.392857143,382.964285714,410.535714286,361.464285714,319.214285714,255.678571429,192.142857143,152.0,91.25,4967.75,5387.0,6714.0,5236.75,5355.0,4943.0,3864.25
