zone_id,area_id,total,daytype_inweek,daytype_weekend,hod_00h,hod_01h,hod_02h,hod_03h,hod_04h,hod_05h,hod_06h,hod_07h,hod_08h,hod_09h,hod_10h,hod_11h,hod_12h,hod_13h,hod_14h,hod_15h,hod_16h,hod_17h,hod_18h,hod_19h,hod_20h,hod_21h,hod_22h,hod_23h,dow_mon,dow_tue,dow_wed,dow_thu,dow_fri,dow_sat,dow_sun
E07000167,E02005788,2327.14285714,12070.5,4291.75,5.07142857143,4.60714285714,3.60714285714,3.14285714286,3.39285714286,8.82142857143,26.4285714286,76.4642857143,128.75,144.321428571,179.214285714,191.178571429,189.928571429,175.5,179.928571429,175.75,190.821428571,176.75,138.821428571,115.142857143,87.7857142857,62.5,40.5,18.7142857143,2311.75,2416.0,3031.75,2175.25,2135.75,2239.5,1980.0
