zone_id,area_id,total,daytype_inweek,daytype_weekend,hod_00h,hod_01h,hod_02h,hod_03h,hod_04h,hod_05h,hod_06h,hod_07h,hod_08h,hod_09h,hod_10h,hod_11h,hod_12h,hod_13h,hod_14h,hod_15h,hod_16h,hod_17h,hod_18h,hod_19h,hod_20h,hod_21h,hod_22h,hod_23h,dow_mon,dow_tue,dow_wed,dow_thu,dow_fri,dow_sat,dow_sun
E08000030,E02002134,2976.96428571,15955.0,4959.75,18.1428571429,23.75,15.3928571429,13.4642857143,12.8214285714,34.8928571429,50.3214285714,101.607142857,126.285714286,145.035714286,170.607142857,182.178571429,204.785714286,212.071428571,206.642857143,207.214285714,220.678571429,226.25,206.785714286,172.0,151.857142857,124.142857143,95.3571428571,54.6785714286,2809.0,3100.25,3843.5,3048.5,3153.75,2733.0,2150.75
