zone_id,area_id,total,daytype_inweek,daytype_weekend,hod_00h,hod_01h,hod_02h,hod_03h,hod_04h,hod_05h,hod_06h,hod_07h,hod_08h,hod_09h,hod_10h,hod_11h,hod_12h,hod_13h,hod_14h,hod_15h,hod_16h,hod_17h,hod_18h,hod_19h,hod_20h,hod_21h,hod_22h,hod_23h,dow_mon,dow_tue,dow_wed,dow_thu,dow_fri,dow_sat,dow_sun
S12000034,S02001293,423.357142857,2174.0,794.75,0.642857142857,1.42857142857,0.75,0.785714285714,0.928571428571,2.64285714286,9.82142857143,21.6785714286,23.7857142857,23.8928571429,25.9642857143,27.2142857143,30.3214285714,25.6071428571,28.25,33.3214285714,34.6071428571,31.9642857143,31.6428571429,25.0714285714,18.6785714286,14.1071428571,7.46428571429,2.78571428571,422.25,456.5,526.0,368.75,400.5,417.0,372.5
