zone_id,area_id,total,daytype_inweek,daytype_weekend,hod_00h,hod_01h,hod_02h,hod_03h,hod_04h,hod_05h,hod_06h,hod_07h,hod_08h,hod_09h,hod_10h,hod_11h,hod_12h,hod_13h,hod_14h,hod_15h,hod_16h,hod_17h,hod_18h,hod_19h,hod_20h,hod_21h,hod_22h,hod_23h,dow_mon,dow_tue,dow_wed,dow_thu,dow_fri,dow_sat,dow_sun
E08000019,E02001636,9582.75,50800.75,16116.5,65.2142857143,75.8928571429,55.2142857143,45.6785714286,40.2857142857,74.75,150.678571429,361.107142857,547.857142857,521.035714286,544.035714286,600.571428571,642.428571429,647.75,661.785714286,664.857142857,702.142857143,729.928571429,638.285714286,539.785714286,445.642857143,355.642857143,276.464285714,195.714285714,8884.0,10280.75,12470.75,9326.5,9838.75,9046.0,7232.5
