zone_id,area_id,total,daytype_inweek,daytype_weekend,hod_00h,hod_01h,hod_02h,hod_03h,hod_04h,hod_05h,hod_06h,hod_07h,hod_08h,hod_09h,hod_10h,hod_11h,hod_12h,hod_13h,hod_14h,hod_15h,hod_16h,hod_17h,hod_18h,hod_19h,hod_20h,hod_21h,hod_22h,hod_23h,dow_mon,dow_tue,dow_wed,dow_thu,dow_fri,dow_sat,dow_sun
E07000218,E02006474,865.142857143,4647.5,1555.25,7.14285714286,5.5,3.85714285714,4.39285714286,6.28571428571,12.8928571429,18.7142857143,38.8928571429,45.6071428571,50.0714285714,54.1428571429,52.6428571429,60.8214285714,57.0357142857,56.1785714286,52.8571428571,55.1785714286,60.4285714286,53.3214285714,47.7142857143,37.9285714286,34.4285714286,28.7857142857,20.3214285714,848.25,934.25,1174.75,876.75,813.5,701.5,707.0
