zone_id,area_id,total,daytype_inweek,daytype_weekend,hod_00h,hod_01h,hod_02h,hod_03h,hod_04h,hod_05h,hod_06h,hod_07h,hod_08h,hod_09h,hod_10h,hod_11h,hod_12h,hod_13h,hod_14h,hod_15h,hod_16h,hod_17h,hod_18h,hod_19h,hod_20h,hod_21h,hod_22h,hod_23h,dow_mon,dow_tue,dow_wed,dow_thu,dow_fri,dow_sat,dow_sun
E08000035,E02002422,6675.60714286,36357.0,10839.0,36.6428571429,38.3928571429,25.1428571429,21.5714285714,24.5,61.3571428571,138.571428571,349.678571429,399.5,357.964285714,367.857142857,421.857142857,470.535714286,458.321428571,461.928571429,463.785714286,536.178571429,547.178571429,450.785714286,342.25,276.678571429,204.035714286,137.214285714,83.6785714286,6334.5,7120.25,8871.0,6944.5,7086.75,5867.75,4504.5
