zone_id,area_id,total,daytype_inweek,daytype_weekend,hod_00h,hod_01h,hod_02h,hod_03h,hod_04h,hod_05h,hod_06h,hod_07h,hod_08h,hod_09h,hod_10h,hod_11h,hod_12h,hod_13h,hod_14h,hod_15h,hod_16h,hod_17h,hod_18h,hod_19h,hod_20h,hod_21h,hod_22h,hod_23h,dow_mon,dow_tue,dow_wed,dow_thu,dow_fri,dow_sat,dow_sun
E07000044,E02004197,1028.46428571,5598.25,1817.5,5.75,2.57142857143,3.5,2.92857142857,2.60714285714,5.89285714286,12.0357142857,32.7142857143,51.0714285714,59.25,77.1071428571,79.3928571429,72.9642857143,71.1071428571,71.8928571429,75.1428571429,77.2142857143,81.3928571429,67.8214285714,53.9642857143,43.1071428571,36.3928571429,25.8928571429,16.75,1083.5,1137.25,1301.0,1077.5,999.0,867.0,734.0
