zone_id,area_id,total,daytype_inweek,daytype_weekend,hod_00h,hod_01h,hod_02h,hod_03h,hod_04h,hod_05h,hod_06h,hod_07h,hod_08h,hod_09h,hod_10h,hod_11h,hod_12h,hod_13h,hod_14h,hod_15h,hod_16h,hod_17h,hod_18h,hod_19h,hod_20h,hod_21h,hod_22h,hod_23h,dow_mon,dow_tue,dow_wed,dow_thu,dow_fri,dow_sat,dow_sun
E06000052,E02003903,1461.25,7923.25,2571.25,7.0,5.42857142857,4.53571428571,4.28571428571,5.21428571429,9.96428571429,32.1071428571,54.9285714286,65.1785714286,81.3571428571,98.7142857143,104.571428571,107.714285714,103.285714286,104.928571429,111.035714286,113.714285714,110.25,88.5714285714,71.7142857143,60.5714285714,49.2142857143,42.0,24.9642857143,1459.75,1646.0,1945.5,1499.5,1372.5,1194.0,1111.5
