zone_id,area_id,total,daytype_inweek,daytype_weekend,hod_00h,hod_01h,hod_02h,hod_03h,hod_04h,hod_05h,hod_06h,hod_07h,hod_08h,hod_09h,hod_10h,hod_11h,hod_12h,hod_13h,hod_14h,hod_15h,hod_16h,hod_17h,hod_18h,hod_19h,hod_20h,hod_21h,hod_22h,hod_23h,dow_mon,dow_tue,dow_wed,dow_thu,dow_fri,dow_sat,dow_sun
W06000020,W02000328,1346.85714286,7272.75,2236.0,5.32142857143,5.03571428571,3.78571428571,1.75,2.0,7.60714285714,19.7142857143,37.4642857143,68.6071428571,71.6785714286,86.4642857143,96.5357142857,99.4642857143,104.214285714,98.7857142857,99.7142857143,101.928571429,98.6071428571,89.1785714286,72.1785714286,59.5357142857,49.4285714286,40.1785714286,27.6785714286,1320.25,1409.0,1759.75,1400.75,1383.0,1239.5,915.75
