zone_id,area_id,total,daytype_inweek,daytype_weekend,hod_00h,hod_01h,hod_02h,hod_03h,hod_04h,hod_05h,hod_06h,hod_07h,hod_08h,hod_09h,hod_10h,hod_11h,hod_12h,hod_13h,hod_14h,hod_15h,hod_16h,hod_17h,hod_18h,hod_19h,hod_20h,hod_21h,hod_22h,hod_23h,dow_mon,dow_tue,dow_wed,dow_thu,dow_fri,dow_sat,dow_sun
E07000032,E02006827,1717.75,9130.5,2938.75,6.25,7.85714285714,4.39285714286,4.21428571429,5.82142857143,14.5357142857,31.3571428571,56.0,79.3571428571,93.6071428571,109.285714286,124.071428571,123.464285714,127.285714286,124.75,122.392857143,125.678571429,127.535714286,114.0,100.714285714,82.25,66.1785714286,43.8214285714,22.9285714286,1648.25,1802.75,2221.75,1753.5,1704.25,1603.25,1290.5
