zone_id,area_id,total,daytype_inweek,daytype_weekend,hod_00h,hod_01h,hod_02h,hod_03h,hod_04h,hod_05h,hod_06h,hod_07h,hod_08h,hod_09h,hod_10h,hod_11h,hod_12h,hod_13h,hod_14h,hod_15h,hod_16h,hod_17h,hod_18h,hod_19h,hod_20h,hod_21h,hod_22h,hod_23h,dow_mon,dow_tue,dow_wed,dow_thu,dow_fri,dow_sat,dow_sun
E07000112,E02005113,3839.21428571,20379.75,6914.75,16.1071428571,15.0714285714,10.9642857143,9.46428571429,10.7857142857,21.4642857143,53.8214285714,112.928571429,164.571428571,200.714285714,257.535714286,278.5,295.0,297.535714286,295.928571429,301.535714286,291.571428571,276.785714286,244.071428571,212.214285714,174.107142857,138.642857143,103.464285714,56.4285714286,3940.25,4386.5,5020.0,3651.25,3381.75,3520.25,2974.5
