zone_id,area_id,total,daytype_inweek,daytype_weekend,hod_00h,hod_01h,hod_02h,hod_03h,hod_04h,hod_05h,hod_06h,hod_07h,hod_08h,hod_09h,hod_10h,hod_11h,hod_12h,hod_13h,hod_14h,hod_15h,hod_16h,hod_17h,hod_18h,hod_19h,hod_20h,hod_21h,hod_22h,hod_23h,dow_mon,dow_tue,dow_wed,dow_thu,dow_fri,dow_sat,dow_sun
E06000024,E02006845,3007.32142857,16110.0,5309.0,13.2142857143,11.6071428571,10.5,9.82142857143,10.7142857143,21.7857142857,46.6428571429,102.392857143,157.321428571,166.928571429,191.178571429,208.142857143,211.75,220.285714286,216.25,210.714285714,223.785714286,235.214285714,200.428571429,163.321428571,137.071428571,103.607142857,84.1071428571,50.5357142857,3090.25,3198.0,3952.25,2895.0,2974.5,2722.5,2218.75
