zone_id,area_id,total,daytype_inweek,daytype_weekend,hod_00h,hod_01h,hod_02h,hod_03h,hod_04h,hod_05h,hod_06h,hod_07h,hod_08h,hod_09h,hod_10h,hod_11h,hod_12h,hod_13h,hod_14h,hod_15h,hod_16h,hod_17h,hod_18h,hod_19h,hod_20h,hod_21h,hod_22h,hod_23h,dow_mon,dow_tue,dow_wed,dow_thu,dow_fri,dow_sat,dow_sun
E07000065,E02004417,3717.46428571,19323.75,6701.75,17.3928571429,14.1428571429,8.75,7.21428571429,7.67857142857,22.7142857143,69.0714285714,170.0,206.75,225.678571429,256.142857143,258.428571429,269.392857143,256.535714286,247.321428571,244.678571429,264.75,284.25,237.642857143,209.142857143,165.678571429,126.535714286,96.0714285714,51.5,3581.75,3695.0,4776.75,3570.75,3699.5,3578.5,3120.0
