zone_id,area_id,total,daytype_inweek,daytype_weekend,hod_00h,hod_01h,hod_02h,hod_03h,hod_04h,hod_05h,hod_06h,hod_07h,hod_08h,hod_09h,hod_10h,hod_11h,hod_12h,hod_13h,hod_14h,hod_15h,hod_16h,hod_17h,hod_18h,hod_19h,hod_20h,hod_21h,hod_22h,hod_23h,dow_mon,dow_tue,dow_wed,dow_thu,dow_fri,dow_sat,dow_sun
E06000026,E02003125,3038.78571429,16154.25,5104.25,14.1071428571,13.6428571429,9.25,7.32142857143,9.82142857143,25.6785714286,66.2142857143,119.821428571,158.0,167.357142857,192.285714286,215.678571429,215.928571429,213.428571429,209.892857143,207.0,229.535714286,222.785714286,196.285714286,166.142857143,132.607142857,109.178571429,84.8571428571,51.9642857143,2785.5,3234.75,3939.0,3042.75,3152.25,2798.5,2318.75
