zone_id,area_id,total,daytype_inweek,daytype_weekend,hod_00h,hod_01h,hod_02h,hod_03h,hod_04h,hod_05h,hod_06h,hod_07h,hod_08h,hod_09h,hod_10h,hod_11h,hod_12h,hod_13h,hod_14h,hod_15h,hod_16h,hod_17h,hod_18h,hod_19h,hod_20h,hod_21h,hod_22h,hod_23h,dow_mon,dow_tue,dow_wed,dow_thu,dow_fri,dow_sat,dow_sun
E07000234,E02006705,908.5,4959.75,1572.25,4.0,3.64285714286,2.85714285714,2.60714285714,2.78571428571,2.78571428571,11.6785714286,27.8214285714,43.6071428571,55.75,56.7857142857,57.3571428571,60.8214285714,61.0,60.1428571429,62.5714285714,61.25,68.8928571429,65.0357142857,59.7857142857,50.0,37.6071428571,31.9642857143,17.75,940.0,1015.75,1220.5,931.0,852.5,767.5,632.25
