zone_id,area_id,total,daytype_inweek,daytype_weekend,hod_00h,hod_01h,hod_02h,hod_03h,hod_04h,hod_05h,hod_06h,hod_07h,hod_08h,hod_09h,hod_10h,hod_11h,hod_12h,hod_13h,hod_14h,hod_15h,hod_16h,hod_17h,hod_18h,hod_19h,hod_20h,hod_21h,hod_22h,hod_23h,dow_mon,dow_tue,dow_wed,dow_thu,dow_fri,dow_sat,dow_sun
E08000032,E02002233,4294.75,22557.5,7682.5,57.5714285714,60.5357142857,39.6428571429,26.5,23.6785714286,36.6071428571,62.0714285714,107.142857143,138.214285714,172.392857143,202.107142857,227.071428571,253.892857143,279.607142857,295.964285714,303.5,310.964285714,325.678571429,303.5,286.285714286,255.821428571,220.75,181.857142857,123.392857143,4214.0,4393.25,5422.25,4181.5,4346.5,4037.25,3468.5
