zone_id,area_id,total,daytype_inweek,daytype_weekend,hod_00h,hod_01h,hod_02h,hod_03h,hod_04h,hod_05h,hod_06h,hod_07h,hod_08h,hod_09h,hod_10h,hod_11h,hod_12h,hod_13h,hod_14h,hod_15h,hod_16h,hod_17h,hod_18h,hod_19h,hod_20h,hod_21h,hod_22h,hod_23h,dow_mon,dow_tue,dow_wed,dow_thu,dow_fri,dow_sat,dow_sun
S12000046,S02001915,3026.82142857,16158.75,5356.75,16.9285714286,17.3571428571,12.6785714286,11.9642857143,13.4642857143,27.75,66.5,132.892857143,182.714285714,147.964285714,160.035714286,181.107142857,193.892857143,197.928571429,207.357142857,222.107142857,230.714285714,221.5,202.214285714,173.0,150.035714286,113.178571429,87.0357142857,56.5,3056.0,3180.5,3951.25,2938.25,3032.75,2728.25,2300.75
