zone_id,area_id,total,daytype_inweek,daytype_weekend,hod_00h,hod_01h,hod_02h,hod_03h,hod_04h,hod_05h,hod_06h,hod_07h,hod_08h,hod_09h,hod_10h,hod_11h,hod_12h,hod_13h,hod_14h,hod_15h,hod_16h,hod_17h,hod_18h,hod_19h,hod_20h,hod_21h,hod_22h,hod_23h,dow_mon,dow_tue,dow_wed,dow_thu,dow_fri,dow_sat,dow_sun
E06000026,E02003151,2856.25,15463.5,4806.75,13.5,11.1785714286,9.03571428571,7.75,8.17857142857,16.3928571429,62.8214285714,112.214285714,156.535714286,167.285714286,184.785714286,188.892857143,192.142857143,190.25,188.678571429,198.071428571,213.642857143,217.321428571,185.857142857,159.428571429,134.321428571,103.571428571,84.3571428571,50.0357142857,2789.25,3113.0,3761.75,2961.75,2837.75,2512.75,2017.5
