zone_id,area_id,total,daytype_inweek,daytype_weekend,hod_00h,hod_01h,hod_02h,hod_03h,hod_04h,hod_05h,hod_06h,hod_07h,hod_08h,hod_09h,hod_10h,hod_11h,hod_12h,hod_13h,hod_14h,hod_15h,hod_16h,hod_17h,hod_18h,hod_19h,hod_20h,hod_21h,hod_22h,hod_23h,dow_mon,dow_tue,dow_wed,dow_thu,dow_fri,dow_sat,dow_sun
E07000108,E02005048,3530.78571429,18572.5,6321.5,20.8928571429,16.5,14.6428571429,11.0714285714,14.6785714286,71.5,73.3214285714,137.071428571,192.107142857,213.785714286,232.071428571,232.107142857,236.714285714,236.892857143,238.714285714,267.571428571,252.892857143,250.714285714,217.285714286,189.964285714,150.571428571,118.464285714,86.5357142857,54.7142857143,3434.25,3604.25,4589.5,3450.0,3494.5,3255.75,2887.25
