zone_id,area_id,total,daytype_inweek,daytype_weekend,hod_00h,hod_01h,hod_02h,hod_03h,hod_04h,hod_05h,hod_06h,hod_07h,hod_08h,hod_09h,hod_10h,hod_11h,hod_12h,hod_13h,hod_14h,hod_15h,hod_16h,hod_17h,hod_18h,hod_19h,hod_20h,hod_21h,hod_22h,hod_23h,dow_mon,dow_tue,dow_wed,dow_thu,dow_fri,dow_sat,dow_sun
E08000002,E02001030,1920.78571429,10190.25,3219.5,12.25,11.8928571429,7.28571428571,5.82142857143,5.53571428571,10.5357142857,28.1428571429,56.2857142857,95.5714285714,98.3571428571,114.75,131.714285714,129.321428571,134.821428571,130.25,130.642857143,139.464285714,144.464285714,130.821428571,118.392857143,104.821428571,82.0357142857,58.1785714286,39.4285714286,1761.0,2086.5,2497.25,1912.75,1932.75,1796.75,1458.5
