zone_id,area_id,total,daytype_inweek,daytype_weekend,hod_00h,hod_01h,hod_02h,hod_03h,hod_04h,hod_05h,hod_06h,hod_07h,hod_08h,hod_09h,hod_10h,hod_11h,hod_12h,hod_13h,hod_14h,hod_15h,hod_16h,hod_17h,hod_18h,hod_19h,hod_20h,hod_21h,hod_22h,hod_23h,dow_mon,dow_tue,dow_wed,dow_thu,dow_fri,dow_sat,dow_sun
E08000017,E02001548,3698.71428571,19612.0,6474.5,18.1428571429,19.9642857143,15.3928571429,16.1785714286,16.5,54.7857142857,84.3928571429,151.285714286,180.142857143,193.678571429,226.75,257.25,266.678571429,263.392857143,272.678571429,264.5,269.25,267.25,235.571428571,195.892857143,167.321428571,130.964285714,84.6071428571,46.1428571429,3583.75,3823.75,4781.0,3560.0,3863.5,3388.25,2890.75
