zone_id,area_id,total,daytype_inweek,daytype_weekend,hod_00h,hod_01h,hod_02h,hod_03h,hod_04h,hod_05h,hod_06h,hod_07h,hod_08h,hod_09h,hod_10h,hod_11h,hod_12h,hod_13h,hod_14h,hod_15h,hod_16h,hod_17h,hod_18h,hod_19h,hod_20h,hod_21h,hod_22h,hod_23h,dow_mon,dow_tue,dow_wed,dow_thu,dow_fri,dow_sat,dow_sun
E08000034,E02002296,3430.71428571,17947.25,5912.25,23.9285714286,22.2142857143,13.9642857143,13.0357142857,11.5,26.5,60.8928571429,120.464285714,165.214285714,170.571428571,188.5,211.392857143,231.857142857,229.964285714,239.25,235.321428571,258.214285714,271.071428571,233.642857143,206.357142857,179.535714286,150.321428571,103.607142857,63.3928571429,3212.25,3518.5,4413.25,3325.75,3477.5,3367.75,2700.0
