zone_id,area_id,total,daytype_inweek,daytype_weekend,hod_00h,hod_01h,hod_02h,hod_03h,hod_04h,hod_05h,hod_06h,hod_07h,hod_08h,hod_09h,hod_10h,hod_11h,hod_12h,hod_13h,hod_14h,hod_15h,hod_16h,hod_17h,hod_18h,hod_19h,hod_20h,hod_21h,hod_22h,hod_23h,dow_mon,dow_tue,dow_wed,dow_thu,dow_fri,dow_sat,dow_sun
E09000030,E02000891,5675.0,31701.75,9050.25,72.9285714286,58.0357142857,35.2142857143,28.1785714286,23.4642857143,33.5714285714,68.1785714286,150.107142857,313.25,346.428571429,341.071428571,359.25,437.714285714,409.321428571,383.178571429,369.25,341.571428571,365.75,357.428571429,314.714285714,277.714285714,232.642857143,197.214285714,158.821428571,5304.25,6160.75,8046.75,6338.75,5851.25,4277.25,3746.0
