zone_id,area_id,total,daytype_inweek,daytype_weekend,hod_00h,hod_01h,hod_02h,hod_03h,hod_04h,hod_05h,hod_06h,hod_07h,hod_08h,hod_09h,hod_10h,hod_11h,hod_12h,hod_13h,hod_14h,hod_15h,hod_16h,hod_17h,hod_18h,hod_19h,hod_20h,hod_21h,hod_22h,hod_23h,dow_mon,dow_tue,dow_wed,dow_thu,dow_fri,dow_sat,dow_sun
W06000014,W02000244,2618.03571429,13801.5,4638.25,10.75,10.5357142857,7.21428571429,7.10714285714,7.32142857143,12.1428571429,29.7142857143,63.3214285714,120.464285714,143.607142857,170.0,178.75,197.392857143,190.857142857,195.142857143,194.071428571,198.5,204.642857143,174.571428571,154.5,126.5,99.1071428571,77.1428571429,44.6785714286,2551.5,2772.25,3345.25,2587.25,2545.25,2438.0,2086.75
