zone_id,area_id,total,daytype_inweek,daytype_weekend,hod_00h,hod_01h,hod_02h,hod_03h,hod_04h,hod_05h,hod_06h,hod_07h,hod_08h,hod_09h,hod_10h,hod_11h,hod_12h,hod_13h,hod_14h,hod_15h,hod_16h,hod_17h,hod_18h,hod_19h,hod_20h,hod_21h,hod_22h,hod_23h,dow_mon,dow_tue,dow_wed,dow_thu,dow_fri,dow_sat,dow_sun
E07000112,E02005109,2301.53571429,12239.25,3885.75,8.85714285714,10.2142857143,7.28571428571,7.0,5.96428571429,21.3928571429,42.6428571429,102.214285714,158.357142857,140.178571429,155.035714286,152.714285714,157.75,152.571428571,151.892857143,149.392857143,159.0,185.178571429,147.571428571,124.107142857,97.3928571429,78.6785714286,50.5357142857,35.6071428571,2189.5,2392.75,2937.0,2296.25,2423.75,2175.25,1696.25
