zone_id,area_id,total,daytype_inweek,daytype_weekend,hod_00h,hod_01h,hod_02h,hod_03h,hod_04h,hod_05h,hod_06h,hod_07h,hod_08h,hod_09h,hod_10h,hod_11h,hod_12h,hod_13h,hod_14h,hod_15h,hod_16h,hod_17h,hod_18h,hod_19h,hod_20h,hod_21h,hod_22h,hod_23h,dow_mon,dow_tue,dow_wed,dow_thu,dow_fri,dow_sat,dow_sun
E07000116,E02005168,3057.32142857,16045.0,5198.0,13.3928571429,13.6785714286,11.75,11.0357142857,8.39285714286,14.1785714286,36.5357142857,95.25,150.535714286,169.214285714,200.035714286,212.892857143,228.107142857,236.571428571,226.607142857,223.75,220.142857143,226.5,197.25,171.964285714,142.785714286,105.392857143,83.25,58.1071428571,2885.5,3108.0,3942.25,3061.5,3047.75,3043.75,2312.5
