zone_id,area_id,total,daytype_inweek,daytype_weekend,hod_00h,hod_01h,hod_02h,hod_03h,hod_04h,hod_05h,hod_06h,hod_07h,hod_08h,hod_09h,hod_10h,hod_11h,hod_12h,hod_13h,hod_14h,hod_15h,hod_16h,hod_17h,hod_18h,hod_19h,hod_20h,hod_21h,hod_22h,hod_23h,dow_mon,dow_tue,dow_wed,dow_thu,dow_fri,dow_sat,dow_sun
E07000210,E02006372,1255.17857143,6677.5,2200.5,4.96428571429,3.53571428571,2.57142857143,2.17857142857,3.60714285714,6.21428571429,20.3928571429,53.6071428571,77.9285714286,75.9285714286,81.2857142857,83.6785714286,84.7142857143,85.9642857143,81.2142857143,79.4642857143,91.3928571429,95.3214285714,84.8571428571,75.6785714286,61.0714285714,47.3571428571,33.1785714286,19.0714285714,1243.0,1369.25,1660.0,1224.0,1181.25,1151.25,957.5
