zone_id,area_id,total,daytype_inweek,daytype_weekend,hod_00h,hod_01h,hod_02h,hod_03h,hod_04h,hod_05h,hod_06h,hod_07h,hod_08h,hod_09h,hod_10h,hod_11h,hod_12h,hod_13h,hod_14h,hod_15h,hod_16h,hod_17h,hod_18h,hod_19h,hod_20h,hod_21h,hod_22h,hod_23h,dow_mon,dow_tue,dow_wed,dow_thu,dow_fri,dow_sat,dow_sun
E06000020,E02002933,2316.89285714,12533.75,3916.0,9.96428571429,9.57142857143,5.85714285714,5.89285714286,10.2142857143,21.7857142857,37.6785714286,95.5,131.571428571,126.857142857,136.107142857,144.785714286,156.5,155.571428571,153.607142857,162.392857143,176.928571429,183.857142857,157.142857143,135.75,108.071428571,83.6785714286,67.3214285714,40.2857142857,2256.75,2451.5,3084.5,2388.0,2353.0,2025.25,1659.25
