zone_id,area_id,total,daytype_inweek,daytype_weekend,hod_00h,hod_01h,hod_02h,hod_03h,hod_04h,hod_05h,hod_06h,hod_07h,hod_08h,hod_09h,hod_10h,hod_11h,hod_12h,hod_13h,hod_14h,hod_15h,hod_16h,hod_17h,hod_18h,hod_19h,hod_20h,hod_21h,hod_22h,hod_23h,dow_mon,dow_tue,dow_wed,dow_thu,dow_fri,dow_sat,dow_sun
S12000029,S02002414,1439.53571429,7672.75,2578.25,6.78571428571,10.1071428571,5.82142857143,5.82142857143,5.25,8.32142857143,27.9285714286,44.25,81.7142857143,79.25,84.2857142857,88.0714285714,97.5357142857,95.6785714286,95.6071428571,103.607142857,104.285714286,106.071428571,100.214285714,89.8571428571,68.5714285714,57.75,44.2142857143,28.5357142857,1458.5,1466.0,1822.5,1459.0,1466.75,1284.25,1119.75
