zone_id,area_id,total,daytype_inweek,daytype_weekend,hod_00h,hod_01h,hod_02h,hod_03h,hod_04h,hod_05h,hod_06h,hod_07h,hod_08h,hod_09h,hod_10h,hod_11h,hod_12h,hod_13h,hod_14h,hod_15h,hod_16h,hod_17h,hod_18h,hod_19h,hod_20h,hod_21h,hod_22h,hod_23h,dow_mon,dow_tue,dow_wed,dow_thu,dow_fri,dow_sat,dow_sun
E06000057,E02005715,8958.92857143,47776.5,15521.75,35.3571428571,34.0714285714,25.8571428571,23.0,26.0,60.2142857143,167.964285714,365.964285714,472.285714286,480.142857143,555.25,625.607142857,682.571428571,681.357142857,691.214285714,686.0,714.214285714,680.0,571.035714286,459.464285714,340.392857143,266.035714286,197.857142857,117.071428571,8732.0,9342.25,11505.75,8971.5,9225.0,8146.25,6789.75
