zone_id,area_id,total,daytype_inweek,daytype_weekend,hod_00h,hod_01h,hod_02h,hod_03h,hod_04h,hod_05h,hod_06h,hod_07h,hod_08h,hod_09h,hod_10h,hod_11h,hod_12h,hod_13h,hod_14h,hod_15h,hod_16h,hod_17h,hod_18h,hod_19h,hod_20h,hod_21h,hod_22h,hod_23h,dow_mon,dow_tue,dow_wed,dow_thu,dow_fri,dow_sat,dow_sun
E06000051,E02006015,2062.53571429,11260.25,3493.75,8.85714285714,9.35714285714,7.03571428571,7.75,12.8928571429,22.7142857143,49.5,101.75,129.071428571,128.142857143,138.357142857,134.642857143,133.214285714,137.642857143,132.785714286,138.321428571,150.821428571,160.25,130.25,108.642857143,88.6428571429,67.5714285714,43.1071428571,21.2142857143,2058.25,2173.25,2763.0,2171.75,2094.0,1742.0,1435.5
