zone_id,area_id,total,daytype_inweek,daytype_weekend,hod_00h,hod_01h,hod_02h,hod_03h,hod_04h,hod_05h,hod_06h,hod_07h,hod_08h,hod_09h,hod_10h,hod_11h,hod_12h,hod_13h,hod_14h,hod_15h,hod_16h,hod_17h,hod_18h,hod_19h,hod_20h,hod_21h,hod_22h,hod_23h,dow_mon,dow_tue,dow_wed,dow_thu,dow_fri,dow_sat,dow_sun
E08000034,E02002326,1953.67857143,10125.75,3365.0,6.0,8.35714285714,4.5,5.32142857143,5.03571428571,12.9642857143,33.0714285714,85.4642857143,124.0,120.678571429,125.678571429,139.071428571,136.428571429,129.785714286,127.25,127.428571429,135.928571429,155.285714286,131.178571429,111.821428571,91.1071428571,66.2142857143,47.5,23.6071428571,1828.25,2067.25,2468.75,1805.0,1956.5,2013.25,1536.75
