zone_id,area_id,total,daytype_inweek,daytype_weekend,hod_00h,hod_01h,hod_02h,hod_03h,hod_04h,hod_05h,hod_06h,hod_07h,hod_08h,hod_09h,hod_10h,hod_11h,hod_12h,hod_13h,hod_14h,hod_15h,hod_16h,hod_17h,hod_18h,hod_19h,hod_20h,hod_21h,hod_22h,hod_23h,dow_mon,dow_tue,dow_wed,dow_thu,dow_fri,dow_sat,dow_sun
E07000052,E02004274,2208.28571429,11646.0,3983.75,7.64285714286,3.96428571429,2.92857142857,2.64285714286,2.92857142857,6.21428571429,20.8571428571,63.1428571429,96.3571428571,128.285714286,164.142857143,176.5,173.535714286,165.178571429,164.785714286,170.142857143,176.071428571,180.607142857,138.5,114.25,90.9285714286,73.2857142857,55.0714285714,30.3214285714,2164.75,2251.5,2829.5,2325.0,2075.25,1993.0,1819.0
