zone_id,area_id,total,daytype_inweek,daytype_weekend,hod_00h,hod_01h,hod_02h,hod_03h,hod_04h,hod_05h,hod_06h,hod_07h,hod_08h,hod_09h,hod_10h,hod_11h,hod_12h,hod_13h,hod_14h,hod_15h,hod_16h,hod_17h,hod_18h,hod_19h,hod_20h,hod_21h,hod_22h,hod_23h,dow_mon,dow_tue,dow_wed,dow_thu,dow_fri,dow_sat,dow_sun
E08000017,E02001539,1390.10714286,7503.25,2332.5,5.82142857143,8.07142857143,5.39285714286,4.92857142857,9.75,25.0357142857,31.1071428571,62.1071428571,71.8214285714,74.1071428571,83.5,91.0714285714,98.1428571429,97.5357142857,101.107142857,95.2857142857,101.464285714,103.892857143,87.8928571429,71.5714285714,59.7142857143,47.1428571429,35.75,17.8928571429,1307.75,1573.0,1807.25,1404.5,1410.75,1202.75,1024.75
