zone_id,area_id,total,daytype_inweek,daytype_weekend,hod_00h,hod_01h,hod_02h,hod_03h,hod_04h,hod_05h,hod_06h,hod_07h,hod_08h,hod_09h,hod_10h,hod_11h,hod_12h,hod_13h,hod_14h,hod_15h,hod_16h,hod_17h,hod_18h,hod_19h,hod_20h,hod_21h,hod_22h,hod_23h,dow_mon,dow_tue,dow_wed,dow_thu,dow_fri,dow_sat,dow_sun
E06000004,E02002541,1863.78571429,10094.25,3019.5,8.92857142857,9.89285714286,5.60714285714,6.14285714286,5.57142857143,9.17857142857,25.3571428571,66.6785714286,88.0,102.607142857,115.035714286,129.142857143,140.714285714,138.464285714,133.107142857,138.678571429,145.571428571,140.392857143,123.571428571,106.75,83.7857142857,66.0357142857,44.6428571429,29.9285714286,1732.0,1943.5,2527.25,1900.0,1991.5,1664.75,1287.5
