zone_id,area_id,total,daytype_inweek,daytype_weekend,hod_00h,hod_01h,hod_02h,hod_03h,hod_04h,hod_05h,hod_06h,hod_07h,hod_08h,hod_09h,hod_10h,hod_11h,hod_12h,hod_13h,hod_14h,hod_15h,hod_16h,hod_17h,hod_18h,hod_19h,hod_20h,hod_21h,hod_22h,hod_23h,dow_mon,dow_tue,dow_wed,dow_thu,dow_fri,dow_sat,dow_sun
E07000128,E02005328,3300.25,17501.5,5698.0,13.8214285714,14.3928571429,10.2142857143,8.75,6.89285714286,15.5714285714,37.9642857143,98.1071428571,155.678571429,175.714285714,210.642857143,234.785714286,245.678571429,254.071428571,255.5,243.357142857,252.285714286,239.714285714,219.321428571,193.321428571,152.357142857,120.285714286,89.7857142857,52.0357142857,3135.0,3487.25,4302.75,3215.5,3361.0,3037.25,2563.0
