zone_id,area_id,total,daytype_inweek,daytype_weekend,hod_00h,hod_01h,hod_02h,hod_03h,hod_04h,hod_05h,hod_06h,hod_07h,hod_08h,hod_09h,hod_10h,hod_11h,hod_12h,hod_13h,hod_14h,hod_15h,hod_16h,hod_17h,hod_18h,hod_19h,hod_20h,hod_21h,hod_22h,hod_23h,dow_mon,dow_tue,dow_wed,dow_thu,dow_fri,dow_sat,dow_sun
S12000027,S02002323,515.928571429,2759.0,875.5,0.607142857143,1.57142857143,1.28571428571,1.42857142857,2.0,4.07142857143,15.3928571429,26.3928571429,32.25,25.1428571429,28.2857142857,26.8928571429,31.2142857143,35.5,34.2142857143,42.1785714286,45.9285714286,45.5357142857,31.5357142857,28.4642857143,21.7857142857,17.8928571429,11.6071428571,4.75,500.75,553.75,676.0,521.5,507.0,477.75,374.75
