zone_id,area_id,total,daytype_inweek,daytype_weekend,hod_00h,hod_01h,hod_02h,hod_03h,hod_04h,hod_05h,hod_06h,hod_07h,hod_08h,hod_09h,hod_10h,hod_11h,hod_12h,hod_13h,hod_14h,hod_15h,hod_16h,hod_17h,hod_18h,hod_19h,hod_20h,hod_21h,hod_22h,hod_23h,dow_mon,dow_tue,dow_wed,dow_thu,dow_fri,dow_sat,dow_sun
S12000036,S02001621,12160.4642857,61861.0,22171.5,104.857142857,167.285714286,126.428571429,114.785714286,84.75,99.4642857143,128.035714286,311.678571429,565.285714286,552.571428571,610.5,697.714285714,755.535714286,790.107142857,778.428571429,806.464285714,856.428571429,928.392857143,854.107142857,716.178571429,626.964285714,551.0,491.0,442.5,11842.0,11610.25,14258.25,11427.5,12723.0,12932.75,10329.5
