zone_id,area_id,total,daytype_inweek,daytype_weekend,hod_00h,hod_01h,hod_02h,hod_03h,hod_04h,hod_05h,hod_06h,hod_07h,hod_08h,hod_09h,hod_10h,hod_11h,hod_12h,hod_13h,hod_14h,hod_15h,hod_16h,hod_17h,hod_18h,hod_19h,hod_20h,hod_21h,hod_22h,hod_23h,dow_mon,dow_tue,dow_wed,dow_thu,dow_fri,dow_sat,dow_sun
S12000046,S02001878,2126.21428571,11341.75,3743.5,12.1428571429,14.0,10.1428571429,9.32142857143,8.28571428571,14.0,26.9285714286,93.8571428571,152.357142857,119.75,109.642857143,115.857142857,129.928571429,127.821428571,132.785714286,139.821428571,154.535714286,169.785714286,160.642857143,133.357142857,104.964285714,80.9285714286,66.2857142857,39.0714285714,2131.25,2206.0,2703.75,2140.0,2160.75,1929.5,1612.25
