zone_id,area_id,total,daytype_inweek,daytype_weekend,hod_00h,hod_01h,hod_02h,hod_03h,hod_04h,hod_05h,hod_06h,hod_07h,hod_08h,hod_09h,hod_10h,hod_11h,hod_12h,hod_13h,hod_14h,hod_15h,hod_16h,hod_17h,hod_18h,hod_19h,hod_20h,hod_21h,hod_22h,hod_23h,dow_mon,dow_tue,dow_wed,dow_thu,dow_fri,dow_sat,dow_sun
E06000057,E02005737,4063.53571429,21492.25,7114.5,16.0,15.5357142857,10.3214285714,7.39285714286,8.21428571429,21.75,70.0357142857,173.214285714,208.357142857,209.857142857,259.607142857,292.035714286,307.535714286,299.75,310.464285714,307.714285714,326.035714286,311.5,259.178571429,218.535714286,169.464285714,118.928571429,90.1785714286,51.9285714286,4050.75,4129.5,5299.75,3943.75,4068.5,3888.75,3063.75
