zone_id,area_id,total,daytype_inweek,daytype_weekend,hod_00h,hod_01h,hod_02h,hod_03h,hod_04h,hod_05h,hod_06h,hod_07h,hod_08h,hod_09h,hod_10h,hod_11h,hod_12h,hod_13h,hod_14h,hod_15h,hod_16h,hod_17h,hod_18h,hod_19h,hod_20h,hod_21h,hod_22h,hod_23h,dow_mon,dow_tue,dow_wed,dow_thu,dow_fri,dow_sat,dow_sun
E08000032,E02002206,3572.53571429,18769.0,6158.75,27.1785714286,29.5357142857,17.9642857143,13.3928571429,13.9285714286,28.6071428571,64.3928571429,125.535714286,174.785714286,173.714285714,192.214285714,215.25,231.642857143,240.428571429,243.178571429,249.928571429,275.928571429,284.892857143,246.5,224.285714286,178.428571429,149.0,105.107142857,66.7142857143,3354.25,3652.5,4585.25,3512.25,3664.75,3434.25,2804.5
