zone_id,area_id,total,daytype_inweek,daytype_weekend,hod_00h,hod_01h,hod_02h,hod_03h,hod_04h,hod_05h,hod_06h,hod_07h,hod_08h,hod_09h,hod_10h,hod_11h,hod_12h,hod_13h,hod_14h,hod_15h,hod_16h,hod_17h,hod_18h,hod_19h,hod_20h,hod_21h,hod_22h,hod_23h,dow_mon,dow_tue,dow_wed,dow_thu,dow_fri,dow_sat,dow_sun
E08000014,E02001431,3222.14285714,16950.25,5668.0,14.1785714286,16.7857142857,11.5714285714,10.2857142857,7.5,15.7857142857,34.3571428571,98.0357142857,159.75,184.035714286,198.714285714,211.642857143,227.642857143,233.25,230.285714286,234.821428571,247.642857143,258.428571429,214.714285714,199.392857143,154.071428571,120.892857143,86.0,52.3571428571,3155.75,3353.5,4058.5,3175.75,3206.75,3092.5,2512.25
