zone_id,area_id,total,daytype_inweek,daytype_weekend,hod_00h,hod_01h,hod_02h,hod_03h,hod_04h,hod_05h,hod_06h,hod_07h,hod_08h,hod_09h,hod_10h,hod_11h,hod_12h,hod_13h,hod_14h,hod_15h,hod_16h,hod_17h,hod_18h,hod_19h,hod_20h,hod_21h,hod_22h,hod_23h,dow_mon,dow_tue,dow_wed,dow_thu,dow_fri,dow_sat,dow_sun
E06000044,E02003533,2124.42857143,11186.75,3623.5,9.67857142857,10.8214285714,7.42857142857,5.25,5.92857142857,19.1071428571,48.5714285714,94.4642857143,123.75,110.214285714,115.892857143,134.142857143,150.071428571,149.214285714,142.0,141.571428571,151.392857143,156.285714286,138.678571429,113.857142857,98.5,84.8928571429,61.8928571429,50.8214285714,1956.25,2240.0,2665.25,2076.5,2248.75,2017.0,1667.25
