zone_id,area_id,total,daytype_inweek,daytype_weekend,hod_00h,hod_01h,hod_02h,hod_03h,hod_04h,hod_05h,hod_06h,hod_07h,hod_08h,hod_09h,hod_10h,hod_11h,hod_12h,hod_13h,hod_14h,hod_15h,hod_16h,hod_17h,hod_18h,hod_19h,hod_20h,hod_21h,hod_22h,hod_23h,dow_mon,dow_tue,dow_wed,dow_thu,dow_fri,dow_sat,dow_sun
E07000094,E02004837,2702.35714286,14581.25,4635.25,12.1428571429,12.25,9.92857142857,8.71428571429,7.89285714286,11.9642857143,31.1071428571,99.6428571429,176.321428571,168.178571429,180.0,186.214285714,188.357142857,181.464285714,181.321428571,183.107142857,196.571428571,214.0,175.214285714,149.392857143,117.464285714,92.4642857143,73.5,45.1428571429,2656.75,2851.25,3493.0,2821.0,2759.25,2356.75,1978.5
