zone_id,area_id,total,daytype_inweek,daytype_weekend,hod_00h,hod_01h,hod_02h,hod_03h,hod_04h,hod_05h,hod_06h,hod_07h,hod_08h,hod_09h,hod_10h,hod_11h,hod_12h,hod_13h,hod_14h,hod_15h,hod_16h,hod_17h,hod_18h,hod_19h,hod_20h,hod_21h,hod_22h,hod_23h,dow_mon,dow_tue,dow_wed,dow_thu,dow_fri,dow_sat,dow_sun
E06000011,E02002696,3168.92857143,17113.75,5400.5,15.75,11.7142857143,8.28571428571,7.39285714286,8.64285714286,22.25,56.2142857143,138.714285714,188.75,200.785714286,219.285714286,238.285714286,239.321428571,240.535714286,221.857142857,222.285714286,242.535714286,227.821428571,181.535714286,153.071428571,119.678571429,96.8214285714,67.5,39.8928571429,3070.75,3384.0,4333.0,3268.5,3057.5,2739.0,2329.75
