zone_id,area_id,total,daytype_inweek,daytype_weekend,hod_00h,hod_01h,hod_02h,hod_03h,hod_04h,hod_05h,hod_06h,hod_07h,hod_08h,hod_09h,hod_10h,hod_11h,hod_12h,hod_13h,hod_14h,hod_15h,hod_16h,hod_17h,hod_18h,hod_19h,hod_20h,hod_21h,hod_22h,hod_23h,dow_mon,dow_tue,dow_wed,dow_thu,dow_fri,dow_sat,dow_sun
E07000047,E02004229,2216.92857143,11970.25,3867.25,7.75,7.39285714286,7.71428571429,6.10714285714,6.28571428571,19.6785714286,39.8928571429,92.4642857143,126.25,134.5,150.5,145.535714286,147.75,143.892857143,137.071428571,135.964285714,152.464285714,164.178571429,146.5,128.678571429,104.142857143,92.1428571429,74.8571428571,45.2142857143,2258.5,2385.25,2790.75,2380.5,2155.25,1939.5,1608.75
