zone_id,area_id,total,daytype_inweek,daytype_weekend,hod_00h,hod_01h,hod_02h,hod_03h,hod_04h,hod_05h,hod_06h,hod_07h,hod_08h,hod_09h,hod_10h,hod_11h,hod_12h,hod_13h,hod_14h,hod_15h,hod_16h,hod_17h,hod_18h,hod_19h,hod_20h,hod_21h,hod_22h,hod_23h,dow_mon,dow_tue,dow_wed,dow_thu,dow_fri,dow_sat,dow_sun
E07000235,E02006718,822.178571429,4414.5,1453.75,4.5,2.67857142857,2.67857142857,1.85714285714,3.03571428571,4.46428571429,8.25,29.75,47.7857142857,54.0357142857,57.7857142857,56.2857142857,56.0,51.3571428571,53.5,57.25,56.8214285714,58.3928571429,50.8571428571,42.9285714286,38.8214285714,36.1428571429,29.0,18.0,832.75,841.5,1071.0,875.75,793.5,719.75,621.0
