zone_id,area_id,total,daytype_inweek,daytype_weekend,hod_00h,hod_01h,hod_02h,hod_03h,hod_04h,hod_05h,hod_06h,hod_07h,hod_08h,hod_09h,hod_10h,hod_11h,hod_12h,hod_13h,hod_14h,hod_15h,hod_16h,hod_17h,hod_18h,hod_19h,hod_20h,hod_21h,hod_22h,hod_23h,dow_mon,dow_tue,dow_wed,dow_thu,dow_fri,dow_sat,dow_sun
E06000015,E02002810,2159.10714286,11365.75,3753.75,7.64285714286,8.71428571429,8.17857142857,7.78571428571,7.0,18.8571428571,43.75,97.6071428571,125.214285714,124.464285714,137.75,148.642857143,145.428571429,138.678571429,142.035714286,141.857142857,160.357142857,163.107142857,141.571428571,132.142857143,104.571428571,72.8214285714,55.3214285714,25.6071428571,2057.25,2220.75,2737.75,2102.5,2247.5,2051.5,1696.5
