zone_id,area_id,total,daytype_inweek,daytype_weekend,hod_00h,hod_01h,hod_02h,hod_03h,hod_04h,hod_05h,hod_06h,hod_07h,hod_08h,hod_09h,hod_10h,hod_11h,hod_12h,hod_13h,hod_14h,hod_15h,hod_16h,hod_17h,hod_18h,hod_19h,hod_20h,hod_21h,hod_22h,hod_23h,dow_mon,dow_tue,dow_wed,dow_thu,dow_fri,dow_sat,dow_sun
E06000054,E02006695,3393.39285714,18347.0,5911.5,12.5714285714,9.07142857143,5.64285714286,6.60714285714,10.25,25.6071428571,66.8571428571,160.857142857,194.0,220.714285714,229.178571429,231.5,231.5,225.035714286,228.5,238.964285714,255.285714286,262.928571429,219.928571429,187.428571429,130.035714286,107.928571429,84.6071428571,48.3928571429,3411.25,3495.0,4440.5,3418.5,3581.75,2906.5,2500.25
