zone_id,area_id,total,daytype_inweek,daytype_weekend,hod_00h,hod_01h,hod_02h,hod_03h,hod_04h,hod_05h,hod_06h,hod_07h,hod_08h,hod_09h,hod_10h,hod_11h,hod_12h,hod_13h,hod_14h,hod_15h,hod_16h,hod_17h,hod_18h,hod_19h,hod_20h,hod_21h,hod_22h,hod_23h,dow_mon,dow_tue,dow_wed,dow_thu,dow_fri,dow_sat,dow_sun
S12000041,S02001349,1850.78571429,9957.5,3297.75,5.71428571429,7.39285714286,4.71428571429,3.96428571429,3.92857142857,11.9642857143,28.9285714286,76.8928571429,122.321428571,102.821428571,110.464285714,117.785714286,127.357142857,131.107142857,135.071428571,145.071428571,155.571428571,146.964285714,114.642857143,97.3571428571,73.8571428571,58.8928571429,43.2142857143,24.7857142857,1908.0,1995.0,2426.0,1825.0,1803.5,1608.25,1389.75
