zone_id,area_id,total,daytype_inweek,daytype_weekend,hod_00h,hod_01h,hod_02h,hod_03h,hod_04h,hod_05h,hod_06h,hod_07h,hod_08h,hod_09h,hod_10h,hod_11h,hod_12h,hod_13h,hod_14h,hod_15h,hod_16h,hod_17h,hod_18h,hod_19h,hod_20h,hod_21h,hod_22h,hod_23h,dow_mon,dow_tue,dow_wed,dow_thu,dow_fri,dow_sat,dow_sun
E06000045,E02003557,4786.03571429,25699.0,7927.5,28.3571428571,31.1428571429,22.2857142857,21.0357142857,16.3928571429,28.1785714286,68.5357142857,166.5,281.285714286,255.928571429,293.892857143,306.392857143,319.821428571,323.785714286,327.035714286,325.142857143,349.678571429,376.928571429,331.285714286,279.5,226.714285714,183.464285714,134.571428571,88.1785714286,4502.5,5117.5,6262.25,4793.25,5023.5,4378.25,3425.0
