zone_id,area_id,total,daytype_inweek,daytype_weekend,hod_00h,hod_01h,hod_02h,hod_03h,hod_04h,hod_05h,hod_06h,hod_07h,hod_08h,hod_09h,hod_10h,hod_11h,hod_12h,hod_13h,hod_14h,hod_15h,hod_16h,hod_17h,hod_18h,hod_19h,hod_20h,hod_21h,hod_22h,hod_23h,dow_mon,dow_tue,dow_wed,dow_thu,dow_fri,dow_sat,dow_sun
E09000028,E02000818,2109.85714286,11149.25,3703.75,28.0357142857,26.4642857143,18.0357142857,12.5714285714,12.2857142857,14.5,24.7142857143,49.0357142857,97.3928571429,109.214285714,114.857142857,122.25,134.0,143.392857143,135.785714286,133.714285714,137.678571429,144.035714286,139.357142857,133.214285714,121.607142857,105.357142857,88.6071428571,63.75,2015.5,2202.5,2743.5,2104.25,2083.5,1931.5,1688.25
