zone_id,area_id,total,daytype_inweek,daytype_weekend,hod_00h,hod_01h,hod_02h,hod_03h,hod_04h,hod_05h,hod_06h,hod_07h,hod_08h,hod_09h,hod_10h,hod_11h,hod_12h,hod_13h,hod_14h,hod_15h,hod_16h,hod_17h,hod_18h,hod_19h,hod_20h,hod_21h,hod_22h,hod_23h,dow_mon,dow_tue,dow_wed,dow_thu,dow_fri,dow_sat,dow_sun
E07000221,E02006506,1342.60714286,7192.25,2378.0,7.67857142857,6.42857142857,5.21428571429,4.35714285714,4.0,11.6785714286,26.75,52.3928571429,74.7857142857,80.4642857143,86.8214285714,85.0714285714,85.9285714286,88.3571428571,89.5357142857,90.75,89.6785714286,95.8571428571,90.2857142857,81.5357142857,64.7857142857,49.4285714286,45.6428571429,25.1785714286,1323.75,1460.5,1794.75,1375.75,1237.5,1151.75,1054.25
