zone_id,area_id,total,daytype_inweek,daytype_weekend,hod_00h,hod_01h,hod_02h,hod_03h,hod_04h,hod_05h,hod_06h,hod_07h,hod_08h,hod_09h,hod_10h,hod_11h,hod_12h,hod_13h,hod_14h,hod_15h,hod_16h,hod_17h,hod_18h,hod_19h,hod_20h,hod_21h,hod_22h,hod_23h,dow_mon,dow_tue,dow_wed,dow_thu,dow_fri,dow_sat,dow_sun
E07000132,E02005386,2316.32142857,12492.0,3916.75,9.75,8.75,8.35714285714,6.07142857143,7.03571428571,15.4642857143,33.2142857143,75.8214285714,123.142857143,140.464285714,153.142857143,159.464285714,173.142857143,156.142857143,160.821428571,161.357142857,165.607142857,166.0,155.892857143,139.642857143,112.392857143,88.1071428571,63.3214285714,33.2142857143,2249.25,2544.75,3089.0,2302.25,2306.75,2054.75,1667.5
