zone_id,area_id,total,daytype_inweek,daytype_weekend,hod_00h,hod_01h,hod_02h,hod_03h,hod_04h,hod_05h,hod_06h,hod_07h,hod_08h,hod_09h,hod_10h,hod_11h,hod_12h,hod_13h,hod_14h,hod_15h,hod_16h,hod_17h,hod_18h,hod_19h,hod_20h,hod_21h,hod_22h,hod_23h,dow_mon,dow_tue,dow_wed,dow_thu,dow_fri,dow_sat,dow_sun
E09000015,E02006795,1480.75,7737.0,2594.25,11.0714285714,10.4285714286,7.5,4.92857142857,4.92857142857,8.32142857143,17.1428571429,33.9642857143,60.0357142857,77.1428571429,88.1428571429,93.6785714286,101.285714286,101.714285714,105.071428571,98.8928571429,99.8571428571,105.607142857,106.178571429,103.571428571,87.4285714286,71.25,52.0714285714,30.5357142857,1418.0,1477.75,1905.75,1443.5,1492.0,1452.0,1176.25
