zone_id,area_id,total,daytype_inweek,daytype_weekend,hod_00h,hod_01h,hod_02h,hod_03h,hod_04h,hod_05h,hod_06h,hod_07h,hod_08h,hod_09h,hod_10h,hod_11h,hod_12h,hod_13h,hod_14h,hod_15h,hod_16h,hod_17h,hod_18h,hod_19h,hod_20h,hod_21h,hod_22h,hod_23h,dow_mon,dow_tue,dow_wed,dow_thu,dow_fri,dow_sat,dow_sun
E06000057,E02005719,3218.42857143,16865.0,5987.0,15.25,12.1785714286,9.71428571429,9.0,9.67857142857,20.6428571429,53.9285714286,118.428571429,141.428571429,168.714285714,202.071428571,225.142857143,250.857142857,248.285714286,248.571428571,255.321428571,244.321428571,244.892857143,202.75,173.428571429,129.964285714,107.428571429,76.3928571429,50.0357142857,3491.25,3221.5,3964.25,3027.25,3160.75,3168.25,2495.75
