zone_id,area_id,total,daytype_inweek,daytype_weekend,hod_00h,hod_01h,hod_02h,hod_03h,hod_04h,hod_05h,hod_06h,hod_07h,hod_08h,hod_09h,hod_10h,hod_11h,hod_12h,hod_13h,hod_14h,hod_15h,hod_16h,hod_17h,hod_18h,hod_19h,hod_20h,hod_21h,hod_22h,hod_23h,dow_mon,dow_tue,dow_wed,dow_thu,dow_fri,dow_sat,dow_sun
E06000028,E02003176,2834.28571429,15008.25,4867.5,12.6428571429,11.7142857143,9.10714285714,7.85714285714,9.35714285714,18.5,45.3214285714,107.964285714,148.285714286,152.464285714,165.392857143,187.035714286,196.5,200.178571429,193.107142857,191.857142857,206.214285714,220.142857143,197.928571429,164.357142857,133.035714286,117.035714286,91.6785714286,46.6071428571,2661.0,2900.75,3600.0,2829.0,3017.5,2625.25,2206.5
