zone_id,area_id,total,daytype_inweek,daytype_weekend,hod_00h,hod_01h,hod_02h,hod_03h,hod_04h,hod_05h,hod_06h,hod_07h,hod_08h,hod_09h,hod_10h,hod_11h,hod_12h,hod_13h,hod_14h,hod_15h,hod_16h,hod_17h,hod_18h,hod_19h,hod_20h,hod_21h,hod_22h,hod_23h,dow_mon,dow_tue,dow_wed,dow_thu,dow_fri,dow_sat,dow_sun
E06000038,E02003398,3719.21428571,19725.25,6325.5,29.0,30.7857142857,26.7142857143,19.8571428571,15.5,25.7857142857,62.5,126.285714286,211.678571429,192.0,200.821428571,212.678571429,237.178571429,244.285714286,256.071428571,245.535714286,257.928571429,284.178571429,265.464285714,224.75,189.75,155.0,121.142857143,84.3214285714,3521.0,3883.0,4964.25,3626.75,3730.25,3504.75,2804.5
