zone_id,area_id,total,daytype_inweek,daytype_weekend,hod_00h,hod_01h,hod_02h,hod_03h,hod_04h,hod_05h,hod_06h,hod_07h,hod_08h,hod_09h,hod_10h,hod_11h,hod_12h,hod_13h,hod_14h,hod_15h,hod_16h,hod_17h,hod_18h,hod_19h,hod_20h,hod_21h,hod_22h,hod_23h,dow_mon,dow_tue,dow_wed,dow_thu,dow_fri,dow_sat,dow_sun
E08000029,E02002106,3169.71428571,16614.75,5495.75,14.9642857143,14.1785714286,10.25,7.57142857143,10.2857142857,20.0357142857,34.6785714286,90.25,161.571428571,192.821428571,210.464285714,227.107142857,233.821428571,232.964285714,222.25,225.428571429,217.107142857,224.5,211.714285714,188.535714286,149.035714286,116.142857143,92.6428571429,61.3928571429,2962.5,3234.25,4011.5,3172.25,3234.25,3040.0,2533.25
