zone_id,area_id,total,daytype_inweek,daytype_weekend,hod_00h,hod_01h,hod_02h,hod_03h,hod_04h,hod_05h,hod_06h,hod_07h,hod_08h,hod_09h,hod_10h,hod_11h,hod_12h,hod_13h,hod_14h,hod_15h,hod_16h,hod_17h,hod_18h,hod_19h,hod_20h,hod_21h,hod_22h,hod_23h,dow_mon,dow_tue,dow_wed,dow_thu,dow_fri,dow_sat,dow_sun
S12000021,S02002108,2453.35714286,13218.25,4153.25,8.10714285714,11.3571428571,6.71428571429,5.64285714286,6.17857142857,14.5357142857,29.3214285714,61.4285714286,109.642857143,123.285714286,151.678571429,174.0,194.035714286,209.0,207.642857143,207.25,193.857142857,172.678571429,149.678571429,134.642857143,113.857142857,83.6785714286,54.7857142857,30.3571428571,2427.75,2597.75,3265.75,2497.5,2429.5,2229.75,1725.5
