zone_id,area_id,total,daytype_inweek,daytype_weekend,hod_00h,hod_01h,hod_02h,hod_03h,hod_04h,hod_05h,hod_06h,hod_07h,hod_08h,hod_09h,hod_10h,hod_11h,hod_12h,hod_13h,hod_14h,hod_15h,hod_16h,hod_17h,hod_18h,hod_19h,hod_20h,hod_21h,hod_22h,hod_23h,dow_mon,dow_tue,dow_wed,dow_thu,dow_fri,dow_sat,dow_sun
E09000002,E02000012,2189.5,11218.25,3938.0,26.4642857143,23.1428571429,17.0357142857,12.1071428571,13.8928571429,15.0357142857,27.4285714286,55.3928571429,77.6428571429,100.678571429,118.357142857,136.5,143.142857143,143.821428571,141.285714286,135.785714286,141.107142857,148.964285714,144.678571429,144.25,137.607142857,123.428571429,97.1071428571,64.6428571429,2038.0,2241.25,2833.0,1962.75,2143.25,2208.25,1900.0
