zone_id,area_id,total,daytype_inweek,daytype_weekend,hod_00h,hod_01h,hod_02h,hod_03h,hod_04h,hod_05h,hod_06h,hod_07h,hod_08h,hod_09h,hod_10h,hod_11h,hod_12h,hod_13h,hod_14h,hod_15h,hod_16h,hod_17h,hod_18h,hod_19h,hod_20h,hod_21h,hod_22h,hod_23h,dow_mon,dow_tue,dow_wed,dow_thu,dow_fri,dow_sat,dow_sun
E08000031,E02002177,3695.92857143,19844.0,6217.25,23.5357142857,27.5,22.5714285714,17.2142857143,21.3928571429,57.8571428571,74.3571428571,141.357142857,171.25,186.964285714,213.642857143,229.714285714,252.428571429,247.642857143,250.607142857,236.821428571,267.214285714,269.892857143,246.821428571,211.464285714,184.142857143,148.071428571,119.357142857,74.1071428571,3546.25,3861.5,4842.5,3750.25,3843.5,3356.5,2671.0
