zone_id,area_id,total,daytype_inweek,daytype_weekend,hod_00h,hod_01h,hod_02h,hod_03h,hod_04h,hod_05h,hod_06h,hod_07h,hod_08h,hod_09h,hod_10h,hod_11h,hod_12h,hod_13h,hod_14h,hod_15h,hod_16h,hod_17h,hod_18h,hod_19h,hod_20h,hod_21h,hod_22h,hod_23h,dow_mon,dow_tue,dow_wed,dow_thu,dow_fri,dow_sat,dow_sun
E09000012,E02000360,2242.92857143,11371.75,4102.25,32.6428571429,34.3928571429,23.9285714286,17.75,13.1428571429,13.5,19.75,44.25,83.8928571429,105.25,106.107142857,121.785714286,132.464285714,140.107142857,138.0,138.607142857,141.464285714,145.357142857,157.285714286,163.678571429,147.071428571,129.607142857,108.214285714,84.6785714286,2087.75,2276.25,2766.25,2048.5,2193.0,2314.25,2014.5
