zone_id,area_id,total,daytype_inweek,daytype_weekend,hod_00h,hod_01h,hod_02h,hod_03h,hod_04h,hod_05h,hod_06h,hod_07h,hod_08h,hod_09h,hod_10h,hod_11h,hod_12h,hod_13h,hod_14h,hod_15h,hod_16h,hod_17h,hod_18h,hod_19h,hod_20h,hod_21h,hod_22h,hod_23h,dow_mon,dow_tue,dow_wed,dow_thu,dow_fri,dow_sat,dow_sun
E07000211,E02006392,3199.46428571,17310.25,5490.75,22.1071428571,20.8928571429,17.5714285714,20.2142857143,30.6428571429,53.0714285714,81.2857142857,165.892857143,212.214285714,181.785714286,183.571428571,192.107142857,203.142857143,199.142857143,193.285714286,186.178571429,206.714285714,237.964285714,204.928571429,169.964285714,138.142857143,113.785714286,92.3928571429,72.4642857143,3133.25,3323.0,4269.0,3251.0,3334.0,2728.5,2357.5
