zone_id,area_id,total,daytype_inweek,daytype_weekend,hod_00h,hod_01h,hod_02h,hod_03h,hod_04h,hod_05h,hod_06h,hod_07h,hod_08h,hod_09h,hod_10h,hod_11h,hod_12h,hod_13h,hod_14h,hod_15h,hod_16h,hod_17h,hod_18h,hod_19h,hod_20h,hod_21h,hod_22h,hod_23h,dow_mon,dow_tue,dow_wed,dow_thu,dow_fri,dow_sat,dow_sun
S12000021,S02002112,977.392857143,5251.5,1718.75,3.03571428571,5.17857142857,1.92857142857,1.32142857143,2.64285714286,4.96428571429,12.9285714286,28.3214285714,45.8928571429,52.5,64.3214285714,69.8214285714,74.25,74.5,81.9642857143,84.1071428571,75.6428571429,69.5357142857,58.2857142857,54.7857142857,43.75,34.75,21.4285714286,11.5357142857,1020.75,1024.5,1317.75,965.0,923.5,892.25,698.0
