zone_id,area_id,total,daytype_inweek,daytype_weekend,hod_00h,hod_01h,hod_02h,hod_03h,hod_04h,hod_05h,hod_06h,hod_07h,hod_08h,hod_09h,hod_10h,hod_11h,hod_12h,hod_13h,hod_14h,hod_15h,hod_16h,hod_17h,hod_18h,hod_19h,hod_20h,hod_21h,hod_22h,hod_23h,dow_mon,dow_tue,dow_wed,dow_thu,dow_fri,dow_sat,dow_sun
E06000004,E02002554,2133.57142857,11477.25,3526.75,11.0714285714,9.92857142857,7.60714285714,5.53571428571,5.35714285714,16.5714285714,33.6428571429,89.4642857143,105.214285714,113.428571429,132.25,147.035714286,160.607142857,157.035714286,153.214285714,157.321428571,170.75,163.785714286,140.392857143,115.285714286,91.8214285714,66.5714285714,50.3214285714,29.3571428571,1996.0,2318.5,2825.25,2136.75,2200.75,1927.0,1530.75
