zone_id,area_id,total,daytype_inweek,daytype_weekend,hod_00h,hod_01h,hod_02h,hod_03h,hod_04h,hod_05h,hod_06h,hod_07h,hod_08h,hod_09h,hod_10h,hod_11h,hod_12h,hod_13h,hod_14h,hod_15h,hod_16h,hod_17h,hod_18h,hod_19h,hod_20h,hod_21h,hod_22h,hod_23h,dow_mon,dow_tue,dow_wed,dow_thu,dow_fri,dow_sat,dow_sun
S12000029,S02002404,1469.32142857,7848.75,2656.25,9.78571428571,8.75,6.67857142857,5.89285714286,7.5,13.4285714286,24.4285714286,53.6785714286,96.25,76.1071428571,78.3571428571,86.0357142857,91.8571428571,94.7142857143,97.25,108.535714286,113.964285714,104.678571429,97.7142857143,87.1785714286,72.5357142857,58.5357142857,44.5,30.9642857143,1543.0,1559.0,1870.75,1423.25,1452.75,1323.25,1113.25
