zone_id,area_id,total,daytype_inweek,daytype_weekend,hod_00h,hod_01h,hod_02h,hod_03h,hod_04h,hod_05h,hod_06h,hod_07h,hod_08h,hod_09h,hod_10h,hod_11h,hod_12h,hod_13h,hod_14h,hod_15h,hod_16h,hod_17h,hod_18h,hod_19h,hod_20h,hod_21h,hod_22h,hod_23h,dow_mon,dow_tue,dow_wed,dow_thu,dow_fri,dow_sat,dow_sun
E07000225,E02006570,8426.25,43660.75,14368.0,24.8571428571,25.2142857143,14.5,9.03571428571,13.0,36.75,96.0357142857,257.821428571,421.928571429,485.821428571,595.642857143,684.464285714,724.142857143,702.0,670.535714286,636.678571429,623.357142857,614.5,527.357142857,417.785714286,326.25,236.142857143,179.25,103.178571429,7793.75,8225.0,10601.0,8040.0,9001.0,8748.75,6574.25
