zone_id,area_id,total,daytype_inweek,daytype_weekend,hod_00h,hod_01h,hod_02h,hod_03h,hod_04h,hod_05h,hod_06h,hod_07h,hod_08h,hod_09h,hod_10h,hod_11h,hod_12h,hod_13h,hod_14h,hod_15h,hod_16h,hod_17h,hod_18h,hod_19h,hod_20h,hod_21h,hod_22h,hod_23h,dow_mon,dow_tue,dow_wed,dow_thu,dow_fri,dow_sat,dow_sun
E06000027,E02003158,2141.42857143,11418.75,3776.75,11.5357142857,9.71428571429,9.17857142857,10.0,7.35714285714,7.78571428571,21.0357142857,57.2857142857,91.5,115.821428571,140.821428571,157.142857143,155.178571429,157.892857143,161.642857143,152.107142857,159.035714286,161.821428571,142.964285714,121.428571429,102.0,83.8571428571,64.7142857143,39.6071428571,2143.0,2276.5,2789.0,2170.25,2040.0,1937.5,1633.75
