zone_id,area_id,total,daytype_inweek,daytype_weekend,hod_00h,hod_01h,hod_02h,hod_03h,hod_04h,hod_05h,hod_06h,hod_07h,hod_08h,hod_09h,hod_10h,hod_11h,hod_12h,hod_13h,hod_14h,hod_15h,hod_16h,hod_17h,hod_18h,hod_19h,hod_20h,hod_21h,hod_22h,hod_23h,dow_mon,dow_tue,dow_wed,dow_thu,dow_fri,dow_sat,dow_sun
E06000050,E02003843,2599.10714286,13616.5,4419.75,11.1785714286,12.4642857143,6.60714285714,6.14285714286,7.64285714286,18.5714285714,52.6785714286,97.75,132.821428571,133.285714286,150.75,163.678571429,178.928571429,176.535714286,173.035714286,180.642857143,193.357142857,213.964285714,189.464285714,160.607142857,134.428571429,93.5357142857,72.1071428571,38.9285714286,2366.5,2616.75,3350.5,2552.75,2730.0,2524.0,2053.25
