zone_id,area_id,total,daytype_inweek,daytype_weekend,hod_00h,hod_01h,hod_02h,hod_03h,hod_04h,hod_05h,hod_06h,hod_07h,hod_08h,hod_09h,hod_10h,hod_11h,hod_12h,hod_13h,hod_14h,hod_15h,hod_16h,hod_17h,hod_18h,hod_19h,hod_20h,hod_21h,hod_22h,hod_23h,dow_mon,dow_tue,dow_wed,dow_thu,dow_fri,dow_sat,dow_sun
E06000019,E02002921,1923.21428571,10443.25,3325.0,6.85714285714,7.21428571429,8.60714285714,9.67857142857,9.53571428571,28.5,41.0357142857,82.1785714286,101.642857143,96.4642857143,109.535714286,122.178571429,127.785714286,137.107142857,142.642857143,142.357142857,146.678571429,142.214285714,124.178571429,104.607142857,81.6428571429,67.4642857143,57.6071428571,25.5,1920.75,2030.25,2587.0,1954.75,1950.5,1615.0,1404.25
