zone_id,area_id,total,daytype_inweek,daytype_weekend,hod_00h,hod_01h,hod_02h,hod_03h,hod_04h,hod_05h,hod_06h,hod_07h,hod_08h,hod_09h,hod_10h,hod_11h,hod_12h,hod_13h,hod_14h,hod_15h,hod_16h,hod_17h,hod_18h,hod_19h,hod_20h,hod_21h,hod_22h,hod_23h,dow_mon,dow_tue,dow_wed,dow_thu,dow_fri,dow_sat,dow_sun
E09000005,E02000094,2383.57142857,12320.0,4373.75,25.5357142857,24.9642857143,14.75,10.75,10.2142857143,15.4642857143,35.6071428571,67.4642857143,93.9285714286,113.571428571,132.75,147.535714286,154.535714286,162.857142857,160.964285714,153.642857143,158.714285714,160.678571429,167.785714286,156.892857143,141.571428571,121.25,91.0,61.1428571429,2331.0,2390.25,2989.0,2241.75,2368.0,2322.25,2042.75
