zone_id,area_id,total,daytype_inweek,daytype_weekend,hod_00h,hod_01h,hod_02h,hod_03h,hod_04h,hod_05h,hod_06h,hod_07h,hod_08h,hod_09h,hod_10h,hod_11h,hod_12h,hod_13h,hod_14h,hod_15h,hod_16h,hod_17h,hod_18h,hod_19h,hod_20h,hod_21h,hod_22h,hod_23h,dow_mon,dow_tue,dow_wed,dow_thu,dow_fri,dow_sat,dow_sun
E06000012,E02002741,6086.28571429,32067.75,10390.0,21.0714285714,23.7857142857,21.1071428571,14.5,25.2142857143,54.5,81.8571428571,197.214285714,292.678571429,319.0,376.142857143,430.142857143,472.785714286,472.678571429,485.785714286,466.142857143,472.821428571,488.25,386.178571429,326.75,264.321428571,188.857142857,132.75,71.75,5668.5,6179.0,7829.0,6002.25,6389.0,5814.75,4721.5
