zone_id,area_id,total,daytype_inweek,daytype_weekend,hod_00h,hod_01h,hod_02h,hod_03h,hod_04h,hod_05h,hod_06h,hod_07h,hod_08h,hod_09h,hod_10h,hod_11h,hod_12h,hod_13h,hod_14h,hod_15h,hod_16h,hod_17h,hod_18h,hod_19h,hod_20h,hod_21h,hod_22h,hod_23h,dow_mon,dow_tue,dow_wed,dow_thu,dow_fri,dow_sat,dow_sun
E07000225,E02006573,4639.96428571,24206.25,8153.25,14.6428571429,10.25,7.89285714286,7.42857142857,9.25,14.8571428571,58.6785714286,151.535714286,222.142857143,265.964285714,318.285714286,357.964285714,375.607142857,355.0,355.75,344.178571429,347.142857143,355.0,300.928571429,237.142857143,200.5,151.321428571,111.928571429,66.5714285714,4361.0,4898.75,5956.25,4328.25,4662.0,4481.25,3792.25
