zone_id,area_id,total,daytype_inweek,daytype_weekend,hod_00h,hod_01h,hod_02h,hod_03h,hod_04h,hod_05h,hod_06h,hod_07h,hod_08h,hod_09h,hod_10h,hod_11h,hod_12h,hod_13h,hod_14h,hod_15h,hod_16h,hod_17h,hod_18h,hod_19h,hod_20h,hod_21h,hod_22h,hod_23h,dow_mon,dow_tue,dow_wed,dow_thu,dow_fri,dow_sat,dow_sun
E06000022,E02003004,1754.92857143,9674.75,2959.5,8.53571428571,7.71428571429,7.07142857143,6.42857142857,9.0,13.8571428571,29.0357142857,70.2142857143,97.1071428571,105.178571429,119.214285714,116.428571429,121.142857143,118.214285714,125.178571429,122.0,127.5,132.107142857,113.714285714,96.3571428571,80.3214285714,63.4642857143,42.0357142857,23.1071428571,1791.75,1938.75,2340.5,1893.75,1710.0,1442.0,1167.75
