zone_id,area_id,total,daytype_inweek,daytype_weekend,hod_00h,hod_01h,hod_02h,hod_03h,hod_04h,hod_05h,hod_06h,hod_07h,hod_08h,hod_09h,hod_10h,hod_11h,hod_12h,hod_13h,hod_14h,hod_15h,hod_16h,hod_17h,hod_18h,hod_19h,hod_20h,hod_21h,hod_22h,hod_23h,dow_mon,dow_tue,dow_wed,dow_thu,dow_fri,dow_sat,dow_sun
E06000052,E02003949,9376.0,49885.25,16873.5,23.1785714286,21.8214285714,16.5,12.75,18.5,38.8928571429,97.8214285714,252.678571429,374.392857143,529.464285714,722.785714286,775.892857143,746.035714286,705.142857143,723.464285714,753.0,785.178571429,753.892857143,624.928571429,468.178571429,357.5,274.107142857,198.285714286,101.607142857,9412.75,9598.5,12276.75,9491.5,9105.75,8286.0,7460.75
