zone_id,area_id,total,daytype_inweek,daytype_weekend,hod_00h,hod_01h,hod_02h,hod_03h,hod_04h,hod_05h,hod_06h,hod_07h,hod_08h,hod_09h,hod_10h,hod_11h,hod_12h,hod_13h,hod_14h,hod_15h,hod_16h,hod_17h,hod_18h,hod_19h,hod_20h,hod_21h,hod_22h,hod_23h,dow_mon,dow_tue,dow_wed,dow_thu,dow_fri,dow_sat,dow_sun
E08000021,E02001732,2165.07142857,11442.0,3660.75,8.96428571429,11.1428571429,8.71428571429,7.14285714286,5.82142857143,10.6785714286,35.8571428571,75.9285714286,104.821428571,119.0,135.678571429,150.214285714,158.464285714,153.892857143,157.892857143,158.857142857,162.75,165.285714286,145.035714286,128.178571429,103.857142857,79.0357142857,49.3928571429,28.4642857143,2046.25,2223.25,2830.75,2132.75,2209.0,2099.0,1614.5
