zone_id,area_id,total,daytype_inweek,daytype_weekend,hod_00h,hod_01h,hod_02h,hod_03h,hod_04h,hod_05h,hod_06h,hod_07h,hod_08h,hod_09h,hod_10h,hod_11h,hod_12h,hod_13h,hod_14h,hod_15h,hod_16h,hod_17h,hod_18h,hod_19h,hod_20h,hod_21h,hod_22h,hod_23h,dow_mon,dow_tue,dow_wed,dow_thu,dow_fri,dow_sat,dow_sun
E09000031,E02000899,1920.0,10065.5,3340.5,17.1785714286,18.3214285714,12.4642857143,8.71428571429,9.07142857143,15.7857142857,26.75,58.3571428571,80.6071428571,103.285714286,119.285714286,122.392857143,132.821428571,128.142857143,126.964285714,130.75,129.535714286,126.928571429,126.607142857,119.428571429,112.214285714,85.1071428571,66.5714285714,42.7142857143,1801.25,1935.5,2496.0,1844.25,1988.5,1835.25,1539.25
