zone_id,area_id,total,daytype_inweek,daytype_weekend,hod_00h,hod_01h,hod_02h,hod_03h,hod_04h,hod_05h,hod_06h,hod_07h,hod_08h,hod_09h,hod_10h,hod_11h,hod_12h,hod_13h,hod_14h,hod_15h,hod_16h,hod_17h,hod_18h,hod_19h,hod_20h,hod_21h,hod_22h,hod_23h,dow_mon,dow_tue,dow_wed,dow_thu,dow_fri,dow_sat,dow_sun
E08000035,E02002396,5937.67857143,32083.0,9870.75,38.5357142857,39.9642857143,27.0,20.4642857143,27.7142857143,67.0714285714,140.642857143,280.071428571,328.892857143,307.571428571,336.178571429,370.75,399.321428571,404.964285714,397.607142857,411.464285714,446.678571429,463.357142857,390.714285714,327.357142857,264.964285714,201.071428571,150.535714286,94.7857142857,5676.75,6324.5,7758.25,6013.0,6310.5,5286.75,4194.0
