zone_id,area_id,total,daytype_inweek,daytype_weekend,hod_00h,hod_01h,hod_02h,hod_03h,hod_04h,hod_05h,hod_06h,hod_07h,hod_08h,hod_09h,hod_10h,hod_11h,hod_12h,hod_13h,hod_14h,hod_15h,hod_16h,hod_17h,hod_18h,hod_19h,hod_20h,hod_21h,hod_22h,hod_23h,dow_mon,dow_tue,dow_wed,dow_thu,dow_fri,dow_sat,dow_sun
E06000034,E02003304,2765.39285714,14626.25,4561.5,15.0357142857,16.6785714286,9.42857142857,6.32142857143,9.25,33.1071428571,48.4642857143,82.6071428571,123.25,152.035714286,175.071428571,193.25,201.714285714,200.607142857,190.607142857,187.5,197.678571429,199.107142857,186.535714286,166.821428571,138.535714286,106.214285714,81.3214285714,44.25,2539.5,2788.0,3598.75,2659.25,3040.75,2709.5,2022.0
