zone_id,area_id,total,daytype_inweek,daytype_weekend,hod_00h,hod_01h,hod_02h,hod_03h,hod_04h,hod_05h,hod_06h,hod_07h,hod_08h,hod_09h,hod_10h,hod_11h,hod_12h,hod_13h,hod_14h,hod_15h,hod_16h,hod_17h,hod_18h,hod_19h,hod_20h,hod_21h,hod_22h,hod_23h,dow_mon,dow_tue,dow_wed,dow_thu,dow_fri,dow_sat,dow_sun
E08000019,E02001662,3844.67857143,20286.5,6620.75,24.4642857143,22.2142857143,14.4642857143,11.2857142857,14.1428571429,36.1785714286,85.3571428571,151.25,202.892857143,196.642857143,218.964285714,241.642857143,250.035714286,258.678571429,262.142857143,265.0,288.392857143,294.428571429,268.75,235.071428571,195.964285714,144.857142857,99.3214285714,62.5357142857,3643.75,3926.0,4981.0,3759.5,3976.25,3649.25,2977.0
