zone_id,area_id,total,daytype_inweek,daytype_weekend,hod_00h,hod_01h,hod_02h,hod_03h,hod_04h,hod_05h,hod_06h,hod_07h,hod_08h,hod_09h,hod_10h,hod_11h,hod_12h,hod_13h,hod_14h,hod_15h,hod_16h,hod_17h,hod_18h,hod_19h,hod_20h,hod_21h,hod_22h,hod_23h,dow_mon,dow_tue,dow_wed,dow_thu,dow_fri,dow_sat,dow_sun
E07000220,E02006495,1594.28571429,8364.25,2740.75,7.92857142857,8.14285714286,3.89285714286,2.82142857143,3.53571428571,10.5714285714,29.7857142857,58.2142857143,83.4285714286,92.25,100.464285714,102.464285714,113.571428571,108.107142857,104.178571429,108.0,116.785714286,117.0,114.107142857,102.0,78.0357142857,62.7857142857,42.9642857143,23.25,1550.25,1616.0,2026.5,1589.25,1582.25,1605.25,1190.5
