zone_id,area_id,total,daytype_inweek,daytype_weekend,hod_00h,hod_01h,hod_02h,hod_03h,hod_04h,hod_05h,hod_06h,hod_07h,hod_08h,hod_09h,hod_10h,hod_11h,hod_12h,hod_13h,hod_14h,hod_15h,hod_16h,hod_17h,hod_18h,hod_19h,hod_20h,hod_21h,hod_22h,hod_23h,dow_mon,dow_tue,dow_wed,dow_thu,dow_fri,dow_sat,dow_sun
E07000243,E02004945,3647.85714286,19614.25,6011.25,16.0714285714,16.7857142857,13.75,13.2857142857,12.5,21.0357142857,63.5,152.035714286,199.392857143,189.321428571,209.107142857,231.321428571,242.75,252.964285714,248.928571429,251.75,266.607142857,282.428571429,260.642857143,223.392857143,184.642857143,138.285714286,97.2142857143,60.1428571429,3417.25,3784.25,4839.25,3730.0,3843.5,3326.75,2594.0
