zone_id,area_id,total,daytype_inweek,daytype_weekend,hod_00h,hod_01h,hod_02h,hod_03h,hod_04h,hod_05h,hod_06h,hod_07h,hod_08h,hod_09h,hod_10h,hod_11h,hod_12h,hod_13h,hod_14h,hod_15h,hod_16h,hod_17h,hod_18h,hod_19h,hod_20h,hod_21h,hod_22h,hod_23h,dow_mon,dow_tue,dow_wed,dow_thu,dow_fri,dow_sat,dow_sun
E09000012,E02000346,1150.60714286,5906.75,2121.75,17.5,17.2142857143,11.7857142857,9.71428571429,7.89285714286,8.21428571429,13.9642857143,26.5,41.75,53.2142857143,59.25,65.25,66.5357142857,70.6071428571,68.0357142857,68.6785714286,73.1785714286,75.25,79.5357142857,85.1428571429,72.7142857143,64.8571428571,52.8928571429,40.9285714286,1113.25,1171.0,1462.0,1066.75,1093.75,1139.0,1008.5
