zone_id,area_id,total,daytype_inweek,daytype_weekend,hod_00h,hod_01h,hod_02h,hod_03h,hod_04h,hod_05h,hod_06h,hod_07h,hod_08h,hod_09h,hod_10h,hod_11h,hod_12h,hod_13h,hod_14h,hod_15h,hod_16h,hod_17h,hod_18h,hod_19h,hod_20h,hod_21h,hod_22h,hod_23h,dow_mon,dow_tue,dow_wed,dow_thu,dow_fri,dow_sat,dow_sun
E08000026,E02001997,2713.14285714,14351.5,4648.75,13.5357142857,15.6071428571,12.9642857143,18.4642857143,10.3928571429,22.3571428571,48.9285714286,102.857142857,134.464285714,145.714285714,155.892857143,175.214285714,180.535714286,183.857142857,179.464285714,186.928571429,202.107142857,209.857142857,184.321428571,168.964285714,141.821428571,107.571428571,73.6785714286,37.6428571429,2559.0,2830.75,3560.25,2677.25,2724.25,2550.75,2089.75
