zone_id,area_id,total,daytype_inweek,daytype_weekend,hod_00h,hod_01h,hod_02h,hod_03h,hod_04h,hod_05h,hod_06h,hod_07h,hod_08h,hod_09h,hod_10h,hod_11h,hod_12h,hod_13h,hod_14h,hod_15h,hod_16h,hod_17h,hod_18h,hod_19h,hod_20h,hod_21h,hod_22h,hod_23h,dow_mon,dow_tue,dow_wed,dow_thu,dow_fri,dow_sat,dow_sun
S12000017,S02002014,2305.0,12673.5,3819.0,6.5,6.5,5.35714285714,5.14285714286,7.75,23.25,81.7857142857,128.892857143,136.75,131.035714286,138.178571429,141.892857143,149.357142857,155.678571429,159.142857143,167.785714286,185.928571429,197.285714286,147.285714286,106.321428571,82.7142857143,69.5357142857,47.9285714286,23.0,2339.0,2440.0,3079.0,2483.25,2332.25,1981.5,1480.0
