zone_id,area_id,total,daytype_inweek,daytype_weekend,hod_00h,hod_01h,hod_02h,hod_03h,hod_04h,hod_05h,hod_06h,hod_07h,hod_08h,hod_09h,hod_10h,hod_11h,hod_12h,hod_13h,hod_14h,hod_15h,hod_16h,hod_17h,hod_18h,hod_19h,hod_20h,hod_21h,hod_22h,hod_23h,dow_mon,dow_tue,dow_wed,dow_thu,dow_fri,dow_sat,dow_sun
E06000052,E02003901,5457.28571429,29189.5,9861.25,17.9285714286,14.75,12.0714285714,8.64285714286,11.0,21.6785714286,60.4285714286,151.714285714,223.428571429,305.642857143,429.142857143,453.892857143,429.285714286,413.142857143,415.678571429,439.928571429,450.035714286,442.678571429,336.178571429,265.714285714,198.357142857,161.107142857,125.25,69.6071428571,5609.25,5824.5,7237.5,5574.25,4944.0,4759.5,4252.0
