zone_id,area_id,total,daytype_inweek,daytype_weekend,hod_00h,hod_01h,hod_02h,hod_03h,hod_04h,hod_05h,hod_06h,hod_07h,hod_08h,hod_09h,hod_10h,hod_11h,hod_12h,hod_13h,hod_14h,hod_15h,hod_16h,hod_17h,hod_18h,hod_19h,hod_20h,hod_21h,hod_22h,hod_23h,dow_mon,dow_tue,dow_wed,dow_thu,dow_fri,dow_sat,dow_sun
E06000032,E02003272,3907.60714286,20382.5,6865.0,42.7857142857,41.0714285714,29.5714285714,24.3928571429,26.0714285714,43.1785714286,61.5714285714,105.857142857,143.285714286,161.107142857,189.357142857,209.857142857,240.392857143,262.5,267.714285714,271.714285714,268.785714286,291.178571429,279.607142857,262.392857143,241.964285714,191.857142857,149.75,101.642857143,3735.75,3998.25,4974.25,3694.5,3979.75,3841.5,3129.25
