zone_id,area_id,total,daytype_inweek,daytype_weekend,hod_00h,hod_01h,hod_02h,hod_03h,hod_04h,hod_05h,hod_06h,hod_07h,hod_08h,hod_09h,hod_10h,hod_11h,hod_12h,hod_13h,hod_14h,hod_15h,hod_16h,hod_17h,hod_18h,hod_19h,hod_20h,hod_21h,hod_22h,hod_23h,dow_mon,dow_tue,dow_wed,dow_thu,dow_fri,dow_sat,dow_sun
E06000014,E02002773,2914.92857143,15508.25,5055.25,8.71428571429,10.0714285714,6.5,5.28571428571,6.0,14.4285714286,39.5714285714,121.75,176.785714286,181.75,192.535714286,207.535714286,213.035714286,208.357142857,204.214285714,208.035714286,218.25,227.464285714,193.178571429,161.75,120.25,90.0,64.5714285714,34.8928571429,2818.0,3006.0,3758.5,2916.0,3009.75,2659.0,2237.25
