zone_id,area_id,total,daytype_inweek,daytype_weekend,hod_00h,hod_01h,hod_02h,hod_03h,hod_04h,hod_05h,hod_06h,hod_07h,hod_08h,hod_09h,hod_10h,hod_11h,hod_12h,hod_13h,hod_14h,hod_15h,hod_16h,hod_17h,hod_18h,hod_19h,hod_20h,hod_21h,hod_22h,hod_23h,dow_mon,dow_tue,dow_wed,dow_thu,dow_fri,dow_sat,dow_sun
E06000003,E02006812,1619.46428571,8466.0,2832.75,7.0,6.5,5.03571428571,5.46428571429,5.17857142857,12.3571428571,22.9642857143,48.8571428571,67.3214285714,80.5357142857,102.178571429,112.714285714,122.571428571,118.5,120.928571429,121.142857143,124.928571429,120.535714286,114.285714286,99.8928571429,82.6785714286,55.8571428571,40.3571428571,21.6785714286,1494.25,1696.75,2099.0,1557.5,1618.5,1531.75,1338.5
