zone_id,area_id,total,daytype_inweek,daytype_weekend,hod_00h,hod_01h,hod_02h,hod_03h,hod_04h,hod_05h,hod_06h,hod_07h,hod_08h,hod_09h,hod_10h,hod_11h,hod_12h,hod_13h,hod_14h,hod_15h,hod_16h,hod_17h,hod_18h,hod_19h,hod_20h,hod_21h,hod_22h,hod_23h,dow_mon,dow_tue,dow_wed,dow_thu,dow_fri,dow_sat,dow_sun
E07000143,E02005519,1366.85714286,7371.75,2377.5,6.10714285714,3.57142857143,4.32142857143,6.32142857143,8.78571428571,22.9642857143,38.3571428571,53.5714285714,66.25,74.0,81.1785714286,87.2142857143,86.3214285714,91.2857142857,95.2142857143,95.4642857143,101.607142857,110.821428571,88.6071428571,67.2142857143,58.4285714286,50.8214285714,38.6428571429,29.7857142857,1391.75,1413.0,1759.75,1373.5,1433.75,1210.5,985.75
