zone_id,area_id,total,daytype_inweek,daytype_weekend,hod_00h,hod_01h,hod_02h,hod_03h,hod_04h,hod_05h,hod_06h,hod_07h,hod_08h,hod_09h,hod_10h,hod_11h,hod_12h,hod_13h,hod_14h,hod_15h,hod_16h,hod_17h,hod_18h,hod_19h,hod_20h,hod_21h,hod_22h,hod_23h,dow_mon,dow_tue,dow_wed,dow_thu,dow_fri,dow_sat,dow_sun
S12000038,S02002262,2849.03571429,15393.75,4953.25,16.4285714286,20.9642857143,14.3214285714,12.3214285714,16.9642857143,28.5714285714,55.6071428571,91.5,163.321428571,157.392857143,162.714285714,171.642857143,189.357142857,193.714285714,207.107142857,205.642857143,210.464285714,207.535714286,187.75,165.535714286,132.607142857,109.607142857,81.75,46.2142857143,2920.25,3048.0,3645.5,2918.5,2861.5,2516.5,2033.0
