zone_id,area_id,total,daytype_inweek,daytype_weekend,hod_00h,hod_01h,hod_02h,hod_03h,hod_04h,hod_05h,hod_06h,hod_07h,hod_08h,hod_09h,hod_10h,hod_11h,hod_12h,hod_13h,hod_14h,hod_15h,hod_16h,hod_17h,hod_18h,hod_19h,hod_20h,hod_21h,hod_22h,hod_23h,dow_mon,dow_tue,dow_wed,dow_thu,dow_fri,dow_sat,dow_sun
E06000051,E02006044,263.928571429,1455.25,479.0,0.678571428571,0.285714285714,0.642857142857,0.535714285714,1.17857142857,2.32142857143,4.35714285714,10.5,14.5714285714,16.0357142857,22.7142857143,23.7142857143,21.3214285714,20.3571428571,20.9285714286,21.0357142857,18.5357142857,19.6785714286,13.5357142857,9.78571428571,7.53571428571,6.42857142857,4.71428571429,2.53571428571,303.75,292.25,361.5,280.25,217.5,217.0,175.25
