zone_id,area_id,total,daytype_inweek,daytype_weekend,hod_00h,hod_01h,hod_02h,hod_03h,hod_04h,hod_05h,hod_06h,hod_07h,hod_08h,hod_09h,hod_10h,hod_11h,hod_12h,hod_13h,hod_14h,hod_15h,hod_16h,hod_17h,hod_18h,hod_19h,hod_20h,hod_21h,hod_22h,hod_23h,dow_mon,dow_tue,dow_wed,dow_thu,dow_fri,dow_sat,dow_sun
E07000127,E02005311,2066.5,11139.25,3553.5,11.4285714286,11.1785714286,8.21428571429,5.35714285714,5.78571428571,21.1785714286,37.2142857143,76.6428571429,109.642857143,120.964285714,127.785714286,132.857142857,146.464285714,144.428571429,144.071428571,146.178571429,156.535714286,158.035714286,129.535714286,111.928571429,90.0357142857,74.6428571429,60.1428571429,36.25,1997.75,2245.0,2766.75,2131.75,1998.0,1770.5,1555.75
