zone_id,area_id,total,daytype_inweek,daytype_weekend,hod_00h,hod_01h,hod_02h,hod_03h,hod_04h,hod_05h,hod_06h,hod_07h,hod_08h,hod_09h,hod_10h,hod_11h,hod_12h,hod_13h,hod_14h,hod_15h,hod_16h,hod_17h,hod_18h,hod_19h,hod_20h,hod_21h,hod_22h,hod_23h,dow_mon,dow_tue,dow_wed,dow_thu,dow_fri,dow_sat,dow_sun
E07000207,E02006332,3662.60714286,19886.75,6020.75,19.8214285714,14.8571428571,8.96428571429,8.78571428571,10.75,26.0,49.1428571429,132.928571429,206.392857143,229.571428571,261.75,278.0,305.5,288.964285714,270.928571429,253.535714286,250.464285714,241.142857143,222.214285714,192.357142857,149.0,112.535714286,80.1428571429,48.8571428571,3461.0,3782.5,4907.0,3929.0,3807.25,3191.75,2559.75
