zone_id,area_id,total,daytype_inweek,daytype_weekend,hod_00h,hod_01h,hod_02h,hod_03h,hod_04h,hod_05h,hod_06h,hod_07h,hod_08h,hod_09h,hod_10h,hod_11h,hod_12h,hod_13h,hod_14h,hod_15h,hod_16h,hod_17h,hod_18h,hod_19h,hod_20h,hod_21h,hod_22h,hod_23h,dow_mon,dow_tue,dow_wed,dow_thu,dow_fri,dow_sat,dow_sun
E09000025,E02000745,1442.71428571,6956.25,2710.75,11.1071428571,13.75,8.92857142857,9.32142857143,6.46428571429,13.6785714286,20.6071428571,40.8214285714,54.3571428571,65.4642857143,74.6071428571,89.0357142857,89.5357142857,98.4285714286,100.857142857,98.0357142857,97.1428571429,103.214285714,103.678571429,97.4642857143,88.3928571429,71.7142857143,54.2857142857,31.8214285714,1257.25,1309.0,1593.0,1248.0,1549.0,1689.25,1453.5
