zone_id,area_id,total,daytype_inweek,daytype_weekend,hod_00h,hod_01h,hod_02h,hod_03h,hod_04h,hod_05h,hod_06h,hod_07h,hod_08h,hod_09h,hod_10h,hod_11h,hod_12h,hod_13h,hod_14h,hod_15h,hod_16h,hod_17h,hod_18h,hod_19h,hod_20h,hod_21h,hod_22h,hod_23h,dow_mon,dow_tue,dow_wed,dow_thu,dow_fri,dow_sat,dow_sun
E07000175,E02005900,1511.42857143,8057.5,2658.0,6.53571428571,5.39285714286,3.14285714286,2.60714285714,4.53571428571,12.6071428571,20.6071428571,50.4642857143,94.7142857143,94.9642857143,103.821428571,109.25,113.964285714,115.607142857,116.392857143,108.392857143,110.071428571,110.642857143,90.4285714286,73.1071428571,56.4285714286,49.6071428571,37.7857142857,20.3571428571,1424.0,1568.5,1990.5,1605.75,1468.75,1288.5,1234.0
