zone_id,area_id,total,daytype_inweek,daytype_weekend,hod_00h,hod_01h,hod_02h,hod_03h,hod_04h,hod_05h,hod_06h,hod_07h,hod_08h,hod_09h,hod_10h,hod_11h,hod_12h,hod_13h,hod_14h,hod_15h,hod_16h,hod_17h,hod_18h,hod_19h,hod_20h,hod_21h,hod_22h,hod_23h,dow_mon,dow_tue,dow_wed,dow_thu,dow_fri,dow_sat,dow_sun
E08000010,E02001313,3469.78571429,18566.75,5808.25,17.5,19.8928571429,12.6071428571,11.9642857143,11.6785714286,31.0357142857,64.0,121.285714286,156.892857143,174.892857143,206.321428571,232.928571429,239.714285714,242.0,250.464285714,250.964285714,261.428571429,259.357142857,234.035714286,204.0,175.5,134.392857143,97.2857142857,59.6428571429,3235.0,3680.5,4475.75,3527.25,3648.25,3148.5,2573.25
