zone_id,area_id,total,daytype_inweek,daytype_weekend,hod_00h,hod_01h,hod_02h,hod_03h,hod_04h,hod_05h,hod_06h,hod_07h,hod_08h,hod_09h,hod_10h,hod_11h,hod_12h,hod_13h,hod_14h,hod_15h,hod_16h,hod_17h,hod_18h,hod_19h,hod_20h,hod_21h,hod_22h,hod_23h,dow_mon,dow_tue,dow_wed,dow_thu,dow_fri,dow_sat,dow_sun
E07000065,E02004407,1931.78571429,10533.5,3327.0,8.14285714286,7.92857142857,6.60714285714,4.64285714286,7.35714285714,10.6428571429,32.8928571429,83.1071428571,120.285714286,119.25,129.214285714,133.785714286,132.964285714,123.928571429,121.392857143,121.821428571,129.428571429,140.285714286,117.535714286,104.571428571,86.25,76.3571428571,68.9285714286,44.4642857143,1980.75,2144.75,2561.25,2011.5,1835.25,1642.75,1346.25
