zone_id,area_id,total,daytype_inweek,daytype_weekend,hod_00h,hod_01h,hod_02h,hod_03h,hod_04h,hod_05h,hod_06h,hod_07h,hod_08h,hod_09h,hod_10h,hod_11h,hod_12h,hod_13h,hod_14h,hod_15h,hod_16h,hod_17h,hod_18h,hod_19h,hod_20h,hod_21h,hod_22h,hod_23h,dow_mon,dow_tue,dow_wed,dow_thu,dow_fri,dow_sat,dow_sun
E06000051,E02006011,882.964285714,4692.5,1540.75,3.42857142857,2.32142857143,1.35714285714,1.60714285714,1.64285714286,5.85714285714,15.2857142857,41.1428571429,55.7142857143,53.1428571429,57.3928571429,57.75,60.0,64.4642857143,61.8928571429,64.1785714286,72.3928571429,73.4642857143,55.0,44.2857142857,34.8928571429,23.75,20.6428571429,11.3571428571,847.25,889.25,1181.75,887.0,887.25,794.75,693.5
