zone_id,area_id,total,daytype_inweek,daytype_weekend,hod_00h,hod_01h,hod_02h,hod_03h,hod_04h,hod_05h,hod_06h,hod_07h,hod_08h,hod_09h,hod_10h,hod_11h,hod_12h,hod_13h,hod_14h,hod_15h,hod_16h,hod_17h,hod_18h,hod_19h,hod_20h,hod_21h,hod_22h,hod_23h,dow_mon,dow_tue,dow_wed,dow_thu,dow_fri,dow_sat,dow_sun
E09000015,E02000460,1409.25,7291.25,2504.0,12.0357142857,11.0,7.5,4.10714285714,3.35714285714,7.67857142857,14.3214285714,33.4642857143,55.7142857143,69.8928571429,81.3928571429,87.6428571429,93.6428571429,93.1785714286,92.1428571429,93.9642857143,95.1071428571,100.428571429,107.464285714,97.1071428571,85.4285714286,68.8571428571,59.9642857143,33.8571428571,1323.0,1398.25,1762.5,1376.75,1430.75,1392.5,1181.0
