zone_id,area_id,total,daytype_inweek,daytype_weekend,hod_00h,hod_01h,hod_02h,hod_03h,hod_04h,hod_05h,hod_06h,hod_07h,hod_08h,hod_09h,hod_10h,hod_11h,hod_12h,hod_13h,hod_14h,hod_15h,hod_16h,hod_17h,hod_18h,hod_19h,hod_20h,hod_21h,hod_22h,hod_23h,dow_mon,dow_tue,dow_wed,dow_thu,dow_fri,dow_sat,dow_sun
E08000025,E02001928,1698.57142857,9173.25,2854.75,14.1428571429,12.3571428571,8.5,6.78571428571,5.89285714286,18.3214285714,45.9285714286,78.2857142857,81.3928571429,85.25,91.2142857143,95.5714285714,107.392857143,108.464285714,116.178571429,115.714285714,127.0,127.285714286,116.75,100.178571429,84.2857142857,64.0,52.8214285714,34.8571428571,1637.0,1806.25,2198.5,1767.0,1764.5,1499.0,1217.75
