zone_id,area_id,total,daytype_inweek,daytype_weekend,hod_00h,hod_01h,hod_02h,hod_03h,hod_04h,hod_05h,hod_06h,hod_07h,hod_08h,hod_09h,hod_10h,hod_11h,hod_12h,hod_13h,hod_14h,hod_15h,hod_16h,hod_17h,hod_18h,hod_19h,hod_20h,hod_21h,hod_22h,hod_23h,dow_mon,dow_tue,dow_wed,dow_thu,dow_fri,dow_sat,dow_sun
E07000135,E02005412,1900.60714286,10135.75,3224.5,8.78571428571,9.5,6.17857142857,5.21428571429,4.75,9.60714285714,24.1071428571,61.6785714286,103.5,109.25,126.428571429,125.178571429,130.678571429,129.035714286,130.0,124.285714286,131.357142857,133.142857143,127.535714286,117.857142857,105.107142857,82.2142857143,59.0714285714,36.1428571429,1780.5,2075.25,2560.75,1904.25,1815.0,1724.5,1444.0
