zone_id,area_id,total,daytype_inweek,daytype_weekend,hod_00h,hod_01h,hod_02h,hod_03h,hod_04h,hod_05h,hod_06h,hod_07h,hod_08h,hod_09h,hod_10h,hod_11h,hod_12h,hod_13h,hod_14h,hod_15h,hod_16h,hod_17h,hod_18h,hod_19h,hod_20h,hod_21h,hod_22h,hod_23h,dow_mon,dow_tue,dow_wed,dow_thu,dow_fri,dow_sat,dow_sun
S12000015,S02001742,1482.21428571,8086.0,2572.0,8.03571428571,7.92857142857,6.25,4.64285714286,6.42857142857,13.9642857143,35.4285714286,61.7142857143,87.6428571429,86.0,88.4285714286,92.9642857143,101.678571429,97.6071428571,98.2857142857,104.321428571,111.357142857,110.5,91.5714285714,79.1428571429,69.0,56.5714285714,38.8214285714,23.9285714286,1527.75,1635.75,2003.25,1531.0,1388.25,1245.25,1044.25
