zone_id,area_id,total,daytype_inweek,daytype_weekend,hod_00h,hod_01h,hod_02h,hod_03h,hod_04h,hod_05h,hod_06h,hod_07h,hod_08h,hod_09h,hod_10h,hod_11h,hod_12h,hod_13h,hod_14h,hod_15h,hod_16h,hod_17h,hod_18h,hod_19h,hod_20h,hod_21h,hod_22h,hod_23h,dow_mon,dow_tue,dow_wed,dow_thu,dow_fri,dow_sat,dow_sun
E06000042,E02003486,5755.10714286,30734.25,9941.5,23.75,27.2857142857,19.5714285714,18.0714285714,17.3571428571,41.8214285714,76.1428571429,202.821428571,342.928571429,316.642857143,333.035714286,352.071428571,397.464285714,409.535714286,382.5,384.964285714,423.035714286,486.178571429,415.678571429,343.607142857,278.142857143,214.678571429,163.142857143,84.6785714286,5518.75,6033.75,7507.25,5783.75,5890.75,5128.75,4422.75
