zone_id,area_id,total,daytype_inweek,daytype_weekend,hod_00h,hod_01h,hod_02h,hod_03h,hod_04h,hod_05h,hod_06h,hod_07h,hod_08h,hod_09h,hod_10h,hod_11h,hod_12h,hod_13h,hod_14h,hod_15h,hod_16h,hod_17h,hod_18h,hod_19h,hod_20h,hod_21h,hod_22h,hod_23h,dow_mon,dow_tue,dow_wed,dow_thu,dow_fri,dow_sat,dow_sun
E09000018,E02000545,2911.57142857,15478.0,5002.75,22.8214285714,22.3571428571,11.8214285714,11.5714285714,10.6428571429,20.9642857143,49.0714285714,87.2857142857,129.392857143,157.785714286,165.642857143,186.25,195.464285714,209.857142857,205.178571429,196.535714286,195.5,209.964285714,202.035714286,177.142857143,155.607142857,130.75,95.3571428571,62.5714285714,2803.25,3066.5,3876.5,2933.0,2798.75,2703.5,2199.5
