zone_id,area_id,total,daytype_inweek,daytype_weekend,hod_00h,hod_01h,hod_02h,hod_03h,hod_04h,hod_05h,hod_06h,hod_07h,hod_08h,hod_09h,hod_10h,hod_11h,hod_12h,hod_13h,hod_14h,hod_15h,hod_16h,hod_17h,hod_18h,hod_19h,hod_20h,hod_21h,hod_22h,hod_23h,dow_mon,dow_tue,dow_wed,dow_thu,dow_fri,dow_sat,dow_sun
E07000172,E02005861,1008.35714286,5658.0,1674.0,4.21428571429,4.78571428571,3.85714285714,2.96428571429,4.03571428571,9.5,19.3928571429,32.7857142857,57.3571428571,59.5357142857,71.25,71.5714285714,80.9642857143,75.4642857143,72.8928571429,69.25,71.5714285714,68.9285714286,63.25,53.7142857143,37.9285714286,34.2857142857,26.6071428571,12.25,1013.75,1104.25,1415.25,1085.5,1039.25,740.25,660.25
