zone_id,area_id,total,daytype_inweek,daytype_weekend,hod_00h,hod_01h,hod_02h,hod_03h,hod_04h,hod_05h,hod_06h,hod_07h,hod_08h,hod_09h,hod_10h,hod_11h,hod_12h,hod_13h,hod_14h,hod_15h,hod_16h,hod_17h,hod_18h,hod_19h,hod_20h,hod_21h,hod_22h,hod_23h,dow_mon,dow_tue,dow_wed,dow_thu,dow_fri,dow_sat,dow_sun
E07000044,E02004191,2971.25,15848.25,5157.25,9.92857142857,4.78571428571,3.85714285714,2.60714285714,3.92857142857,9.57142857143,25.75,84.1071428571,152.714285714,179.178571429,214.964285714,241.785714286,239.0,229.035714286,235.392857143,227.0,242.464285714,246.142857143,185.678571429,137.5,102.678571429,94.2857142857,62.7857142857,36.1071428571,2896.75,2975.75,3819.25,3087.5,3069.0,2690.0,2260.5
