zone_id,area_id,total,daytype_inweek,daytype_weekend,hod_00h,hod_01h,hod_02h,hod_03h,hod_04h,hod_05h,hod_06h,hod_07h,hod_08h,hod_09h,hod_10h,hod_11h,hod_12h,hod_13h,hod_14h,hod_15h,hod_16h,hod_17h,hod_18h,hod_19h,hod_20h,hod_21h,hod_22h,hod_23h,dow_mon,dow_tue,dow_wed,dow_thu,dow_fri,dow_sat,dow_sun
E06000051,E02006033,6788.82142857,34949.75,11319.25,26.5,28.1785714286,22.1071428571,20.0,17.1785714286,25.6071428571,77.6071428571,219.214285714,389.714285714,391.964285714,465.642857143,491.107142857,520.035714286,514.785714286,519.321428571,503.857142857,511.607142857,534.357142857,430.321428571,333.892857143,256.535714286,201.571428571,180.892857143,106.821428571,6190.0,6747.75,8518.75,6446.0,7047.25,7442.75,5129.25
