zone_id,area_id,total,daytype_inweek,daytype_weekend,hod_00h,hod_01h,hod_02h,hod_03h,hod_04h,hod_05h,hod_06h,hod_07h,hod_08h,hod_09h,hod_10h,hod_11h,hod_12h,hod_13h,hod_14h,hod_15h,hod_16h,hod_17h,hod_18h,hod_19h,hod_20h,hod_21h,hod_22h,hod_23h,dow_mon,dow_tue,dow_wed,dow_thu,dow_fri,dow_sat,dow_sun
E07000036,E02004092,1687.03571429,8937.75,3004.0,6.39285714286,12.8928571429,6.64285714286,6.78571428571,9.42857142857,17.5714285714,34.5357142857,61.6071428571,80.1785714286,93.3571428571,107.857142857,119.892857143,119.428571429,114.285714286,114.0,115.642857143,120.857142857,128.392857143,109.75,96.6428571429,82.3571428571,62.6428571429,42.4285714286,23.4642857143,1671.75,1811.25,2132.0,1602.0,1720.75,1539.25,1332.25
