zone_id,area_id,total,daytype_inweek,daytype_weekend,hod_00h,hod_01h,hod_02h,hod_03h,hod_04h,hod_05h,hod_06h,hod_07h,hod_08h,hod_09h,hod_10h,hod_11h,hod_12h,hod_13h,hod_14h,hod_15h,hod_16h,hod_17h,hod_18h,hod_19h,hod_20h,hod_21h,hod_22h,hod_23h,dow_mon,dow_tue,dow_wed,dow_thu,dow_fri,dow_sat,dow_sun
E07000106,E02005023,7147.17857143,37450.25,11879.25,23.5357142857,26.7857142857,21.4642857143,20.1071428571,19.0,44.1785714286,101.464285714,253.178571429,375.428571429,432.464285714,498.892857143,546.071428571,575.178571429,575.285714286,548.357142857,521.928571429,513.642857143,526.571428571,441.607142857,356.857142857,271.785714286,212.25,157.035714286,84.1071428571,6490.0,7150.5,8988.5,7178.5,7642.75,7190.75,5389.25
