zone_id,area_id,total,daytype_inweek,daytype_weekend,hod_00h,hod_01h,hod_02h,hod_03h,hod_04h,hod_05h,hod_06h,hod_07h,hod_08h,hod_09h,hod_10h,hod_11h,hod_12h,hod_13h,hod_14h,hod_15h,hod_16h,hod_17h,hod_18h,hod_19h,hod_20h,hod_21h,hod_22h,hod_23h,dow_mon,dow_tue,dow_wed,dow_thu,dow_fri,dow_sat,dow_sun
E07000187,E02006054,3264.60714286,17214.5,5530.0,11.4285714286,11.0,8.53571428571,8.96428571429,9.5,19.3928571429,46.75,108.071428571,181.928571429,181.178571429,224.107142857,236.857142857,243.0,251.857142857,249.571428571,248.0,243.821428571,257.892857143,194.571428571,163.214285714,130.428571429,112.142857143,80.0714285714,42.3214285714,3046.25,3311.25,4406.5,3278.5,3172.0,3154.0,2483.75
