zone_id,area_id,total,daytype_inweek,daytype_weekend,hod_00h,hod_01h,hod_02h,hod_03h,hod_04h,hod_05h,hod_06h,hod_07h,hod_08h,hod_09h,hod_10h,hod_11h,hod_12h,hod_13h,hod_14h,hod_15h,hod_16h,hod_17h,hod_18h,hod_19h,hod_20h,hod_21h,hod_22h,hod_23h,dow_mon,dow_tue,dow_wed,dow_thu,dow_fri,dow_sat,dow_sun
W06000016,W02000271,2239.64285714,12103.0,3705.25,10.4285714286,10.1785714286,6.39285714286,4.57142857143,5.17857142857,21.4285714286,38.3214285714,78.5714285714,114.892857143,119.535714286,136.571428571,154.178571429,163.357142857,164.035714286,170.571428571,161.642857143,164.678571429,166.178571429,150.5,126.535714286,99.25,78.9642857143,57.3928571429,36.2857142857,2159.5,2351.5,3003.5,2295.25,2293.25,2028.75,1545.75
