zone_id,area_id,total,daytype_inweek,daytype_weekend,hod_00h,hod_01h,hod_02h,hod_03h,hod_04h,hod_05h,hod_06h,hod_07h,hod_08h,hod_09h,hod_10h,hod_11h,hod_12h,hod_13h,hod_14h,hod_15h,hod_16h,hod_17h,hod_18h,hod_19h,hod_20h,hod_21h,hod_22h,hod_23h,dow_mon,dow_tue,dow_wed,dow_thu,dow_fri,dow_sat,dow_sun
E06000054,E02006647,2248.42857143,12214.5,3873.0,10.9642857143,9.82142857143,6.32142857143,5.32142857143,7.75,15.9642857143,44.25,109.571428571,143.607142857,140.928571429,156.571428571,153.75,153.357142857,144.357142857,141.0,147.785714286,166.464285714,161.464285714,143.678571429,117.464285714,93.4642857143,73.0357142857,63.0714285714,38.4642857143,2233.25,2323.25,3135.75,2335.5,2186.75,1884.75,1639.75
