zone_id,area_id,total,daytype_inweek,daytype_weekend,hod_00h,hod_01h,hod_02h,hod_03h,hod_04h,hod_05h,hod_06h,hod_07h,hod_08h,hod_09h,hod_10h,hod_11h,hod_12h,hod_13h,hod_14h,hod_15h,hod_16h,hod_17h,hod_18h,hod_19h,hod_20h,hod_21h,hod_22h,hod_23h,dow_mon,dow_tue,dow_wed,dow_thu,dow_fri,dow_sat,dow_sun
E06000033,E02003285,3092.14285714,16030.5,5284.75,14.3571428571,16.25,13.4285714286,9.67857142857,9.64285714286,17.3571428571,39.0,88.6428571429,150.178571429,158.142857143,193.142857143,216.535714286,226.857142857,232.071428571,219.928571429,221.714285714,231.607142857,228.75,209.0,182.392857143,149.678571429,118.785714286,92.6428571429,52.3571428571,2878.0,3242.25,3975.75,2906.5,3028.0,3207.75,2406.75
