zone_id,area_id,total,daytype_inweek,daytype_weekend,hod_00h,hod_01h,hod_02h,hod_03h,hod_04h,hod_05h,hod_06h,hod_07h,hod_08h,hod_09h,hod_10h,hod_11h,hod_12h,hod_13h,hod_14h,hod_15h,hod_16h,hod_17h,hod_18h,hod_19h,hod_20h,hod_21h,hod_22h,hod_23h,dow_mon,dow_tue,dow_wed,dow_thu,dow_fri,dow_sat,dow_sun
E08000015,E02001501,3967.46428571,21209.25,6837.0,15.5714285714,18.7142857143,13.4285714286,10.4642857143,10.1071428571,18.1785714286,42.3928571429,145.535714286,230.928571429,218.857142857,244.678571429,260.392857143,285.892857143,283.107142857,285.357142857,280.392857143,308.0,306.392857143,266.607142857,242.607142857,189.107142857,135.714285714,98.7857142857,56.25,3779.25,4101.0,5272.25,4057.0,3999.75,3505.25,3057.75
