zone_id,area_id,total,daytype_inweek,daytype_weekend,hod_00h,hod_01h,hod_02h,hod_03h,hod_04h,hod_05h,hod_06h,hod_07h,hod_08h,hod_09h,hod_10h,hod_11h,hod_12h,hod_13h,hod_14h,hod_15h,hod_16h,hod_17h,hod_18h,hod_19h,hod_20h,hod_21h,hod_22h,hod_23h,dow_mon,dow_tue,dow_wed,dow_thu,dow_fri,dow_sat,dow_sun
E06000045,E02003552,1700.85714286,9060.0,2904.75,8.82142857143,9.67857142857,8.25,6.10714285714,6.96428571429,14.25,30.2857142857,60.3571428571,91.8928571429,94.0714285714,104.607142857,109.607142857,111.642857143,110.75,118.464285714,117.035714286,124.464285714,129.285714286,112.5,96.7857142857,83.0357142857,68.0,54.25,29.75,1648.25,1795.5,2170.25,1732.25,1713.75,1589.5,1256.5
