zone_id,area_id,total,daytype_inweek,daytype_weekend,hod_00h,hod_01h,hod_02h,hod_03h,hod_04h,hod_05h,hod_06h,hod_07h,hod_08h,hod_09h,hod_10h,hod_11h,hod_12h,hod_13h,hod_14h,hod_15h,hod_16h,hod_17h,hod_18h,hod_19h,hod_20h,hod_21h,hod_22h,hod_23h,dow_mon,dow_tue,dow_wed,dow_thu,dow_fri,dow_sat,dow_sun
E08000024,E02001816,3252.57142857,17146.0,5624.0,12.3928571429,15.9285714286,10.1071428571,10.6071428571,10.9642857143,20.1785714286,46.5,114.607142857,156.857142857,187.178571429,209.25,234.642857143,248.964285714,247.642857143,242.142857143,238.964285714,250.535714286,238.357142857,218.285714286,185.464285714,138.678571429,103.214285714,72.8928571429,38.2142857143,3111.75,3353.5,4173.75,3122.75,3384.25,3109.75,2512.25
