zone_id,area_id,total,daytype_inweek,daytype_weekend,hod_00h,hod_01h,hod_02h,hod_03h,hod_04h,hod_05h,hod_06h,hod_07h,hod_08h,hod_09h,hod_10h,hod_11h,hod_12h,hod_13h,hod_14h,hod_15h,hod_16h,hod_17h,hod_18h,hod_19h,hod_20h,hod_21h,hod_22h,hod_23h,dow_mon,dow_tue,dow_wed,dow_thu,dow_fri,dow_sat,dow_sun
E08000035,E02002411,8211.64285714,44904.25,12920.0,54.7142857143,55.1428571429,42.3571428571,34.5,35.25,72.6071428571,169.428571429,398.678571429,542.464285714,433.142857143,437.178571429,490.107142857,559.678571429,568.428571429,558.857142857,542.285714286,589.607142857,695.071428571,561.321428571,429.142857143,327.535714286,264.892857143,214.5,134.75,7681.75,9273.0,10876.0,8348.75,8724.75,7339.0,5238.25
