zone_id,area_id,total,daytype_inweek,daytype_weekend,hod_00h,hod_01h,hod_02h,hod_03h,hod_04h,hod_05h,hod_06h,hod_07h,hod_08h,hod_09h,hod_10h,hod_11h,hod_12h,hod_13h,hod_14h,hod_15h,hod_16h,hod_17h,hod_18h,hod_19h,hod_20h,hod_21h,hod_22h,hod_23h,dow_mon,dow_tue,dow_wed,dow_thu,dow_fri,dow_sat,dow_sun
E06000047,E02004345,4467.92857143,23974.5,7707.75,16.0,14.3571428571,10.3214285714,9.89285714286,15.2857142857,42.2142857143,89.7857142857,179.571428571,244.607142857,272.857142857,306.607142857,325.642857143,334.0,327.678571429,330.571428571,328.714285714,346.821428571,329.75,274.821428571,223.0,172.571428571,130.071428571,91.5,51.2857142857,4359.0,4657.5,5922.0,4545.25,4490.75,3952.25,3348.75
