zone_id,area_id,total,daytype_inweek,daytype_weekend,hod_00h,hod_01h,hod_02h,hod_03h,hod_04h,hod_05h,hod_06h,hod_07h,hod_08h,hod_09h,hod_10h,hod_11h,hod_12h,hod_13h,hod_14h,hod_15h,hod_16h,hod_17h,hod_18h,hod_19h,hod_20h,hod_21h,hod_22h,hod_23h,dow_mon,dow_tue,dow_wed,dow_thu,dow_fri,dow_sat,dow_sun
E08000011,E02001330,1975.57142857,10504.25,3462.25,14.25,14.7857142857,11.5714285714,8.5,9.0,21.2857142857,33.0357142857,69.4642857143,84.1071428571,82.5357142857,96.7857142857,111.892857143,120.821428571,123.285714286,130.428571429,131.035714286,144.464285714,142.285714286,149.25,131.214285714,123.178571429,97.5357142857,74.75,50.1071428571,1916.25,2070.75,2508.25,2004.75,2004.25,1778.75,1546.0
