zone_id,area_id,total,daytype_inweek,daytype_weekend,hod_00h,hod_01h,hod_02h,hod_03h,hod_04h,hod_05h,hod_06h,hod_07h,hod_08h,hod_09h,hod_10h,hod_11h,hod_12h,hod_13h,hod_14h,hod_15h,hod_16h,hod_17h,hod_18h,hod_19h,hod_20h,hod_21h,hod_22h,hod_23h,dow_mon,dow_tue,dow_wed,dow_thu,dow_fri,dow_sat,dow_sun
E09000029,E02000861,2225.03571429,11920.5,3885.75,14.8571428571,12.0357142857,8.0,7.67857142857,6.96428571429,12.2142857143,33.6071428571,79.3928571429,122.142857143,128.714285714,139.964285714,148.642857143,154.071428571,157.571428571,147.321428571,153.392857143,157.678571429,159.642857143,145.285714286,129.428571429,110.321428571,88.4642857143,66.5357142857,41.1071428571,2225.25,2347.25,2920.5,2272.75,2154.75,1994.25,1660.5
