zone_id,area_id,total,daytype_inweek,daytype_weekend,hod_00h,hod_01h,hod_02h,hod_03h,hod_04h,hod_05h,hod_06h,hod_07h,hod_08h,hod_09h,hod_10h,hod_11h,hod_12h,hod_13h,hod_14h,hod_15h,hod_16h,hod_17h,hod_18h,hod_19h,hod_20h,hod_21h,hod_22h,hod_23h,dow_mon,dow_tue,dow_wed,dow_thu,dow_fri,dow_sat,dow_sun
E09000008,E02000237,2399.14285714,12661.25,4076.0,19.6428571429,12.4642857143,9.71428571429,7.82142857143,8.07142857143,14.8571428571,40.9285714286,88.0714285714,123.607142857,135.392857143,149.071428571,157.392857143,161.535714286,160.964285714,151.642857143,155.785714286,159.107142857,173.035714286,166.178571429,153.25,122.178571429,103.321428571,79.0357142857,46.0714285714,2264.25,2451.0,3077.5,2423.25,2445.25,2321.0,1811.75
