zone_id,area_id,total,daytype_inweek,daytype_weekend,hod_00h,hod_01h,hod_02h,hod_03h,hod_04h,hod_05h,hod_06h,hod_07h,hod_08h,hod_09h,hod_10h,hod_11h,hod_12h,hod_13h,hod_14h,hod_15h,hod_16h,hod_17h,hod_18h,hod_19h,hod_20h,hod_21h,hod_22h,hod_23h,dow_mon,dow_tue,dow_wed,dow_thu,dow_fri,dow_sat,dow_sun
E09000031,E02000906,1854.71428571,9492.5,3264.75,19.6785714286,17.5,12.7142857143,10.2857142857,8.89285714286,12.4642857143,22.7142857143,39.0357142857,62.6428571429,92.7142857143,103.857142857,115.75,128.892857143,130.25,129.035714286,130.035714286,125.678571429,126.285714286,125.428571429,123.964285714,109.035714286,88.6071428571,70.5357142857,48.7142857143,1705.5,1881.75,2304.0,1763.75,1837.5,1931.25,1559.25
