zone_id,area_id,total,daytype_inweek,daytype_weekend,hod_00h,hod_01h,hod_02h,hod_03h,hod_04h,hod_05h,hod_06h,hod_07h,hod_08h,hod_09h,hod_10h,hod_11h,hod_12h,hod_13h,hod_14h,hod_15h,hod_16h,hod_17h,hod_18h,hod_19h,hod_20h,hod_21h,hod_22h,hod_23h,dow_mon,dow_tue,dow_wed,dow_thu,dow_fri,dow_sat,dow_sun
E07000106,E02005025,7668.17857143,40354.0,12692.25,30.6785714286,30.8928571429,26.4642857143,20.75,17.8214285714,33.8214285714,108.464285714,290.285714286,387.607142857,448.5,542.035714286,585.785714286,616.75,609.75,594.178571429,571.607142857,566.464285714,559.321428571,464.75,375.857142857,293.535714286,225.428571429,169.071428571,98.3571428571,7010.5,7743.25,9660.25,7921.0,8019.0,7641.5,5681.75
