zone_id,area_id,total,daytype_inweek,daytype_weekend,hod_00h,hod_01h,hod_02h,hod_03h,hod_04h,hod_05h,hod_06h,hod_07h,hod_08h,hod_09h,hod_10h,hod_11h,hod_12h,hod_13h,hod_14h,hod_15h,hod_16h,hod_17h,hod_18h,hod_19h,hod_20h,hod_21h,hod_22h,hod_23h,dow_mon,dow_tue,dow_wed,dow_thu,dow_fri,dow_sat,dow_sun
E07000005,E02003687,1540.89285714,8257.25,2569.75,8.71428571429,8.32142857143,5.67857142857,5.21428571429,6.5,7.5,18.4642857143,48.9285714286,81.4642857143,97.3214285714,108.071428571,107.642857143,114.392857143,101.285714286,103.428571429,98.6071428571,100.142857143,107.821428571,98.25,89.2857142857,77.4285714286,64.9285714286,52.8214285714,28.6785714286,1471.25,1610.25,2111.75,1550.5,1513.5,1430.5,1098.5
