zone_id,area_id,total,daytype_inweek,daytype_weekend,hod_00h,hod_01h,hod_02h,hod_03h,hod_04h,hod_05h,hod_06h,hod_07h,hod_08h,hod_09h,hod_10h,hod_11h,hod_12h,hod_13h,hod_14h,hod_15h,hod_16h,hod_17h,hod_18h,hod_19h,hod_20h,hod_21h,hod_22h,hod_23h,dow_mon,dow_tue,dow_wed,dow_thu,dow_fri,dow_sat,dow_sun
E08000032,E02002239,5240.57142857,28560.0,8748.0,34.5714285714,35.4642857143,23.5357142857,21.0357142857,25.6071428571,85.3214285714,135.714285714,230.5,270.25,256.142857143,280.714285714,316.285714286,355.071428571,359.714285714,362.928571429,355.714285714,388.321428571,393.464285714,351.857142857,288.571428571,229.464285714,202.142857143,152.0,86.1785714286,5008.75,5663.75,7074.5,5313.75,5499.25,4384.75,3739.25
