zone_id,area_id,total,daytype_inweek,daytype_weekend,hod_00h,hod_01h,hod_02h,hod_03h,hod_04h,hod_05h,hod_06h,hod_07h,hod_08h,hod_09h,hod_10h,hod_11h,hod_12h,hod_13h,hod_14h,hod_15h,hod_16h,hod_17h,hod_18h,hod_19h,hod_20h,hod_21h,hod_22h,hod_23h,dow_mon,dow_tue,dow_wed,dow_thu,dow_fri,dow_sat,dow_sun
E08000016,E02001532,1345.42857143,7193.25,2320.25,3.75,3.67857142857,3.67857142857,2.92857142857,4.60714285714,9.21428571429,19.3214285714,52.5,73.4642857143,86.3571428571,89.3571428571,95.0714285714,98.2142857143,100.75,99.6785714286,98.25,102.928571429,101.035714286,83.4285714286,75.5,54.5,40.9642857143,30.9642857143,15.2857142857,1298.75,1457.25,1768.25,1382.75,1286.25,1203.25,1021.5
