zone_id,area_id,total,daytype_inweek,daytype_weekend,hod_00h,hod_01h,hod_02h,hod_03h,hod_04h,hod_05h,hod_06h,hod_07h,hod_08h,hod_09h,hod_10h,hod_11h,hod_12h,hod_13h,hod_14h,hod_15h,hod_16h,hod_17h,hod_18h,hod_19h,hod_20h,hod_21h,hod_22h,hod_23h,dow_mon,dow_tue,dow_wed,dow_thu,dow_fri,dow_sat,dow_sun
S12000046,S02001879,1513.89285714,8102.0,2644.25,8.53571428571,10.3571428571,8.64285714286,6.28571428571,7.21428571429,10.1785714286,25.1428571429,61.8571428571,105.607142857,76.8571428571,78.25,85.2857142857,87.6428571429,90.4285714286,97.4642857143,103.535714286,113.285714286,115.821428571,109.571428571,96.0714285714,80.3214285714,60.4285714286,45.4285714286,29.6785714286,1521.75,1562.0,1957.0,1498.75,1562.5,1372.75,1122.5
