zone_id,area_id,total,daytype_inweek,daytype_weekend,hod_00h,hod_01h,hod_02h,hod_03h,hod_04h,hod_05h,hod_06h,hod_07h,hod_08h,hod_09h,hod_10h,hod_11h,hod_12h,hod_13h,hod_14h,hod_15h,hod_16h,hod_17h,hod_18h,hod_19h,hod_20h,hod_21h,hod_22h,hod_23h,dow_mon,dow_tue,dow_wed,dow_thu,dow_fri,dow_sat,dow_sun
S12000015,S02001807,3099.96428571,16413.75,5471.0,18.0714285714,19.3928571429,10.7142857143,9.17857142857,10.9285714286,33.5,65.4285714286,124.035714286,173.857142857,165.535714286,173.857142857,193.5,209.75,222.071428571,222.035714286,228.571428571,232.571428571,240.928571429,211.5,164.892857143,145.714285714,110.75,74.6785714286,38.5,3084.25,3186.25,3954.5,3030.75,3158.0,2899.25,2386.75
