zone_id,area_id,total,daytype_inweek,daytype_weekend,hod_00h,hod_01h,hod_02h,hod_03h,hod_04h,hod_05h,hod_06h,hod_07h,hod_08h,hod_09h,hod_10h,hod_11h,hod_12h,hod_13h,hod_14h,hod_15h,hod_16h,hod_17h,hod_18h,hod_19h,hod_20h,hod_21h,hod_22h,hod_23h,dow_mon,dow_tue,dow_wed,dow_thu,dow_fri,dow_sat,dow_sun
E08000007,E02001206,2937.03571429,15518.75,5056.0,16.5357142857,18.6071428571,12.6785714286,11.0,8.71428571429,15.8214285714,46.3928571429,109.035714286,147.678571429,160.678571429,185.678571429,200.678571429,210.428571429,215.464285714,208.357142857,202.571428571,202.035714286,210.357142857,192.107142857,173.964285714,137.821428571,110.107142857,85.0714285714,55.25,2768.75,3075.0,3882.5,2873.25,2919.25,2753.25,2287.25
