zone_id,area_id,total,daytype_inweek,daytype_weekend,hod_00h,hod_01h,hod_02h,hod_03h,hod_04h,hod_05h,hod_06h,hod_07h,hod_08h,hod_09h,hod_10h,hod_11h,hod_12h,hod_13h,hod_14h,hod_15h,hod_16h,hod_17h,hod_18h,hod_19h,hod_20h,hod_21h,hod_22h,hod_23h,dow_mon,dow_tue,dow_wed,dow_thu,dow_fri,dow_sat,dow_sun
W06000009,W02000126,650.857142857,3609.0,1185.0,1.78571428571,2.07142857143,1.85714285714,0.892857142857,1.0,2.03571428571,5.07142857143,10.3214285714,18.7857142857,33.8571428571,57.3571428571,64.9285714286,63.4642857143,58.4642857143,61.9642857143,60.5357142857,52.9285714286,52.0,35.4642857143,26.4285714286,17.7857142857,12.6428571429,6.35714285714,2.85714285714,724.25,757.75,894.75,713.75,518.5,486.25,460.75
