zone_id,area_id,total,daytype_inweek,daytype_weekend,hod_00h,hod_01h,hod_02h,hod_03h,hod_04h,hod_05h,hod_06h,hod_07h,hod_08h,hod_09h,hod_10h,hod_11h,hod_12h,hod_13h,hod_14h,hod_15h,hod_16h,hod_17h,hod_18h,hod_19h,hod_20h,hod_21h,hod_22h,hod_23h,dow_mon,dow_tue,dow_wed,dow_thu,dow_fri,dow_sat,dow_sun
E07000211,E02006379,1055.42857143,5590.0,1857.0,6.89285714286,4.5,2.96428571429,2.64285714286,2.57142857143,4.46428571429,12.0,38.6785714286,59.0,65.6071428571,67.25,71.0,73.2857142857,67.9285714286,66.8928571429,72.1428571429,79.6428571429,74.7857142857,75.0357142857,65.7142857143,52.3214285714,41.8571428571,30.7857142857,17.4642857143,1052.5,1142.75,1332.0,1015.25,1047.5,993.5,804.5
