zone_id,area_id,total,daytype_inweek,daytype_weekend,hod_00h,hod_01h,hod_02h,hod_03h,hod_04h,hod_05h,hod_06h,hod_07h,hod_08h,hod_09h,hod_10h,hod_11h,hod_12h,hod_13h,hod_14h,hod_15h,hod_16h,hod_17h,hod_18h,hod_19h,hod_20h,hod_21h,hod_22h,hod_23h,dow_mon,dow_tue,dow_wed,dow_thu,dow_fri,dow_sat,dow_sun
E08000018,E02001593,4261.5,23177.75,6823.5,22.8928571429,26.3928571429,16.1071428571,14.8928571429,18.5714285714,48.6428571429,82.7857142857,145.285714286,216.857142857,224.464285714,264.5,292.857142857,318.142857143,316.607142857,309.821428571,303.357142857,313.392857143,321.535714286,271.428571429,224.571428571,190.285714286,151.214285714,106.071428571,60.8214285714,4000.75,4568.0,5711.0,4366.0,4532.0,3830.0,2822.75
