zone_id,area_id,total,daytype_inweek,daytype_weekend,hod_00h,hod_01h,hod_02h,hod_03h,hod_04h,hod_05h,hod_06h,hod_07h,hod_08h,hod_09h,hod_10h,hod_11h,hod_12h,hod_13h,hod_14h,hod_15h,hod_16h,hod_17h,hod_18h,hod_19h,hod_20h,hod_21h,hod_22h,hod_23h,dow_mon,dow_tue,dow_wed,dow_thu,dow_fri,dow_sat,dow_sun
E07000046,E02004220,841.964285714,4538.25,1487.5,1.89285714286,1.78571428571,1.10714285714,1.78571428571,1.67857142857,2.42857142857,5.60714285714,17.8571428571,24.3928571429,39.1071428571,61.8214285714,72.7142857143,67.75,68.8214285714,61.25,67.3571428571,67.8928571429,68.5714285714,55.3571428571,45.1428571429,36.7857142857,31.5714285714,26.8214285714,12.4642857143,854.5,895.25,1145.75,863.25,779.5,722.5,633.0
