zone_id,area_id,total,daytype_inweek,daytype_weekend,hod_00h,hod_01h,hod_02h,hod_03h,hod_04h,hod_05h,hod_06h,hod_07h,hod_08h,hod_09h,hod_10h,hod_11h,hod_12h,hod_13h,hod_14h,hod_15h,hod_16h,hod_17h,hod_18h,hod_19h,hod_20h,hod_21h,hod_22h,hod_23h,dow_mon,dow_tue,dow_wed,dow_thu,dow_fri,dow_sat,dow_sun
E06000016,E02002858,3674.28571429,19403.0,6126.5,22.3928571429,24.5,15.5,13.4285714286,11.8571428571,22.8571428571,48.9285714286,128.321428571,225.035714286,208.25,211.285714286,221.75,233.857142857,232.107142857,235.357142857,250.821428571,267.964285714,270.821428571,253.25,232.071428571,194.214285714,155.107142857,123.321428571,71.2857142857,3415.0,3758.75,4801.75,3580.25,3847.25,3605.5,2711.5
