zone_id,area_id,total,daytype_inweek,daytype_weekend,hod_00h,hod_01h,hod_02h,hod_03h,hod_04h,hod_05h,hod_06h,hod_07h,hod_08h,hod_09h,hod_10h,hod_11h,hod_12h,hod_13h,hod_14h,hod_15h,hod_16h,hod_17h,hod_18h,hod_19h,hod_20h,hod_21h,hod_22h,hod_23h,dow_mon,dow_tue,dow_wed,dow_thu,dow_fri,dow_sat,dow_sun
E07000072,E02004537,2411.39285714,12528.25,4148.5,18.1785714286,12.5,8.25,6.64285714286,5.39285714286,10.75,28.0714285714,73.2142857143,117.392857143,143.642857143,162.857142857,169.857142857,181.142857143,177.535714286,162.678571429,163.035714286,160.964285714,173.571428571,166.964285714,151.607142857,121.892857143,90.1071428571,62.0,43.1428571429,2221.25,2419.25,2997.0,2321.5,2569.25,2424.25,1927.25
