zone_id,area_id,total,daytype_inweek,daytype_weekend,hod_00h,hod_01h,hod_02h,hod_03h,hod_04h,hod_05h,hod_06h,hod_07h,hod_08h,hod_09h,hod_10h,hod_11h,hod_12h,hod_13h,hod_14h,hod_15h,hod_16h,hod_17h,hod_18h,hod_19h,hod_20h,hod_21h,hod_22h,hod_23h,dow_mon,dow_tue,dow_wed,dow_thu,dow_fri,dow_sat,dow_sun
E07000238,E02006752,962.75,5143.0,1643.0,3.71428571429,3.82142857143,1.85714285714,1.78571428571,2.60714285714,6.5,14.4642857143,34.4642857143,55.0714285714,54.75,60.5,65.8571428571,68.4642857143,64.7857142857,70.2142857143,63.6071428571,73.3571428571,72.5,70.6071428571,56.0714285714,45.5357142857,34.7142857143,23.5357142857,13.9642857143,912.25,1045.0,1247.75,919.5,1018.5,865.5,730.75
