zone_id,area_id,total,daytype_inweek,daytype_weekend,hod_00h,hod_01h,hod_02h,hod_03h,hod_04h,hod_05h,hod_06h,hod_07h,hod_08h,hod_09h,hod_10h,hod_11h,hod_12h,hod_13h,hod_14h,hod_15h,hod_16h,hod_17h,hod_18h,hod_19h,hod_20h,hod_21h,hod_22h,hod_23h,dow_mon,dow_tue,dow_wed,dow_thu,dow_fri,dow_sat,dow_sun
S12000017,S02002016,1147.57142857,6429.0,1873.0,2.57142857143,2.96428571429,1.82142857143,2.89285714286,3.60714285714,8.21428571429,29.0357142857,59.8928571429,76.3928571429,66.1071428571,67.75,71.75,77.4285714286,78.25,79.5357142857,87.9642857143,98.7142857143,101.857142857,77.1428571429,54.25,38.3214285714,32.4642857143,19.7142857143,8.92857142857,1186.5,1237.0,1598.25,1309.5,1097.75,917.5,686.5
