zone_id,area_id,total,daytype_inweek,daytype_weekend,hod_00h,hod_01h,hod_02h,hod_03h,hod_04h,hod_05h,hod_06h,hod_07h,hod_08h,hod_09h,hod_10h,hod_11h,hod_12h,hod_13h,hod_14h,hod_15h,hod_16h,hod_17h,hod_18h,hod_19h,hod_20h,hod_21h,hod_22h,hod_23h,dow_mon,dow_tue,dow_wed,dow_thu,dow_fri,dow_sat,dow_sun
E07000038,E02004111,1030.60714286,5604.25,1845.25,4.32142857143,3.57142857143,3.53571428571,2.78571428571,3.07142857143,10.6071428571,18.75,35.8214285714,54.1785714286,59.0357142857,71.1071428571,69.4285714286,72.1071428571,73.4285714286,69.5357142857,74.8928571429,74.7857142857,75.5357142857,68.5714285714,59.8214285714,49.7857142857,39.0,24.6785714286,12.25,1074.25,1052.5,1381.75,1027.25,1068.5,839.0,771.0
