zone_id,area_id,total,daytype_inweek,daytype_weekend,hod_00h,hod_01h,hod_02h,hod_03h,hod_04h,hod_05h,hod_06h,hod_07h,hod_08h,hod_09h,hod_10h,hod_11h,hod_12h,hod_13h,hod_14h,hod_15h,hod_16h,hod_17h,hod_18h,hod_19h,hod_20h,hod_21h,hod_22h,hod_23h,dow_mon,dow_tue,dow_wed,dow_thu,dow_fri,dow_sat,dow_sun
E07000151,E02005624,1509.89285714,8332.25,2474.0,9.57142857143,6.82142857143,3.64285714286,3.17857142857,5.96428571429,24.3928571429,33.7857142857,62.1428571429,84.5357142857,82.7857142857,86.1428571429,93.4642857143,94.75,99.1071428571,103.321428571,102.821428571,111.285714286,123.107142857,105.5,82.8571428571,70.6785714286,52.2142857143,43.2142857143,24.6071428571,1465.25,1660.0,2068.0,1625.25,1513.75,1228.25,1008.75
