zone_id,area_id,total,daytype_inweek,daytype_weekend,hod_00h,hod_01h,hod_02h,hod_03h,hod_04h,hod_05h,hod_06h,hod_07h,hod_08h,hod_09h,hod_10h,hod_11h,hod_12h,hod_13h,hod_14h,hod_15h,hod_16h,hod_17h,hod_18h,hod_19h,hod_20h,hod_21h,hod_22h,hod_23h,dow_mon,dow_tue,dow_wed,dow_thu,dow_fri,dow_sat,dow_sun
S12000026,S02002300,1178.78571429,6348.25,2012.75,5.21428571429,4.17857142857,3.32142857143,2.32142857143,2.89285714286,8.14285714286,21.25,54.5,81.0,62.2857142857,63.1071428571,73.1428571429,83.7142857143,82.5357142857,82.8928571429,88.8571428571,98.3214285714,98.4285714286,74.3928571429,58.8571428571,51.4642857143,37.5357142857,26.6785714286,13.75,1194.5,1236.0,1541.0,1130.75,1246.0,1085.0,818.25
