zone_id,area_id,total,daytype_inweek,daytype_weekend,hod_00h,hod_01h,hod_02h,hod_03h,hod_04h,hod_05h,hod_06h,hod_07h,hod_08h,hod_09h,hod_10h,hod_11h,hod_12h,hod_13h,hod_14h,hod_15h,hod_16h,hod_17h,hod_18h,hod_19h,hod_20h,hod_21h,hod_22h,hod_23h,dow_mon,dow_tue,dow_wed,dow_thu,dow_fri,dow_sat,dow_sun
E08000036,E02002478,1461.32142857,7905.0,2491.75,6.89285714286,7.32142857143,6.92857142857,6.46428571429,6.82142857143,22.25,36.7857142857,59.3571428571,66.25,76.0,86.1071428571,94.25,100.5,104.892857143,106.964285714,99.1785714286,105.964285714,109.178571429,97.0714285714,80.3928571429,69.9285714286,55.75,34.0714285714,22.0,1416.0,1519.5,1989.5,1466.25,1513.75,1248.5,1075.75
