zone_id,area_id,total,daytype_inweek,daytype_weekend,hod_00h,hod_01h,hod_02h,hod_03h,hod_04h,hod_05h,hod_06h,hod_07h,hod_08h,hod_09h,hod_10h,hod_11h,hod_12h,hod_13h,hod_14h,hod_15h,hod_16h,hod_17h,hod_18h,hod_19h,hod_20h,hod_21h,hod_22h,hod_23h,dow_mon,dow_tue,dow_wed,dow_thu,dow_fri,dow_sat,dow_sun
E06000029,E02003203,3367.78571429,17824.5,5698.0,12.3928571429,13.0714285714,11.0357142857,9.03571428571,10.6071428571,24.4285714286,61.75,129.642857143,184.607142857,204.107142857,225.607142857,236.25,237.821428571,230.0,230.321428571,221.25,238.821428571,250.785714286,229.75,194.035714286,155.071428571,122.035714286,90.8928571429,44.4642857143,3172.25,3509.25,4242.25,3371.0,3529.75,3224.25,2525.75
