zone_id,area_id,total,daytype_inweek,daytype_weekend,hod_00h,hod_01h,hod_02h,hod_03h,hod_04h,hod_05h,hod_06h,hod_07h,hod_08h,hod_09h,hod_10h,hod_11h,hod_12h,hod_13h,hod_14h,hod_15h,hod_16h,hod_17h,hod_18h,hod_19h,hod_20h,hod_21h,hod_22h,hod_23h,dow_mon,dow_tue,dow_wed,dow_thu,dow_fri,dow_sat,dow_sun
E08000036,E02002459,3867.35714286,20688.0,6560.25,18.6428571429,23.6428571429,20.6785714286,14.5357142857,17.5,38.1785714286,72.75,140.107142857,200.142857143,203.035714286,234.071428571,249.321428571,273.571428571,264.107142857,266.928571429,262.964285714,288.464285714,300.035714286,259.642857143,223.821428571,185.214285714,144.25,108.178571429,57.5714285714,3703.75,4028.25,5061.0,3866.5,4028.5,3527.0,2856.5
