zone_id,area_id,total,daytype_inweek,daytype_weekend,hod_00h,hod_01h,hod_02h,hod_03h,hod_04h,hod_05h,hod_06h,hod_07h,hod_08h,hod_09h,hod_10h,hod_11h,hod_12h,hod_13h,hod_14h,hod_15h,hod_16h,hod_17h,hod_18h,hod_19h,hod_20h,hod_21h,hod_22h,hod_23h,dow_mon,dow_tue,dow_wed,dow_thu,dow_fri,dow_sat,dow_sun
E09000023,E02000673,1684.67857143,8757.0,3009.5,17.0357142857,14.3214285714,8.89285714286,7.28571428571,7.10714285714,9.67857142857,17.9642857143,40.25,74.1428571429,89.8571428571,105.785714286,112.678571429,123.821428571,117.642857143,114.857142857,111.214285714,116.035714286,111.964285714,104.321428571,103.178571429,90.1785714286,80.2857142857,62.6428571429,43.5357142857,1604.0,1708.25,2160.5,1664.25,1620.0,1630.25,1405.5
