zone_id,area_id,total,daytype_inweek,daytype_weekend,hod_00h,hod_01h,hod_02h,hod_03h,hod_04h,hod_05h,hod_06h,hod_07h,hod_08h,hod_09h,hod_10h,hod_11h,hod_12h,hod_13h,hod_14h,hod_15h,hod_16h,hod_17h,hod_18h,hod_19h,hod_20h,hod_21h,hod_22h,hod_23h,dow_mon,dow_tue,dow_wed,dow_thu,dow_fri,dow_sat,dow_sun
E08000012,E02001375,3951.17857143,21039.25,6755.0,27.5714285714,26.5357142857,20.9285714286,16.8214285714,17.75,28.0714285714,60.9285714286,147.928571429,212.107142857,208.571428571,221.392857143,230.607142857,258.928571429,270.642857143,272.785714286,277.928571429,287.892857143,301.928571429,269.714285714,240.75,202.428571429,160.214285714,117.214285714,71.5357142857,3720.25,4086.0,5140.5,3993.75,4098.75,3584.25,3034.75
