zone_id,area_id,total,daytype_inweek,daytype_weekend,hod_00h,hod_01h,hod_02h,hod_03h,hod_04h,hod_05h,hod_06h,hod_07h,hod_08h,hod_09h,hod_10h,hod_11h,hod_12h,hod_13h,hod_14h,hod_15h,hod_16h,hod_17h,hod_18h,hod_19h,hod_20h,hod_21h,hod_22h,hod_23h,dow_mon,dow_tue,dow_wed,dow_thu,dow_fri,dow_sat,dow_sun
E08000028,E02006810,2058.75,10940.25,3605.25,15.6785714286,15.8571428571,10.1785714286,8.82142857143,9.57142857143,22.2857142857,43.4285714286,70.1071428571,83.7857142857,103.392857143,115.357142857,132.214285714,137.892857143,138.928571429,137.892857143,137.678571429,142.928571429,143.142857143,137.892857143,129.964285714,115.535714286,90.1071428571,72.3571428571,43.75,2022.0,2179.0,2668.5,2079.0,1991.75,1887.75,1583.25
