zone_id,area_id,total,daytype_inweek,daytype_weekend,hod_00h,hod_01h,hod_02h,hod_03h,hod_04h,hod_05h,hod_06h,hod_07h,hod_08h,hod_09h,hod_10h,hod_11h,hod_12h,hod_13h,hod_14h,hod_15h,hod_16h,hod_17h,hod_18h,hod_19h,hod_20h,hod_21h,hod_22h,hod_23h,dow_mon,dow_tue,dow_wed,dow_thu,dow_fri,dow_sat,dow_sun
E06000054,E02006652,5247.17857143,28268.0,8919.0,25.1071428571,18.75,13.0714285714,13.1785714286,17.2142857143,38.75,105.892857143,257.714285714,286.357142857,295.75,337.785714286,346.857142857,374.607142857,372.642857143,365.714285714,380.285714286,404.607142857,397.892857143,334.392857143,279.714285714,214.428571429,163.392857143,128.857142857,74.2142857143,5024.0,5496.25,6993.25,5308.25,5446.25,4567.25,3895.0
