zone_id,area_id,total,daytype_inweek,daytype_weekend,hod_00h,hod_01h,hod_02h,hod_03h,hod_04h,hod_05h,hod_06h,hod_07h,hod_08h,hod_09h,hod_10h,hod_11h,hod_12h,hod_13h,hod_14h,hod_15h,hod_16h,hod_17h,hod_18h,hod_19h,hod_20h,hod_21h,hod_22h,hod_23h,dow_mon,dow_tue,dow_wed,dow_thu,dow_fri,dow_sat,dow_sun
E07000114,E02005148,2902.89285714,15036.0,5026.0,12.1428571429,15.25,10.4285714286,8.35714285714,7.07142857143,18.6785714286,38.8928571429,105.428571429,155.285714286,163.071428571,187.25,212.321428571,216.25,210.678571429,202.357142857,205.214285714,219.857142857,221.964285714,188.142857143,163.5,129.892857143,98.1071428571,74.7142857143,38.0357142857,2658.0,2852.5,3716.25,2767.25,3042.0,2916.25,2368.0
