zone_id,area_id,total,daytype_inweek,daytype_weekend,hod_00h,hod_01h,hod_02h,hod_03h,hod_04h,hod_05h,hod_06h,hod_07h,hod_08h,hod_09h,hod_10h,hod_11h,hod_12h,hod_13h,hod_14h,hod_15h,hod_16h,hod_17h,hod_18h,hod_19h,hod_20h,hod_21h,hod_22h,hod_23h,dow_mon,dow_tue,dow_wed,dow_thu,dow_fri,dow_sat,dow_sun
E07000211,E02006390,2348.92857143,12612.75,4018.25,13.0,13.6428571429,10.75,11.8571428571,13.8928571429,25.0714285714,44.3928571429,106.071428571,141.714285714,131.535714286,139.642857143,146.785714286,144.928571429,140.607142857,136.0,146.964285714,162.964285714,179.892857143,164.785714286,144.392857143,115.142857143,91.9285714286,76.1071428571,46.8571428571,2267.5,2418.0,3133.0,2349.25,2445.0,2079.0,1750.75
