zone_id,area_id,total,daytype_inweek,daytype_weekend,hod_00h,hod_01h,hod_02h,hod_03h,hod_04h,hod_05h,hod_06h,hod_07h,hod_08h,hod_09h,hod_10h,hod_11h,hod_12h,hod_13h,hod_14h,hod_15h,hod_16h,hod_17h,hod_18h,hod_19h,hod_20h,hod_21h,hod_22h,hod_23h,dow_mon,dow_tue,dow_wed,dow_thu,dow_fri,dow_sat,dow_sun
E08000035,E02002384,9267.89285714,50093.0,16105.75,87.1785714286,99.7857142857,71.75,59.6785714286,51.6071428571,67.0,150.964285714,323.285714286,515.75,466.142857143,471.964285714,526.071428571,599.821428571,598.892857143,612.0,624.571428571,679.5,732.107142857,630.964285714,545.357142857,458.857142857,372.535714286,303.857142857,218.25,9357.5,9597.75,12140.25,9319.5,9678.0,8034.0,6748.25
