zone_id,area_id,total,daytype_inweek,daytype_weekend,hod_00h,hod_01h,hod_02h,hod_03h,hod_04h,hod_05h,hod_06h,hod_07h,hod_08h,hod_09h,hod_10h,hod_11h,hod_12h,hod_13h,hod_14h,hod_15h,hod_16h,hod_17h,hod_18h,hod_19h,hod_20h,hod_21h,hod_22h,hod_23h,dow_mon,dow_tue,dow_wed,dow_thu,dow_fri,dow_sat,dow_sun
E06000050,E02003803,19483.2142857,101220.25,31952.5,83.6071428571,99.2857142857,81.8571428571,74.9642857143,64.8928571429,88.7857142857,231.285714286,605.035714286,974.571428571,1048.28571429,1225.71428571,1410.64285714,1548.78571429,1593.89285714,1584.57142857,1545.92857143,1535.03571429,1520.32142857,1210.42857143,926.857142857,724.035714286,537.607142857,456.5,310.321428571,17942.0,19327.5,25191.25,19175.0,19584.5,21151.75,14010.5
