zone_id,area_id,total,daytype_inweek,daytype_weekend,hod_00h,hod_01h,hod_02h,hod_03h,hod_04h,hod_05h,hod_06h,hod_07h,hod_08h,hod_09h,hod_10h,hod_11h,hod_12h,hod_13h,hod_14h,hod_15h,hod_16h,hod_17h,hod_18h,hod_19h,hod_20h,hod_21h,hod_22h,hod_23h,dow_mon,dow_tue,dow_wed,dow_thu,dow_fri,dow_sat,dow_sun
S12000046,S02001895,2862.07142857,15356.5,4891.25,17.3928571429,18.8571428571,14.0,10.8928571429,11.0,25.8214285714,53.1428571429,106.892857143,160.321428571,157.464285714,168.392857143,178.071428571,203.607142857,204.071428571,208.821428571,215.642857143,207.357142857,200.25,181.25,158.821428571,128.214285714,102.178571429,74.3928571429,55.2142857143,2825.0,2894.75,3844.0,2870.75,2922.0,2611.75,2066.25
