zone_id,area_id,total,daytype_inweek,daytype_weekend,hod_00h,hod_01h,hod_02h,hod_03h,hod_04h,hod_05h,hod_06h,hod_07h,hod_08h,hod_09h,hod_10h,hod_11h,hod_12h,hod_13h,hod_14h,hod_15h,hod_16h,hod_17h,hod_18h,hod_19h,hod_20h,hod_21h,hod_22h,hod_23h,dow_mon,dow_tue,dow_wed,dow_thu,dow_fri,dow_sat,dow_sun
E06000017,E02002865,938.357142857,5001.25,1651.0,3.03571428571,1.96428571429,1.85714285714,1.57142857143,1.53571428571,3.35714285714,8.28571428571,29.1785714286,50.3928571429,51.4285714286,59.1071428571,60.4285714286,64.0357142857,63.0714285714,65.7142857143,62.7142857143,66.75,67.3571428571,57.5,49.75,45.4285714286,45.2857142857,46.6785714286,31.9285714286,931.0,1018.0,1187.75,937.25,927.25,847.25,720.0
