zone_id,area_id,total,daytype_inweek,daytype_weekend,hod_00h,hod_01h,hod_02h,hod_03h,hod_04h,hod_05h,hod_06h,hod_07h,hod_08h,hod_09h,hod_10h,hod_11h,hod_12h,hod_13h,hod_14h,hod_15h,hod_16h,hod_17h,hod_18h,hod_19h,hod_20h,hod_21h,hod_22h,hod_23h,dow_mon,dow_tue,dow_wed,dow_thu,dow_fri,dow_sat,dow_sun
E09000022,E02000641,1943.0,9908.0,3579.75,28.7857142857,27.25,16.4285714286,12.9642857143,12.0357142857,17.1428571429,24.3214285714,45.6071428571,82.3214285714,94.1785714286,99.1785714286,110.642857143,115.821428571,113.75,113.107142857,116.357142857,116.392857143,130.071428571,140.392857143,139.25,129.0,104.285714286,88.8928571429,64.8214285714,1834.75,1980.0,2484.75,1765.25,1843.25,1948.0,1745.0
