zone_id,area_id,total,daytype_inweek,daytype_weekend,hod_00h,hod_01h,hod_02h,hod_03h,hod_04h,hod_05h,hod_06h,hod_07h,hod_08h,hod_09h,hod_10h,hod_11h,hod_12h,hod_13h,hod_14h,hod_15h,hod_16h,hod_17h,hod_18h,hod_19h,hod_20h,hod_21h,hod_22h,hod_23h,dow_mon,dow_tue,dow_wed,dow_thu,dow_fri,dow_sat,dow_sun
E07000154,E02005655,4008.32142857,21110.75,6924.25,17.5714285714,18.0,15.1785714286,16.2142857143,22.2142857143,49.0714285714,83.3928571429,168.678571429,216.714285714,218.428571429,240.892857143,257.285714286,284.642857143,289.535714286,279.357142857,274.107142857,291.964285714,300.5,265.035714286,216.321428571,186.571428571,146.178571429,100.642857143,49.8214285714,3708.0,4158.0,5202.75,3918.0,4124.0,3731.25,3216.25
