zone_id,area_id,total,daytype_inweek,daytype_weekend,hod_00h,hod_01h,hod_02h,hod_03h,hod_04h,hod_05h,hod_06h,hod_07h,hod_08h,hod_09h,hod_10h,hod_11h,hod_12h,hod_13h,hod_14h,hod_15h,hod_16h,hod_17h,hod_18h,hod_19h,hod_20h,hod_21h,hod_22h,hod_23h,dow_mon,dow_tue,dow_wed,dow_thu,dow_fri,dow_sat,dow_sun
E09000004,E02000091,2549.67857143,13587.5,4342.5,15.1071428571,15.8928571429,8.46428571429,6.28571428571,6.14285714286,13.6785714286,37.7857142857,92.8571428571,120.464285714,153.714285714,171.535714286,177.142857143,190.678571429,174.464285714,173.285714286,172.928571429,169.107142857,182.535714286,171.214285714,153.857142857,129.142857143,98.75,70.3928571429,44.25,2425.25,2640.25,3381.75,2588.0,2552.25,2343.0,1917.25
