area_id,total,daytype_inweek,daytype_weekend,hod_00h,hod_01h,hod_02h,hod_03h,hod_04h,hod_05h,hod_06h,hod_07h,hod_08h,hod_09h,hod_10h,hod_11h,hod_12h,hod_13h,hod_14h,hod_15h,hod_16h,hod_17h,hod_18h,hod_19h,hod_20h,hod_21h,hod_22h,hod_23h,dow_mon,dow_tue,dow_wed,dow_thu,dow_fri,dow_sat,dow_sun
40138,1.07142857143,5.0,2.0,0.0357142857143,0.0,0.0357142857143,0.0,0.0,0.0,0.0,0.0,0.0,0.0357142857143,0.178571428571,0.0357142857143,0.107142857143,0.0357142857143,0.107142857143,0.0714285714286,0.0714285714286,0.0,0.107142857143,0.107142857143,0.107142857143,0.0,0.0357142857143,0.0,0.5,0.5,1.25,0.25,2.5,1.0,1.5
40194,586.25,3083.0,978.25,6.96428571429,4.60714285714,2.82142857143,1.64285714286,3.57142857143,5.14285714286,7.35714285714,13.2857142857,16.1071428571,21.8214285714,32.2142857143,39.7142857143,46.25,49.5357142857,42.3214285714,31.8928571429,30.8928571429,36.3571428571,41.0357142857,44.8928571429,44.5357142857,31.9642857143,19.3571428571,11.9642857143,512.5,619.75,803.0,541.0,606.75,555.0,465.75
40181,302.785714286,1536.0,531.0,3.46428571429,2.60714285714,1.96428571429,1.35714285714,1.78571428571,2.25,3.25,4.92857142857,6.96428571429,11.1428571429,14.9285714286,18.8214285714,21.8214285714,20.4642857143,19.2142857143,13.1428571429,14.2142857143,16.8214285714,19.8928571429,23.25,24.2142857143,24.6785714286,17.2857142857,14.3214285714,261.0,300.25,403.0,282.75,289.0,313.5,270.0
40063,4.60714285714,23.75,12.25,0.0714285714286,0.0,0.107142857143,0.0,0.0,0.0357142857143,0.321428571429,0.142857142857,0.107142857143,0.178571428571,0.285714285714,0.535714285714,0.285714285714,0.25,0.285714285714,0.142857142857,0.285714285714,0.142857142857,0.214285714286,0.214285714286,0.214285714286,0.607142857143,0.142857142857,0.0357142857143,5.25,5.5,6.0,2.75,4.25,1.5,7.0
total,894.714285714,4647.75,1523.5,10.5357142857,7.21428571429,4.92857142857,3.0,5.35714285714,7.42857142857,10.9285714286,18.3571428571,23.1785714286,33.1785714286,47.6071428571,59.1071428571,68.4642857143,70.2857142857,61.9285714286,45.25,45.4642857143,53.3214285714,61.25,68.4642857143,69.0714285714,57.25,36.8214285714,26.3214285714,779.25,926.0,1213.25,826.75,902.5,871.0,744.25
