zone_id,area_id,total,daytype_inweek,daytype_weekend,hod_00h,hod_01h,hod_02h,hod_03h,hod_04h,hod_05h,hod_06h,hod_07h,hod_08h,hod_09h,hod_10h,hod_11h,hod_12h,hod_13h,hod_14h,hod_15h,hod_16h,hod_17h,hod_18h,hod_19h,hod_20h,hod_21h,hod_22h,hod_23h,dow_mon,dow_tue,dow_wed,dow_thu,dow_fri,dow_sat,dow_sun
E08000025,E02001850,4195.75,22174.5,7312.75,47.4285714286,44.2142857143,31.5714285714,24.5,29.4642857143,48.1428571429,77.9285714286,140.321428571,201.75,206.607142857,205.5,230.821428571,257.821428571,273.642857143,271.571428571,271.75,298.285714286,309.178571429,281.928571429,261.142857143,224.392857143,189.821428571,158.285714286,109.678571429,4054.75,4315.25,5383.0,4177.5,4244.0,3937.75,3258.0
