zone_id,area_id,total,daytype_inweek,daytype_weekend,hod_00h,hod_01h,hod_02h,hod_03h,hod_04h,hod_05h,hod_06h,hod_07h,hod_08h,hod_09h,hod_10h,hod_11h,hod_12h,hod_13h,hod_14h,hod_15h,hod_16h,hod_17h,hod_18h,hod_19h,hod_20h,hod_21h,hod_22h,hod_23h,dow_mon,dow_tue,dow_wed,dow_thu,dow_fri,dow_sat,dow_sun
E09000012,E02000351,1245.10714286,6324.5,2339.0,17.75,20.0714285714,11.8571428571,9.39285714286,8.07142857143,8.60714285714,14.5357142857,30.6071428571,55.75,60.1428571429,65.0714285714,67.75,69.75,73.8928571429,77.3571428571,74.6785714286,74.4642857143,80.0,89.1428571429,87.3571428571,77.6428571429,65.3928571429,63.0714285714,42.75,1176.75,1297.5,1555.75,1124.75,1169.75,1229.0,1162.25
