zone_id,area_id,total,daytype_inweek,daytype_weekend,hod_00h,hod_01h,hod_02h,hod_03h,hod_04h,hod_05h,hod_06h,hod_07h,hod_08h,hod_09h,hod_10h,hod_11h,hod_12h,hod_13h,hod_14h,hod_15h,hod_16h,hod_17h,hod_18h,hod_19h,hod_20h,hod_21h,hod_22h,hod_23h,dow_mon,dow_tue,dow_wed,dow_thu,dow_fri,dow_sat,dow_sun
E08000007,E02001216,3090.14285714,16338.25,5331.5,16.4285714286,19.3214285714,11.8214285714,10.25,9.17857142857,17.4285714286,44.2142857143,105.357142857,157.928571429,173.607142857,183.071428571,199.178571429,223.857142857,220.107142857,215.285714286,208.607142857,220.25,228.214285714,221.392857143,190.0,146.571428571,115.285714286,93.7142857143,59.0714285714,2889.25,3144.75,4104.5,3079.75,3120.0,2850.5,2442.25
