zone_id,area_id,total,daytype_inweek,daytype_weekend,hod_00h,hod_01h,hod_02h,hod_03h,hod_04h,hod_05h,hod_06h,hod_07h,hod_08h,hod_09h,hod_10h,hod_11h,hod_12h,hod_13h,hod_14h,hod_15h,hod_16h,hod_17h,hod_18h,hod_19h,hod_20h,hod_21h,hod_22h,hod_23h,dow_mon,dow_tue,dow_wed,dow_thu,dow_fri,dow_sat,dow_sun
E07000164,E02005750,1108.39285714,5816.25,1957.5,7.03571428571,2.82142857143,2.5,2.10714285714,2.14285714286,6.35714285714,14.0714285714,36.7857142857,57.5714285714,64.9285714286,79.4285714286,88.1071428571,90.2857142857,85.1071428571,88.75,80.2142857143,81.7857142857,76.2857142857,61.4285714286,55.0714285714,42.6785714286,36.1785714286,27.3214285714,19.4285714286,1070.75,1193.0,1466.25,1042.0,1044.25,1055.75,886.75
