zone_id,area_id,total,daytype_inweek,daytype_weekend,hod_00h,hod_01h,hod_02h,hod_03h,hod_04h,hod_05h,hod_06h,hod_07h,hod_08h,hod_09h,hod_10h,hod_11h,hod_12h,hod_13h,hod_14h,hod_15h,hod_16h,hod_17h,hod_18h,hod_19h,hod_20h,hod_21h,hod_22h,hod_23h,dow_mon,dow_tue,dow_wed,dow_thu,dow_fri,dow_sat,dow_sun
S12000042,S02001475,3007.10714286,16462.25,5438.25,11.7857142857,14.6785714286,9.71428571429,8.10714285714,9.92857142857,21.0714285714,50.1785714286,126.642857143,198.785714286,169.0,170.107142857,191.357142857,207.714285714,212.642857143,220.821428571,222.178571429,237.5,233.0,191.785714286,166.535714286,135.607142857,94.0357142857,66.6785714286,37.25,3300.25,3311.25,3928.0,2939.0,2983.75,2449.5,2138.0
