zone_id,area_id,total,daytype_inweek,daytype_weekend,hod_00h,hod_01h,hod_02h,hod_03h,hod_04h,hod_05h,hod_06h,hod_07h,hod_08h,hod_09h,hod_10h,hod_11h,hod_12h,hod_13h,hod_14h,hod_15h,hod_16h,hod_17h,hod_18h,hod_19h,hod_20h,hod_21h,hod_22h,hod_23h,dow_mon,dow_tue,dow_wed,dow_thu,dow_fri,dow_sat,dow_sun
S12000046,S02001866,2629.60714286,14204.75,4574.0,24.0,27.9285714286,18.6428571429,17.1071428571,18.4285714286,28.1428571429,52.2857142857,110.964285714,155.857142857,140.535714286,137.035714286,143.392857143,151.678571429,159.25,168.142857143,176.107142857,185.321428571,188.107142857,177.428571429,153.214285714,131.892857143,109.178571429,91.7857142857,63.1785714286,2666.25,2741.5,3514.5,2673.5,2609.0,2294.75,1907.75
