zone_id,area_id,total,daytype_inweek,daytype_weekend,hod_00h,hod_01h,hod_02h,hod_03h,hod_04h,hod_05h,hod_06h,hod_07h,hod_08h,hod_09h,hod_10h,hod_11h,hod_12h,hod_13h,hod_14h,hod_15h,hod_16h,hod_17h,hod_18h,hod_19h,hod_20h,hod_21h,hod_22h,hod_23h,dow_mon,dow_tue,dow_wed,dow_thu,dow_fri,dow_sat,dow_sun
E07000108,E02005051,7995.46428571,42375.25,13946.75,36.9642857143,35.2857142857,31.75,26.3214285714,28.1071428571,76.9285714286,157.821428571,294.321428571,416.75,489.392857143,543.535714286,567.464285714,592.464285714,580.642857143,590.785714286,577.5,588.464285714,567.964285714,490.214285714,421.285714286,330.428571429,258.035714286,187.785714286,105.25,7817.25,8316.75,10310.5,7976.0,7954.75,7463.5,6129.5
