zone_id,area_id,total,daytype_inweek,daytype_weekend,hod_00h,hod_01h,hod_02h,hod_03h,hod_04h,hod_05h,hod_06h,hod_07h,hod_08h,hod_09h,hod_10h,hod_11h,hod_12h,hod_13h,hod_14h,hod_15h,hod_16h,hod_17h,hod_18h,hod_19h,hod_20h,hod_21h,hod_22h,hod_23h,dow_mon,dow_tue,dow_wed,dow_thu,dow_fri,dow_sat,dow_sun
E07000154,E02005656,4009.53571429,20800.25,7024.5,18.2857142857,20.75,16.4642857143,15.0,25.3571428571,54.3928571429,84.3928571429,153.035714286,198.785714286,206.892857143,219.142857143,249.285714286,273.607142857,286.178571429,281.142857143,271.178571429,299.321428571,302.071428571,273.214285714,233.214285714,203.071428571,157.714285714,109.321428571,57.7142857143,3684.25,4010.25,5113.5,3796.25,4196.0,3926.25,3340.25
