zone_id,area_id,total,daytype_inweek,daytype_weekend,hod_00h,hod_01h,hod_02h,hod_03h,hod_04h,hod_05h,hod_06h,hod_07h,hod_08h,hod_09h,hod_10h,hod_11h,hod_12h,hod_13h,hod_14h,hod_15h,hod_16h,hod_17h,hod_18h,hod_19h,hod_20h,hod_21h,hod_22h,hod_23h,dow_mon,dow_tue,dow_wed,dow_thu,dow_fri,dow_sat,dow_sun
W06000019,W02000321,511.035714286,2747.75,828.5,2.85714285714,1.21428571429,1.03571428571,1.10714285714,1.46428571429,4.78571428571,5.35714285714,17.6071428571,19.6785714286,24.6428571429,32.25,35.2857142857,40.0714285714,41.5714285714,43.3214285714,40.0714285714,37.0714285714,38.7857142857,32.9642857143,25.9642857143,19.6071428571,19.3571428571,18.2142857143,6.75,461.0,560.25,668.25,495.25,563.0,462.0,367.5
