zone_id,area_id,total,daytype_inweek,daytype_weekend,hod_00h,hod_01h,hod_02h,hod_03h,hod_04h,hod_05h,hod_06h,hod_07h,hod_08h,hod_09h,hod_10h,hod_11h,hod_12h,hod_13h,hod_14h,hod_15h,hod_16h,hod_17h,hod_18h,hod_19h,hod_20h,hod_21h,hod_22h,hod_23h,dow_mon,dow_tue,dow_wed,dow_thu,dow_fri,dow_sat,dow_sun
S12000014,S02001726,1919.32142857,10185.25,3485.75,8.71428571429,11.3571428571,5.57142857143,4.21428571429,7.5,17.5,33.1785714286,65.6071428571,102.071428571,99.5357142857,112.107142857,113.25,131.071428571,130.785714286,136.0,135.5,147.964285714,145.75,130.714285714,119.714285714,97.9285714286,83.3571428571,54.7142857143,25.2142857143,1962.0,1964.0,2484.0,1862.25,1913.0,1726.25,1523.75
