zone_id,area_id,total,daytype_inweek,daytype_weekend,hod_00h,hod_01h,hod_02h,hod_03h,hod_04h,hod_05h,hod_06h,hod_07h,hod_08h,hod_09h,hod_10h,hod_11h,hod_12h,hod_13h,hod_14h,hod_15h,hod_16h,hod_17h,hod_18h,hod_19h,hod_20h,hod_21h,hod_22h,hod_23h,dow_mon,dow_tue,dow_wed,dow_thu,dow_fri,dow_sat,dow_sun
E08000030,E02002111,1589.03571429,8419.75,2773.75,9.25,8.35714285714,6.71428571429,4.75,6.32142857143,16.8928571429,37.2142857143,65.6071428571,68.25,82.6071428571,89.3214285714,102.964285714,107.607142857,105.428571429,106.392857143,112.214285714,121.642857143,122.928571429,107.821428571,92.4642857143,76.2857142857,61.8214285714,48.1428571429,28.0357142857,1547.75,1617.25,2023.25,1617.5,1614.0,1477.5,1226.0
