zone_id,area_id,total,daytype_inweek,daytype_weekend,hod_00h,hod_01h,hod_02h,hod_03h,hod_04h,hod_05h,hod_06h,hod_07h,hod_08h,hod_09h,hod_10h,hod_11h,hod_12h,hod_13h,hod_14h,hod_15h,hod_16h,hod_17h,hod_18h,hod_19h,hod_20h,hod_21h,hod_22h,hod_23h,dow_mon,dow_tue,dow_wed,dow_thu,dow_fri,dow_sat,dow_sun
E07000041,E02004154,3081.14285714,16896.25,4904.0,13.2857142857,12.6785714286,10.0714285714,9.14285714286,9.64285714286,17.3571428571,36.8928571429,118.178571429,188.464285714,189.75,192.142857143,196.392857143,209.464285714,213.428571429,201.821428571,202.642857143,224.714285714,250.928571429,209.071428571,175.607142857,144.107142857,112.178571429,90.8571428571,52.3214285714,2959.75,3366.5,4151.0,3253.5,3165.5,2727.5,1944.25
