zone_id,area_id,total,daytype_inweek,daytype_weekend,hod_00h,hod_01h,hod_02h,hod_03h,hod_04h,hod_05h,hod_06h,hod_07h,hod_08h,hod_09h,hod_10h,hod_11h,hod_12h,hod_13h,hod_14h,hod_15h,hod_16h,hod_17h,hod_18h,hod_19h,hod_20h,hod_21h,hod_22h,hod_23h,dow_mon,dow_tue,dow_wed,dow_thu,dow_fri,dow_sat,dow_sun
E08000026,E02001993,4951.75,26997.0,8101.75,27.6785714286,28.25,20.2857142857,17.3214285714,21.8928571429,44.6428571429,109.928571429,227.678571429,277.107142857,258.642857143,278.785714286,309.071428571,331.142857143,347.75,340.821428571,344.571428571,389.25,392.714285714,315.535714286,269.75,225.321428571,173.642857143,128.785714286,71.1785714286,4657.5,5339.25,6698.75,5073.75,5227.75,4221.0,3444.25
