zone_id,area_id,total,daytype_inweek,daytype_weekend,hod_00h,hod_01h,hod_02h,hod_03h,hod_04h,hod_05h,hod_06h,hod_07h,hod_08h,hod_09h,hod_10h,hod_11h,hod_12h,hod_13h,hod_14h,hod_15h,hod_16h,hod_17h,hod_18h,hod_19h,hod_20h,hod_21h,hod_22h,hod_23h,dow_mon,dow_tue,dow_wed,dow_thu,dow_fri,dow_sat,dow_sun
E06000013,E02002770,2326.75,12305.25,3914.0,9.85714285714,7.71428571429,5.42857142857,5.53571428571,8.07142857143,23.9642857143,47.25,106.035714286,130.178571429,130.5,146.214285714,159.357142857,164.571428571,166.857142857,166.357142857,166.785714286,183.464285714,181.464285714,138.214285714,114.321428571,94.6071428571,78.3571428571,57.1785714286,34.4642857143,2094.5,2375.0,2963.75,2306.25,2565.75,2162.5,1819.5
