zone_id,area_id,total,daytype_inweek,daytype_weekend,hod_00h,hod_01h,hod_02h,hod_03h,hod_04h,hod_05h,hod_06h,hod_07h,hod_08h,hod_09h,hod_10h,hod_11h,hod_12h,hod_13h,hod_14h,hod_15h,hod_16h,hod_17h,hod_18h,hod_19h,hod_20h,hod_21h,hod_22h,hod_23h,dow_mon,dow_tue,dow_wed,dow_thu,dow_fri,dow_sat,dow_sun
E07000084,E02004692,2480.5,13248.5,4274.5,8.89285714286,8.96428571429,7.71428571429,6.17857142857,7.14285714286,17.6071428571,39.6071428571,107.357142857,153.857142857,144.964285714,157.678571429,159.5,166.0,163.035714286,160.857142857,166.785714286,178.571428571,195.535714286,176.571428571,149.928571429,118.071428571,87.6428571429,64.6071428571,33.4285714286,2415.0,2568.0,3252.25,2448.5,2564.75,2255.5,1859.5
