zone_id,area_id,total,daytype_inweek,daytype_weekend,hod_00h,hod_01h,hod_02h,hod_03h,hod_04h,hod_05h,hod_06h,hod_07h,hod_08h,hod_09h,hod_10h,hod_11h,hod_12h,hod_13h,hod_14h,hod_15h,hod_16h,hod_17h,hod_18h,hod_19h,hod_20h,hod_21h,hod_22h,hod_23h,dow_mon,dow_tue,dow_wed,dow_thu,dow_fri,dow_sat,dow_sun
S12000029,S02002357,953.678571429,5350.25,1634.25,6.71428571429,4.46428571429,3.0,2.78571428571,3.42857142857,7.03571428571,19.8214285714,42.5714285714,68.6071428571,50.0357142857,53.8928571429,54.8928571429,61.5,56.5,60.7142857143,77.2857142857,73.1071428571,70.0714285714,59.0357142857,49.2142857143,42.25,40.4285714286,30.5,15.8214285714,1044.0,1080.5,1317.5,1031.25,877.0,735.25,590.25
