zone_id,area_id,total,daytype_inweek,daytype_weekend,hod_00h,hod_01h,hod_02h,hod_03h,hod_04h,hod_05h,hod_06h,hod_07h,hod_08h,hod_09h,hod_10h,hod_11h,hod_12h,hod_13h,hod_14h,hod_15h,hod_16h,hod_17h,hod_18h,hod_19h,hod_20h,hod_21h,hod_22h,hod_23h,dow_mon,dow_tue,dow_wed,dow_thu,dow_fri,dow_sat,dow_sun
E07000110,E02005086,2682.5,14131.25,4717.75,9.85714285714,9.32142857143,8.14285714286,7.17857142857,7.25,16.3571428571,52.0,128.142857143,158.142857143,169.0,186.285714286,185.607142857,192.964285714,189.607142857,185.5,181.0,184.928571429,204.285714286,167.892857143,138.214285714,113.642857143,85.8928571429,64.2857142857,37.0,2568.75,2786.25,3531.0,2662.5,2582.75,2497.25,2149.0
