zone_id,area_id,total,daytype_inweek,daytype_weekend,hod_00h,hod_01h,hod_02h,hod_03h,hod_04h,hod_05h,hod_06h,hod_07h,hod_08h,hod_09h,hod_10h,hod_11h,hod_12h,hod_13h,hod_14h,hod_15h,hod_16h,hod_17h,hod_18h,hod_19h,hod_20h,hod_21h,hod_22h,hod_23h,dow_mon,dow_tue,dow_wed,dow_thu,dow_fri,dow_sat,dow_sun
E08000037,E02001697,3372.71428571,18072.75,5752.5,16.2857142857,18.4642857143,13.8928571429,12.8571428571,11.3928571429,26.8571428571,57.0714285714,120.892857143,163.428571429,191.357142857,214.428571429,234.071428571,253.25,244.821428571,244.178571429,242.178571429,244.285714286,243.392857143,216.035714286,200.928571429,153.392857143,115.678571429,83.8928571429,49.6785714286,3260.0,3490.25,4448.75,3335.25,3538.5,3043.75,2492.5
