zone_id,area_id,total,daytype_inweek,daytype_weekend,hod_00h,hod_01h,hod_02h,hod_03h,hod_04h,hod_05h,hod_06h,hod_07h,hod_08h,hod_09h,hod_10h,hod_11h,hod_12h,hod_13h,hod_14h,hod_15h,hod_16h,hod_17h,hod_18h,hod_19h,hod_20h,hod_21h,hod_22h,hod_23h,dow_mon,dow_tue,dow_wed,dow_thu,dow_fri,dow_sat,dow_sun
E09000032,E02000943,2114.89285714,10256.25,3978.25,22.6785714286,20.8571428571,16.8928571429,12.4642857143,8.25,8.89285714286,24.4642857143,50.2857142857,92.5714285714,100.071428571,117.035714286,129.821428571,145.821428571,140.964285714,140.321428571,136.678571429,136.321428571,136.178571429,141.464285714,137.892857143,121.642857143,104.0,92.4285714286,76.8928571429,1988.0,1944.0,2492.5,1891.0,1940.75,2557.75,1990.25
