zone_id,area_id,total,daytype_inweek,daytype_weekend,hod_00h,hod_01h,hod_02h,hod_03h,hod_04h,hod_05h,hod_06h,hod_07h,hod_08h,hod_09h,hod_10h,hod_11h,hod_12h,hod_13h,hod_14h,hod_15h,hod_16h,hod_17h,hod_18h,hod_19h,hod_20h,hod_21h,hod_22h,hod_23h,dow_mon,dow_tue,dow_wed,dow_thu,dow_fri,dow_sat,dow_sun
E06000057,E02005713,1989.75,10392.5,3776.0,7.82142857143,7.78571428571,5.71428571429,4.92857142857,3.82142857143,12.0,28.4642857143,61.0357142857,88.0,103.071428571,125.857142857,146.892857143,157.178571429,159.428571429,155.785714286,151.25,153.035714286,150.142857143,126.714285714,103.821428571,86.8928571429,67.5,52.2142857143,30.3928571429,2175.0,1976.25,2442.5,1866.25,1932.5,1934.75,1601.0
