zone_id,area_id,total,daytype_inweek,daytype_weekend,hod_00h,hod_01h,hod_02h,hod_03h,hod_04h,hod_05h,hod_06h,hod_07h,hod_08h,hod_09h,hod_10h,hod_11h,hod_12h,hod_13h,hod_14h,hod_15h,hod_16h,hod_17h,hod_18h,hod_19h,hod_20h,hod_21h,hod_22h,hod_23h,dow_mon,dow_tue,dow_wed,dow_thu,dow_fri,dow_sat,dow_sun
E06000013,E02002761,2519.57142857,13266.75,4166.0,9.78571428571,7.57142857143,6.53571428571,7.28571428571,9.67857142857,37.1428571429,52.8571428571,112.107142857,139.357142857,136.821428571,152.464285714,168.464285714,175.071428571,176.642857143,180.821428571,183.392857143,196.285714286,199.285714286,159.821428571,125.678571429,100.178571429,82.8571428571,62.5714285714,36.8928571429,2222.5,2637.75,3214.75,2499.5,2692.25,2426.75,1943.5
