zone_id,area_id,total,daytype_inweek,daytype_weekend,hod_00h,hod_01h,hod_02h,hod_03h,hod_04h,hod_05h,hod_06h,hod_07h,hod_08h,hod_09h,hod_10h,hod_11h,hod_12h,hod_13h,hod_14h,hod_15h,hod_16h,hod_17h,hod_18h,hod_19h,hod_20h,hod_21h,hod_22h,hod_23h,dow_mon,dow_tue,dow_wed,dow_thu,dow_fri,dow_sat,dow_sun
E06000043,E02003493,3025.82142857,16189.75,5112.25,13.4285714286,11.7142857143,9.39285714286,8.39285714286,7.14285714286,14.9285714286,46.5714285714,132.464285714,187.892857143,194.5,199.785714286,216.642857143,213.821428571,207.178571429,203.892857143,205.571428571,214.821428571,223.071428571,205.392857143,168.678571429,126.464285714,99.5357142857,74.1071428571,40.4285714286,2873.25,3163.75,3852.5,3049.25,3251.0,2752.0,2239.0
