zone_id,area_id,total,daytype_inweek,daytype_weekend,hod_00h,hod_01h,hod_02h,hod_03h,hod_04h,hod_05h,hod_06h,hod_07h,hod_08h,hod_09h,hod_10h,hod_11h,hod_12h,hod_13h,hod_14h,hod_15h,hod_16h,hod_17h,hod_18h,hod_19h,hod_20h,hod_21h,hod_22h,hod_23h,dow_mon,dow_tue,dow_wed,dow_thu,dow_fri,dow_sat,dow_sun
E06000011,E02002711,2655.67857143,14212.75,4632.75,14.5,11.5,7.78571428571,6.46428571429,7.75,18.2142857143,46.7142857143,108.285714286,153.642857143,156.821428571,174.678571429,184.285714286,196.071428571,185.25,179.714285714,185.642857143,199.785714286,205.714285714,170.857142857,148.0,114.0,83.4285714286,63.3571428571,33.2142857143,2573.5,2773.0,3478.25,2727.5,2660.5,2317.75,2059.25
