zone_id,area_id,total,daytype_inweek,daytype_weekend,hod_00h,hod_01h,hod_02h,hod_03h,hod_04h,hod_05h,hod_06h,hod_07h,hod_08h,hod_09h,hod_10h,hod_11h,hod_12h,hod_13h,hod_14h,hod_15h,hod_16h,hod_17h,hod_18h,hod_19h,hod_20h,hod_21h,hod_22h,hod_23h,dow_mon,dow_tue,dow_wed,dow_thu,dow_fri,dow_sat,dow_sun
E08000030,E02002135,3824.89285714,20016.5,6621.5,23.4642857143,25.2857142857,20.8928571429,16.1785714286,16.3214285714,33.7857142857,64.5357142857,111.0,160.142857143,176.357142857,210.428571429,249.035714286,286.714285714,296.714285714,285.428571429,287.892857143,288.142857143,295.178571429,259.642857143,218.392857143,177.571428571,148.25,102.928571429,70.6071428571,3626.5,3978.5,4834.75,3760.0,3816.75,3762.75,2995.0
