zone_id,area_id,total,daytype_inweek,daytype_weekend,hod_00h,hod_01h,hod_02h,hod_03h,hod_04h,hod_05h,hod_06h,hod_07h,hod_08h,hod_09h,hod_10h,hod_11h,hod_12h,hod_13h,hod_14h,hod_15h,hod_16h,hod_17h,hod_18h,hod_19h,hod_20h,hod_21h,hod_22h,hod_23h,dow_mon,dow_tue,dow_wed,dow_thu,dow_fri,dow_sat,dow_sun
E06000033,E02003286,2242.28571429,11645.25,3920.0,10.0714285714,12.2142857143,8.57142857143,6.21428571429,5.5,11.8571428571,23.5,66.5,103.071428571,131.285714286,147.25,161.892857143,164.535714286,159.035714286,161.178571429,157.392857143,156.035714286,168.214285714,156.142857143,134.892857143,113.464285714,85.2142857143,62.5714285714,35.6785714286,2088.75,2340.5,2827.75,2201.0,2187.25,2219.5,1831.25
