zone_id,area_id,total,daytype_inweek,daytype_weekend,hod_00h,hod_01h,hod_02h,hod_03h,hod_04h,hod_05h,hod_06h,hod_07h,hod_08h,hod_09h,hod_10h,hod_11h,hod_12h,hod_13h,hod_14h,hod_15h,hod_16h,hod_17h,hod_18h,hod_19h,hod_20h,hod_21h,hod_22h,hod_23h,dow_mon,dow_tue,dow_wed,dow_thu,dow_fri,dow_sat,dow_sun
E06000042,E02003467,8149.10714286,43876.75,14049.5,41.4285714286,38.1428571429,30.2142857143,24.5,28.0714285714,75.1428571429,116.214285714,266.178571429,459.821428571,402.535714286,440.607142857,498.214285714,606.214285714,628.714285714,591.178571429,575.071428571,610.392857143,689.321428571,571.535714286,449.321428571,381.571428571,286.714285714,218.607142857,119.392857143,7997.75,8641.0,10559.75,8315.75,8362.5,7115.25,6051.75
