zone_id,area_id,total,daytype_inweek,daytype_weekend,hod_00h,hod_01h,hod_02h,hod_03h,hod_04h,hod_05h,hod_06h,hod_07h,hod_08h,hod_09h,hod_10h,hod_11h,hod_12h,hod_13h,hod_14h,hod_15h,hod_16h,hod_17h,hod_18h,hod_19h,hod_20h,hod_21h,hod_22h,hod_23h,dow_mon,dow_tue,dow_wed,dow_thu,dow_fri,dow_sat,dow_sun
E07000141,E02005481,3656.46428571,19691.25,6220.0,13.6071428571,13.5,11.4642857143,12.6071428571,14.9285714286,44.0357142857,64.6785714286,129.285714286,203.178571429,203.857142857,233.75,257.25,272.071428571,271.214285714,284.285714286,259.571428571,268.5,286.321428571,235.964285714,188.428571429,148.714285714,118.571428571,78.0714285714,42.6071428571,3577.5,3718.25,4879.75,3779.75,3736.0,3261.5,2642.5
