zone_id,area_id,total,daytype_inweek,daytype_weekend,hod_00h,hod_01h,hod_02h,hod_03h,hod_04h,hod_05h,hod_06h,hod_07h,hod_08h,hod_09h,hod_10h,hod_11h,hod_12h,hod_13h,hod_14h,hod_15h,hod_16h,hod_17h,hod_18h,hod_19h,hod_20h,hod_21h,hod_22h,hod_23h,dow_mon,dow_tue,dow_wed,dow_thu,dow_fri,dow_sat,dow_sun
S12000024,S02002253,3777.82142857,19822.25,6810.5,7.32142857143,8.10714285714,4.71428571429,4.07142857143,7.35714285714,15.9642857143,54.4285714286,132.107142857,210.75,226.357142857,294.428571429,324.571428571,310.321428571,306.25,320.857142857,342.607142857,341.285714286,282.571428571,201.357142857,135.285714286,100.035714286,74.8214285714,48.8214285714,23.4285714286,3795.5,3849.75,4713.0,3864.25,3599.75,3607.5,3015.0
