zone_id,area_id,total,daytype_inweek,daytype_weekend,hod_00h,hod_01h,hod_02h,hod_03h,hod_04h,hod_05h,hod_06h,hod_07h,hod_08h,hod_09h,hod_10h,hod_11h,hod_12h,hod_13h,hod_14h,hod_15h,hod_16h,hod_17h,hod_18h,hod_19h,hod_20h,hod_21h,hod_22h,hod_23h,dow_mon,dow_tue,dow_wed,dow_thu,dow_fri,dow_sat,dow_sun
E06000044,E02003546,2818.35714286,14460.25,5075.0,10.5357142857,12.25,9.32142857143,6.64285714286,6.28571428571,13.6428571429,43.3571428571,107.107142857,139.607142857,149.321428571,174.142857143,197.214285714,201.821428571,201.785714286,204.464285714,204.392857143,221.75,213.571428571,193.892857143,158.321428571,131.75,96.5,68.4285714286,52.25,2638.0,2869.25,3456.0,2584.0,2913.0,2831.25,2437.0
