zone_id,area_id,total,daytype_inweek,daytype_weekend,hod_00h,hod_01h,hod_02h,hod_03h,hod_04h,hod_05h,hod_06h,hod_07h,hod_08h,hod_09h,hod_10h,hod_11h,hod_12h,hod_13h,hod_14h,hod_15h,hod_16h,hod_17h,hod_18h,hod_19h,hod_20h,hod_21h,hod_22h,hod_23h,dow_mon,dow_tue,dow_wed,dow_thu,dow_fri,dow_sat,dow_sun
E06000035,E02003330,2060.32142857,10878.0,3598.0,10.1428571429,11.1785714286,9.21428571429,9.14285714286,7.75,11.3928571429,33.1785714286,70.7142857143,96.5357142857,111.857142857,125.607142857,141.678571429,140.071428571,138.464285714,141.642857143,142.0,147.928571429,154.821428571,145.321428571,128.928571429,102.607142857,82.3928571429,62.5357142857,35.2142857143,2013.25,2117.5,2609.5,2018.5,2119.25,1959.5,1584.75
