zone_id,area_id,total,daytype_inweek,daytype_weekend,hod_00h,hod_01h,hod_02h,hod_03h,hod_04h,hod_05h,hod_06h,hod_07h,hod_08h,hod_09h,hod_10h,hod_11h,hod_12h,hod_13h,hod_14h,hod_15h,hod_16h,hod_17h,hod_18h,hod_19h,hod_20h,hod_21h,hod_22h,hod_23h,dow_mon,dow_tue,dow_wed,dow_thu,dow_fri,dow_sat,dow_sun
E07000140,E02005472,2113.53571429,11576.75,3519.25,8.92857142857,8.53571428571,8.14285714286,7.14285714286,10.6785714286,52.9285714286,76.7857142857,97.3214285714,115.642857143,109.714285714,119.178571429,131.428571429,131.25,129.142857143,130.785714286,139.5,147.142857143,164.214285714,142.428571429,112.607142857,92.0,86.75,58.5357142857,32.75,2084.25,2174.25,2877.75,2290.0,2150.5,1783.0,1435.0
