zone_id,area_id,total,daytype_inweek,daytype_weekend,hod_00h,hod_01h,hod_02h,hod_03h,hod_04h,hod_05h,hod_06h,hod_07h,hod_08h,hod_09h,hod_10h,hod_11h,hod_12h,hod_13h,hod_14h,hod_15h,hod_16h,hod_17h,hod_18h,hod_19h,hod_20h,hod_21h,hod_22h,hod_23h,dow_mon,dow_tue,dow_wed,dow_thu,dow_fri,dow_sat,dow_sun
E07000228,E02006617,3822.89285714,20858.5,6339.0,16.1071428571,15.5,8.85714285714,7.71428571429,7.21428571429,17.8928571429,49.6071428571,144.678571429,234.964285714,242.071428571,258.5,266.821428571,271.428571429,271.571428571,271.392857143,259.5,270.714285714,301.071428571,249.607142857,212.535714286,168.678571429,124.607142857,94.0357142857,57.8214285714,3698.0,4118.5,5224.5,4039.5,3778.0,3260.75,2641.0
