zone_id,area_id,total,daytype_inweek,daytype_weekend,hod_00h,hod_01h,hod_02h,hod_03h,hod_04h,hod_05h,hod_06h,hod_07h,hod_08h,hod_09h,hod_10h,hod_11h,hod_12h,hod_13h,hod_14h,hod_15h,hod_16h,hod_17h,hod_18h,hod_19h,hod_20h,hod_21h,hod_22h,hod_23h,dow_mon,dow_tue,dow_wed,dow_thu,dow_fri,dow_sat,dow_sun
E09000003,E02000027,2634.17857143,14110.5,4508.75,22.5357142857,16.4285714286,9.92857142857,6.5,7.67857142857,13.1428571429,37.0714285714,92.9285714286,130.107142857,150.428571429,168.821428571,180.214285714,185.25,186.035714286,187.5,179.678571429,186.321428571,183.035714286,168.142857143,157.642857143,136.5,100.571428571,74.7142857143,53.0,2504.0,2767.5,3572.0,2616.0,2651.0,2324.0,2004.75
