zone_id,area_id,total,daytype_inweek,daytype_weekend,hod_00h,hod_01h,hod_02h,hod_03h,hod_04h,hod_05h,hod_06h,hod_07h,hod_08h,hod_09h,hod_10h,hod_11h,hod_12h,hod_13h,hod_14h,hod_15h,hod_16h,hod_17h,hod_18h,hod_19h,hod_20h,hod_21h,hod_22h,hod_23h,dow_mon,dow_tue,dow_wed,dow_thu,dow_fri,dow_sat,dow_sun
E07000147,E02005574,1539.82142857,7691.25,3001.25,3.32142857143,1.85714285714,1.60714285714,1.03571428571,1.35714285714,3.14285714286,11.2142857143,21.5,41.9285714286,80.3571428571,134.357142857,139.607142857,134.857142857,135.607142857,141.428571429,139.321428571,142.107142857,122.0,92.1071428571,67.6071428571,49.8214285714,37.5,24.6785714286,11.5,1476.5,1503.0,1954.0,1412.75,1345.0,1562.75,1524.75
