zone_id,area_id,total,daytype_inweek,daytype_weekend,hod_00h,hod_01h,hod_02h,hod_03h,hod_04h,hod_05h,hod_06h,hod_07h,hod_08h,hod_09h,hod_10h,hod_11h,hod_12h,hod_13h,hod_14h,hod_15h,hod_16h,hod_17h,hod_18h,hod_19h,hod_20h,hod_21h,hod_22h,hod_23h,dow_mon,dow_tue,dow_wed,dow_thu,dow_fri,dow_sat,dow_sun
E07000130,E02005360,1976.92857143,10488.25,3417.25,9.53571428571,8.28571428571,5.71428571429,5.14285714286,4.78571428571,14.7857142857,25.6071428571,61.6428571429,113.214285714,118.785714286,127.607142857,135.75,141.392857143,144.0,139.607142857,140.285714286,146.178571429,147.0,131.857142857,111.75,89.0357142857,72.5714285714,51.75,30.6428571429,1872.5,2053.0,2609.5,1963.0,1990.25,1805.5,1544.75
