zone_id,area_id,total,daytype_inweek,daytype_weekend,hod_00h,hod_01h,hod_02h,hod_03h,hod_04h,hod_05h,hod_06h,hod_07h,hod_08h,hod_09h,hod_10h,hod_11h,hod_12h,hod_13h,hod_14h,hod_15h,hod_16h,hod_17h,hod_18h,hod_19h,hod_20h,hod_21h,hod_22h,hod_23h,dow_mon,dow_tue,dow_wed,dow_thu,dow_fri,dow_sat,dow_sun
W06000003,W02000041,3150.96428571,16610.0,5675.75,7.46428571429,6.35714285714,4.57142857143,3.71428571429,3.75,13.0,36.7142857143,90.5714285714,159.071428571,185.428571429,218.5,234.5,244.642857143,248.214285714,246.428571429,264.714285714,272.892857143,270.535714286,200.892857143,151.714285714,113.214285714,90.9285714286,56.6785714286,26.4642857143,3141.5,3219.25,4026.0,3250.5,2972.75,2912.5,2534.25
