zone_id,area_id,total,daytype_inweek,daytype_weekend,hod_00h,hod_01h,hod_02h,hod_03h,hod_04h,hod_05h,hod_06h,hod_07h,hod_08h,hod_09h,hod_10h,hod_11h,hod_12h,hod_13h,hod_14h,hod_15h,hod_16h,hod_17h,hod_18h,hod_19h,hod_20h,hod_21h,hod_22h,hod_23h,dow_mon,dow_tue,dow_wed,dow_thu,dow_fri,dow_sat,dow_sun
E08000016,E02001526,1410.10714286,7407.0,2392.5,3.92857142857,6.82142857143,5.60714285714,5.39285714286,7.71428571429,13.9285714286,24.0714285714,47.7142857143,70.4285714286,83.5,87.1428571429,97.3214285714,103.428571429,96.6071428571,104.785714286,99.1785714286,100.214285714,101.0,93.4285714286,83.25,69.0714285714,49.8214285714,36.1785714286,19.5714285714,1334.0,1472.5,1831.25,1278.75,1490.5,1405.25,1058.5
