zone_id,area_id,total,daytype_inweek,daytype_weekend,hod_00h,hod_01h,hod_02h,hod_03h,hod_04h,hod_05h,hod_06h,hod_07h,hod_08h,hod_09h,hod_10h,hod_11h,hod_12h,hod_13h,hod_14h,hod_15h,hod_16h,hod_17h,hod_18h,hod_19h,hod_20h,hod_21h,hod_22h,hod_23h,dow_mon,dow_tue,dow_wed,dow_thu,dow_fri,dow_sat,dow_sun
E09000020,E02000583,1472.17857143,7449.25,4269.25,11.5,10.5357142857,6.39285714286,5.39285714286,4.39285714286,5.42857142857,10.3571428571,22.8928571429,43.2857142857,58.1785714286,68.2142857143,74.0,85.2857142857,95.2142857143,104.571428571,122.0,134.571428571,134.214285714,129.321428571,118.214285714,87.2142857143,61.1785714286,45.9285714286,33.8928571429,2503.0,1171.75,1509.5,1119.0,1146.0,1089.75,1766.25
