zone_id,area_id,total,daytype_inweek,daytype_weekend,hod_00h,hod_01h,hod_02h,hod_03h,hod_04h,hod_05h,hod_06h,hod_07h,hod_08h,hod_09h,hod_10h,hod_11h,hod_12h,hod_13h,hod_14h,hod_15h,hod_16h,hod_17h,hod_18h,hod_19h,hod_20h,hod_21h,hod_22h,hod_23h,dow_mon,dow_tue,dow_wed,dow_thu,dow_fri,dow_sat,dow_sun
E06000005,E02002568,1612.92857143,8745.25,2773.5,6.60714285714,8.0,6.57142857143,5.35714285714,5.82142857143,10.0357142857,22.0714285714,53.0714285714,90.5,97.0,99.9642857143,112.464285714,115.357142857,116.464285714,114.607142857,116.178571429,119.607142857,123.5,108.5,88.9285714286,72.8571428571,55.1785714286,41.5357142857,22.75,1590.25,1716.0,2111.75,1710.75,1616.5,1362.0,1183.25
