zone_id,area_id,total,daytype_inweek,daytype_weekend,hod_00h,hod_01h,hod_02h,hod_03h,hod_04h,hod_05h,hod_06h,hod_07h,hod_08h,hod_09h,hod_10h,hod_11h,hod_12h,hod_13h,hod_14h,hod_15h,hod_16h,hod_17h,hod_18h,hod_19h,hod_20h,hod_21h,hod_22h,hod_23h,dow_mon,dow_tue,dow_wed,dow_thu,dow_fri,dow_sat,dow_sun
E08000015,E02001467,3027.0,16077.75,5233.5,13.4642857143,13.5714285714,9.75,9.82142857143,7.39285714286,14.9642857143,38.5357142857,99.3928571429,173.214285714,165.607142857,182.857142857,198.178571429,214.071428571,215.071428571,226.535714286,227.571428571,241.142857143,242.071428571,204.714285714,178.464285714,133.357142857,94.9285714286,78.5,43.8214285714,2876.25,3165.5,3992.25,2979.75,3064.0,2754.0,2357.25
