zone_id,area_id,total,daytype_inweek,daytype_weekend,hod_00h,hod_01h,hod_02h,hod_03h,hod_04h,hod_05h,hod_06h,hod_07h,hod_08h,hod_09h,hod_10h,hod_11h,hod_12h,hod_13h,hod_14h,hod_15h,hod_16h,hod_17h,hod_18h,hod_19h,hod_20h,hod_21h,hod_22h,hod_23h,dow_mon,dow_tue,dow_wed,dow_thu,dow_fri,dow_sat,dow_sun
E07000126,E02005298,3221.71428571,17237.0,5471.75,14.8928571429,17.0357142857,12.9642857143,12.3571428571,12.3571428571,27.9642857143,59.7857142857,116.5,168.428571429,175.785714286,197.285714286,211.821428571,231.5,225.821428571,223.178571429,230.464285714,246.357142857,234.214285714,212.428571429,187.285714286,147.642857143,113.857142857,89.5714285714,52.2142857143,3059.0,3338.0,4205.0,3303.5,3331.5,2902.25,2412.75
