zone_id,area_id,total,daytype_inweek,daytype_weekend,hod_00h,hod_01h,hod_02h,hod_03h,hod_04h,hod_05h,hod_06h,hod_07h,hod_08h,hod_09h,hod_10h,hod_11h,hod_12h,hod_13h,hod_14h,hod_15h,hod_16h,hod_17h,hod_18h,hod_19h,hod_20h,hod_21h,hod_22h,hod_23h,dow_mon,dow_tue,dow_wed,dow_thu,dow_fri,dow_sat,dow_sun
E08000025,E02001859,8268.46428571,44166.75,13799.5,89.1428571429,84.7857142857,59.6785714286,46.2857142857,56.9642857143,116.0,191.571428571,293.214285714,354.964285714,378.964285714,404.428571429,457.142857143,521.428571429,575.642857143,566.321428571,564.535714286,598.964285714,610.642857143,540.321428571,485.642857143,403.107142857,357.821428571,305.714285714,205.178571429,7825.0,9392.0,10616.75,8191.5,8141.5,7738.0,5974.5
