zone_id,area_id,total,daytype_inweek,daytype_weekend,hod_00h,hod_01h,hod_02h,hod_03h,hod_04h,hod_05h,hod_06h,hod_07h,hod_08h,hod_09h,hod_10h,hod_11h,hod_12h,hod_13h,hod_14h,hod_15h,hod_16h,hod_17h,hod_18h,hod_19h,hod_20h,hod_21h,hod_22h,hod_23h,dow_mon,dow_tue,dow_wed,dow_thu,dow_fri,dow_sat,dow_sun
S12000046,S02001968,1417.39285714,7655.0,2520.0,7.89285714286,10.1428571429,7.96428571429,5.96428571429,6.0,10.2142857143,25.6785714286,67.1428571429,96.5714285714,72.8214285714,70.2142857143,77.3214285714,81.3928571429,85.3928571429,90.5714285714,102.071428571,108.571428571,110.714285714,101.107142857,83.0357142857,66.7857142857,56.6071428571,45.1785714286,28.0357142857,1485.5,1506.0,1808.75,1425.75,1429.0,1232.25,1034.5
