zone_id,area_id,total,daytype_inweek,daytype_weekend,hod_00h,hod_01h,hod_02h,hod_03h,hod_04h,hod_05h,hod_06h,hod_07h,hod_08h,hod_09h,hod_10h,hod_11h,hod_12h,hod_13h,hod_14h,hod_15h,hod_16h,hod_17h,hod_18h,hod_19h,hod_20h,hod_21h,hod_22h,hod_23h,dow_mon,dow_tue,dow_wed,dow_thu,dow_fri,dow_sat,dow_sun
E09000033,E02000974,6212.92857143,34981.5,10073.75,56.6428571429,58.3571428571,34.8928571429,28.3214285714,23.0,25.6071428571,49.4285714286,130.0,280.357142857,325.107142857,360.964285714,384.071428571,464.178571429,476.964285714,440.25,440.714285714,427.928571429,482.321428571,466.285714286,362.964285714,287.142857143,233.571428571,198.142857143,175.714285714,6070.25,6856.0,9023.75,6613.5,6418.0,4505.5,4003.5
