zone_id,area_id,total,daytype_inweek,daytype_weekend,hod_00h,hod_01h,hod_02h,hod_03h,hod_04h,hod_05h,hod_06h,hod_07h,hod_08h,hod_09h,hod_10h,hod_11h,hod_12h,hod_13h,hod_14h,hod_15h,hod_16h,hod_17h,hod_18h,hod_19h,hod_20h,hod_21h,hod_22h,hod_23h,dow_mon,dow_tue,dow_wed,dow_thu,dow_fri,dow_sat,dow_sun
E07000203,E02006267,1898.78571429,9985.75,3404.5,7.78571428571,6.85714285714,4.14285714286,4.14285714286,5.28571428571,15.6785714286,35.1071428571,78.6428571429,110.357142857,120.642857143,125.75,127.285714286,128.142857143,121.857142857,124.142857143,126.678571429,138.464285714,152.357142857,122.25,99.8214285714,85.3571428571,70.1071428571,54.2142857143,33.7142857143,1811.5,1913.25,2474.75,1942.75,1843.5,1712.75,1593.0
