zone_id,area_id,total,daytype_inweek,daytype_weekend,hod_00h,hod_01h,hod_02h,hod_03h,hod_04h,hod_05h,hod_06h,hod_07h,hod_08h,hod_09h,hod_10h,hod_11h,hod_12h,hod_13h,hod_14h,hod_15h,hod_16h,hod_17h,hod_18h,hod_19h,hod_20h,hod_21h,hod_22h,hod_23h,dow_mon,dow_tue,dow_wed,dow_thu,dow_fri,dow_sat,dow_sun
E07000131,E02005374,2936.35714286,15528.0,5051.0,10.2142857143,9.21428571429,6.07142857143,4.14285714286,5.46428571429,10.5,30.0,94.0357142857,185.607142857,178.428571429,210.107142857,214.678571429,224.928571429,230.785714286,219.607142857,216.321428571,210.857142857,216.892857143,180.892857143,151.5,120.75,95.25,71.5357142857,38.5714285714,2816.25,3032.75,3765.0,2913.0,3001.0,2791.75,2234.75
