zone_id,area_id,total,daytype_inweek,daytype_weekend,hod_00h,hod_01h,hod_02h,hod_03h,hod_04h,hod_05h,hod_06h,hod_07h,hod_08h,hod_09h,hod_10h,hod_11h,hod_12h,hod_13h,hod_14h,hod_15h,hod_16h,hod_17h,hod_18h,hod_19h,hod_20h,hod_21h,hod_22h,hod_23h,dow_mon,dow_tue,dow_wed,dow_thu,dow_fri,dow_sat,dow_sun
E07000141,E02005484,2872.14285714,15595.5,4849.75,14.8928571429,11.5357142857,8.85714285714,7.5,14.25,57.9642857143,76.8571428571,138.25,170.571428571,163.642857143,176.428571429,187.107142857,181.107142857,193.035714286,193.607142857,186.178571429,199.321428571,233.821428571,190.678571429,142.464285714,114.071428571,95.9285714286,72.7857142857,41.2857142857,2814.75,3055.5,3876.5,2972.25,2876.5,2474.5,2035.0
