zone_id,area_id,total,daytype_inweek,daytype_weekend,hod_00h,hod_01h,hod_02h,hod_03h,hod_04h,hod_05h,hod_06h,hod_07h,hod_08h,hod_09h,hod_10h,hod_11h,hod_12h,hod_13h,hod_14h,hod_15h,hod_16h,hod_17h,hod_18h,hod_19h,hod_20h,hod_21h,hod_22h,hod_23h,dow_mon,dow_tue,dow_wed,dow_thu,dow_fri,dow_sat,dow_sun
E09000011,E02000314,3321.96428571,17368.0,5853.75,31.6785714286,28.2857142857,20.25,15.7857142857,17.4285714286,29.1071428571,57.0357142857,106.428571429,149.285714286,168.392857143,189.75,209.75,225.25,226.642857143,219.714285714,225.214285714,220.357142857,239.25,227.178571429,207.785714286,174.321428571,144.892857143,112.428571429,75.75,3135.75,3413.25,4153.5,3254.5,3411.0,3167.75,2718.0
