zone_id,area_id,total,daytype_inweek,daytype_weekend,hod_00h,hod_01h,hod_02h,hod_03h,hod_04h,hod_05h,hod_06h,hod_07h,hod_08h,hod_09h,hod_10h,hod_11h,hod_12h,hod_13h,hod_14h,hod_15h,hod_16h,hod_17h,hod_18h,hod_19h,hod_20h,hod_21h,hod_22h,hod_23h,dow_mon,dow_tue,dow_wed,dow_thu,dow_fri,dow_sat,dow_sun
W06000008,W02000118,2241.46428571,11826.0,4008.25,10.25,9.10714285714,7.17857142857,5.46428571429,5.53571428571,6.39285714286,18.2142857143,53.5,92.3928571429,116.75,159.642857143,180.464285714,186.285714286,184.5,181.142857143,182.857142857,185.214285714,174.964285714,141.357142857,112.678571429,84.5,65.0357142857,49.4642857143,28.5714285714,2253.75,2295.0,2898.5,2226.0,2152.75,2109.75,1754.5
