zone_id,area_id,total,daytype_inweek,daytype_weekend,hod_00h,hod_01h,hod_02h,hod_03h,hod_04h,hod_05h,hod_06h,hod_07h,hod_08h,hod_09h,hod_10h,hod_11h,hod_12h,hod_13h,hod_14h,hod_15h,hod_16h,hod_17h,hod_18h,hod_19h,hod_20h,hod_21h,hod_22h,hod_23h,dow_mon,dow_tue,dow_wed,dow_thu,dow_fri,dow_sat,dow_sun
E07000147,E02005578,2038.67857143,10224.75,3994.5,3.96428571429,1.82142857143,2.21428571429,2.0,2.82142857143,7.82142857143,15.5,32.0714285714,57.7142857143,104.642857143,180.857142857,196.071428571,184.75,176.035714286,182.821428571,187.535714286,183.607142857,155.892857143,108.321428571,84.6428571429,63.4642857143,48.5357142857,35.1785714286,20.3928571429,1998.25,1988.25,2484.75,1902.0,1851.5,2049.75,1996.25
