zone_id,area_id,total,daytype_inweek,daytype_weekend,hod_00h,hod_01h,hod_02h,hod_03h,hod_04h,hod_05h,hod_06h,hod_07h,hod_08h,hod_09h,hod_10h,hod_11h,hod_12h,hod_13h,hod_14h,hod_15h,hod_16h,hod_17h,hod_18h,hod_19h,hod_20h,hod_21h,hod_22h,hod_23h,dow_mon,dow_tue,dow_wed,dow_thu,dow_fri,dow_sat,dow_sun
E07000239,E02006777,2129.5,11201.5,3805.75,8.67857142857,7.0,4.71428571429,3.89285714286,4.5,14.2142857143,29.1785714286,76.1428571429,109.25,126.75,148.285714286,149.642857143,156.0,156.25,150.071428571,151.035714286,154.357142857,152.25,144.25,118.75,98.6071428571,75.9642857143,59.1071428571,30.6071428571,2104.75,2190.0,2779.5,2085.25,2042.0,2004.0,1701.0
