zone_id,area_id,total,daytype_inweek,daytype_weekend,hod_00h,hod_01h,hod_02h,hod_03h,hod_04h,hod_05h,hod_06h,hod_07h,hod_08h,hod_09h,hod_10h,hod_11h,hod_12h,hod_13h,hod_14h,hod_15h,hod_16h,hod_17h,hod_18h,hod_19h,hod_20h,hod_21h,hod_22h,hod_23h,dow_mon,dow_tue,dow_wed,dow_thu,dow_fri,dow_sat,dow_sun
E07000092,E02004812,1138.10714286,6105.5,1971.0,4.96428571429,4.89285714286,2.96428571429,2.89285714286,3.03571428571,7.82142857143,17.3571428571,45.7857142857,63.8571428571,60.0357142857,63.8928571429,73.5,77.3928571429,77.6428571429,77.9642857143,77.5714285714,82.8571428571,91.6428571429,84.1428571429,69.4642857143,58.4285714286,42.0714285714,29.4285714286,18.5,1116.75,1209.5,1472.75,1132.75,1173.75,1007.0,854.25
