zone_id,area_id,total,daytype_inweek,daytype_weekend,hod_00h,hod_01h,hod_02h,hod_03h,hod_04h,hod_05h,hod_06h,hod_07h,hod_08h,hod_09h,hod_10h,hod_11h,hod_12h,hod_13h,hod_14h,hod_15h,hod_16h,hod_17h,hod_18h,hod_19h,hod_20h,hod_21h,hod_22h,hod_23h,dow_mon,dow_tue,dow_wed,dow_thu,dow_fri,dow_sat,dow_sun
E07000132,E02005389,942.642857143,5049.75,1665.0,4.28571428571,4.17857142857,3.03571428571,3.21428571429,3.0,5.25,12.8928571429,27.2142857143,45.9642857143,57.0357142857,61.2857142857,62.0714285714,65.0714285714,63.6071428571,65.7857142857,70.0,69.0,72.5357142857,64.5714285714,58.5357142857,44.0357142857,34.4642857143,30.0714285714,15.5357142857,942.25,1024.0,1225.25,954.5,903.75,826.0,722.75
