zone_id,area_id,total,daytype_inweek,daytype_weekend,hod_00h,hod_01h,hod_02h,hod_03h,hod_04h,hod_05h,hod_06h,hod_07h,hod_08h,hod_09h,hod_10h,hod_11h,hod_12h,hod_13h,hod_14h,hod_15h,hod_16h,hod_17h,hod_18h,hod_19h,hod_20h,hod_21h,hod_22h,hod_23h,dow_mon,dow_tue,dow_wed,dow_thu,dow_fri,dow_sat,dow_sun
S12000029,S02002362,1241.64285714,6731.75,2266.5,8.17857142857,7.10714285714,4.46428571429,3.21428571429,3.53571428571,6.71428571429,21.6785714286,51.8214285714,78.2857142857,71.8571428571,71.6071428571,81.1071428571,84.7857142857,83.2857142857,87.2142857143,89.7142857143,89.1428571429,90.4642857143,80.6071428571,70.4642857143,58.2142857143,46.7857142857,32.3214285714,19.0714285714,1335.25,1322.0,1656.25,1256.75,1161.5,1028.5,931.25
