zone_id,area_id,total,daytype_inweek,daytype_weekend,hod_00h,hod_01h,hod_02h,hod_03h,hod_04h,hod_05h,hod_06h,hod_07h,hod_08h,hod_09h,hod_10h,hod_11h,hod_12h,hod_13h,hod_14h,hod_15h,hod_16h,hod_17h,hod_18h,hod_19h,hod_20h,hod_21h,hod_22h,hod_23h,dow_mon,dow_tue,dow_wed,dow_thu,dow_fri,dow_sat,dow_sun
E09000014,E02000426,1265.28571429,6598.5,2299.75,9.35714285714,10.1785714286,5.14285714286,5.03571428571,3.78571428571,5.85714285714,10.8214285714,30.25,49.5714285714,77.1071428571,87.0,91.6071428571,95.3571428571,96.3214285714,90.4642857143,95.3571428571,87.6785714286,85.0,76.75,74.6071428571,61.3928571429,49.8571428571,39.0357142857,27.75,1246.25,1306.75,1635.75,1237.5,1172.25,1205.0,1053.5
