zone_id,area_id,total,daytype_inweek,daytype_weekend,hod_00h,hod_01h,hod_02h,hod_03h,hod_04h,hod_05h,hod_06h,hod_07h,hod_08h,hod_09h,hod_10h,hod_11h,hod_12h,hod_13h,hod_14h,hod_15h,hod_16h,hod_17h,hod_18h,hod_19h,hod_20h,hod_21h,hod_22h,hod_23h,dow_mon,dow_tue,dow_wed,dow_thu,dow_fri,dow_sat,dow_sun
E08000006,E02001166,2257.0,12592.0,4038.0,21.1785714286,19.5,14.0357142857,9.17857142857,9.25,13.6071428571,31.4642857143,66.3928571429,101.321428571,121.535714286,136.214285714,154.285714286,156.321428571,160.642857143,164.678571429,159.928571429,154.75,153.0,139.5,131.5,117.642857143,92.75,77.75,50.5714285714,2335.5,2484.75,3154.0,2409.5,2208.25,1504.5,1702.5
