zone_id,area_id,total,daytype_inweek,daytype_weekend,hod_00h,hod_01h,hod_02h,hod_03h,hod_04h,hod_05h,hod_06h,hod_07h,hod_08h,hod_09h,hod_10h,hod_11h,hod_12h,hod_13h,hod_14h,hod_15h,hod_16h,hod_17h,hod_18h,hod_19h,hod_20h,hod_21h,hod_22h,hod_23h,dow_mon,dow_tue,dow_wed,dow_thu,dow_fri,dow_sat,dow_sun
E07000240,E02004940,1974.21428571,10577.0,3390.5,16.5714285714,12.8928571429,9.32142857143,7.28571428571,5.57142857143,10.5357142857,24.8571428571,59.1071428571,100.5,116.857142857,122.5,130.428571429,144.5,139.321428571,131.964285714,130.75,127.214285714,137.892857143,134.035714286,122.785714286,99.0357142857,83.3571428571,64.2857142857,42.6428571429,1918.75,2085.5,2673.25,1978.5,1921.0,1770.75,1471.75
