zone_id,area_id,total,daytype_inweek,daytype_weekend,hod_00h,hod_01h,hod_02h,hod_03h,hod_04h,hod_05h,hod_06h,hod_07h,hod_08h,hod_09h,hod_10h,hod_11h,hod_12h,hod_13h,hod_14h,hod_15h,hod_16h,hod_17h,hod_18h,hod_19h,hod_20h,hod_21h,hod_22h,hod_23h,dow_mon,dow_tue,dow_wed,dow_thu,dow_fri,dow_sat,dow_sun
E06000049,E02003817,2816.5,15024.25,4852.5,11.1071428571,9.14285714286,7.5,6.42857142857,7.53571428571,22.1071428571,52.0714285714,136.571428571,162.535714286,171.75,180.5,191.714285714,197.107142857,194.75,194.678571429,191.785714286,206.107142857,218.142857143,183.071428571,151.071428571,119.0,90.9642857143,72.1071428571,38.75,2698.25,2970.25,3669.0,2856.25,2830.5,2537.0,2154.25
