zone_id,area_id,total,daytype_inweek,daytype_weekend,hod_00h,hod_01h,hod_02h,hod_03h,hod_04h,hod_05h,hod_06h,hod_07h,hod_08h,hod_09h,hod_10h,hod_11h,hod_12h,hod_13h,hod_14h,hod_15h,hod_16h,hod_17h,hod_18h,hod_19h,hod_20h,hod_21h,hod_22h,hod_23h,dow_mon,dow_tue,dow_wed,dow_thu,dow_fri,dow_sat,dow_sun
E06000007,E02002593,7442.0,41351.75,11916.0,29.4285714286,26.6428571429,22.1785714286,15.9285714286,26.1071428571,62.5,131.678571429,347.678571429,465.678571429,419.75,426.785714286,467.214285714,588.964285714,547.5,502.392857143,513.892857143,596.607142857,605.642857143,470.892857143,383.821428571,298.357142857,227.035714286,165.428571429,99.8928571429,7032.25,8039.0,10207.75,8024.0,8048.75,5858.5,4883.75
