zone_id,area_id,total,daytype_inweek,daytype_weekend,hod_00h,hod_01h,hod_02h,hod_03h,hod_04h,hod_05h,hod_06h,hod_07h,hod_08h,hod_09h,hod_10h,hod_11h,hod_12h,hod_13h,hod_14h,hod_15h,hod_16h,hod_17h,hod_18h,hod_19h,hod_20h,hod_21h,hod_22h,hod_23h,dow_mon,dow_tue,dow_wed,dow_thu,dow_fri,dow_sat,dow_sun
E07000087,E02004740,1252.92857143,6646.25,2207.0,5.42857142857,4.35714285714,3.35714285714,2.53571428571,3.85714285714,7.82142857143,20.2142857143,39.7857142857,62.9642857143,72.0714285714,86.7857142857,88.5,101.285714286,93.3214285714,90.5714285714,86.3214285714,86.6071428571,90.3571428571,78.7142857143,69.4285714286,54.2857142857,45.3571428571,35.5714285714,23.4285714286,1226.5,1297.25,1593.75,1245.5,1283.25,1143.75,980.5
