zone_id,area_id,total,daytype_inweek,daytype_weekend,hod_00h,hod_01h,hod_02h,hod_03h,hod_04h,hod_05h,hod_06h,hod_07h,hod_08h,hod_09h,hod_10h,hod_11h,hod_12h,hod_13h,hod_14h,hod_15h,hod_16h,hod_17h,hod_18h,hod_19h,hod_20h,hod_21h,hod_22h,hod_23h,dow_mon,dow_tue,dow_wed,dow_thu,dow_fri,dow_sat,dow_sun
E08000032,E02002216,6491.67857143,34126.5,11426.5,83.5,93.1785714286,56.1428571429,44.25,39.0357142857,52.4285714286,81.4285714286,165.785714286,239.25,270.392857143,299.857142857,351.964285714,399.785714286,429.714285714,451.357142857,438.642857143,465.142857143,508.142857143,463.964285714,415.892857143,376.75,325.392857143,255.535714286,184.142857143,6351.0,6709.5,8350.5,6321.75,6393.75,6239.75,5075.5
