zone_id,area_id,total,daytype_inweek,daytype_weekend,hod_00h,hod_01h,hod_02h,hod_03h,hod_04h,hod_05h,hod_06h,hod_07h,hod_08h,hod_09h,hod_10h,hod_11h,hod_12h,hod_13h,hod_14h,hod_15h,hod_16h,hod_17h,hod_18h,hod_19h,hod_20h,hod_21h,hod_22h,hod_23h,dow_mon,dow_tue,dow_wed,dow_thu,dow_fri,dow_sat,dow_sun
E07000215,E02006438,2046.78571429,11136.75,3451.25,15.1071428571,11.0714285714,9.0,10.75,13.9642857143,30.4285714286,45.1785714286,86.8928571429,128.464285714,130.285714286,136.428571429,130.392857143,136.035714286,130.464285714,127.107142857,124.285714286,129.607142857,145.464285714,129.107142857,105.785714286,90.9285714286,73.2857142857,63.2857142857,43.4642857143,1974.0,2176.75,2774.75,2153.5,2057.75,1713.5,1477.25
