zone_id,area_id,total,daytype_inweek,daytype_weekend,hod_00h,hod_01h,hod_02h,hod_03h,hod_04h,hod_05h,hod_06h,hod_07h,hod_08h,hod_09h,hod_10h,hod_11h,hod_12h,hod_13h,hod_14h,hod_15h,hod_16h,hod_17h,hod_18h,hod_19h,hod_20h,hod_21h,hod_22h,hod_23h,dow_mon,dow_tue,dow_wed,dow_thu,dow_fri,dow_sat,dow_sun
E08000033,E02002252,1072.39285714,5727.0,1812.25,4.42857142857,4.25,3.39285714286,3.32142857143,2.82142857143,8.03571428571,15.3928571429,41.5357142857,48.5714285714,53.8928571429,62.6071428571,70.7857142857,73.9285714286,80.1428571429,74.7857142857,82.7142857143,84.5,88.8571428571,72.6071428571,61.5,53.0714285714,38.1785714286,28.0714285714,15.0,1036.0,1162.75,1388.25,1051.5,1088.5,1003.5,776.25
