zone_id,area_id,total,daytype_inweek,daytype_weekend,hod_00h,hod_01h,hod_02h,hod_03h,hod_04h,hod_05h,hod_06h,hod_07h,hod_08h,hod_09h,hod_10h,hod_11h,hod_12h,hod_13h,hod_14h,hod_15h,hod_16h,hod_17h,hod_18h,hod_19h,hod_20h,hod_21h,hod_22h,hod_23h,dow_mon,dow_tue,dow_wed,dow_thu,dow_fri,dow_sat,dow_sun
E07000086,E02004713,1443.67857143,7789.75,2551.75,6.07142857143,6.46428571429,3.75,2.92857142857,4.0,10.6785714286,22.25,57.7857142857,82.25,83.0714285714,91.75,94.1071428571,100.107142857,98.9285714286,95.75,94.1071428571,103.678571429,109.214285714,94.1428571429,81.2142857143,68.7142857143,54.5357142857,49.0714285714,29.1071428571,1456.5,1498.25,1945.25,1414.25,1475.5,1220.75,1095.25
