zone_id,area_id,total,daytype_inweek,daytype_weekend,hod_00h,hod_01h,hod_02h,hod_03h,hod_04h,hod_05h,hod_06h,hod_07h,hod_08h,hod_09h,hod_10h,hod_11h,hod_12h,hod_13h,hod_14h,hod_15h,hod_16h,hod_17h,hod_18h,hod_19h,hod_20h,hod_21h,hod_22h,hod_23h,dow_mon,dow_tue,dow_wed,dow_thu,dow_fri,dow_sat,dow_sun
E07000240,E02004943,1683.46428571,9006.5,2867.25,10.0714285714,8.21428571429,6.10714285714,3.53571428571,4.71428571429,6.82142857143,23.25,46.8214285714,89.0,110.25,117.285714286,117.964285714,124.392857143,119.071428571,114.642857143,116.642857143,115.071428571,121.035714286,109.857142857,101.321428571,80.3214285714,61.8571428571,47.8571428571,27.3571428571,1655.0,1731.5,2235.0,1680.25,1704.75,1565.5,1212.25
