zone_id,area_id,total,daytype_inweek,daytype_weekend,hod_00h,hod_01h,hod_02h,hod_03h,hod_04h,hod_05h,hod_06h,hod_07h,hod_08h,hod_09h,hod_10h,hod_11h,hod_12h,hod_13h,hod_14h,hod_15h,hod_16h,hod_17h,hod_18h,hod_19h,hod_20h,hod_21h,hod_22h,hod_23h,dow_mon,dow_tue,dow_wed,dow_thu,dow_fri,dow_sat,dow_sun
E08000016,E02001511,1289.03571429,6944.0,2206.25,5.0,5.75,5.32142857143,4.07142857143,5.03571428571,16.1071428571,22.1785714286,42.3571428571,57.1785714286,68.2857142857,76.7857142857,85.8928571429,90.3214285714,86.4285714286,91.1785714286,88.6785714286,91.8571428571,98.6785714286,85.3928571429,78.2857142857,67.7142857143,54.1785714286,40.9642857143,21.3928571429,1282.75,1361.5,1719.75,1309.25,1270.75,1155.75,923.5
