zone_id,area_id,total,daytype_inweek,daytype_weekend,hod_00h,hod_01h,hod_02h,hod_03h,hod_04h,hod_05h,hod_06h,hod_07h,hod_08h,hod_09h,hod_10h,hod_11h,hod_12h,hod_13h,hod_14h,hod_15h,hod_16h,hod_17h,hod_18h,hod_19h,hod_20h,hod_21h,hod_22h,hod_23h,dow_mon,dow_tue,dow_wed,dow_thu,dow_fri,dow_sat,dow_sun
E07000201,E02006238,1413.46428571,7537.75,2574.75,5.25,6.5,4.14285714286,3.96428571429,8.42857142857,21.9642857143,51.8928571429,75.75,80.7857142857,85.4285714286,85.6071428571,87.0714285714,86.9285714286,94.2857142857,96.3214285714,107.142857143,111.392857143,103.0,81.25,65.2857142857,58.5357142857,44.6785714286,30.8571428571,17.0,1444.0,1417.75,1802.5,1411.5,1462.0,1225.75,1130.75
