zone_id,area_id,total,daytype_inweek,daytype_weekend,hod_00h,hod_01h,hod_02h,hod_03h,hod_04h,hod_05h,hod_06h,hod_07h,hod_08h,hod_09h,hod_10h,hod_11h,hod_12h,hod_13h,hod_14h,hod_15h,hod_16h,hod_17h,hod_18h,hod_19h,hod_20h,hod_21h,hod_22h,hod_23h,dow_mon,dow_tue,dow_wed,dow_thu,dow_fri,dow_sat,dow_sun
S12000036,S02001601,1631.57142857,8644.5,2963.25,10.7142857143,11.5,7.67857142857,7.32142857143,7.64285714286,12.3928571429,31.0357142857,83.5357142857,102.25,84.1071428571,86.2142857143,98.6071428571,107.714285714,107.142857143,108.428571429,114.607142857,124.5,123.285714286,109.464285714,93.4285714286,75.1785714286,57.75,43.3928571429,23.6785714286,1663.75,1663.0,2072.0,1571.0,1674.75,1477.0,1299.5
