zone_id,area_id,total,daytype_inweek,daytype_weekend,hod_00h,hod_01h,hod_02h,hod_03h,hod_04h,hod_05h,hod_06h,hod_07h,hod_08h,hod_09h,hod_10h,hod_11h,hod_12h,hod_13h,hod_14h,hod_15h,hod_16h,hod_17h,hod_18h,hod_19h,hod_20h,hod_21h,hod_22h,hod_23h,dow_mon,dow_tue,dow_wed,dow_thu,dow_fri,dow_sat,dow_sun
E08000012,E02001369,5619.25,29710.0,9325.25,42.1785714286,53.6071428571,42.3571428571,34.0714285714,29.9642857143,40.6071428571,83.25,191.357142857,285.75,276.785714286,289.571428571,317.5,369.071428571,394.607142857,401.428571429,397.0,429.821428571,449.25,370.535714286,322.928571429,269.678571429,226.035714286,174.178571429,127.714285714,5242.25,5854.25,7215.25,5426.0,5972.25,5541.75,4083.0
