zone_id,area_id,total,daytype_inweek,daytype_weekend,hod_00h,hod_01h,hod_02h,hod_03h,hod_04h,hod_05h,hod_06h,hod_07h,hod_08h,hod_09h,hod_10h,hod_11h,hod_12h,hod_13h,hod_14h,hod_15h,hod_16h,hod_17h,hod_18h,hod_19h,hod_20h,hod_21h,hod_22h,hod_23h,dow_mon,dow_tue,dow_wed,dow_thu,dow_fri,dow_sat,dow_sun
E06000026,E02003143,2838.17857143,15350.0,4706.75,12.0,11.8571428571,9.67857142857,5.89285714286,7.82142857143,19.6071428571,63.7857142857,125.892857143,159.428571429,161.321428571,172.607142857,185.964285714,190.535714286,187.607142857,187.642857143,203.285714286,222.428571429,220.678571429,187.75,161.178571429,119.928571429,98.1785714286,77.7857142857,45.3214285714,2659.0,3033.75,3831.0,2969.0,2857.25,2469.5,2047.75
