zone_id,area_id,total,daytype_inweek,daytype_weekend,hod_00h,hod_01h,hod_02h,hod_03h,hod_04h,hod_05h,hod_06h,hod_07h,hod_08h,hod_09h,hod_10h,hod_11h,hod_12h,hod_13h,hod_14h,hod_15h,hod_16h,hod_17h,hod_18h,hod_19h,hod_20h,hod_21h,hod_22h,hod_23h,dow_mon,dow_tue,dow_wed,dow_thu,dow_fri,dow_sat,dow_sun
S12000020,S02002074,2061.57142857,11437.75,3424.25,5.71428571429,6.35714285714,5.25,5.07142857143,8.32142857143,29.25,69.9642857143,110.142857143,118.892857143,116.107142857,120.857142857,128.928571429,138.214285714,147.285714286,172.357142857,152.571428571,172.714285714,162.178571429,118.571428571,84.0,84.8214285714,56.6785714286,32.6071428571,14.7142857143,2077.0,2290.75,2867.0,2206.75,1996.25,1646.0,1347.25
