zone_id,area_id,total,daytype_inweek,daytype_weekend,hod_00h,hod_01h,hod_02h,hod_03h,hod_04h,hod_05h,hod_06h,hod_07h,hod_08h,hod_09h,hod_10h,hod_11h,hod_12h,hod_13h,hod_14h,hod_15h,hod_16h,hod_17h,hod_18h,hod_19h,hod_20h,hod_21h,hod_22h,hod_23h,dow_mon,dow_tue,dow_wed,dow_thu,dow_fri,dow_sat,dow_sun
E06000052,E02003922,11408.4642857,60778.0,19468.25,54.9285714286,44.3928571429,28.5,23.9285714286,30.8928571429,70.4642857143,171.714285714,429.178571429,585.071428571,639.25,786.428571429,851.928571429,840.928571429,834.5,822.178571429,852.321428571,904.571428571,911.214285714,726.428571429,567.642857143,459.107142857,371.571428571,249.535714286,151.785714286,10793.5,11809.5,15038.0,11786.0,11351.0,10406.5,8674.75
