zone_id,area_id,total,daytype_inweek,daytype_weekend,hod_00h,hod_01h,hod_02h,hod_03h,hod_04h,hod_05h,hod_06h,hod_07h,hod_08h,hod_09h,hod_10h,hod_11h,hod_12h,hod_13h,hod_14h,hod_15h,hod_16h,hod_17h,hod_18h,hod_19h,hod_20h,hod_21h,hod_22h,hod_23h,dow_mon,dow_tue,dow_wed,dow_thu,dow_fri,dow_sat,dow_sun
E08000025,E02001890,7512.71428571,40293.25,12659.0,78.2857142857,82.8928571429,61.0357142857,51.75,45.1785714286,63.6071428571,129.928571429,269.928571429,433.357142857,395.892857143,399.964285714,398.571428571,423.25,451.892857143,442.5,462.214285714,524.357142857,590.607142857,535.142857143,468.535714286,388.714285714,317.714285714,280.071428571,217.321428571,7147.5,7757.75,9961.25,7686.25,7740.5,6784.25,5511.5
