zone_id,area_id,total,daytype_inweek,daytype_weekend,hod_00h,hod_01h,hod_02h,hod_03h,hod_04h,hod_05h,hod_06h,hod_07h,hod_08h,hod_09h,hod_10h,hod_11h,hod_12h,hod_13h,hod_14h,hod_15h,hod_16h,hod_17h,hod_18h,hod_19h,hod_20h,hod_21h,hod_22h,hod_23h,dow_mon,dow_tue,dow_wed,dow_thu,dow_fri,dow_sat,dow_sun
S12000011,S02001569,766.0,4055.25,1442.0,4.5,4.35714285714,4.10714285714,2.64285714286,2.75,3.75,5.85714285714,18.9285714286,43.6785714286,47.3214285714,48.7857142857,49.8928571429,53.7857142857,51.1071428571,50.3214285714,59.0357142857,55.8571428571,52.4642857143,46.7142857143,45.1428571429,39.1428571429,32.2142857143,26.5,17.1428571429,814.0,799.0,950.25,736.5,755.5,678.75,628.0
