zone_id,area_id,total,daytype_inweek,daytype_weekend,hod_00h,hod_01h,hod_02h,hod_03h,hod_04h,hod_05h,hod_06h,hod_07h,hod_08h,hod_09h,hod_10h,hod_11h,hod_12h,hod_13h,hod_14h,hod_15h,hod_16h,hod_17h,hod_18h,hod_19h,hod_20h,hod_21h,hod_22h,hod_23h,dow_mon,dow_tue,dow_wed,dow_thu,dow_fri,dow_sat,dow_sun
E09000019,E02000561,1347.57142857,7246.0,2387.25,15.0714285714,13.4285714286,9.60714285714,7.25,6.39285714286,7.92857142857,15.2857142857,27.25,65.5,74.1785714286,74.9285714286,76.4642857143,84.2142857143,84.7857142857,85.5,86.5714285714,82.6428571429,91.9642857143,98.8571428571,90.3214285714,78.9285714286,67.7142857143,60.4642857143,42.3214285714,1330.5,1436.75,1834.5,1341.0,1303.25,1130.25,1056.75
