zone_id,area_id,total,daytype_inweek,daytype_weekend,hod_00h,hod_01h,hod_02h,hod_03h,hod_04h,hod_05h,hod_06h,hod_07h,hod_08h,hod_09h,hod_10h,hod_11h,hod_12h,hod_13h,hod_14h,hod_15h,hod_16h,hod_17h,hod_18h,hod_19h,hod_20h,hod_21h,hod_22h,hod_23h,dow_mon,dow_tue,dow_wed,dow_thu,dow_fri,dow_sat,dow_sun
S12000017,S02001984,2319.25,11846.5,4137.75,3.89285714286,4.28571428571,4.07142857143,5.17857142857,6.35714285714,15.6785714286,45.3214285714,99.7857142857,131.035714286,156.428571429,175.964285714,177.25,161.357142857,175.75,175.285714286,186.428571429,201.785714286,191.321428571,142.607142857,96.9285714286,69.1071428571,54.9285714286,28.2857142857,10.2142857143,2253.75,2132.5,2777.5,2307.75,2375.0,2504.25,1884.0
