zone_id,area_id,total,daytype_inweek,daytype_weekend,hod_00h,hod_01h,hod_02h,hod_03h,hod_04h,hod_05h,hod_06h,hod_07h,hod_08h,hod_09h,hod_10h,hod_11h,hod_12h,hod_13h,hod_14h,hod_15h,hod_16h,hod_17h,hod_18h,hod_19h,hod_20h,hod_21h,hod_22h,hod_23h,dow_mon,dow_tue,dow_wed,dow_thu,dow_fri,dow_sat,dow_sun
E06000023,E02003064,2956.96428571,16061.75,4933.25,17.1785714286,15.6785714286,12.2857142857,13.5714285714,15.1428571429,30.6428571429,69.0714285714,119.142857143,147.75,157.178571429,174.357142857,191.857142857,196.964285714,196.607142857,198.5,196.5,212.178571429,222.75,201.071428571,173.214285714,143.678571429,113.964285714,88.9285714286,48.75,2893.25,3189.0,4027.25,3113.25,2839.0,2597.0,2040.0
