zone_id,area_id,total,daytype_inweek,daytype_weekend,hod_00h,hod_01h,hod_02h,hod_03h,hod_04h,hod_05h,hod_06h,hod_07h,hod_08h,hod_09h,hod_10h,hod_11h,hod_12h,hod_13h,hod_14h,hod_15h,hod_16h,hod_17h,hod_18h,hod_19h,hod_20h,hod_21h,hod_22h,hod_23h,dow_mon,dow_tue,dow_wed,dow_thu,dow_fri,dow_sat,dow_sun
E06000033,E02003280,3828.28571429,20261.5,6387.5,16.5357142857,17.6071428571,12.2142857143,12.8214285714,11.8928571429,19.2857142857,56.7142857143,144.821428571,199.107142857,223.178571429,247.178571429,263.285714286,276.892857143,281.142857143,267.821428571,259.535714286,279.321428571,297.607142857,247.464285714,213.785714286,176.321428571,136.5,106.928571429,60.3214285714,3565.75,4030.25,5015.75,3823.5,3826.25,3714.75,2821.75
