zone_id,area_id,total,daytype_inweek,daytype_weekend,hod_00h,hod_01h,hod_02h,hod_03h,hod_04h,hod_05h,hod_06h,hod_07h,hod_08h,hod_09h,hod_10h,hod_11h,hod_12h,hod_13h,hod_14h,hod_15h,hod_16h,hod_17h,hod_18h,hod_19h,hod_20h,hod_21h,hod_22h,hod_23h,dow_mon,dow_tue,dow_wed,dow_thu,dow_fri,dow_sat,dow_sun
E06000051,E02006016,1713.28571429,9297.5,2911.5,5.71428571429,7.82142857143,6.82142857143,7.64285714286,13.9285714286,20.6071428571,45.4285714286,82.1071428571,102.714285714,110.285714286,107.464285714,109.142857143,118.928571429,108.714285714,109.5,112.857142857,123.464285714,129.25,114.071428571,95.75,70.6785714286,53.8214285714,38.9642857143,17.6071428571,1682.0,1775.0,2351.0,1810.5,1679.0,1466.0,1229.5
