area_id,total,daytype_inweek,daytype_weekend,hod_00h,hod_01h,hod_02h,hod_03h,hod_04h,hod_05h,hod_06h,hod_07h,hod_08h,hod_09h,hod_10h,hod_11h,hod_12h,hod_13h,hod_14h,hod_15h,hod_16h,hod_17h,hod_18h,hod_19h,hod_20h,hod_21h,hod_22h,hod_23h,dow_mon,dow_tue,dow_wed,dow_thu,dow_fri,dow_sat,dow_sun
16175,8.64285714286,52.5,14.0,0.107142857143,0.0,0.0,0.0357142857143,0.0,0.0357142857143,1.57142857143,1.21428571429,0.928571428571,0.607142857143,0.392857142857,0.642857142857,0.5,0.285714285714,0.428571428571,0.392857142857,0.285714285714,0.392857142857,0.321428571429,0.178571428571,0.0357142857143,0.142857142857,0.107142857143,0.0357142857143,9.5,8.75,13.75,10.5,10.0,3.5,4.5
16078,10408.25,56322.0,17379.75,102.607142857,103.321428571,92.1071428571,70.3928571429,115.571428571,116.821428571,150.571428571,260.714285714,404.178571429,524.928571429,625.642857143,738.785714286,770.714285714,750.142857143,660.892857143,492.571428571,444.75,500.035714286,594.142857143,707.428571429,721.321428571,676.821428571,449.892857143,333.892857143,10113.5,11373.25,14090.0,9479.5,11265.75,9269.5,7266.25
16203,20.4642857143,118.75,35.25,0.5,0.0357142857143,0.107142857143,0.142857142857,0.0714285714286,0.0357142857143,0.25,1.0,2.28571428571,1.67857142857,1.53571428571,1.32142857143,1.5,1.53571428571,0.821428571429,0.821428571429,1.32142857143,1.21428571429,1.53571428571,0.892857142857,0.5,0.785714285714,0.5,0.0714285714286,25.25,19.75,28.75,19.75,25.25,14.5,10.0
total,10437.3571429,56493.25,17429.0,103.214285714,103.357142857,92.2142857143,70.5714285714,115.642857143,116.892857143,152.392857143,262.928571429,407.392857143,527.214285714,627.571428571,740.75,772.714285714,751.964285714,662.142857143,493.785714286,446.357142857,501.642857143,596.0,708.5,721.857142857,677.75,450.5,334.0,10148.25,11401.75,14132.5,9509.75,11301.0,9287.5,7280.75
