zone_id,area_id,total,daytype_inweek,daytype_weekend,hod_00h,hod_01h,hod_02h,hod_03h,hod_04h,hod_05h,hod_06h,hod_07h,hod_08h,hod_09h,hod_10h,hod_11h,hod_12h,hod_13h,hod_14h,hod_15h,hod_16h,hod_17h,hod_18h,hod_19h,hod_20h,hod_21h,hod_22h,hod_23h,dow_mon,dow_tue,dow_wed,dow_thu,dow_fri,dow_sat,dow_sun
E08000022,E02001752,5899.21428571,31539.5,9946.0,24.1428571429,20.9285714286,15.4285714286,10.4285714286,11.8214285714,25.5357142857,81.3928571429,207.607142857,284.928571429,306.25,380.714285714,442.535714286,501.75,481.142857143,484.107142857,468.964285714,480.428571429,445.142857143,359.928571429,299.714285714,227.142857143,159.107142857,107.392857143,72.6785714286,5625.0,6088.75,7714.5,5944.25,6167.0,5434.0,4321.0
