zone_id,area_id,total,daytype_inweek,daytype_weekend,hod_00h,hod_01h,hod_02h,hod_03h,hod_04h,hod_05h,hod_06h,hod_07h,hod_08h,hod_09h,hod_10h,hod_11h,hod_12h,hod_13h,hod_14h,hod_15h,hod_16h,hod_17h,hod_18h,hod_19h,hod_20h,hod_21h,hod_22h,hod_23h,dow_mon,dow_tue,dow_wed,dow_thu,dow_fri,dow_sat,dow_sun
E09000026,E02000773,1887.75,9749.25,3415.5,17.8928571429,20.2142857143,11.6071428571,8.21428571429,6.64285714286,10.2142857143,21.25,40.9285714286,73.7142857143,96.6428571429,103.428571429,118.107142857,129.0,127.892857143,130.714285714,123.642857143,130.392857143,127.142857143,130.928571429,122.321428571,115.25,97.2857142857,75.4642857143,48.8571428571,1817.5,1913.25,2348.75,1820.0,1849.75,1867.0,1598.0
