zone_id,area_id,total,daytype_inweek,daytype_weekend,hod_00h,hod_01h,hod_02h,hod_03h,hod_04h,hod_05h,hod_06h,hod_07h,hod_08h,hod_09h,hod_10h,hod_11h,hod_12h,hod_13h,hod_14h,hod_15h,hod_16h,hod_17h,hod_18h,hod_19h,hod_20h,hod_21h,hod_22h,hod_23h,dow_mon,dow_tue,dow_wed,dow_thu,dow_fri,dow_sat,dow_sun
E06000015,E02002812,6849.32142857,36986.5,11275.75,36.0,41.5357142857,32.7857142857,27.1785714286,25.75,48.5714285714,133.821428571,258.428571429,353.964285714,366.142857143,435.607142857,465.321428571,499.392857143,495.535714286,479.642857143,488.071428571,499.464285714,497.0,434.571428571,395.142857143,316.714285714,242.821428571,173.964285714,101.892857143,6416.25,7271.5,9104.5,6971.75,7222.5,6099.25,4859.5
