zone_id,area_id,total,daytype_inweek,daytype_weekend,hod_00h,hod_01h,hod_02h,hod_03h,hod_04h,hod_05h,hod_06h,hod_07h,hod_08h,hod_09h,hod_10h,hod_11h,hod_12h,hod_13h,hod_14h,hod_15h,hod_16h,hod_17h,hod_18h,hod_19h,hod_20h,hod_21h,hod_22h,hod_23h,dow_mon,dow_tue,dow_wed,dow_thu,dow_fri,dow_sat,dow_sun
E06000051,E02006029,5573.07142857,29431.25,9339.25,20.7857142857,23.0,17.0714285714,17.4642857143,21.8214285714,37.6785714286,92.3928571429,221.5,320.357142857,332.071428571,393.964285714,400.0,412.035714286,408.714285714,403.321428571,390.678571429,413.178571429,429.392857143,342.071428571,287.035714286,217.25,169.75,127.5,74.0357142857,5193.5,6062.0,7161.25,5377.0,5637.5,5434.5,4145.75
