zone_id,area_id,total,daytype_inweek,daytype_weekend,hod_00h,hod_01h,hod_02h,hod_03h,hod_04h,hod_05h,hod_06h,hod_07h,hod_08h,hod_09h,hod_10h,hod_11h,hod_12h,hod_13h,hod_14h,hod_15h,hod_16h,hod_17h,hod_18h,hod_19h,hod_20h,hod_21h,hod_22h,hod_23h,dow_mon,dow_tue,dow_wed,dow_thu,dow_fri,dow_sat,dow_sun
E07000029,E02004002,4667.82142857,26085.25,7364.0,17.3928571429,19.8214285714,19.2857142857,8.14285714286,19.3571428571,79.0714285714,162.857142857,226.107142857,223.714285714,223.821428571,237.928571429,260.535714286,300.714285714,308.107142857,327.178571429,392.035714286,401.785714286,362.642857143,292.321428571,235.642857143,190.607142857,176.142857143,119.535714286,63.0714285714,4466.0,5038.0,6425.0,5195.25,4961.0,3691.5,2898.0
