zone_id,area_id,total,daytype_inweek,daytype_weekend,hod_00h,hod_01h,hod_02h,hod_03h,hod_04h,hod_05h,hod_06h,hod_07h,hod_08h,hod_09h,hod_10h,hod_11h,hod_12h,hod_13h,hod_14h,hod_15h,hod_16h,hod_17h,hod_18h,hod_19h,hod_20h,hod_21h,hod_22h,hod_23h,dow_mon,dow_tue,dow_wed,dow_thu,dow_fri,dow_sat,dow_sun
E08000025,E02001903,4112.64285714,21400.75,7356.25,60.0357142857,66.2142857143,45.25,29.5714285714,26.5357142857,32.8928571429,53.6785714286,98.4285714286,154.428571429,157.285714286,179.5,197.428571429,223.642857143,241.25,261.678571429,277.107142857,306.142857143,304.178571429,306.357142857,287.392857143,243.107142857,224.857142857,200.428571429,135.25,3919.25,4231.5,5235.25,3959.25,4055.5,3950.75,3437.0
