zone_id,area_id,total,daytype_inweek,daytype_weekend,hod_00h,hod_01h,hod_02h,hod_03h,hod_04h,hod_05h,hod_06h,hod_07h,hod_08h,hod_09h,hod_10h,hod_11h,hod_12h,hod_13h,hod_14h,hod_15h,hod_16h,hod_17h,hod_18h,hod_19h,hod_20h,hod_21h,hod_22h,hod_23h,dow_mon,dow_tue,dow_wed,dow_thu,dow_fri,dow_sat,dow_sun
S12000029,S02002375,1925.14285714,10437.0,3380.25,11.4642857143,12.0357142857,8.32142857143,6.5,8.07142857143,19.5357142857,43.2857142857,87.1071428571,109.75,100.642857143,108.714285714,113.607142857,125.714285714,130.107142857,134.678571429,140.75,142.75,138.607142857,122.821428571,108.178571429,89.6428571429,77.4285714286,55.7857142857,29.6428571429,1988.0,2045.75,2562.75,1958.5,1882.0,1646.75,1392.25
