zone_id,area_id,total,daytype_inweek,daytype_weekend,hod_00h,hod_01h,hod_02h,hod_03h,hod_04h,hod_05h,hod_06h,hod_07h,hod_08h,hod_09h,hod_10h,hod_11h,hod_12h,hod_13h,hod_14h,hod_15h,hod_16h,hod_17h,hod_18h,hod_19h,hod_20h,hod_21h,hod_22h,hod_23h,dow_mon,dow_tue,dow_wed,dow_thu,dow_fri,dow_sat,dow_sun
E06000012,E02002747,5009.25,26138.75,8677.5,15.6428571429,17.1071428571,12.6428571429,10.9642857143,17.6428571429,35.5714285714,69.75,158.857142857,219.821428571,280.892857143,325.142857143,356.75,387.357142857,383.464285714,397.142857143,378.964285714,398.857142857,403.392857143,326.321428571,264.607142857,224.142857143,151.642857143,110.178571429,62.3928571429,4620.5,5052.0,6364.25,4895.25,5206.75,4869.0,4057.0
