zone_id,area_id,total,daytype_inweek,daytype_weekend,hod_00h,hod_01h,hod_02h,hod_03h,hod_04h,hod_05h,hod_06h,hod_07h,hod_08h,hod_09h,hod_10h,hod_11h,hod_12h,hod_13h,hod_14h,hod_15h,hod_16h,hod_17h,hod_18h,hod_19h,hod_20h,hod_21h,hod_22h,hod_23h,dow_mon,dow_tue,dow_wed,dow_thu,dow_fri,dow_sat,dow_sun
E08000018,E02001608,1956.32142857,10622.5,3304.25,10.6785714286,9.57142857143,5.71428571429,4.35714285714,8.0,27.3571428571,34.25,80.3214285714,106.535714286,114.357142857,120.928571429,129.321428571,135.928571429,137.035714286,132.392857143,128.928571429,146.107142857,144.178571429,126.321428571,110.071428571,92.9285714286,76.2857142857,47.6071428571,27.1428571429,1931.5,2122.0,2566.25,1976.25,2026.5,1699.0,1372.75
