zone_id,area_id,total,daytype_inweek,daytype_weekend,hod_00h,hod_01h,hod_02h,hod_03h,hod_04h,hod_05h,hod_06h,hod_07h,hod_08h,hod_09h,hod_10h,hod_11h,hod_12h,hod_13h,hod_14h,hod_15h,hod_16h,hod_17h,hod_18h,hod_19h,hod_20h,hod_21h,hod_22h,hod_23h,dow_mon,dow_tue,dow_wed,dow_thu,dow_fri,dow_sat,dow_sun
E09000003,E02000037,1824.60714286,9843.0,3131.25,13.0714285714,10.5,7.64285714286,4.82142857143,4.39285714286,9.82142857143,20.25,45.5357142857,81.8928571429,108.607142857,113.607142857,123.357142857,126.178571429,130.714285714,122.928571429,119.678571429,125.535714286,129.678571429,121.678571429,119.785714286,99.1785714286,82.1071428571,64.5714285714,39.0714285714,1744.75,1956.25,2435.25,1839.5,1867.25,1542.75,1386.5
