zone_id,area_id,total,daytype_inweek,daytype_weekend,hod_00h,hod_01h,hod_02h,hod_03h,hod_04h,hod_05h,hod_06h,hod_07h,hod_08h,hod_09h,hod_10h,hod_11h,hod_12h,hod_13h,hod_14h,hod_15h,hod_16h,hod_17h,hod_18h,hod_19h,hod_20h,hod_21h,hod_22h,hod_23h,dow_mon,dow_tue,dow_wed,dow_thu,dow_fri,dow_sat,dow_sun
E06000027,E02003171,3384.82142857,17776.25,6106.0,13.9642857143,11.5714285714,9.71428571429,7.96428571429,8.60714285714,14.9285714286,33.8571428571,98.6071428571,142.107142857,184.214285714,237.714285714,262.678571429,250.285714286,235.964285714,235.321428571,247.214285714,255.464285714,273.178571429,234.5,187.642857143,162.892857143,126.0,94.75,55.6785714286,3357.75,3546.0,4285.0,3420.5,3167.0,3169.25,2748.25
