zone_id,area_id,total,daytype_inweek,daytype_weekend,hod_00h,hod_01h,hod_02h,hod_03h,hod_04h,hod_05h,hod_06h,hod_07h,hod_08h,hod_09h,hod_10h,hod_11h,hod_12h,hod_13h,hod_14h,hod_15h,hod_16h,hod_17h,hod_18h,hod_19h,hod_20h,hod_21h,hod_22h,hod_23h,dow_mon,dow_tue,dow_wed,dow_thu,dow_fri,dow_sat,dow_sun
E08000016,E02001537,1889.96428571,10105.5,3197.0,6.82142857143,6.46428571429,5.53571428571,3.85714285714,6.78571428571,19.3928571429,27.2857142857,69.4285714286,99.6071428571,97.5714285714,118.892857143,131.321428571,132.428571429,129.107142857,137.321428571,137.0,143.035714286,149.0,125.821428571,109.178571429,88.3928571429,69.3571428571,50.9285714286,25.4285714286,1808.0,2011.25,2531.0,1851.75,1903.5,1735.25,1389.0
