zone_id,area_id,total,daytype_inweek,daytype_weekend,hod_00h,hod_01h,hod_02h,hod_03h,hod_04h,hod_05h,hod_06h,hod_07h,hod_08h,hod_09h,hod_10h,hod_11h,hod_12h,hod_13h,hod_14h,hod_15h,hod_16h,hod_17h,hod_18h,hod_19h,hod_20h,hod_21h,hod_22h,hod_23h,dow_mon,dow_tue,dow_wed,dow_thu,dow_fri,dow_sat,dow_sun
E07000135,E02005416,1581.96428571,8349.25,2798.5,6.03571428571,6.25,4.5,3.96428571429,6.14285714286,9.35714285714,30.6428571429,53.7142857143,74.5,96.1785714286,101.0,104.071428571,106.607142857,104.464285714,105.5,108.071428571,114.0,113.392857143,108.535714286,103.464285714,88.4285714286,65.9285714286,46.4642857143,20.75,1531.25,1646.0,2027.25,1519.75,1625.0,1457.25,1267.25
