zone_id,area_id,total,daytype_inweek,daytype_weekend,hod_00h,hod_01h,hod_02h,hod_03h,hod_04h,hod_05h,hod_06h,hod_07h,hod_08h,hod_09h,hod_10h,hod_11h,hod_12h,hod_13h,hod_14h,hod_15h,hod_16h,hod_17h,hod_18h,hod_19h,hod_20h,hod_21h,hod_22h,hod_23h,dow_mon,dow_tue,dow_wed,dow_thu,dow_fri,dow_sat,dow_sun
E09000029,E02000852,1706.0,9081.25,2969.0,10.7142857143,10.8214285714,6.32142857143,6.42857142857,5.53571428571,9.96428571429,24.2857142857,62.6428571429,88.6785714286,97.0,104.75,108.714285714,108.464285714,113.392857143,110.857142857,110.571428571,115.678571429,129.892857143,117.607142857,120.107142857,92.7857142857,72.3571428571,47.5357142857,30.8928571429,1679.75,1743.75,2185.0,1722.0,1750.75,1571.5,1289.25
