zone_id,area_id,total,daytype_inweek,daytype_weekend,hod_00h,hod_01h,hod_02h,hod_03h,hod_04h,hod_05h,hod_06h,hod_07h,hod_08h,hod_09h,hod_10h,hod_11h,hod_12h,hod_13h,hod_14h,hod_15h,hod_16h,hod_17h,hod_18h,hod_19h,hod_20h,hod_21h,hod_22h,hod_23h,dow_mon,dow_tue,dow_wed,dow_thu,dow_fri,dow_sat,dow_sun
E07000239,E02006779,2783.57142857,14895.25,4900.0,11.8928571429,10.2857142857,6.75,6.71428571429,9.53571428571,21.5714285714,42.8571428571,97.1785714286,142.107142857,159.107142857,178.392857143,186.142857143,201.142857143,192.214285714,195.0,192.571428571,196.571428571,206.607142857,183.821428571,167.178571429,134.035714286,108.392857143,85.5357142857,47.9642857143,2787.5,2931.0,3670.75,2757.25,2748.75,2477.25,2112.5
