zone_id,area_id,total,daytype_inweek,daytype_weekend,hod_00h,hod_01h,hod_02h,hod_03h,hod_04h,hod_05h,hod_06h,hod_07h,hod_08h,hod_09h,hod_10h,hod_11h,hod_12h,hod_13h,hod_14h,hod_15h,hod_16h,hod_17h,hod_18h,hod_19h,hod_20h,hod_21h,hod_22h,hod_23h,dow_mon,dow_tue,dow_wed,dow_thu,dow_fri,dow_sat,dow_sun
E08000018,E02001587,2021.03571429,10753.25,3499.5,10.5357142857,12.3214285714,7.14285714286,6.71428571429,8.53571428571,19.7142857143,33.4285714286,74.5714285714,99.7857142857,109.178571429,126.107142857,139.464285714,152.071428571,137.071428571,140.035714286,141.464285714,147.857142857,146.678571429,138.142857143,112.607142857,99.5,78.9285714286,49.6785714286,29.5,1997.25,2108.25,2660.5,1985.5,2001.75,1891.75,1502.25
