zone_id,area_id,total,daytype_inweek,daytype_weekend,hod_00h,hod_01h,hod_02h,hod_03h,hod_04h,hod_05h,hod_06h,hod_07h,hod_08h,hod_09h,hod_10h,hod_11h,hod_12h,hod_13h,hod_14h,hod_15h,hod_16h,hod_17h,hod_18h,hod_19h,hod_20h,hod_21h,hod_22h,hod_23h,dow_mon,dow_tue,dow_wed,dow_thu,dow_fri,dow_sat,dow_sun
E06000055,E02003622,4735.78571429,25110.0,8023.75,18.7857142857,20.6428571429,15.4285714286,12.4285714286,16.9642857143,43.6428571429,80.1785714286,173.035714286,257.678571429,272.107142857,285.535714286,312.642857143,331.142857143,331.821428571,331.964285714,325.035714286,343.285714286,363.0,326.642857143,270.0,235.035714286,166.928571429,128.75,73.1071428571,4472.5,4900.75,6114.5,4649.0,4973.25,4489.25,3551.25
