zone_id,area_id,total,daytype_inweek,daytype_weekend,hod_00h,hod_01h,hod_02h,hod_03h,hod_04h,hod_05h,hod_06h,hod_07h,hod_08h,hod_09h,hod_10h,hod_11h,hod_12h,hod_13h,hod_14h,hod_15h,hod_16h,hod_17h,hod_18h,hod_19h,hod_20h,hod_21h,hod_22h,hod_23h,dow_mon,dow_tue,dow_wed,dow_thu,dow_fri,dow_sat,dow_sun
E06000043,E02003504,5293.75,26609.75,8818.0,30.8214285714,42.1071428571,38.4285714286,29.0357142857,25.5357142857,25.1071428571,52.25,132.107142857,265.428571429,267.035714286,284.607142857,326.571428571,358.392857143,368.535714286,380.5,372.642857143,389.535714286,426.607142857,388.357142857,321.392857143,267.857142857,212.857142857,172.214285714,115.821428571,4778.75,5239.5,6423.75,4927.5,5240.25,6407.25,4039.25
