zone_id,area_id,total,daytype_inweek,daytype_weekend,hod_00h,hod_01h,hod_02h,hod_03h,hod_04h,hod_05h,hod_06h,hod_07h,hod_08h,hod_09h,hod_10h,hod_11h,hod_12h,hod_13h,hod_14h,hod_15h,hod_16h,hod_17h,hod_18h,hod_19h,hod_20h,hod_21h,hod_22h,hod_23h,dow_mon,dow_tue,dow_wed,dow_thu,dow_fri,dow_sat,dow_sun
E07000132,E02005379,847.428571429,4591.75,1471.25,2.25,3.14285714286,2.67857142857,2.71428571429,3.78571428571,4.92857142857,12.6071428571,29.5357142857,42.9285714286,50.4642857143,53.1785714286,49.4642857143,50.2142857143,49.5357142857,52.8214285714,56.1428571429,58.9642857143,57.25,62.8214285714,54.3928571429,51.1428571429,44.75,34.8214285714,16.8928571429,842.5,945.75,1166.25,840.25,797.0,711.5,628.75
