zone_id,area_id,total,daytype_inweek,daytype_weekend,hod_00h,hod_01h,hod_02h,hod_03h,hod_04h,hod_05h,hod_06h,hod_07h,hod_08h,hod_09h,hod_10h,hod_11h,hod_12h,hod_13h,hod_14h,hod_15h,hod_16h,hod_17h,hod_18h,hod_19h,hod_20h,hod_21h,hod_22h,hod_23h,dow_mon,dow_tue,dow_wed,dow_thu,dow_fri,dow_sat,dow_sun
E07000079,E02004616,2406.07142857,12733.0,4309.25,7.67857142857,6.85714285714,5.25,4.03571428571,5.57142857143,12.9642857143,29.3214285714,79.9642857143,122.5,138.5,168.321428571,190.857142857,208.678571429,202.142857143,194.785714286,189.0,187.785714286,168.142857143,128.464285714,103.535714286,84.2857142857,69.7142857143,58.6428571429,39.0714285714,2480.25,2610.75,3073.75,2301.5,2266.75,2280.5,1829.0
