zone_id,area_id,total,daytype_inweek,daytype_weekend,hod_00h,hod_01h,hod_02h,hod_03h,hod_04h,hod_05h,hod_06h,hod_07h,hod_08h,hod_09h,hod_10h,hod_11h,hod_12h,hod_13h,hod_14h,hod_15h,hod_16h,hod_17h,hod_18h,hod_19h,hod_20h,hod_21h,hod_22h,hod_23h,dow_mon,dow_tue,dow_wed,dow_thu,dow_fri,dow_sat,dow_sun
S12000008,S02001489,786.571428571,4332.0,1261.25,1.5,1.67857142857,1.28571428571,1.10714285714,3.17857142857,9.10714285714,20.4642857143,40.75,52.3928571429,48.75,51.3571428571,52.1785714286,58.1785714286,60.8928571429,56.2142857143,61.7142857143,60.9642857143,55.3928571429,47.8214285714,34.4285714286,30.7142857143,21.5714285714,11.4642857143,3.46428571429,801.25,826.25,1081.0,819.5,804.0,714.0,460.0
