zone_id,area_id,total,daytype_inweek,daytype_weekend,hod_00h,hod_01h,hod_02h,hod_03h,hod_04h,hod_05h,hod_06h,hod_07h,hod_08h,hod_09h,hod_10h,hod_11h,hod_12h,hod_13h,hod_14h,hod_15h,hod_16h,hod_17h,hod_18h,hod_19h,hod_20h,hod_21h,hod_22h,hod_23h,dow_mon,dow_tue,dow_wed,dow_thu,dow_fri,dow_sat,dow_sun
E09000004,E02000065,1983.5,10394.5,3454.75,13.5,14.0,8.82142857143,8.78571428571,13.5357142857,23.5357142857,48.9285714286,71.3571428571,91.1071428571,110.392857143,118.464285714,122.642857143,138.464285714,133.928571429,136.785714286,125.642857143,136.25,135.107142857,129.071428571,121.035714286,101.892857143,80.4642857143,61.7142857143,38.0714285714,1818.75,2012.25,2544.25,2029.5,1989.75,1854.0,1636.0
