zone_id,area_id,total,daytype_inweek,daytype_weekend,hod_00h,hod_01h,hod_02h,hod_03h,hod_04h,hod_05h,hod_06h,hod_07h,hod_08h,hod_09h,hod_10h,hod_11h,hod_12h,hod_13h,hod_14h,hod_15h,hod_16h,hod_17h,hod_18h,hod_19h,hod_20h,hod_21h,hod_22h,hod_23h,dow_mon,dow_tue,dow_wed,dow_thu,dow_fri,dow_sat,dow_sun
E07000110,E02005078,3575.42857143,19079.5,6141.0,20.3928571429,17.9642857143,13.1428571429,12.7142857143,16.3928571429,34.3928571429,78.5357142857,158.178571429,196.607142857,210.142857143,235.392857143,248.464285714,244.071428571,234.607142857,237.785714286,241.857142857,252.714285714,280.571428571,220.821428571,188.428571429,148.464285714,126.142857143,98.6785714286,58.9642857143,3443.25,3733.75,4728.75,3650.5,3523.25,3250.75,2697.75
