zone_id,area_id,total,daytype_inweek,daytype_weekend,hod_00h,hod_01h,hod_02h,hod_03h,hod_04h,hod_05h,hod_06h,hod_07h,hod_08h,hod_09h,hod_10h,hod_11h,hod_12h,hod_13h,hod_14h,hod_15h,hod_16h,hod_17h,hod_18h,hod_19h,hod_20h,hod_21h,hod_22h,hod_23h,dow_mon,dow_tue,dow_wed,dow_thu,dow_fri,dow_sat,dow_sun
E08000027,E02002032,2987.39285714,15902.5,5112.5,16.8928571429,18.2857142857,13.6071428571,9.25,10.7857142857,23.3571428571,46.0714285714,100.178571429,135.642857143,156.678571429,178.571428571,189.571428571,201.964285714,204.178571429,198.142857143,206.25,214.178571429,229.607142857,212.107142857,187.25,159.214285714,131.785714286,89.8214285714,54.0,2891.25,3072.25,3889.75,3043.5,3005.75,2788.0,2221.25
