zone_id,area_id,total,daytype_inweek,daytype_weekend,hod_00h,hod_01h,hod_02h,hod_03h,hod_04h,hod_05h,hod_06h,hod_07h,hod_08h,hod_09h,hod_10h,hod_11h,hod_12h,hod_13h,hod_14h,hod_15h,hod_16h,hod_17h,hod_18h,hod_19h,hod_20h,hod_21h,hod_22h,hod_23h,dow_mon,dow_tue,dow_wed,dow_thu,dow_fri,dow_sat,dow_sun
E06000045,E02003560,2839.82142857,15240.0,4792.5,12.75,16.4642857143,13.5357142857,12.1428571429,14.6785714286,32.1428571429,62.7857142857,115.785714286,136.285714286,145.821428571,177.142857143,184.285714286,204.714285714,191.428571429,191.25,195.75,199.607142857,209.142857143,191.357142857,162.357142857,131.5,106.607142857,80.5714285714,51.7142857143,2707.75,3003.0,3727.25,2861.0,2941.0,2554.0,2084.75
