zone_id,area_id,total,daytype_inweek,daytype_weekend,hod_00h,hod_01h,hod_02h,hod_03h,hod_04h,hod_05h,hod_06h,hod_07h,hod_08h,hod_09h,hod_10h,hod_11h,hod_12h,hod_13h,hod_14h,hod_15h,hod_16h,hod_17h,hod_18h,hod_19h,hod_20h,hod_21h,hod_22h,hod_23h,dow_mon,dow_tue,dow_wed,dow_thu,dow_fri,dow_sat,dow_sun
S12000006,S02001418,1291.71428571,7231.75,2192.75,2.60714285714,2.85714285714,1.82142857143,3.10714285714,4.03571428571,12.3214285714,34.4642857143,69.3928571429,89.7857142857,89.0357142857,89.1785714286,91.7857142857,91.7857142857,92.0,94.4285714286,98.9285714286,108.392857143,100.892857143,76.2857142857,48.9642857143,38.6071428571,28.0357142857,15.8214285714,7.17857142857,1368.0,1386.0,1800.5,1426.0,1251.25,985.5,824.75
