zone_id,area_id,total,daytype_inweek,daytype_weekend,hod_00h,hod_01h,hod_02h,hod_03h,hod_04h,hod_05h,hod_06h,hod_07h,hod_08h,hod_09h,hod_10h,hod_11h,hod_12h,hod_13h,hod_14h,hod_15h,hod_16h,hod_17h,hod_18h,hod_19h,hod_20h,hod_21h,hod_22h,hod_23h,dow_mon,dow_tue,dow_wed,dow_thu,dow_fri,dow_sat,dow_sun
E07000150,E02006863,2353.39285714,12888.75,3921.75,10.3214285714,8.92857142857,9.14285714286,9.64285714286,16.8214285714,63.4642857143,51.9642857143,91.1428571429,117.928571429,113.321428571,121.285714286,136.714285714,152.392857143,171.785714286,175.035714286,165.071428571,180.642857143,179.035714286,160.785714286,127.607142857,104.678571429,85.0,66.5,34.1785714286,2297.75,2539.0,3168.0,2406.75,2477.25,1961.0,1624.0
