zone_id,area_id,total,daytype_inweek,daytype_weekend,hod_00h,hod_01h,hod_02h,hod_03h,hod_04h,hod_05h,hod_06h,hod_07h,hod_08h,hod_09h,hod_10h,hod_11h,hod_12h,hod_13h,hod_14h,hod_15h,hod_16h,hod_17h,hod_18h,hod_19h,hod_20h,hod_21h,hod_22h,hod_23h,dow_mon,dow_tue,dow_wed,dow_thu,dow_fri,dow_sat,dow_sun
E08000003,E02001088,2698.89285714,14540.5,4675.25,20.4642857143,18.5714285714,17.1428571429,14.7142857143,16.4285714286,28.1071428571,53.7142857143,104.107142857,129.75,127.392857143,142.607142857,165.285714286,178.964285714,179.785714286,187.25,184.0,191.107142857,198.892857143,181.285714286,164.535714286,141.142857143,112.25,85.4642857143,55.9285714286,2675.25,2906.25,3589.75,2719.25,2650.0,2351.75,2000.0
