zone_id,area_id,total,daytype_inweek,daytype_weekend,hod_00h,hod_01h,hod_02h,hod_03h,hod_04h,hod_05h,hod_06h,hod_07h,hod_08h,hod_09h,hod_10h,hod_11h,hod_12h,hod_13h,hod_14h,hod_15h,hod_16h,hod_17h,hod_18h,hod_19h,hod_20h,hod_21h,hod_22h,hod_23h,dow_mon,dow_tue,dow_wed,dow_thu,dow_fri,dow_sat,dow_sun
E07000191,E02006117,1173.75,6109.75,2201.5,4.42857142857,4.03571428571,3.60714285714,2.82142857143,2.35714285714,3.53571428571,9.78571428571,27.5,50.1428571429,63.8214285714,81.4642857143,92.7142857143,91.25,90.1785714286,98.1785714286,99.4642857143,91.7142857143,91.9642857143,68.5714285714,58.0357142857,45.1785714286,39.8214285714,33.3214285714,19.8571428571,1195.5,1212.0,1475.0,1103.25,1124.0,1100.5,1006.0
