zone_id,area_id,total,daytype_inweek,daytype_weekend,hod_00h,hod_01h,hod_02h,hod_03h,hod_04h,hod_05h,hod_06h,hod_07h,hod_08h,hod_09h,hod_10h,hod_11h,hod_12h,hod_13h,hod_14h,hod_15h,hod_16h,hod_17h,hod_18h,hod_19h,hod_20h,hod_21h,hod_22h,hod_23h,dow_mon,dow_tue,dow_wed,dow_thu,dow_fri,dow_sat,dow_sun
E07000220,E02006497,3302.10714286,17703.25,5576.25,15.6071428571,15.6428571429,14.1428571429,11.8928571429,11.8214285714,45.0714285714,69.9642857143,122.607142857,161.214285714,173.321428571,192.392857143,207.0,216.464285714,222.464285714,234.321428571,231.964285714,237.428571429,242.607142857,227.892857143,197.607142857,170.5,135.892857143,94.5357142857,49.75,3165.75,3412.25,4396.5,3450.5,3278.25,3001.0,2410.5
