zone_id,area_id,total,daytype_inweek,daytype_weekend,hod_00h,hod_01h,hod_02h,hod_03h,hod_04h,hod_05h,hod_06h,hod_07h,hod_08h,hod_09h,hod_10h,hod_11h,hod_12h,hod_13h,hod_14h,hod_15h,hod_16h,hod_17h,hod_18h,hod_19h,hod_20h,hod_21h,hod_22h,hod_23h,dow_mon,dow_tue,dow_wed,dow_thu,dow_fri,dow_sat,dow_sun
E08000002,E02001028,2211.85714286,11611.75,3812.75,12.1785714286,11.8571428571,9.96428571429,8.92857142857,6.60714285714,15.7857142857,23.5357142857,63.4285714286,110.857142857,122.0,137.285714286,147.714285714,161.035714286,159.464285714,152.214285714,153.821428571,158.785714286,160.107142857,151.75,140.214285714,116.392857143,88.0714285714,61.5,38.3571428571,2088.5,2259.5,2895.0,2170.25,2198.5,2147.0,1724.25
