zone_id,area_id,total,daytype_inweek,daytype_weekend,hod_00h,hod_01h,hod_02h,hod_03h,hod_04h,hod_05h,hod_06h,hod_07h,hod_08h,hod_09h,hod_10h,hod_11h,hod_12h,hod_13h,hod_14h,hod_15h,hod_16h,hod_17h,hod_18h,hod_19h,hod_20h,hod_21h,hod_22h,hod_23h,dow_mon,dow_tue,dow_wed,dow_thu,dow_fri,dow_sat,dow_sun
S12000034,S02001299,1361.53571429,6907.0,2655.0,3.89285714286,3.42857142857,1.96428571429,1.42857142857,2.35714285714,7.32142857143,23.4642857143,57.6071428571,80.6785714286,77.3571428571,91.8928571429,99.6428571429,103.821428571,104.714285714,104.25,115.928571429,116.214285714,103.642857143,78.6071428571,59.7857142857,46.3571428571,37.8214285714,26.5357142857,12.8214285714,1335.5,1346.75,1721.75,1282.75,1220.25,1304.25,1319.5
