zone_id,area_id,total,daytype_inweek,daytype_weekend,hod_00h,hod_01h,hod_02h,hod_03h,hod_04h,hod_05h,hod_06h,hod_07h,hod_08h,hod_09h,hod_10h,hod_11h,hod_12h,hod_13h,hod_14h,hod_15h,hod_16h,hod_17h,hod_18h,hod_19h,hod_20h,hod_21h,hod_22h,hod_23h,dow_mon,dow_tue,dow_wed,dow_thu,dow_fri,dow_sat,dow_sun
E07000037,E02004093,489.571428571,2619.5,851.5,2.39285714286,1.21428571429,1.10714285714,0.892857142857,1.07142857143,4.57142857143,6.89285714286,16.1071428571,21.1428571429,24.4642857143,27.3214285714,28.0357142857,36.0,33.6428571429,34.2142857143,34.8214285714,39.7142857143,39.6428571429,35.1071428571,30.0,24.25,19.3571428571,17.9285714286,9.67857142857,475.5,489.0,674.0,496.25,484.75,431.5,376.0
