zone_id,area_id,total,daytype_inweek,daytype_weekend,hod_00h,hod_01h,hod_02h,hod_03h,hod_04h,hod_05h,hod_06h,hod_07h,hod_08h,hod_09h,hod_10h,hod_11h,hod_12h,hod_13h,hod_14h,hod_15h,hod_16h,hod_17h,hod_18h,hod_19h,hod_20h,hod_21h,hod_22h,hod_23h,dow_mon,dow_tue,dow_wed,dow_thu,dow_fri,dow_sat,dow_sun
E09000025,E02000718,1265.57142857,6441.75,2368.75,17.0,18.5,11.6785714286,7.03571428571,6.35714285714,7.71428571429,14.4642857143,24.3214285714,42.6428571429,50.0357142857,59.9285714286,71.5714285714,77.7857142857,78.9285714286,78.3214285714,80.1071428571,82.5,91.3214285714,92.2857142857,97.3571428571,82.3214285714,69.3214285714,60.7142857143,43.3571428571,1217.0,1267.75,1582.25,1155.25,1219.5,1265.5,1151.75
