zone_id,area_id,total,daytype_inweek,daytype_weekend,hod_00h,hod_01h,hod_02h,hod_03h,hod_04h,hod_05h,hod_06h,hod_07h,hod_08h,hod_09h,hod_10h,hod_11h,hod_12h,hod_13h,hod_14h,hod_15h,hod_16h,hod_17h,hod_18h,hod_19h,hod_20h,hod_21h,hod_22h,hod_23h,dow_mon,dow_tue,dow_wed,dow_thu,dow_fri,dow_sat,dow_sun
E07000124,E02005275,1088.39285714,5940.0,1854.5,4.85714285714,7.53571428571,4.57142857143,4.03571428571,4.42857142857,7.21428571429,18.2142857143,37.5,54.25,64.75,71.6071428571,67.6785714286,75.6071428571,66.9642857143,68.0,68.3571428571,75.6428571429,77.6428571429,68.75,67.1428571429,56.1785714286,47.3214285714,42.6428571429,27.5,1104.25,1180.25,1505.75,1150.0,999.75,928.5,750.25
