zone_id,area_id,total,daytype_inweek,daytype_weekend,hod_00h,hod_01h,hod_02h,hod_03h,hod_04h,hod_05h,hod_06h,hod_07h,hod_08h,hod_09h,hod_10h,hod_11h,hod_12h,hod_13h,hod_14h,hod_15h,hod_16h,hod_17h,hod_18h,hod_19h,hod_20h,hod_21h,hod_22h,hod_23h,dow_mon,dow_tue,dow_wed,dow_thu,dow_fri,dow_sat,dow_sun
E06000026,E02003131,3941.25,21274.5,6443.0,16.0,13.3214285714,11.6071428571,10.5357142857,9.96428571429,20.1071428571,76.3214285714,157.392857143,228.107142857,213.714285714,251.107142857,271.0,273.214285714,278.964285714,275.142857143,279.535714286,301.75,304.464285714,262.5,218.464285714,167.142857143,129.571428571,111.464285714,59.8571428571,3677.0,4199.25,5290.0,3965.0,4143.25,3548.25,2766.0
