zone_id,area_id,total,daytype_inweek,daytype_weekend,hod_00h,hod_01h,hod_02h,hod_03h,hod_04h,hod_05h,hod_06h,hod_07h,hod_08h,hod_09h,hod_10h,hod_11h,hod_12h,hod_13h,hod_14h,hod_15h,hod_16h,hod_17h,hod_18h,hod_19h,hod_20h,hod_21h,hod_22h,hod_23h,dow_mon,dow_tue,dow_wed,dow_thu,dow_fri,dow_sat,dow_sun
E07000199,E02006218,4502.39285714,23860.5,7517.75,18.2142857143,20.2857142857,14.75,14.8928571429,19.0,33.8571428571,49.2142857143,111.821428571,199.75,252.607142857,305.285714286,335.178571429,380.821428571,379.178571429,357.285714286,322.535714286,325.428571429,324.107142857,289.892857143,241.321428571,186.285714286,151.035714286,106.785714286,62.8571428571,4451.25,4699.0,5803.5,4393.25,4513.5,4589.75,3066.5
