zone_id,area_id,total,daytype_inweek,daytype_weekend,hod_00h,hod_01h,hod_02h,hod_03h,hod_04h,hod_05h,hod_06h,hod_07h,hod_08h,hod_09h,hod_10h,hod_11h,hod_12h,hod_13h,hod_14h,hod_15h,hod_16h,hod_17h,hod_18h,hod_19h,hod_20h,hod_21h,hod_22h,hod_23h,dow_mon,dow_tue,dow_wed,dow_thu,dow_fri,dow_sat,dow_sun
S12000015,S02001756,876.535714286,4683.25,1565.75,3.71428571429,3.53571428571,1.82142857143,2.03571428571,1.71428571429,6.14285714286,19.0,34.9285714286,49.5357142857,44.2142857143,44.8214285714,50.4642857143,58.4642857143,55.0357142857,57.5,64.75,73.25,76.6785714286,64.8928571429,51.6785714286,42.75,34.3214285714,22.4285714286,12.8571428571,893.25,910.0,1179.5,814.0,886.5,780.0,672.5
