zone_id,area_id,total,daytype_inweek,daytype_weekend,hod_00h,hod_01h,hod_02h,hod_03h,hod_04h,hod_05h,hod_06h,hod_07h,hod_08h,hod_09h,hod_10h,hod_11h,hod_12h,hod_13h,hod_14h,hod_15h,hod_16h,hod_17h,hod_18h,hod_19h,hod_20h,hod_21h,hod_22h,hod_23h,dow_mon,dow_tue,dow_wed,dow_thu,dow_fri,dow_sat,dow_sun
E09000022,E02000629,2013.42857143,10003.5,3678.25,32.7142857143,30.0,21.5,19.3214285714,14.2142857143,17.2142857143,31.5,56.0,93.75,96.0357142857,100.75,105.785714286,116.035714286,117.428571429,119.821428571,111.714285714,116.357142857,131.5,140.5,135.214285714,120.821428571,106.642857143,93.6071428571,85.0,1875.25,1896.0,2477.0,1904.25,1851.0,2287.5,1803.0
