zone_id,area_id,total,daytype_inweek,daytype_weekend,hod_00h,hod_01h,hod_02h,hod_03h,hod_04h,hod_05h,hod_06h,hod_07h,hod_08h,hod_09h,hod_10h,hod_11h,hod_12h,hod_13h,hod_14h,hod_15h,hod_16h,hod_17h,hod_18h,hod_19h,hod_20h,hod_21h,hod_22h,hod_23h,dow_mon,dow_tue,dow_wed,dow_thu,dow_fri,dow_sat,dow_sun
E06000023,E02003017,3244.03571429,17681.25,5428.25,17.1071428571,17.5,12.25,12.1785714286,12.4285714286,24.5714285714,61.6071428571,145.071428571,199.321428571,189.107142857,195.428571429,195.142857143,210.071428571,217.607142857,211.071428571,215.392857143,227.535714286,245.785714286,223.571428571,178.464285714,150.0,125.821428571,98.8928571429,58.1071428571,3152.25,3539.75,4455.5,3364.75,3169.0,2751.0,2276.0
