zone_id,area_id,total,daytype_inweek,daytype_weekend,hod_00h,hod_01h,hod_02h,hod_03h,hod_04h,hod_05h,hod_06h,hod_07h,hod_08h,hod_09h,hod_10h,hod_11h,hod_12h,hod_13h,hod_14h,hod_15h,hod_16h,hod_17h,hod_18h,hod_19h,hod_20h,hod_21h,hod_22h,hod_23h,dow_mon,dow_tue,dow_wed,dow_thu,dow_fri,dow_sat,dow_sun
E07000132,E02005385,1386.85714286,7355.0,2411.5,5.32142857143,5.82142857143,4.28571428571,5.03571428571,4.42857142857,9.82142857143,20.4285714286,48.7142857143,68.1071428571,77.5,89.3928571429,91.9642857143,102.464285714,94.1428571429,98.6785714286,95.9642857143,100.857142857,106.821428571,92.0357142857,79.5357142857,69.7142857143,54.2142857143,39.7142857143,21.8928571429,1360.75,1446.5,1807.75,1377.0,1363.0,1302.25,1050.75
