zone_id,area_id,total,daytype_inweek,daytype_weekend,hod_00h,hod_01h,hod_02h,hod_03h,hod_04h,hod_05h,hod_06h,hod_07h,hod_08h,hod_09h,hod_10h,hod_11h,hod_12h,hod_13h,hod_14h,hod_15h,hod_16h,hod_17h,hod_18h,hod_19h,hod_20h,hod_21h,hod_22h,hod_23h,dow_mon,dow_tue,dow_wed,dow_thu,dow_fri,dow_sat,dow_sun
E07000205,E02006297,2979.28571429,15791.25,5244.0,8.10714285714,8.71428571429,7.10714285714,6.10714285714,10.5,25.6071428571,44.6428571429,126.571428571,168.107142857,171.285714286,201.571428571,208.214285714,217.571428571,208.25,209.178571429,207.5,219.142857143,231.535714286,208.964285714,164.821428571,130.357142857,95.7857142857,66.3214285714,33.3214285714,2880.25,3088.25,3872.0,2961.0,2989.75,2700.0,2363.75
