zone_id,area_id,total,daytype_inweek,daytype_weekend,hod_00h,hod_01h,hod_02h,hod_03h,hod_04h,hod_05h,hod_06h,hod_07h,hod_08h,hod_09h,hod_10h,hod_11h,hod_12h,hod_13h,hod_14h,hod_15h,hod_16h,hod_17h,hod_18h,hod_19h,hod_20h,hod_21h,hod_22h,hod_23h,dow_mon,dow_tue,dow_wed,dow_thu,dow_fri,dow_sat,dow_sun
E07000067,E02004457,2861.32142857,15143.5,4900.0,15.6428571429,13.5357142857,10.3571428571,7.5,9.78571428571,23.4642857143,50.8214285714,103.142857143,150.25,164.607142857,182.178571429,194.75,193.107142857,190.571428571,187.928571429,188.607142857,207.785714286,217.357142857,192.928571429,167.357142857,138.75,119.535714286,83.9642857143,47.3928571429,2701.75,3044.5,3743.75,2882.0,2771.5,2687.5,2198.25
