zone_id,area_id,total,daytype_inweek,daytype_weekend,hod_00h,hod_01h,hod_02h,hod_03h,hod_04h,hod_05h,hod_06h,hod_07h,hod_08h,hod_09h,hod_10h,hod_11h,hod_12h,hod_13h,hod_14h,hod_15h,hod_16h,hod_17h,hod_18h,hod_19h,hod_20h,hod_21h,hod_22h,hod_23h,dow_mon,dow_tue,dow_wed,dow_thu,dow_fri,dow_sat,dow_sun
E07000033,E02004045,1678.60714286,8959.5,2931.25,8.25,7.82142857143,5.10714285714,4.82142857143,6.46428571429,17.7857142857,27.5,59.3214285714,87.4285714286,87.25,104.75,108.5,117.142857143,113.642857143,124.821428571,114.607142857,112.428571429,131.785714286,121.785714286,104.464285714,85.2857142857,60.6428571429,44.0357142857,22.9642857143,1628.25,1731.75,2178.5,1645.25,1775.75,1487.75,1303.0
