zone_id,area_id,total,daytype_inweek,daytype_weekend,hod_00h,hod_01h,hod_02h,hod_03h,hod_04h,hod_05h,hod_06h,hod_07h,hod_08h,hod_09h,hod_10h,hod_11h,hod_12h,hod_13h,hod_14h,hod_15h,hod_16h,hod_17h,hod_18h,hod_19h,hod_20h,hod_21h,hod_22h,hod_23h,dow_mon,dow_tue,dow_wed,dow_thu,dow_fri,dow_sat,dow_sun
E07000088,E02004746,1730.78571429,9111.75,3013.5,6.03571428571,6.07142857143,4.32142857143,3.0,4.21428571429,7.39285714286,22.9642857143,49.2857142857,84.6071428571,98.3214285714,112.571428571,122.607142857,127.392857143,122.678571429,115.821428571,124.321428571,122.464285714,126.071428571,119.357142857,109.678571429,89.7142857143,71.2142857143,49.4642857143,31.2142857143,1658.5,1731.0,2173.75,1653.25,1895.25,1648.75,1355.0
