zone_id,area_id,total,daytype_inweek,daytype_weekend,hod_00h,hod_01h,hod_02h,hod_03h,hod_04h,hod_05h,hod_06h,hod_07h,hod_08h,hod_09h,hod_10h,hod_11h,hod_12h,hod_13h,hod_14h,hod_15h,hod_16h,hod_17h,hod_18h,hod_19h,hod_20h,hod_21h,hod_22h,hod_23h,dow_mon,dow_tue,dow_wed,dow_thu,dow_fri,dow_sat,dow_sun
E08000035,E02002399,6009.46428571,33149.75,9671.25,33.1071428571,36.0,24.6428571429,22.1785714286,27.8214285714,92.3214285714,175.214285714,297.714285714,344.321428571,314.678571429,337.392857143,370.964285714,415.107142857,425.928571429,417.714285714,419.071428571,465.785714286,460.392857143,372.0,306.071428571,248.357142857,185.321428571,135.928571429,81.4285714286,5764.25,6534.5,8081.75,6196.5,6572.75,5009.5,3907.0
