zone_id,area_id,total,daytype_inweek,daytype_weekend,hod_00h,hod_01h,hod_02h,hod_03h,hod_04h,hod_05h,hod_06h,hod_07h,hod_08h,hod_09h,hod_10h,hod_11h,hod_12h,hod_13h,hod_14h,hod_15h,hod_16h,hod_17h,hod_18h,hod_19h,hod_20h,hod_21h,hod_22h,hod_23h,dow_mon,dow_tue,dow_wed,dow_thu,dow_fri,dow_sat,dow_sun
E06000024,E02003079,3691.32142857,19688.25,6506.5,14.9285714286,17.0714285714,13.0,11.6071428571,13.4285714286,23.6785714286,50.7142857143,123.464285714,190.607142857,202.821428571,240.0,244.214285714,255.928571429,262.107142857,264.678571429,253.785714286,279.25,285.714285714,245.535714286,214.678571429,170.071428571,137.392857143,110.928571429,65.7142857143,3702.75,3847.0,4852.25,3635.5,3650.75,3347.25,2803.75
