zone_id,area_id,total,daytype_inweek,daytype_weekend,hod_00h,hod_01h,hod_02h,hod_03h,hod_04h,hod_05h,hod_06h,hod_07h,hod_08h,hod_09h,hod_10h,hod_11h,hod_12h,hod_13h,hod_14h,hod_15h,hod_16h,hod_17h,hod_18h,hod_19h,hod_20h,hod_21h,hod_22h,hod_23h,dow_mon,dow_tue,dow_wed,dow_thu,dow_fri,dow_sat,dow_sun
W06000003,W02000030,2259.57142857,11973.5,3906.0,5.21428571429,5.75,4.53571428571,3.57142857143,2.64285714286,4.32142857143,18.8571428571,48.4642857143,103.714285714,122.785714286,140.642857143,163.785714286,180.714285714,185.071428571,193.25,189.5,190.321428571,185.75,147.321428571,116.0,96.6785714286,70.5357142857,50.6785714286,29.4642857143,2233.5,2440.0,2892.75,2148.75,2258.5,2171.0,1672.5
