zone_id,area_id,total,daytype_inweek,daytype_weekend,hod_00h,hod_01h,hod_02h,hod_03h,hod_04h,hod_05h,hod_06h,hod_07h,hod_08h,hod_09h,hod_10h,hod_11h,hod_12h,hod_13h,hod_14h,hod_15h,hod_16h,hod_17h,hod_18h,hod_19h,hod_20h,hod_21h,hod_22h,hod_23h,dow_mon,dow_tue,dow_wed,dow_thu,dow_fri,dow_sat,dow_sun
E08000009,E02001275,2997.35714286,16091.25,5113.75,15.9642857143,14.6428571429,9.67857142857,8.14285714286,9.0,27.9642857143,64.6071428571,124.785714286,152.678571429,164.464285714,176.321428571,198.785714286,215.214285714,211.035714286,209.25,209.892857143,221.464285714,228.321428571,195.392857143,167.964285714,139.321428571,108.392857143,77.6428571429,46.4285714286,2879.25,3129.5,3941.75,3036.5,3104.25,2655.75,2234.5
