zone_id,area_id,total,daytype_inweek,daytype_weekend,hod_00h,hod_01h,hod_02h,hod_03h,hod_04h,hod_05h,hod_06h,hod_07h,hod_08h,hod_09h,hod_10h,hod_11h,hod_12h,hod_13h,hod_14h,hod_15h,hod_16h,hod_17h,hod_18h,hod_19h,hod_20h,hod_21h,hod_22h,hod_23h,dow_mon,dow_tue,dow_wed,dow_thu,dow_fri,dow_sat,dow_sun
E07000114,E02005136,4383.35714286,22678.5,7532.25,20.0714285714,24.7142857143,15.2142857143,10.5,10.9642857143,24.5357142857,60.4285714286,151.214285714,231.642857143,239.142857143,282.785714286,302.357142857,322.142857143,320.535714286,306.142857143,315.5,326.214285714,329.285714286,296.892857143,254.428571429,199.928571429,151.928571429,124.142857143,62.6428571429,3904.5,4299.25,5581.75,4242.75,4650.25,4377.25,3627.75
