zone_id,area_id,total,daytype_inweek,daytype_weekend,hod_00h,hod_01h,hod_02h,hod_03h,hod_04h,hod_05h,hod_06h,hod_07h,hod_08h,hod_09h,hod_10h,hod_11h,hod_12h,hod_13h,hod_14h,hod_15h,hod_16h,hod_17h,hod_18h,hod_19h,hod_20h,hod_21h,hod_22h,hod_23h,dow_mon,dow_tue,dow_wed,dow_thu,dow_fri,dow_sat,dow_sun
E08000012,E02001357,4179.96428571,21935.0,7064.75,27.0357142857,28.6428571429,24.8928571429,19.1428571429,16.6071428571,33.4642857143,68.6428571429,138.321428571,193.035714286,204.75,226.571428571,256.642857143,268.821428571,288.821428571,303.428571429,300.071428571,321.035714286,319.535714286,283.607142857,256.428571429,219.571428571,173.75,130.5,76.6428571429,3845.75,4268.75,5291.5,4182.5,4346.5,4105.75,3219.0
