zone_id,area_id,total,daytype_inweek,daytype_weekend,hod_00h,hod_01h,hod_02h,hod_03h,hod_04h,hod_05h,hod_06h,hod_07h,hod_08h,hod_09h,hod_10h,hod_11h,hod_12h,hod_13h,hod_14h,hod_15h,hod_16h,hod_17h,hod_18h,hod_19h,hod_20h,hod_21h,hod_22h,hod_23h,dow_mon,dow_tue,dow_wed,dow_thu,dow_fri,dow_sat,dow_sun
E07000197,E02006203,1771.75,9596.5,2984.25,7.5,8.85714285714,5.85714285714,5.14285714286,6.14285714286,20.6071428571,40.2142857143,62.4285714286,96.75,99.3214285714,105.107142857,112.142857143,119.75,118.071428571,120.071428571,124.178571429,132.785714286,128.857142857,115.035714286,104.607142857,82.4642857143,68.3928571429,57.4642857143,30.0,1704.5,1862.5,2418.25,1804.75,1806.5,1526.0,1279.75
