zone_id,area_id,total,daytype_inweek,daytype_weekend,hod_00h,hod_01h,hod_02h,hod_03h,hod_04h,hod_05h,hod_06h,hod_07h,hod_08h,hod_09h,hod_10h,hod_11h,hod_12h,hod_13h,hod_14h,hod_15h,hod_16h,hod_17h,hod_18h,hod_19h,hod_20h,hod_21h,hod_22h,hod_23h,dow_mon,dow_tue,dow_wed,dow_thu,dow_fri,dow_sat,dow_sun
E08000017,E02001569,2244.5,12054.0,3862.0,8.60714285714,9.67857142857,6.39285714286,6.03571428571,6.85714285714,24.2142857143,40.9285714286,88.6428571429,120.25,126.321428571,143.678571429,148.892857143,166.321428571,158.0,162.392857143,152.821428571,173.785714286,169.107142857,139.607142857,120.428571429,105.035714286,78.1071428571,56.7142857143,31.6785714286,2185.5,2370.25,2945.0,2259.5,2293.75,1981.0,1676.5
