zone_id,area_id,total,daytype_inweek,daytype_weekend,hod_00h,hod_01h,hod_02h,hod_03h,hod_04h,hod_05h,hod_06h,hod_07h,hod_08h,hod_09h,hod_10h,hod_11h,hod_12h,hod_13h,hod_14h,hod_15h,hod_16h,hod_17h,hod_18h,hod_19h,hod_20h,hod_21h,hod_22h,hod_23h,dow_mon,dow_tue,dow_wed,dow_thu,dow_fri,dow_sat,dow_sun
E07000063,E02004388,1161.21428571,6197.25,1980.25,4.89285714286,3.10714285714,3.25,1.89285714286,1.75,6.03571428571,17.7142857143,41.9285714286,59.0357142857,73.0714285714,72.9285714286,75.9285714286,84.4285714286,83.8928571429,83.7857142857,82.0,86.4285714286,97.6071428571,81.8571428571,67.9642857143,52.1428571429,39.7142857143,26.2857142857,13.5714285714,1132.0,1244.0,1493.5,1191.0,1136.75,1083.0,848.25
