zone_id,area_id,total,daytype_inweek,daytype_weekend,hod_00h,hod_01h,hod_02h,hod_03h,hod_04h,hod_05h,hod_06h,hod_07h,hod_08h,hod_09h,hod_10h,hod_11h,hod_12h,hod_13h,hod_14h,hod_15h,hod_16h,hod_17h,hod_18h,hod_19h,hod_20h,hod_21h,hod_22h,hod_23h,dow_mon,dow_tue,dow_wed,dow_thu,dow_fri,dow_sat,dow_sun
E07000137,E02005433,5357.25,27094.0,9896.25,13.75,13.8928571429,8.10714285714,6.75,5.85714285714,11.0714285714,29.4642857143,84.3571428571,183.392857143,293.357142857,450.071428571,535.75,510.0,476.321428571,446.071428571,428.25,422.785714286,404.142857143,325.0,243.285714286,175.5,141.071428571,94.8571428571,54.1428571429,5343.0,5260.25,6429.0,5083.75,4978.0,5853.5,4553.25
