zone_id,area_id,total,daytype_inweek,daytype_weekend,hod_00h,hod_01h,hod_02h,hod_03h,hod_04h,hod_05h,hod_06h,hod_07h,hod_08h,hod_09h,hod_10h,hod_11h,hod_12h,hod_13h,hod_14h,hod_15h,hod_16h,hod_17h,hod_18h,hod_19h,hod_20h,hod_21h,hod_22h,hod_23h,dow_mon,dow_tue,dow_wed,dow_thu,dow_fri,dow_sat,dow_sun
S12000015,S02001760,1704.82142857,9216.75,2954.75,8.0,6.42857142857,3.75,2.71428571429,4.57142857143,13.0,39.6428571429,72.75,98.9642857143,86.25,93.6071428571,108.821428571,118.142857143,116.464285714,117.392857143,120.678571429,133.821428571,137.928571429,117.25,94.6785714286,79.8928571429,64.9285714286,41.9285714286,23.2142857143,1707.25,1840.25,2284.0,1673.25,1712.0,1469.5,1247.5
