zone_id,area_id,total,daytype_inweek,daytype_weekend,hod_00h,hod_01h,hod_02h,hod_03h,hod_04h,hod_05h,hod_06h,hod_07h,hod_08h,hod_09h,hod_10h,hod_11h,hod_12h,hod_13h,hod_14h,hod_15h,hod_16h,hod_17h,hod_18h,hod_19h,hod_20h,hod_21h,hod_22h,hod_23h,dow_mon,dow_tue,dow_wed,dow_thu,dow_fri,dow_sat,dow_sun
E07000154,E02005662,3922.14285714,20827.25,6732.5,21.3214285714,20.1071428571,18.9285714286,17.6071428571,29.4285714286,57.5714285714,83.3571428571,156.178571429,219.892857143,198.535714286,217.678571429,233.035714286,254.214285714,263.821428571,268.535714286,264.928571429,282.392857143,298.607142857,263.392857143,234.357142857,197.928571429,156.464285714,105.357142857,58.5,3737.25,4097.0,5121.0,3772.0,4100.0,3632.5,2995.25
