zone_id,area_id,total,daytype_inweek,daytype_weekend,hod_00h,hod_01h,hod_02h,hod_03h,hod_04h,hod_05h,hod_06h,hod_07h,hod_08h,hod_09h,hod_10h,hod_11h,hod_12h,hod_13h,hod_14h,hod_15h,hod_16h,hod_17h,hod_18h,hod_19h,hod_20h,hod_21h,hod_22h,hod_23h,dow_mon,dow_tue,dow_wed,dow_thu,dow_fri,dow_sat,dow_sun
E09000012,E02000371,8479.67857143,46111.5,12965.5,91.2142857143,118.535714286,91.3214285714,65.8928571429,38.2142857143,35.6785714286,70.7142857143,153.035714286,423.642857143,476.964285714,400.785714286,421.178571429,629.607142857,684.642857143,557.285714286,493.25,458.035714286,549.642857143,637.821428571,550.642857143,451.214285714,390.357142857,340.892857143,349.107142857,6941.0,8656.5,11640.75,9115.25,9758.0,7221.75,6024.5
