zone_id,area_id,total,daytype_inweek,daytype_weekend,hod_00h,hod_01h,hod_02h,hod_03h,hod_04h,hod_05h,hod_06h,hod_07h,hod_08h,hod_09h,hod_10h,hod_11h,hod_12h,hod_13h,hod_14h,hod_15h,hod_16h,hod_17h,hod_18h,hod_19h,hod_20h,hod_21h,hod_22h,hod_23h,dow_mon,dow_tue,dow_wed,dow_thu,dow_fri,dow_sat,dow_sun
E09000010,E02000293,1749.28571429,9095.0,3141.25,13.3214285714,13.1428571429,8.89285714286,6.28571428571,5.85714285714,8.25,20.7142857143,43.9642857143,77.75,99.7857142857,113.464285714,119.25,122.214285714,128.107142857,118.321428571,122.071428571,114.642857143,123.75,119.5,111.571428571,99.3214285714,70.6785714286,56.1785714286,32.25,1704.25,1821.0,2180.5,1705.25,1684.0,1713.0,1437.0
