zone_id,area_id,total,daytype_inweek,daytype_weekend,hod_00h,hod_01h,hod_02h,hod_03h,hod_04h,hod_05h,hod_06h,hod_07h,hod_08h,hod_09h,hod_10h,hod_11h,hod_12h,hod_13h,hod_14h,hod_15h,hod_16h,hod_17h,hod_18h,hod_19h,hod_20h,hod_21h,hod_22h,hod_23h,dow_mon,dow_tue,dow_wed,dow_thu,dow_fri,dow_sat,dow_sun
E07000067,E02004451,1924.89285714,10371.75,3215.5,7.53571428571,6.03571428571,3.92857142857,3.57142857143,5.03571428571,20.1071428571,42.7857142857,87.3571428571,121.357142857,112.5,121.607142857,125.607142857,133.25,130.321428571,127.928571429,126.464285714,136.642857143,153.571428571,124.714285714,105.142857143,80.8571428571,71.6071428571,47.7857142857,29.1785714286,1844.5,1972.0,2591.75,1967.0,1996.5,1731.5,1371.0
