zone_id,area_id,total,daytype_inweek,daytype_weekend,hod_00h,hod_01h,hod_02h,hod_03h,hod_04h,hod_05h,hod_06h,hod_07h,hod_08h,hod_09h,hod_10h,hod_11h,hod_12h,hod_13h,hod_14h,hod_15h,hod_16h,hod_17h,hod_18h,hod_19h,hod_20h,hod_21h,hod_22h,hod_23h,dow_mon,dow_tue,dow_wed,dow_thu,dow_fri,dow_sat,dow_sun
E07000065,E02004408,2462.32142857,13352.75,4137.25,13.9285714286,9.71428571429,7.92857142857,5.46428571429,5.53571428571,11.7857142857,42.0,112.642857143,162.107142857,154.928571429,162.714285714,163.714285714,162.321428571,154.821428571,157.642857143,158.678571429,174.571428571,201.392857143,158.214285714,143.678571429,108.0,82.6785714286,65.7857142857,42.0714285714,2429.75,2638.0,3314.0,2526.75,2444.25,2176.0,1707.5
