zone_id,area_id,total,daytype_inweek,daytype_weekend,hod_00h,hod_01h,hod_02h,hod_03h,hod_04h,hod_05h,hod_06h,hod_07h,hod_08h,hod_09h,hod_10h,hod_11h,hod_12h,hod_13h,hod_14h,hod_15h,hod_16h,hod_17h,hod_18h,hod_19h,hod_20h,hod_21h,hod_22h,hod_23h,dow_mon,dow_tue,dow_wed,dow_thu,dow_fri,dow_sat,dow_sun
W06000016,W02000269,2291.60714286,12225.0,3878.25,11.9285714286,12.5,7.35714285714,5.92857142857,8.0,23.8928571429,43.1785714286,75.2142857143,97.6785714286,117.0,129.75,153.535714286,158.357142857,164.714285714,164.214285714,168.035714286,167.642857143,172.214285714,155.428571429,140.571428571,112.75,92.4642857143,65.1071428571,44.1428571429,2173.75,2403.75,2991.25,2260.25,2396.0,2111.75,1704.5
