zone_id,area_id,total,daytype_inweek,daytype_weekend,hod_00h,hod_01h,hod_02h,hod_03h,hod_04h,hod_05h,hod_06h,hod_07h,hod_08h,hod_09h,hod_10h,hod_11h,hod_12h,hod_13h,hod_14h,hod_15h,hod_16h,hod_17h,hod_18h,hod_19h,hod_20h,hod_21h,hod_22h,hod_23h,dow_mon,dow_tue,dow_wed,dow_thu,dow_fri,dow_sat,dow_sun
E07000197,E02006191,3245.35714286,17765.0,5412.25,16.0357142857,14.3571428571,10.4285714286,8.0,13.2857142857,31.2857142857,56.6785714286,138.107142857,193.892857143,189.714285714,201.035714286,211.75,224.75,228.642857143,226.75,224.428571429,242.464285714,245.571428571,202.392857143,174.357142857,140.821428571,112.928571429,86.4642857143,51.2142857143,3209.5,3465.5,4297.25,3430.0,3362.75,2749.75,2202.75
