zone_id,area_id,total,daytype_inweek,daytype_weekend,hod_00h,hod_01h,hod_02h,hod_03h,hod_04h,hod_05h,hod_06h,hod_07h,hod_08h,hod_09h,hod_10h,hod_11h,hod_12h,hod_13h,hod_14h,hod_15h,hod_16h,hod_17h,hod_18h,hod_19h,hod_20h,hod_21h,hod_22h,hod_23h,dow_mon,dow_tue,dow_wed,dow_thu,dow_fri,dow_sat,dow_sun
E08000001,E02001008,3407.64285714,17948.75,5866.75,33.1785714286,35.1785714286,21.4642857143,17.3571428571,17.4642857143,26.8214285714,43.9642857143,93.4642857143,132.642857143,146.071428571,165.321428571,193.678571429,223.857142857,232.0,244.571428571,242.857142857,256.107142857,247.678571429,242.75,217.714285714,193.964285714,162.892857143,131.035714286,85.6071428571,3264.25,3499.25,4304.75,3385.25,3495.25,3302.25,2602.5
