zone_id,area_id,total,daytype_inweek,daytype_weekend,hod_00h,hod_01h,hod_02h,hod_03h,hod_04h,hod_05h,hod_06h,hod_07h,hod_08h,hod_09h,hod_10h,hod_11h,hod_12h,hod_13h,hod_14h,hod_15h,hod_16h,hod_17h,hod_18h,hod_19h,hod_20h,hod_21h,hod_22h,hod_23h,dow_mon,dow_tue,dow_wed,dow_thu,dow_fri,dow_sat,dow_sun
S12000046,S02001933,16619.7142857,88947.0,26907.5,136.571428571,167.321428571,137.964285714,160.392857143,81.8571428571,105.142857143,223.607142857,563.321428571,988.25,853.928571429,841.714285714,909.464285714,1066.96428571,1129.5,1116.07142857,1146.89285714,1259.39285714,1428.21428571,1121.78571429,867.928571429,704.0,598.428571429,548.857142857,462.142857143,15743.0,17027.75,21492.5,16807.5,17876.25,16226.5,11164.5
