zone_id,area_id,total,daytype_inweek,daytype_weekend,hod_00h,hod_01h,hod_02h,hod_03h,hod_04h,hod_05h,hod_06h,hod_07h,hod_08h,hod_09h,hod_10h,hod_11h,hod_12h,hod_13h,hod_14h,hod_15h,hod_16h,hod_17h,hod_18h,hod_19h,hod_20h,hod_21h,hod_22h,hod_23h,dow_mon,dow_tue,dow_wed,dow_thu,dow_fri,dow_sat,dow_sun
E06000008,E02002621,4353.46428571,23462.25,7218.25,33.4642857143,39.3928571429,24.8214285714,19.75,15.3214285714,29.3928571429,47.9642857143,106.892857143,172.178571429,191.785714286,228.821428571,264.714285714,302.428571429,316.75,327.428571429,328.071428571,337.785714286,339.107142857,290.821428571,268.607142857,222.964285714,184.607142857,156.571428571,103.821428571,4175.0,4544.0,5892.75,4390.75,4459.75,3968.75,3043.25
