zone_id,area_id,total,daytype_inweek,daytype_weekend,hod_00h,hod_01h,hod_02h,hod_03h,hod_04h,hod_05h,hod_06h,hod_07h,hod_08h,hod_09h,hod_10h,hod_11h,hod_12h,hod_13h,hod_14h,hod_15h,hod_16h,hod_17h,hod_18h,hod_19h,hod_20h,hod_21h,hod_22h,hod_23h,dow_mon,dow_tue,dow_wed,dow_thu,dow_fri,dow_sat,dow_sun
E08000025,E02001939,3317.60714286,17912.5,5451.75,22.6785714286,22.1071428571,13.9642857143,11.9285714286,13.6428571429,20.9285714286,62.5714285714,133.321428571,182.535714286,183.428571429,203.392857143,216.5,229.357142857,232.821428571,230.857142857,231.25,245.892857143,231.428571429,218.357142857,181.107142857,152.107142857,121.464285714,93.3928571429,62.5714285714,3141.0,3535.25,4356.5,3434.5,3445.25,3000.0,2310.75
