zone_id,area_id,total,daytype_inweek,daytype_weekend,hod_00h,hod_01h,hod_02h,hod_03h,hod_04h,hod_05h,hod_06h,hod_07h,hod_08h,hod_09h,hod_10h,hod_11h,hod_12h,hod_13h,hod_14h,hod_15h,hod_16h,hod_17h,hod_18h,hod_19h,hod_20h,hod_21h,hod_22h,hod_23h,dow_mon,dow_tue,dow_wed,dow_thu,dow_fri,dow_sat,dow_sun
S12000024,S02002220,2124.17857143,11249.0,3743.0,10.3214285714,9.5,4.71428571429,3.67857142857,7.85714285714,9.53571428571,31.25,82.3928571429,131.642857143,134.785714286,146.428571429,147.892857143,153.357142857,152.321428571,155.0,165.571428571,165.642857143,163.535714286,130.285714286,96.7142857143,86.25,66.2857142857,41.75,27.4642857143,2120.75,2202.25,2711.25,2095.5,2119.25,1998.0,1622.25
