zone_id,area_id,total,daytype_inweek,daytype_weekend,hod_00h,hod_01h,hod_02h,hod_03h,hod_04h,hod_05h,hod_06h,hod_07h,hod_08h,hod_09h,hod_10h,hod_11h,hod_12h,hod_13h,hod_14h,hod_15h,hod_16h,hod_17h,hod_18h,hod_19h,hod_20h,hod_21h,hod_22h,hod_23h,dow_mon,dow_tue,dow_wed,dow_thu,dow_fri,dow_sat,dow_sun
E06000010,E02002658,2618.46428571,13904.0,4435.75,9.03571428571,11.5357142857,11.0,9.07142857143,13.4642857143,25.7142857143,56.5,107.285714286,120.142857143,131.25,161.642857143,174.678571429,194.607142857,189.0,190.607142857,192.75,198.678571429,198.0,167.821428571,149.642857143,119.392857143,89.0714285714,62.1071428571,35.4642857143,2464.75,2719.25,3331.25,2571.25,2817.5,2454.25,1971.0
