zone_id,area_id,total,daytype_inweek,daytype_weekend,hod_00h,hod_01h,hod_02h,hod_03h,hod_04h,hod_05h,hod_06h,hod_07h,hod_08h,hod_09h,hod_10h,hod_11h,hod_12h,hod_13h,hod_14h,hod_15h,hod_16h,hod_17h,hod_18h,hod_19h,hod_20h,hod_21h,hod_22h,hod_23h,dow_mon,dow_tue,dow_wed,dow_thu,dow_fri,dow_sat,dow_sun
E07000069,E02004478,1115.21428571,5829.25,1928.75,5.71428571429,4.10714285714,4.42857142857,1.85714285714,2.75,4.42857142857,14.8571428571,32.6428571429,48.3928571429,65.0714285714,71.6785714286,85.0357142857,85.7142857143,77.75,74.8214285714,81.1785714286,78.3214285714,87.4642857143,75.6428571429,66.3571428571,55.75,42.4642857143,31.1071428571,17.6785714286,1045.5,1088.0,1466.0,1115.0,1114.75,1094.0,883.25
