zone_id,area_id,total,daytype_inweek,daytype_weekend,hod_00h,hod_01h,hod_02h,hod_03h,hod_04h,hod_05h,hod_06h,hod_07h,hod_08h,hod_09h,hod_10h,hod_11h,hod_12h,hod_13h,hod_14h,hod_15h,hod_16h,hod_17h,hod_18h,hod_19h,hod_20h,hod_21h,hod_22h,hod_23h,dow_mon,dow_tue,dow_wed,dow_thu,dow_fri,dow_sat,dow_sun
E09000003,E02000051,3237.07142857,17546.25,5721.75,28.2857142857,20.6428571429,17.4642857143,10.4285714286,8.57142857143,16.1428571429,32.5714285714,78.0357142857,142.25,182.571428571,206.464285714,228.071428571,241.285714286,244.892857143,230.607142857,228.428571429,223.25,223.785714286,211.25,199.892857143,172.25,125.714285714,101.785714286,62.4285714286,3170.0,3425.5,4421.75,3290.0,3239.0,2561.5,2551.75
