zone_id,area_id,total,daytype_inweek,daytype_weekend,hod_00h,hod_01h,hod_02h,hod_03h,hod_04h,hod_05h,hod_06h,hod_07h,hod_08h,hod_09h,hod_10h,hod_11h,hod_12h,hod_13h,hod_14h,hod_15h,hod_16h,hod_17h,hod_18h,hod_19h,hod_20h,hod_21h,hod_22h,hod_23h,dow_mon,dow_tue,dow_wed,dow_thu,dow_fri,dow_sat,dow_sun
E06000047,E02004338,2866.64285714,15517.25,4801.75,13.9642857143,11.8571428571,6.21428571429,5.39285714286,10.5357142857,27.6428571429,56.0,118.857142857,149.321428571,167.071428571,189.892857143,207.428571429,215.607142857,219.928571429,211.25,206.535714286,215.107142857,210.964285714,171.964285714,148.964285714,113.785714286,86.3571428571,63.2142857143,38.7857142857,2748.0,3028.5,3851.25,2953.25,2936.25,2495.5,2053.75
