zone_id,area_id,total,daytype_inweek,daytype_weekend,hod_00h,hod_01h,hod_02h,hod_03h,hod_04h,hod_05h,hod_06h,hod_07h,hod_08h,hod_09h,hod_10h,hod_11h,hod_12h,hod_13h,hod_14h,hod_15h,hod_16h,hod_17h,hod_18h,hod_19h,hod_20h,hod_21h,hod_22h,hod_23h,dow_mon,dow_tue,dow_wed,dow_thu,dow_fri,dow_sat,dow_sun
E07000089,E02004759,1475.46428571,7851.0,2523.75,7.21428571429,6.89285714286,5.96428571429,4.0,3.67857142857,6.85714285714,17.1785714286,57.0357142857,84.2857142857,83.3214285714,95.75,100.321428571,99.6785714286,100.357142857,97.5,94.6071428571,104.714285714,114.821428571,105.571428571,93.25,75.8571428571,53.3571428571,39.25,24.0,1419.0,1510.75,1874.5,1484.0,1562.75,1372.5,1104.75
