zone_id,area_id,total,daytype_inweek,daytype_weekend,hod_00h,hod_01h,hod_02h,hod_03h,hod_04h,hod_05h,hod_06h,hod_07h,hod_08h,hod_09h,hod_10h,hod_11h,hod_12h,hod_13h,hod_14h,hod_15h,hod_16h,hod_17h,hod_18h,hod_19h,hod_20h,hod_21h,hod_22h,hod_23h,dow_mon,dow_tue,dow_wed,dow_thu,dow_fri,dow_sat,dow_sun
E06000009,E02002637,2574.14285714,13561.5,4532.0,15.0357142857,16.4285714286,13.0,11.8928571429,12.7857142857,18.4285714286,34.0714285714,67.8214285714,107.821428571,121.428571429,157.0,169.714285714,182.357142857,192.928571429,193.25,199.607142857,202.607142857,194.642857143,167.357142857,148.25,120.0,99.4642857143,79.5,48.75,2470.75,2737.75,3246.75,2538.75,2567.5,2396.25,2061.25
