zone_id,area_id,total,daytype_inweek,daytype_weekend,hod_00h,hod_01h,hod_02h,hod_03h,hod_04h,hod_05h,hod_06h,hod_07h,hod_08h,hod_09h,hod_10h,hod_11h,hod_12h,hod_13h,hod_14h,hod_15h,hod_16h,hod_17h,hod_18h,hod_19h,hod_20h,hod_21h,hod_22h,hod_23h,dow_mon,dow_tue,dow_wed,dow_thu,dow_fri,dow_sat,dow_sun
E08000024,E02001823,2100.60714286,11247.75,3613.75,12.0357142857,12.2142857143,8.53571428571,5.35714285714,6.89285714286,14.0714285714,43.7857142857,86.1071428571,102.607142857,116.464285714,133.642857143,143.785714286,144.892857143,145.821428571,147.321428571,154.571428571,158.857142857,155.142857143,135.107142857,120.607142857,96.5357142857,71.2142857143,53.0714285714,31.9642857143,2047.25,2207.75,2762.25,2096.5,2134.0,1890.0,1566.5
