zone_id,area_id,total,daytype_inweek,daytype_weekend,hod_00h,hod_01h,hod_02h,hod_03h,hod_04h,hod_05h,hod_06h,hod_07h,hod_08h,hod_09h,hod_10h,hod_11h,hod_12h,hod_13h,hod_14h,hod_15h,hod_16h,hod_17h,hod_18h,hod_19h,hod_20h,hod_21h,hod_22h,hod_23h,dow_mon,dow_tue,dow_wed,dow_thu,dow_fri,dow_sat,dow_sun
E07000210,E02006373,1881.17857143,9899.0,3317.75,11.1428571429,8.0,4.67857142857,3.78571428571,5.89285714286,11.6428571429,27.1785714286,69.2142857143,112.285714286,120.821428571,128.857142857,130.857142857,138.821428571,125.321428571,121.785714286,119.357142857,131.892857143,138.214285714,123.571428571,111.571428571,83.2857142857,65.5,54.6428571429,32.8571428571,1883.25,1836.25,2402.75,1903.5,1873.25,1834.75,1434.5
