zone_id,area_id,total,daytype_inweek,daytype_weekend,hod_00h,hod_01h,hod_02h,hod_03h,hod_04h,hod_05h,hod_06h,hod_07h,hod_08h,hod_09h,hod_10h,hod_11h,hod_12h,hod_13h,hod_14h,hod_15h,hod_16h,hod_17h,hod_18h,hod_19h,hod_20h,hod_21h,hod_22h,hod_23h,dow_mon,dow_tue,dow_wed,dow_thu,dow_fri,dow_sat,dow_sun
E06000049,E02003855,1929.14285714,10213.0,3357.75,10.9642857143,9.53571428571,7.28571428571,5.03571428571,5.5,13.25,23.6428571429,60.25,100.571428571,114.857142857,126.535714286,137.857142857,138.75,140.142857143,136.892857143,135.0,138.571428571,145.75,123.571428571,111.428571429,83.5357142857,70.5714285714,53.3571428571,36.2857142857,1853.75,2008.25,2508.25,1937.0,1905.75,1787.0,1504.0
