zone_id,area_id,total,daytype_inweek,daytype_weekend,hod_00h,hod_01h,hod_02h,hod_03h,hod_04h,hod_05h,hod_06h,hod_07h,hod_08h,hod_09h,hod_10h,hod_11h,hod_12h,hod_13h,hod_14h,hod_15h,hod_16h,hod_17h,hod_18h,hod_19h,hod_20h,hod_21h,hod_22h,hod_23h,dow_mon,dow_tue,dow_wed,dow_thu,dow_fri,dow_sat,dow_sun
E06000016,E02002851,4113.10714286,21582.25,7133.75,25.8214285714,30.4285714286,23.4285714286,18.5,17.9285714286,29.1785714286,56.5714285714,138.892857143,199.214285714,206.892857143,225.607142857,234.892857143,262.392857143,260.571428571,274.178571429,281.035714286,298.642857143,306.535714286,294.357142857,280.607142857,238.678571429,184.178571429,146.571428571,78.0,3837.25,4323.5,5247.5,3912.0,4262.0,3913.0,3296.5
