zone_id,area_id,total,daytype_inweek,daytype_weekend,hod_00h,hod_01h,hod_02h,hod_03h,hod_04h,hod_05h,hod_06h,hod_07h,hod_08h,hod_09h,hod_10h,hod_11h,hod_12h,hod_13h,hod_14h,hod_15h,hod_16h,hod_17h,hod_18h,hod_19h,hod_20h,hod_21h,hod_22h,hod_23h,dow_mon,dow_tue,dow_wed,dow_thu,dow_fri,dow_sat,dow_sun
E08000012,E02001394,6138.5,32897.0,10458.25,44.1428571429,38.6071428571,30.1071428571,27.0714285714,23.0357142857,37.9285714286,84.75,204.285714286,341.321428571,310.214285714,337.571428571,364.178571429,422.5,436.464285714,431.25,440.607142857,476.25,482.142857143,421.428571429,367.464285714,296.857142857,222.071428571,176.571428571,121.678571429,5862.25,6444.75,8066.75,6251.75,6271.5,5476.5,4596.0
