zone_id,area_id,total,daytype_inweek,daytype_weekend,hod_00h,hod_01h,hod_02h,hod_03h,hod_04h,hod_05h,hod_06h,hod_07h,hod_08h,hod_09h,hod_10h,hod_11h,hod_12h,hod_13h,hod_14h,hod_15h,hod_16h,hod_17h,hod_18h,hod_19h,hod_20h,hod_21h,hod_22h,hod_23h,dow_mon,dow_tue,dow_wed,dow_thu,dow_fri,dow_sat,dow_sun
E08000018,E02001605,2579.53571429,13794.0,4591.5,11.3571428571,11.1785714286,8.10714285714,5.92857142857,8.85714285714,29.0714285714,52.2142857143,102.714285714,134.392857143,141.071428571,161.75,173.785714286,180.071428571,182.642857143,179.678571429,174.357142857,193.285714286,188.5,172.607142857,142.214285714,119.892857143,98.8928571429,65.6071428571,41.3571428571,2568.0,2721.5,3418.75,2572.75,2513.0,2239.25,2023.5
