zone_id,area_id,total,daytype_inweek,daytype_weekend,hod_00h,hod_01h,hod_02h,hod_03h,hod_04h,hod_05h,hod_06h,hod_07h,hod_08h,hod_09h,hod_10h,hod_11h,hod_12h,hod_13h,hod_14h,hod_15h,hod_16h,hod_17h,hod_18h,hod_19h,hod_20h,hod_21h,hod_22h,hod_23h,dow_mon,dow_tue,dow_wed,dow_thu,dow_fri,dow_sat,dow_sun
E06000024,E02003086,1791.46428571,9582.25,3156.25,7.67857142857,7.5,6.32142857143,5.21428571429,6.14285714286,16.3928571429,28.3214285714,59.5,82.3214285714,88.8928571429,108.928571429,127.035714286,128.357142857,133.785714286,131.107142857,124.857142857,129.821428571,136.678571429,123.535714286,103.142857143,81.3571428571,68.1785714286,55.7857142857,30.6071428571,1813.75,1937.75,2369.25,1715.25,1746.25,1615.5,1342.5
