zone_id,area_id,total,daytype_inweek,daytype_weekend,hod_00h,hod_01h,hod_02h,hod_03h,hod_04h,hod_05h,hod_06h,hod_07h,hod_08h,hod_09h,hod_10h,hod_11h,hod_12h,hod_13h,hod_14h,hod_15h,hod_16h,hod_17h,hod_18h,hod_19h,hod_20h,hod_21h,hod_22h,hod_23h,dow_mon,dow_tue,dow_wed,dow_thu,dow_fri,dow_sat,dow_sun
W06000012,W02000212,1287.35714286,6908.25,2159.5,4.32142857143,7.85714285714,4.64285714286,2.53571428571,3.53571428571,14.7857142857,24.4285714286,46.3928571429,65.0,67.0,79.5714285714,85.8214285714,91.6428571429,91.4642857143,92.1785714286,93.3214285714,95.1071428571,96.3928571429,88.75,70.5714285714,58.8214285714,47.0714285714,35.3928571429,20.75,1240.0,1391.75,1676.0,1244.0,1356.5,1183.75,919.5
