zone_id,area_id,total,daytype_inweek,daytype_weekend,hod_00h,hod_01h,hod_02h,hod_03h,hod_04h,hod_05h,hod_06h,hod_07h,hod_08h,hod_09h,hod_10h,hod_11h,hod_12h,hod_13h,hod_14h,hod_15h,hod_16h,hod_17h,hod_18h,hod_19h,hod_20h,hod_21h,hod_22h,hod_23h,dow_mon,dow_tue,dow_wed,dow_thu,dow_fri,dow_sat,dow_sun
E08000005,E02001154,3110.85714286,16639.75,5268.5,16.9642857143,22.0357142857,15.3214285714,11.7142857143,12.2142857143,34.9642857143,54.8928571429,102.714285714,142.142857143,157.928571429,179.0,200.178571429,220.178571429,225.321428571,224.464285714,224.785714286,236.571428571,244.75,207.5,177.928571429,146.107142857,119.178571429,87.3214285714,46.6785714286,2960.5,3113.75,4031.75,3127.5,3406.25,2828.25,2308.0
