zone_id,area_id,total,daytype_inweek,daytype_weekend,hod_00h,hod_01h,hod_02h,hod_03h,hod_04h,hod_05h,hod_06h,hod_07h,hod_08h,hod_09h,hod_10h,hod_11h,hod_12h,hod_13h,hod_14h,hod_15h,hod_16h,hod_17h,hod_18h,hod_19h,hod_20h,hod_21h,hod_22h,hod_23h,dow_mon,dow_tue,dow_wed,dow_thu,dow_fri,dow_sat,dow_sun
E07000180,E02005982,1724.10714286,9310.75,2966.5,6.32142857143,5.67857142857,4.25,4.10714285714,3.39285714286,11.25,28.1785714286,66.5,93.8571428571,101.035714286,112.035714286,111.535714286,125.357142857,114.178571429,117.428571429,119.678571429,131.107142857,132.392857143,120.035714286,102.892857143,85.75,61.8571428571,41.8571428571,23.4285714286,1714.5,1771.0,2328.5,1739.5,1757.25,1506.0,1252.0
