zone_id,area_id,total,daytype_inweek,daytype_weekend,hod_00h,hod_01h,hod_02h,hod_03h,hod_04h,hod_05h,hod_06h,hod_07h,hod_08h,hod_09h,hod_10h,hod_11h,hod_12h,hod_13h,hod_14h,hod_15h,hod_16h,hod_17h,hod_18h,hod_19h,hod_20h,hod_21h,hod_22h,hod_23h,dow_mon,dow_tue,dow_wed,dow_thu,dow_fri,dow_sat,dow_sun
E06000052,E02003926,5520.75,29622.25,9631.75,24.1785714286,18.5,14.0714285714,13.1071428571,16.75,33.5357142857,88.1785714286,214.607142857,285.071428571,328.071428571,387.678571429,407.0,383.285714286,373.571428571,380.5,392.607142857,435.142857143,440.821428571,364.178571429,296.071428571,236.035714286,190.785714286,130.928571429,66.0714285714,5466.5,5714.25,7406.25,5855.25,5180.0,4857.75,4165.25
