zone_id,area_id,total,daytype_inweek,daytype_weekend,hod_00h,hod_01h,hod_02h,hod_03h,hod_04h,hod_05h,hod_06h,hod_07h,hod_08h,hod_09h,hod_10h,hod_11h,hod_12h,hod_13h,hod_14h,hod_15h,hod_16h,hod_17h,hod_18h,hod_19h,hod_20h,hod_21h,hod_22h,hod_23h,dow_mon,dow_tue,dow_wed,dow_thu,dow_fri,dow_sat,dow_sun
E08000021,E02001737,2173.39285714,11757.5,3526.0,10.9285714286,12.5,10.2142857143,8.67857142857,8.32142857143,13.8571428571,36.5,82.4642857143,112.821428571,123.428571429,138.857142857,148.964285714,160.214285714,154.785714286,159.642857143,154.821428571,160.25,153.642857143,130.035714286,119.857142857,105.035714286,75.25,58.2142857143,34.1071428571,2048.25,2337.25,2879.25,2209.0,2283.75,1978.5,1477.75
