zone_id,area_id,total,daytype_inweek,daytype_weekend,hod_00h,hod_01h,hod_02h,hod_03h,hod_04h,hod_05h,hod_06h,hod_07h,hod_08h,hod_09h,hod_10h,hod_11h,hod_12h,hod_13h,hod_14h,hod_15h,hod_16h,hod_17h,hod_18h,hod_19h,hod_20h,hod_21h,hod_22h,hod_23h,dow_mon,dow_tue,dow_wed,dow_thu,dow_fri,dow_sat,dow_sun
E06000011,E02002710,2085.85714286,11124.25,3629.0,8.53571428571,6.5,5.10714285714,4.0,6.17857142857,12.7142857143,43.3571428571,86.7857142857,106.821428571,117.607142857,133.5,141.821428571,146.678571429,144.035714286,142.285714286,147.75,166.25,165.892857143,137.821428571,118.0,95.0357142857,69.5,52.1428571429,27.5357142857,1982.5,2184.5,2711.75,2144.0,2101.5,1830.25,1646.5
