zone_id,area_id,total,daytype_inweek,daytype_weekend,hod_00h,hod_01h,hod_02h,hod_03h,hod_04h,hod_05h,hod_06h,hod_07h,hod_08h,hod_09h,hod_10h,hod_11h,hod_12h,hod_13h,hod_14h,hod_15h,hod_16h,hod_17h,hod_18h,hod_19h,hod_20h,hod_21h,hod_22h,hod_23h,dow_mon,dow_tue,dow_wed,dow_thu,dow_fri,dow_sat,dow_sun
E07000137,E02005427,1660.89285714,8842.0,2956.5,5.53571428571,3.71428571429,3.57142857143,2.53571428571,3.71428571429,10.0,24.1071428571,59.4285714286,92.8214285714,102.964285714,129.714285714,136.928571429,133.321428571,133.178571429,127.571428571,123.785714286,125.142857143,122.357142857,94.1785714286,75.3928571429,55.9642857143,47.2142857143,30.5357142857,17.2142857143,1728.0,1660.25,2206.0,1632.5,1615.25,1555.75,1228.5
