zone_id,area_id,total,daytype_inweek,daytype_weekend,hod_00h,hod_01h,hod_02h,hod_03h,hod_04h,hod_05h,hod_06h,hod_07h,hod_08h,hod_09h,hod_10h,hod_11h,hod_12h,hod_13h,hod_14h,hod_15h,hod_16h,hod_17h,hod_18h,hod_19h,hod_20h,hod_21h,hod_22h,hod_23h,dow_mon,dow_tue,dow_wed,dow_thu,dow_fri,dow_sat,dow_sun
E09000026,E02000770,1560.92857143,8217.5,2771.0,12.5,14.0,8.75,7.32142857143,5.75,8.60714285714,19.3214285714,36.3571428571,71.75,76.6428571429,85.25,94.75,104.821428571,106.571428571,103.285714286,103.928571429,103.0,108.857142857,106.821428571,106.571428571,97.3571428571,81.5714285714,59.8928571429,37.25,1510.5,1663.75,1998.5,1502.5,1542.25,1448.5,1260.5
