zone_id,area_id,total,daytype_inweek,daytype_weekend,hod_00h,hod_01h,hod_02h,hod_03h,hod_04h,hod_05h,hod_06h,hod_07h,hod_08h,hod_09h,hod_10h,hod_11h,hod_12h,hod_13h,hod_14h,hod_15h,hod_16h,hod_17h,hod_18h,hod_19h,hod_20h,hod_21h,hod_22h,hod_23h,dow_mon,dow_tue,dow_wed,dow_thu,dow_fri,dow_sat,dow_sun
E08000024,E02001818,3116.07142857,16440.5,5411.75,14.1071428571,16.6785714286,11.3571428571,10.4642857143,11.3928571429,24.6428571429,52.1428571429,118.464285714,162.428571429,176.035714286,199.785714286,221.642857143,238.714285714,227.321428571,227.607142857,227.357142857,229.821428571,228.321428571,198.642857143,170.142857143,141.178571429,96.3214285714,73.1071428571,38.3928571429,2971.5,3234.5,4061.0,2975.75,3197.75,2931.75,2440.25
