zone_id,area_id,total,daytype_inweek,daytype_weekend,hod_00h,hod_01h,hod_02h,hod_03h,hod_04h,hod_05h,hod_06h,hod_07h,hod_08h,hod_09h,hod_10h,hod_11h,hod_12h,hod_13h,hod_14h,hod_15h,hod_16h,hod_17h,hod_18h,hod_19h,hod_20h,hod_21h,hod_22h,hod_23h,dow_mon,dow_tue,dow_wed,dow_thu,dow_fri,dow_sat,dow_sun
E08000002,E02001041,2179.39285714,11462.5,3835.5,16.5357142857,14.3928571429,10.4285714286,9.39285714286,5.96428571429,10.0714285714,27.25,60.7857142857,94.8214285714,111.714285714,130.75,142.678571429,155.392857143,151.285714286,153.642857143,149.714285714,150.607142857,154.678571429,153.464285714,147.892857143,119.571428571,89.8214285714,74.7857142857,43.75,2042.5,2279.0,2796.75,2133.5,2210.75,2000.25,1793.0
