zone_id,area_id,total,daytype_inweek,daytype_weekend,hod_00h,hod_01h,hod_02h,hod_03h,hod_04h,hod_05h,hod_06h,hod_07h,hod_08h,hod_09h,hod_10h,hod_11h,hod_12h,hod_13h,hod_14h,hod_15h,hod_16h,hod_17h,hod_18h,hod_19h,hod_20h,hod_21h,hod_22h,hod_23h,dow_mon,dow_tue,dow_wed,dow_thu,dow_fri,dow_sat,dow_sun
E07000166,E02005787,1429.0,7678.25,2445.5,7.17857142857,4.85714285714,3.67857142857,5.28571428571,7.46428571429,12.5357142857,23.6071428571,54.1071428571,77.3214285714,81.75,98.4285714286,103.928571429,112.75,108.321428571,103.071428571,101.892857143,106.357142857,101.642857143,88.3571428571,66.25,56.5714285714,46.2857142857,35.6428571429,21.7142857143,1407.25,1619.5,1878.25,1449.5,1323.75,1286.5,1038.25
