zone_id,area_id,total,daytype_inweek,daytype_weekend,hod_00h,hod_01h,hod_02h,hod_03h,hod_04h,hod_05h,hod_06h,hod_07h,hod_08h,hod_09h,hod_10h,hod_11h,hod_12h,hod_13h,hod_14h,hod_15h,hod_16h,hod_17h,hod_18h,hod_19h,hod_20h,hod_21h,hod_22h,hod_23h,dow_mon,dow_tue,dow_wed,dow_thu,dow_fri,dow_sat,dow_sun
E08000019,E02001650,7008.07142857,37661.0,11595.0,59.1428571429,65.0357142857,47.6071428571,42.3571428571,32.9285714286,43.7857142857,108.392857143,241.571428571,377.392857143,351.892857143,365.321428571,399.321428571,450.25,467.035714286,466.785714286,481.571428571,515.678571429,564.071428571,488.821428571,409.714285714,353.392857143,279.142857143,233.678571429,163.178571429,6609.0,7516.25,9402.5,6965.5,7167.75,6409.5,4986.0
