zone_id,area_id,total,daytype_inweek,daytype_weekend,hod_00h,hod_01h,hod_02h,hod_03h,hod_04h,hod_05h,hod_06h,hod_07h,hod_08h,hod_09h,hod_10h,hod_11h,hod_12h,hod_13h,hod_14h,hod_15h,hod_16h,hod_17h,hod_18h,hod_19h,hod_20h,hod_21h,hod_22h,hod_23h,dow_mon,dow_tue,dow_wed,dow_thu,dow_fri,dow_sat,dow_sun
E07000111,E02005101,1586.78571429,8509.5,2843.5,7.82142857143,4.78571428571,4.10714285714,2.75,4.17857142857,6.96428571429,21.8214285714,55.25,89.1071428571,100.714285714,112.357142857,121.642857143,120.964285714,116.035714286,114.642857143,112.214285714,112.857142857,115.214285714,100.785714286,79.0357142857,67.8571428571,47.5357142857,42.4285714286,25.7142857143,1655.25,1615.5,2118.0,1625.75,1495.0,1409.75,1188.25
