zone_id,area_id,total,daytype_inweek,daytype_weekend,hod_00h,hod_01h,hod_02h,hod_03h,hod_04h,hod_05h,hod_06h,hod_07h,hod_08h,hod_09h,hod_10h,hod_11h,hod_12h,hod_13h,hod_14h,hod_15h,hod_16h,hod_17h,hod_18h,hod_19h,hod_20h,hod_21h,hod_22h,hod_23h,dow_mon,dow_tue,dow_wed,dow_thu,dow_fri,dow_sat,dow_sun
S12000018,S02002034,316.642857143,1670.25,597.5,1.32142857143,0.964285714286,1.32142857143,0.464285714286,0.571428571429,1.46428571429,3.07142857143,9.96428571429,20.25,18.1785714286,19.25,22.5714285714,21.0,23.3214285714,26.4642857143,24.8928571429,26.0714285714,24.5714285714,20.0714285714,16.4642857143,12.2857142857,11.2857142857,6.42857142857,4.39285714286,343.25,322.5,392.0,311.75,300.75,292.0,254.25
