zone_id,area_id,total,daytype_inweek,daytype_weekend,hod_00h,hod_01h,hod_02h,hod_03h,hod_04h,hod_05h,hod_06h,hod_07h,hod_08h,hod_09h,hod_10h,hod_11h,hod_12h,hod_13h,hod_14h,hod_15h,hod_16h,hod_17h,hod_18h,hod_19h,hod_20h,hod_21h,hod_22h,hod_23h,dow_mon,dow_tue,dow_wed,dow_thu,dow_fri,dow_sat,dow_sun
E08000019,E02001654,2562.17857143,13654.75,4439.5,15.5714285714,13.6785714286,9.57142857143,7.46428571429,10.3928571429,27.0714285714,59.7142857143,125.607142857,130.892857143,133.75,146.857142857,162.857142857,167.857142857,169.642857143,172.285714286,189.5,199.964285714,195.464285714,173.607142857,142.214285714,117.142857143,92.6428571429,61.0714285714,37.3571428571,2505.25,2668.5,3372.5,2528.5,2580.0,2346.25,1934.25
