zone_id,area_id,total,daytype_inweek,daytype_weekend,hod_00h,hod_01h,hod_02h,hod_03h,hod_04h,hod_05h,hod_06h,hod_07h,hod_08h,hod_09h,hod_10h,hod_11h,hod_12h,hod_13h,hod_14h,hod_15h,hod_16h,hod_17h,hod_18h,hod_19h,hod_20h,hod_21h,hod_22h,hod_23h,dow_mon,dow_tue,dow_wed,dow_thu,dow_fri,dow_sat,dow_sun
E06000014,E02002780,6767.57142857,35615.5,11588.75,25.6071428571,29.9285714286,24.8214285714,25.0357142857,22.4285714286,49.2857142857,114.357142857,256.321428571,347.857142857,360.892857143,407.571428571,472.035714286,506.857142857,515.571428571,500.785714286,494.928571429,515.071428571,520.928571429,452.214285714,363.535714286,292.0,224.25,156.714285714,88.5714285714,6318.5,6860.5,8732.0,6678.5,7026.0,6487.25,5270.25
