zone_id,area_id,total,daytype_inweek,daytype_weekend,hod_00h,hod_01h,hod_02h,hod_03h,hod_04h,hod_05h,hod_06h,hod_07h,hod_08h,hod_09h,hod_10h,hod_11h,hod_12h,hod_13h,hod_14h,hod_15h,hod_16h,hod_17h,hod_18h,hod_19h,hod_20h,hod_21h,hod_22h,hod_23h,dow_mon,dow_tue,dow_wed,dow_thu,dow_fri,dow_sat,dow_sun
E06000023,E02003046,4311.14285714,23489.75,7083.0,25.4285714286,29.9285714286,23.5,21.3928571429,22.5,37.5714285714,96.8571428571,184.25,248.642857143,240.142857143,243.571428571,251.035714286,273.785714286,278.714285714,267.678571429,275.5,294.928571429,340.142857143,306.107142857,248.642857143,208.285714286,172.178571429,136.392857143,83.9642857143,4152.25,4630.0,5883.75,4542.25,4281.5,3757.5,2930.75
