zone_id,area_id,total,daytype_inweek,daytype_weekend,hod_00h,hod_01h,hod_02h,hod_03h,hod_04h,hod_05h,hod_06h,hod_07h,hod_08h,hod_09h,hod_10h,hod_11h,hod_12h,hod_13h,hod_14h,hod_15h,hod_16h,hod_17h,hod_18h,hod_19h,hod_20h,hod_21h,hod_22h,hod_23h,dow_mon,dow_tue,dow_wed,dow_thu,dow_fri,dow_sat,dow_sun
E07000092,E02004809,4308.07142857,23185.25,7152.5,20.3928571429,20.8571428571,15.3928571429,11.6785714286,9.89285714286,23.4285714286,70.0357142857,171.107142857,237.142857143,243.535714286,264.392857143,283.25,321.107142857,323.642857143,298.714285714,290.428571429,310.142857143,329.035714286,281.964285714,250.25,195.321428571,143.464285714,115.392857143,77.5,4048.0,4559.25,5707.0,4451.75,4419.25,3866.75,3104.5
