zone_id,area_id,total,daytype_inweek,daytype_weekend,hod_00h,hod_01h,hod_02h,hod_03h,hod_04h,hod_05h,hod_06h,hod_07h,hod_08h,hod_09h,hod_10h,hod_11h,hod_12h,hod_13h,hod_14h,hod_15h,hod_16h,hod_17h,hod_18h,hod_19h,hod_20h,hod_21h,hod_22h,hod_23h,dow_mon,dow_tue,dow_wed,dow_thu,dow_fri,dow_sat,dow_sun
E06000023,E02003034,7088.07142857,38704.25,11498.0,54.1785714286,66.1071428571,50.2142857143,43.5,41.6071428571,57.2142857143,108.178571429,245.107142857,410.607142857,380.464285714,364.464285714,385.535714286,411.535714286,433.285714286,428.25,441.0,484.607142857,553.392857143,539.321428571,455.142857143,371.035714286,311.5,271.035714286,180.785714286,6714.0,7588.75,9827.25,7397.75,7176.5,6128.25,4784.0
