zone_id,area_id,total,daytype_inweek,daytype_weekend,hod_00h,hod_01h,hod_02h,hod_03h,hod_04h,hod_05h,hod_06h,hod_07h,hod_08h,hod_09h,hod_10h,hod_11h,hod_12h,hod_13h,hod_14h,hod_15h,hod_16h,hod_17h,hod_18h,hod_19h,hod_20h,hod_21h,hod_22h,hod_23h,dow_mon,dow_tue,dow_wed,dow_thu,dow_fri,dow_sat,dow_sun
E08000010,E02001316,5458.32142857,28711.75,9135.75,25.3571428571,27.1428571429,20.3928571429,18.3571428571,19.3571428571,41.75,84.5357142857,169.214285714,254.785714286,285.285714286,325.321428571,379.678571429,413.071428571,420.535714286,415.892857143,403.5,398.464285714,411.607142857,352.857142857,323.071428571,263.714285714,191.178571429,135.892857143,77.3571428571,5076.5,5660.25,7063.25,5310.25,5601.5,5437.25,4059.25
