zone_id,area_id,total,daytype_inweek,daytype_weekend,hod_00h,hod_01h,hod_02h,hod_03h,hod_04h,hod_05h,hod_06h,hod_07h,hod_08h,hod_09h,hod_10h,hod_11h,hod_12h,hod_13h,hod_14h,hod_15h,hod_16h,hod_17h,hod_18h,hod_19h,hod_20h,hod_21h,hod_22h,hod_23h,dow_mon,dow_tue,dow_wed,dow_thu,dow_fri,dow_sat,dow_sun
S12000008,S02001504,2572.03571429,14240.25,4446.25,8.89285714286,12.3928571429,8.25,7.75,9.5,18.4642857143,45.2857142857,106.071428571,169.0,148.821428571,157.107142857,160.535714286,175.321428571,177.392857143,176.714285714,180.642857143,192.821428571,179.357142857,166.5,148.571428571,126.821428571,95.2857142857,65.7857142857,34.75,2749.0,2800.0,3554.75,2592.75,2543.75,2066.75,1697.25
