zone_id,area_id,total,daytype_inweek,daytype_weekend,hod_00h,hod_01h,hod_02h,hod_03h,hod_04h,hod_05h,hod_06h,hod_07h,hod_08h,hod_09h,hod_10h,hod_11h,hod_12h,hod_13h,hod_14h,hod_15h,hod_16h,hod_17h,hod_18h,hod_19h,hod_20h,hod_21h,hod_22h,hod_23h,dow_mon,dow_tue,dow_wed,dow_thu,dow_fri,dow_sat,dow_sun
S12000035,S02001373,2561.07142857,13748.75,4420.25,3.0,4.25,5.07142857143,3.42857142857,6.25,15.75,36.3571428571,93.8571428571,154.178571429,178.321428571,188.785714286,195.25,197.607142857,196.75,204.928571429,205.714285714,206.75,197.107142857,153.107142857,114.071428571,79.3571428571,65.8571428571,40.1428571429,15.1785714286,2596.0,2663.25,3326.5,2735.5,2427.5,2354.5,1824.25
