zone_id,area_id,total,daytype_inweek,daytype_weekend,hod_00h,hod_01h,hod_02h,hod_03h,hod_04h,hod_05h,hod_06h,hod_07h,hod_08h,hod_09h,hod_10h,hod_11h,hod_12h,hod_13h,hod_14h,hod_15h,hod_16h,hod_17h,hod_18h,hod_19h,hod_20h,hod_21h,hod_22h,hod_23h,dow_mon,dow_tue,dow_wed,dow_thu,dow_fri,dow_sat,dow_sun
E09000005,E02000105,2299.07142857,11882.75,4155.5,20.5,20.7857142857,16.4285714286,12.2142857143,14.6785714286,28.4642857143,39.1071428571,58.4642857143,90.8571428571,105.107142857,120.75,133.607142857,145.607142857,143.0,147.821428571,140.535714286,149.785714286,162.821428571,169.857142857,160.892857143,144.142857143,119.321428571,93.8928571429,60.4285714286,2231.75,2314.0,2895.75,2170.25,2271.0,2287.0,1923.75
