zone_id,area_id,total,daytype_inweek,daytype_weekend,hod_00h,hod_01h,hod_02h,hod_03h,hod_04h,hod_05h,hod_06h,hod_07h,hod_08h,hod_09h,hod_10h,hod_11h,hod_12h,hod_13h,hod_14h,hod_15h,hod_16h,hod_17h,hod_18h,hod_19h,hod_20h,hod_21h,hod_22h,hod_23h,dow_mon,dow_tue,dow_wed,dow_thu,dow_fri,dow_sat,dow_sun
E08000025,E02001933,3432.46428571,18479.25,5879.5,27.2857142857,28.6071428571,21.3214285714,15.6428571429,15.1071428571,27.6071428571,68.2142857143,144.071428571,182.607142857,173.75,191.285714286,215.25,221.0,224.071428571,222.392857143,228.607142857,248.857142857,252.142857143,232.928571429,206.928571429,172.714285714,131.214285714,110.5,70.3571428571,3364.75,3631.25,4558.25,3467.0,3458.0,3033.25,2514.75
