zone_id,area_id,total,daytype_inweek,daytype_weekend,hod_00h,hod_01h,hod_02h,hod_03h,hod_04h,hod_05h,hod_06h,hod_07h,hod_08h,hod_09h,hod_10h,hod_11h,hod_12h,hod_13h,hod_14h,hod_15h,hod_16h,hod_17h,hod_18h,hod_19h,hod_20h,hod_21h,hod_22h,hod_23h,dow_mon,dow_tue,dow_wed,dow_thu,dow_fri,dow_sat,dow_sun
E07000224,E02006556,3248.0,16686.5,5867.0,12.3214285714,12.75,8.75,7.78571428571,8.07142857143,30.3214285714,55.8571428571,110.785714286,173.357142857,189.964285714,212.321428571,231.857142857,237.071428571,223.857142857,224.285714286,229.464285714,241.392857143,246.285714286,225.321428571,186.964285714,143.607142857,107.142857143,80.4285714286,48.0357142857,3048.0,3227.0,3972.75,3178.5,3260.25,3230.5,2819.0
