zone_id,area_id,total,daytype_inweek,daytype_weekend,hod_00h,hod_01h,hod_02h,hod_03h,hod_04h,hod_05h,hod_06h,hod_07h,hod_08h,hod_09h,hod_10h,hod_11h,hod_12h,hod_13h,hod_14h,hod_15h,hod_16h,hod_17h,hod_18h,hod_19h,hod_20h,hod_21h,hod_22h,hod_23h,dow_mon,dow_tue,dow_wed,dow_thu,dow_fri,dow_sat,dow_sun
E07000190,E02006108,5593.42857143,30317.0,9025.75,23.1785714286,21.5,17.5,15.7142857143,14.8928571429,24.75,63.9285714286,206.821428571,301.428571429,329.25,399.535714286,429.678571429,431.5,429.821428571,406.035714286,403.285714286,388.75,406.857142857,354.392857143,289.428571429,223.928571429,177.035714286,145.642857143,88.5714285714,5208.25,5739.75,7732.5,6060.5,5576.0,5019.5,3817.5
