zone_id,area_id,total,daytype_inweek,daytype_weekend,hod_00h,hod_01h,hod_02h,hod_03h,hod_04h,hod_05h,hod_06h,hod_07h,hod_08h,hod_09h,hod_10h,hod_11h,hod_12h,hod_13h,hod_14h,hod_15h,hod_16h,hod_17h,hod_18h,hod_19h,hod_20h,hod_21h,hod_22h,hod_23h,dow_mon,dow_tue,dow_wed,dow_thu,dow_fri,dow_sat,dow_sun
E06000049,E02003872,4432.42857143,23920.0,7596.5,23.2857142857,17.25,14.5357142857,12.9285714286,14.5357142857,30.6428571429,65.9642857143,176.285714286,288.357142857,282.892857143,291.285714286,307.892857143,317.392857143,303.928571429,302.928571429,307.75,321.5,333.714285714,273.928571429,225.285714286,180.285714286,145.535714286,115.285714286,79.0357142857,4346.0,4683.25,5924.0,4578.25,4388.5,3856.5,3250.5
