zone_id,area_id,total,daytype_inweek,daytype_weekend,hod_00h,hod_01h,hod_02h,hod_03h,hod_04h,hod_05h,hod_06h,hod_07h,hod_08h,hod_09h,hod_10h,hod_11h,hod_12h,hod_13h,hod_14h,hod_15h,hod_16h,hod_17h,hod_18h,hod_19h,hod_20h,hod_21h,hod_22h,hod_23h,dow_mon,dow_tue,dow_wed,dow_thu,dow_fri,dow_sat,dow_sun
E08000027,E02002027,1935.67857143,10295.25,3234.75,9.71428571429,12.0357142857,7.60714285714,6.03571428571,7.75,11.8214285714,32.0714285714,63.6071428571,102.642857143,103.678571429,109.107142857,120.25,131.678571429,130.035714286,127.821428571,130.142857143,138.892857143,143.821428571,136.071428571,127.714285714,98.4642857143,84.3928571429,64.0714285714,36.25,1785.0,2087.5,2599.75,1954.75,1868.25,1804.75,1449.75
