zone_id,area_id,total,daytype_inweek,daytype_weekend,hod_00h,hod_01h,hod_02h,hod_03h,hod_04h,hod_05h,hod_06h,hod_07h,hod_08h,hod_09h,hod_10h,hod_11h,hod_12h,hod_13h,hod_14h,hod_15h,hod_16h,hod_17h,hod_18h,hod_19h,hod_20h,hod_21h,hod_22h,hod_23h,dow_mon,dow_tue,dow_wed,dow_thu,dow_fri,dow_sat,dow_sun
S12000029,S02002387,680.357142857,3556.0,1248.25,3.71428571429,3.07142857143,2.85714285714,2.32142857143,1.96428571429,3.85714285714,10.9642857143,27.5714285714,43.1785714286,36.1428571429,37.8928571429,39.0357142857,43.1428571429,43.7857142857,44.1071428571,44.5714285714,50.5357142857,54.3214285714,48.0,45.9642857143,37.5,26.2857142857,18.2857142857,11.2857142857,709.25,698.0,819.5,648.0,681.25,667.5,539.0
