zone_id,area_id,total,daytype_inweek,daytype_weekend,hod_00h,hod_01h,hod_02h,hod_03h,hod_04h,hod_05h,hod_06h,hod_07h,hod_08h,hod_09h,hod_10h,hod_11h,hod_12h,hod_13h,hod_14h,hod_15h,hod_16h,hod_17h,hod_18h,hod_19h,hod_20h,hod_21h,hod_22h,hod_23h,dow_mon,dow_tue,dow_wed,dow_thu,dow_fri,dow_sat,dow_sun
E08000036,E02002482,1771.57142857,9495.5,3059.0,7.14285714286,9.75,6.60714285714,7.35714285714,7.96428571429,29.75,49.3928571429,66.1071428571,82.2142857143,92.0357142857,110.571428571,112.714285714,120.892857143,122.5,133.142857143,123.107142857,127.142857143,129.285714286,118.0,96.7142857143,81.8928571429,65.5357142857,46.0,25.75,1728.75,1827.0,2425.75,1740.25,1773.75,1575.25,1330.25
