zone_id,area_id,total,daytype_inweek,daytype_weekend,hod_00h,hod_01h,hod_02h,hod_03h,hod_04h,hod_05h,hod_06h,hod_07h,hod_08h,hod_09h,hod_10h,hod_11h,hod_12h,hod_13h,hod_14h,hod_15h,hod_16h,hod_17h,hod_18h,hod_19h,hod_20h,hod_21h,hod_22h,hod_23h,dow_mon,dow_tue,dow_wed,dow_thu,dow_fri,dow_sat,dow_sun
E07000063,E02004379,1826.07142857,9751.0,3131.0,8.92857142857,6.57142857143,5.92857142857,4.96428571429,6.25,9.92857142857,30.3928571429,64.75,100.892857143,117.214285714,130.035714286,129.285714286,127.857142857,122.857142857,121.964285714,121.25,129.285714286,125.392857143,115.0,100.678571429,79.5357142857,73.1071428571,58.1428571429,35.8571428571,1763.75,1914.75,2406.25,1889.75,1776.5,1664.25,1367.25
