zone_id,area_id,total,daytype_inweek,daytype_weekend,hod_00h,hod_01h,hod_02h,hod_03h,hod_04h,hod_05h,hod_06h,hod_07h,hod_08h,hod_09h,hod_10h,hod_11h,hod_12h,hod_13h,hod_14h,hod_15h,hod_16h,hod_17h,hod_18h,hod_19h,hod_20h,hod_21h,hod_22h,hod_23h,dow_mon,dow_tue,dow_wed,dow_thu,dow_fri,dow_sat,dow_sun
E08000032,E02002241,4410.46428571,23467.25,7424.5,26.7857142857,28.75,18.1785714286,15.7142857143,18.2142857143,49.6785714286,102.0,203.25,220.357142857,226.428571429,238.642857143,256.821428571,288.964285714,297.857142857,299.285714286,298.607142857,340.392857143,343.035714286,304.821428571,264.035714286,210.214285714,164.642857143,122.357142857,71.4285714286,4134.75,4629.75,5716.75,4405.25,4580.75,4116.25,3289.75
