zone_id,area_id,total,daytype_inweek,daytype_weekend,hod_00h,hod_01h,hod_02h,hod_03h,hod_04h,hod_05h,hod_06h,hod_07h,hod_08h,hod_09h,hod_10h,hod_11h,hod_12h,hod_13h,hod_14h,hod_15h,hod_16h,hod_17h,hod_18h,hod_19h,hod_20h,hod_21h,hod_22h,hod_23h,dow_mon,dow_tue,dow_wed,dow_thu,dow_fri,dow_sat,dow_sun
S12000019,S02002071,769.178571429,4083.75,1369.25,2.28571428571,3.85714285714,2.60714285714,2.03571428571,1.53571428571,3.82142857143,12.2857142857,29.5714285714,42.6071428571,38.25,43.1785714286,49.75,53.25,51.25,48.8928571429,58.1785714286,61.0357142857,59.9285714286,55.3571428571,49.5,40.5,31.4285714286,19.2142857143,8.85714285714,767.75,821.0,933.5,758.75,802.75,699.0,601.5
