zone_id,area_id,total,daytype_inweek,daytype_weekend,hod_00h,hod_01h,hod_02h,hod_03h,hod_04h,hod_05h,hod_06h,hod_07h,hod_08h,hod_09h,hod_10h,hod_11h,hod_12h,hod_13h,hod_14h,hod_15h,hod_16h,hod_17h,hod_18h,hod_19h,hod_20h,hod_21h,hod_22h,hod_23h,dow_mon,dow_tue,dow_wed,dow_thu,dow_fri,dow_sat,dow_sun
W06000022,W02000351,2004.5,10769.5,3378.0,13.9642857143,13.6785714286,9.89285714286,8.46428571429,8.46428571429,24.6428571429,37.9642857143,55.6071428571,88.8928571429,100.214285714,114.214285714,128.285714286,137.25,135.035714286,141.107142857,139.392857143,142.357142857,147.892857143,145.428571429,123.0,101.75,81.6785714286,63.8571428571,41.4642857143,1929.75,2116.5,2608.75,2090.5,2024.0,1813.75,1448.25
