zone_id,area_id,total,daytype_inweek,daytype_weekend,hod_00h,hod_01h,hod_02h,hod_03h,hod_04h,hod_05h,hod_06h,hod_07h,hod_08h,hod_09h,hod_10h,hod_11h,hod_12h,hod_13h,hod_14h,hod_15h,hod_16h,hod_17h,hod_18h,hod_19h,hod_20h,hod_21h,hod_22h,hod_23h,dow_mon,dow_tue,dow_wed,dow_thu,dow_fri,dow_sat,dow_sun
E08000025,E02001870,5243.92857143,27488.25,9454.25,71.8928571429,78.7857142857,48.7142857143,34.0357142857,35.1071428571,57.8571428571,93.5,142.285714286,176.571428571,207.071428571,239.964285714,274.5,314.571428571,341.25,352.821428571,354.035714286,363.714285714,373.714285714,370.5,351.928571429,306.464285714,264.75,230.678571429,159.214285714,5158.25,5360.25,6717.75,5178.25,5073.75,4923.25,4296.0
