zone_id,area_id,total,daytype_inweek,daytype_weekend,hod_00h,hod_01h,hod_02h,hod_03h,hod_04h,hod_05h,hod_06h,hod_07h,hod_08h,hod_09h,hod_10h,hod_11h,hod_12h,hod_13h,hod_14h,hod_15h,hod_16h,hod_17h,hod_18h,hod_19h,hod_20h,hod_21h,hod_22h,hod_23h,dow_mon,dow_tue,dow_wed,dow_thu,dow_fri,dow_sat,dow_sun
E06000043,E02003495,2645.82142857,14098.0,4375.5,9.92857142857,10.0357142857,8.85714285714,9.32142857143,8.5,19.6428571429,43.0714285714,127.214285714,154.178571429,152.285714286,162.321428571,183.357142857,183.071428571,182.035714286,176.25,183.964285714,197.892857143,211.035714286,181.678571429,149.392857143,113.5,85.5714285714,61.9285714286,30.7857142857,2465.5,2778.75,3440.5,2660.0,2753.25,2512.75,1910.0
