zone_id,area_id,total,daytype_inweek,daytype_weekend,hod_00h,hod_01h,hod_02h,hod_03h,hod_04h,hod_05h,hod_06h,hod_07h,hod_08h,hod_09h,hod_10h,hod_11h,hod_12h,hod_13h,hod_14h,hod_15h,hod_16h,hod_17h,hod_18h,hod_19h,hod_20h,hod_21h,hod_22h,hod_23h,dow_mon,dow_tue,dow_wed,dow_thu,dow_fri,dow_sat,dow_sun
E08000017,E02001547,4151.85714286,21995.25,7258.0,19.0357142857,26.7857142857,17.7857142857,18.5714285714,24.0,70.9642857143,117.464285714,165.571428571,198.25,214.535714286,245.5,270.678571429,287.892857143,294.285714286,300.0,284.285714286,292.857142857,303.714285714,255.357142857,221.428571429,189.571428571,165.714285714,113.571428571,54.0357142857,4006.5,4298.75,5360.5,3987.0,4342.5,3816.25,3251.5
