zone_id,area_id,total,daytype_inweek,daytype_weekend,hod_00h,hod_01h,hod_02h,hod_03h,hod_04h,hod_05h,hod_06h,hod_07h,hod_08h,hod_09h,hod_10h,hod_11h,hod_12h,hod_13h,hod_14h,hod_15h,hod_16h,hod_17h,hod_18h,hod_19h,hod_20h,hod_21h,hod_22h,hod_23h,dow_mon,dow_tue,dow_wed,dow_thu,dow_fri,dow_sat,dow_sun
E09000026,E02000765,1344.89285714,6972.25,2400.25,14.0,12.0714285714,8.82142857143,6.25,5.03571428571,6.35714285714,14.5,29.1785714286,57.7142857143,65.25,81.7142857143,88.6071428571,92.0714285714,87.0,84.4285714286,87.3214285714,87.8928571429,92.5,92.75,93.3928571429,81.3571428571,68.1071428571,52.7857142857,35.7857142857,1287.5,1302.25,1707.25,1346.75,1328.5,1329.25,1112.75
