zone_id,area_id,total,daytype_inweek,daytype_weekend,hod_00h,hod_01h,hod_02h,hod_03h,hod_04h,hod_05h,hod_06h,hod_07h,hod_08h,hod_09h,hod_10h,hod_11h,hod_12h,hod_13h,hod_14h,hod_15h,hod_16h,hod_17h,hod_18h,hod_19h,hod_20h,hod_21h,hod_22h,hod_23h,dow_mon,dow_tue,dow_wed,dow_thu,dow_fri,dow_sat,dow_sun
E08000034,E02002312,5346.46428571,27968.75,8999.5,26.3928571429,34.0357142857,23.2857142857,22.7857142857,23.0714285714,44.2142857143,85.4642857143,184.464285714,259.714285714,285.75,327.464285714,359.285714286,393.821428571,395.785714286,391.928571429,390.25,393.392857143,399.285714286,347.928571429,293.392857143,245.107142857,194.714285714,139.392857143,85.5357142857,5063.0,5545.75,6813.75,5093.0,5453.25,5520.0,3936.5
