zone_id,area_id,total,daytype_inweek,daytype_weekend,hod_00h,hod_01h,hod_02h,hod_03h,hod_04h,hod_05h,hod_06h,hod_07h,hod_08h,hod_09h,hod_10h,hod_11h,hod_12h,hod_13h,hod_14h,hod_15h,hod_16h,hod_17h,hod_18h,hod_19h,hod_20h,hod_21h,hod_22h,hod_23h,dow_mon,dow_tue,dow_wed,dow_thu,dow_fri,dow_sat,dow_sun
E08000003,E02001093,3815.10714286,20680.5,6443.75,31.0714285714,32.0357142857,24.2857142857,30.1785714286,33.1785714286,56.25,92.0,155.0,198.142857143,188.75,190.892857143,227.928571429,249.25,257.678571429,254.0,259.714285714,272.571428571,273.928571429,245.5,216.75,183.178571429,145.607142857,117.892857143,79.3214285714,3674.25,4037.75,5071.25,3929.0,3968.25,3255.75,2769.5
