zone_id,area_id,total,daytype_inweek,daytype_weekend,hod_00h,hod_01h,hod_02h,hod_03h,hod_04h,hod_05h,hod_06h,hod_07h,hod_08h,hod_09h,hod_10h,hod_11h,hod_12h,hod_13h,hod_14h,hod_15h,hod_16h,hod_17h,hod_18h,hod_19h,hod_20h,hod_21h,hod_22h,hod_23h,dow_mon,dow_tue,dow_wed,dow_thu,dow_fri,dow_sat,dow_sun
E08000025,E02001829,2446.21428571,13176.5,4064.5,13.0357142857,12.6785714286,11.0357142857,9.17857142857,7.0,13.0357142857,41.9642857143,109.75,143.107142857,137.928571429,146.785714286,152.321428571,156.607142857,160.892857143,156.25,166.25,182.464285714,193.107142857,170.464285714,143.0,112.178571429,90.5357142857,72.9285714286,43.7142857143,2325.25,2637.25,3192.5,2541.0,2480.5,2207.75,1739.25
