zone_id,area_id,total,daytype_inweek,daytype_weekend,hod_00h,hod_01h,hod_02h,hod_03h,hod_04h,hod_05h,hod_06h,hod_07h,hod_08h,hod_09h,hod_10h,hod_11h,hod_12h,hod_13h,hod_14h,hod_15h,hod_16h,hod_17h,hod_18h,hod_19h,hod_20h,hod_21h,hod_22h,hod_23h,dow_mon,dow_tue,dow_wed,dow_thu,dow_fri,dow_sat,dow_sun
E08000007,E02001227,2059.67857143,10951.25,3561.0,13.6785714286,12.4642857143,9.64285714286,6.07142857143,7.85714285714,10.5,22.2857142857,65.3571428571,104.035714286,117.642857143,136.857142857,142.821428571,148.392857143,147.964285714,144.035714286,144.642857143,142.75,146.607142857,136.678571429,122.285714286,98.2857142857,72.1071428571,63.9285714286,42.7857142857,2006.25,2138.0,2721.0,2127.5,1958.5,1911.75,1554.75
