zone_id,area_id,total,daytype_inweek,daytype_weekend,hod_00h,hod_01h,hod_02h,hod_03h,hod_04h,hod_05h,hod_06h,hod_07h,hod_08h,hod_09h,hod_10h,hod_11h,hod_12h,hod_13h,hod_14h,hod_15h,hod_16h,hod_17h,hod_18h,hod_19h,hod_20h,hod_21h,hod_22h,hod_23h,dow_mon,dow_tue,dow_wed,dow_thu,dow_fri,dow_sat,dow_sun
E07000193,E02006137,3068.60714286,16633.0,5150.75,13.3928571429,15.25,11.8571428571,11.3214285714,18.6428571429,43.5,58.3214285714,108.785714286,148.357142857,169.5,183.214285714,201.714285714,216.035714286,225.25,226.857142857,217.928571429,228.0,224.428571429,199.357142857,166.892857143,136.535714286,115.714285714,82.1428571429,45.6071428571,2969.25,3290.5,4049.0,3172.25,3152.0,2665.75,2181.5
