zone_id,area_id,total,daytype_inweek,daytype_weekend,hod_00h,hod_01h,hod_02h,hod_03h,hod_04h,hod_05h,hod_06h,hod_07h,hod_08h,hod_09h,hod_10h,hod_11h,hod_12h,hod_13h,hod_14h,hod_15h,hod_16h,hod_17h,hod_18h,hod_19h,hod_20h,hod_21h,hod_22h,hod_23h,dow_mon,dow_tue,dow_wed,dow_thu,dow_fri,dow_sat,dow_sun
E08000004,E02001111,7003.28571429,37406.75,11457.25,49.6428571429,59.0357142857,39.25,29.25,34.4285714286,51.75,94.0,193.75,297.285714286,363.678571429,437.214285714,499.785714286,563.035714286,575.571428571,576.642857143,543.178571429,519.428571429,484.107142857,412.5,353.571428571,284.464285714,233.5,183.285714286,124.928571429,6571.25,7409.75,9281.0,6973.25,7171.5,6730.25,4886.0
