zone_id,area_id,total,daytype_inweek,daytype_weekend,hod_00h,hod_01h,hod_02h,hod_03h,hod_04h,hod_05h,hod_06h,hod_07h,hod_08h,hod_09h,hod_10h,hod_11h,hod_12h,hod_13h,hod_14h,hod_15h,hod_16h,hod_17h,hod_18h,hod_19h,hod_20h,hod_21h,hod_22h,hod_23h,dow_mon,dow_tue,dow_wed,dow_thu,dow_fri,dow_sat,dow_sun
E07000175,E02005902,2437.85714286,12810.0,4299.5,10.25,9.10714285714,7.67857142857,6.39285714286,10.5357142857,28.6071428571,49.6428571429,83.1785714286,129.392857143,139.107142857,152.892857143,169.571428571,167.5,172.178571429,166.214285714,175.178571429,181.178571429,193.964285714,161.857142857,137.071428571,108.428571429,84.6785714286,62.8214285714,30.4285714286,2300.25,2521.5,3163.75,2313.75,2510.75,2255.75,1999.25
