zone_id,area_id,total,daytype_inweek,daytype_weekend,hod_00h,hod_01h,hod_02h,hod_03h,hod_04h,hod_05h,hod_06h,hod_07h,hod_08h,hod_09h,hod_10h,hod_11h,hod_12h,hod_13h,hod_14h,hod_15h,hod_16h,hod_17h,hod_18h,hod_19h,hod_20h,hod_21h,hod_22h,hod_23h,dow_mon,dow_tue,dow_wed,dow_thu,dow_fri,dow_sat,dow_sun
E06000045,E02003580,1793.78571429,9402.0,3143.75,8.0,9.17857142857,7.28571428571,5.17857142857,7.14285714286,16.9285714286,35.1071428571,72.1428571429,91.2857142857,97.3928571429,108.357142857,118.321428571,127.964285714,118.75,120.071428571,118.785714286,129.142857143,135.357142857,126.107142857,109.428571429,87.4285714286,69.4285714286,47.1785714286,27.8214285714,1730.25,1807.5,2261.75,1738.75,1863.75,1741.0,1413.5
