zone_id,area_id,total,daytype_inweek,daytype_weekend,hod_00h,hod_01h,hod_02h,hod_03h,hod_04h,hod_05h,hod_06h,hod_07h,hod_08h,hod_09h,hod_10h,hod_11h,hod_12h,hod_13h,hod_14h,hod_15h,hod_16h,hod_17h,hod_18h,hod_19h,hod_20h,hod_21h,hod_22h,hod_23h,dow_mon,dow_tue,dow_wed,dow_thu,dow_fri,dow_sat,dow_sun
E07000202,E02006257,2471.10714286,12945.0,4253.75,9.14285714286,13.0,7.0,6.60714285714,8.64285714286,18.25,39.7857142857,95.5,140.535714286,145.75,163.571428571,173.535714286,171.392857143,169.642857143,171.75,173.535714286,175.75,181.928571429,159.071428571,143.285714286,122.571428571,90.8571428571,58.3928571429,31.6071428571,2324.25,2610.5,3144.75,2333.0,2532.5,2423.25,1929.5
