zone_id,area_id,total,daytype_inweek,daytype_weekend,hod_00h,hod_01h,hod_02h,hod_03h,hod_04h,hod_05h,hod_06h,hod_07h,hod_08h,hod_09h,hod_10h,hod_11h,hod_12h,hod_13h,hod_14h,hod_15h,hod_16h,hod_17h,hod_18h,hod_19h,hod_20h,hod_21h,hod_22h,hod_23h,dow_mon,dow_tue,dow_wed,dow_thu,dow_fri,dow_sat,dow_sun
E06000054,E02006685,3003.60714286,16277.0,5158.5,10.7142857143,8.25,7.07142857143,6.39285714286,8.39285714286,35.9642857143,61.25,142.892857143,150.571428571,158.928571429,170.285714286,179.714285714,185.821428571,198.964285714,199.035714286,208.678571429,236.607142857,250.142857143,209.821428571,182.0,140.964285714,115.535714286,89.4285714286,46.1785714286,2975.75,3188.0,4042.5,2996.25,3074.5,2565.5,2182.75
