zone_id,area_id,total,daytype_inweek,daytype_weekend,hod_00h,hod_01h,hod_02h,hod_03h,hod_04h,hod_05h,hod_06h,hod_07h,hod_08h,hod_09h,hod_10h,hod_11h,hod_12h,hod_13h,hod_14h,hod_15h,hod_16h,hod_17h,hod_18h,hod_19h,hod_20h,hod_21h,hod_22h,hod_23h,dow_mon,dow_tue,dow_wed,dow_thu,dow_fri,dow_sat,dow_sun
E07000223,E02006535,1088.85714286,5745.5,1886.75,6.0,4.14285714286,4.46428571429,4.17857142857,3.17857142857,7.03571428571,13.1071428571,31.0714285714,48.9285714286,61.75,75.2857142857,78.8571428571,79.1785714286,75.5,78.6428571429,73.0,76.6071428571,81.3571428571,78.3928571429,67.5714285714,54.9642857143,41.7857142857,28.0357142857,15.8214285714,1030.75,1156.0,1462.5,1048.25,1048.0,1020.5,856.0
