zone_id,area_id,total,daytype_inweek,daytype_weekend,hod_00h,hod_01h,hod_02h,hod_03h,hod_04h,hod_05h,hod_06h,hod_07h,hod_08h,hod_09h,hod_10h,hod_11h,hod_12h,hod_13h,hod_14h,hod_15h,hod_16h,hod_17h,hod_18h,hod_19h,hod_20h,hod_21h,hod_22h,hod_23h,dow_mon,dow_tue,dow_wed,dow_thu,dow_fri,dow_sat,dow_sun
E07000209,E02006360,3488.21428571,18671.5,5892.75,16.9642857143,13.4642857143,9.75,9.71428571429,7.71428571429,16.0357142857,54.0,138.75,217.0,226.107142857,226.142857143,238.5,257.571428571,250.678571429,240.821428571,235.964285714,240.535714286,264.678571429,222.464285714,186.035714286,150.607142857,115.392857143,88.7857142857,60.5357142857,3288.25,3647.25,4629.75,3525.75,3580.5,3141.5,2604.5
