zone_id,area_id,total,daytype_inweek,daytype_weekend,hod_00h,hod_01h,hod_02h,hod_03h,hod_04h,hod_05h,hod_06h,hod_07h,hod_08h,hod_09h,hod_10h,hod_11h,hod_12h,hod_13h,hod_14h,hod_15h,hod_16h,hod_17h,hod_18h,hod_19h,hod_20h,hod_21h,hod_22h,hod_23h,dow_mon,dow_tue,dow_wed,dow_thu,dow_fri,dow_sat,dow_sun
E08000011,E02001344,1175.5,6249.75,2075.0,10.3214285714,9.42857142857,5.82142857143,3.96428571429,4.35714285714,10.8928571429,17.7142857143,30.7142857143,47.6071428571,58.5357142857,65.4642857143,67.7857142857,77.1071428571,73.0714285714,80.3571428571,81.8214285714,82.7857142857,88.0357142857,87.3214285714,79.7857142857,65.2857142857,56.3928571429,42.8214285714,28.1071428571,1201.0,1169.0,1546.75,1195.75,1137.25,1104.75,874.0
