zone_id,area_id,total,daytype_inweek,daytype_weekend,hod_00h,hod_01h,hod_02h,hod_03h,hod_04h,hod_05h,hod_06h,hod_07h,hod_08h,hod_09h,hod_10h,hod_11h,hod_12h,hod_13h,hod_14h,hod_15h,hod_16h,hod_17h,hod_18h,hod_19h,hod_20h,hod_21h,hod_22h,hod_23h,dow_mon,dow_tue,dow_wed,dow_thu,dow_fri,dow_sat,dow_sun
E08000034,E02002324,1733.39285714,8961.75,3030.0,7.32142857143,9.82142857143,4.96428571429,4.85714285714,4.78571428571,18.6428571429,34.0357142857,81.0,98.7142857143,103.107142857,103.357142857,112.964285714,120.642857143,116.035714286,117.428571429,112.0,126.821428571,135.0,113.785714286,97.3571428571,81.75,62.3571428571,44.3928571429,22.25,1582.0,1811.25,2289.5,1556.75,1722.25,1724.0,1448.0
