zone_id,area_id,total,daytype_inweek,daytype_weekend,hod_00h,hod_01h,hod_02h,hod_03h,hod_04h,hod_05h,hod_06h,hod_07h,hod_08h,hod_09h,hod_10h,hod_11h,hod_12h,hod_13h,hod_14h,hod_15h,hod_16h,hod_17h,hod_18h,hod_19h,hod_20h,hod_21h,hod_22h,hod_23h,dow_mon,dow_tue,dow_wed,dow_thu,dow_fri,dow_sat,dow_sun
E08000034,E02002290,2234.89285714,11682.75,3893.25,13.9642857143,13.7142857143,9.07142857143,6.57142857143,8.60714285714,21.75,34.9642857143,75.8214285714,98.75,115.285714286,130.857142857,143.464285714,152.214285714,153.0,153.464285714,155.071428571,162.857142857,162.321428571,158.892857143,140.75,118.214285714,97.3214285714,68.8928571429,39.0714285714,2093.0,2238.5,2853.5,2177.75,2320.0,2161.25,1800.25
