zone_id,area_id,total,daytype_inweek,daytype_weekend,hod_00h,hod_01h,hod_02h,hod_03h,hod_04h,hod_05h,hod_06h,hod_07h,hod_08h,hod_09h,hod_10h,hod_11h,hod_12h,hod_13h,hod_14h,hod_15h,hod_16h,hod_17h,hod_18h,hod_19h,hod_20h,hod_21h,hod_22h,hod_23h,dow_mon,dow_tue,dow_wed,dow_thu,dow_fri,dow_sat,dow_sun
E08000030,E02002143,2176.10714286,11498.75,3884.5,19.7857142857,20.1785714286,13.0,10.0,10.7142857143,22.2857142857,36.5714285714,65.25,87.5,98.9642857143,116.107142857,123.607142857,146.678571429,143.25,151.892857143,153.142857143,158.285714286,160.464285714,148.178571429,139.142857143,119.428571429,100.214285714,77.4285714286,54.0357142857,2182.25,2268.5,2788.25,2127.0,2132.75,2031.75,1702.25
