zone_id,area_id,total,daytype_inweek,daytype_weekend,hod_00h,hod_01h,hod_02h,hod_03h,hod_04h,hod_05h,hod_06h,hod_07h,hod_08h,hod_09h,hod_10h,hod_11h,hod_12h,hod_13h,hod_14h,hod_15h,hod_16h,hod_17h,hod_18h,hod_19h,hod_20h,hod_21h,hod_22h,hod_23h,dow_mon,dow_tue,dow_wed,dow_thu,dow_fri,dow_sat,dow_sun
E09000026,E02000760,1724.25,8880.5,3124.5,15.9642857143,15.7142857143,8.82142857143,6.39285714286,4.96428571429,9.10714285714,18.0,39.4285714286,67.7857142857,86.5714285714,105.5,114.035714286,120.357142857,113.964285714,111.571428571,108.5,100.785714286,118.607142857,120.928571429,122.75,107.285714286,89.6785714286,71.0,46.5357142857,1654.25,1698.5,2156.75,1671.5,1699.5,1719.0,1470.25
