zone_id,area_id,total,daytype_inweek,daytype_weekend,hod_00h,hod_01h,hod_02h,hod_03h,hod_04h,hod_05h,hod_06h,hod_07h,hod_08h,hod_09h,hod_10h,hod_11h,hod_12h,hod_13h,hod_14h,hod_15h,hod_16h,hod_17h,hod_18h,hod_19h,hod_20h,hod_21h,hod_22h,hod_23h,dow_mon,dow_tue,dow_wed,dow_thu,dow_fri,dow_sat,dow_sun
E07000096,E02004866,2037.25,10781.75,3535.5,8.57142857143,7.32142857143,6.46428571429,5.57142857143,6.53571428571,11.9642857143,28.8214285714,70.8928571429,117.5,119.714285714,124.857142857,135.321428571,142.535714286,144.642857143,148.25,138.821428571,147.107142857,152.142857143,140.178571429,128.321428571,99.1785714286,70.3928571429,52.5714285714,29.5714285714,1942.0,2077.75,2687.75,2027.0,2047.25,1885.5,1593.5
