zone_id,area_id,total,daytype_inweek,daytype_weekend,hod_00h,hod_01h,hod_02h,hod_03h,hod_04h,hod_05h,hod_06h,hod_07h,hod_08h,hod_09h,hod_10h,hod_11h,hod_12h,hod_13h,hod_14h,hod_15h,hod_16h,hod_17h,hod_18h,hod_19h,hod_20h,hod_21h,hod_22h,hod_23h,dow_mon,dow_tue,dow_wed,dow_thu,dow_fri,dow_sat,dow_sun
E09000025,E02000743,1821.0,9576.5,3204.25,27.2142857143,22.3214285714,14.9642857143,9.57142857143,12.4642857143,18.6785714286,27.0714285714,51.5714285714,74.1428571429,83.8928571429,98.7142857143,106.357142857,118.714285714,124.642857143,119.571428571,121.214285714,118.428571429,128.0,118.107142857,114.785714286,98.5714285714,87.4642857143,71.8928571429,52.6428571429,1712.0,1842.25,2346.25,1843.25,1832.75,1678.25,1492.25
