zone_id,area_id,total,daytype_inweek,daytype_weekend,hod_00h,hod_01h,hod_02h,hod_03h,hod_04h,hod_05h,hod_06h,hod_07h,hod_08h,hod_09h,hod_10h,hod_11h,hod_12h,hod_13h,hod_14h,hod_15h,hod_16h,hod_17h,hod_18h,hod_19h,hod_20h,hod_21h,hod_22h,hod_23h,dow_mon,dow_tue,dow_wed,dow_thu,dow_fri,dow_sat,dow_sun
E08000025,E02001943,2373.25,12532.75,4091.75,19.8928571429,20.0714285714,14.5357142857,11.3214285714,12.6785714286,22.0714285714,52.1785714286,97.5714285714,114.928571429,116.535714286,126.392857143,137.821428571,149.035714286,163.285714286,155.107142857,160.857142857,174.107142857,181.928571429,163.964285714,146.535714286,116.107142857,95.3571428571,74.3928571429,46.5714285714,2197.25,2454.0,3089.0,2332.75,2459.75,2185.5,1894.5
