zone_id,area_id,total,daytype_inweek,daytype_weekend,hod_00h,hod_01h,hod_02h,hod_03h,hod_04h,hod_05h,hod_06h,hod_07h,hod_08h,hod_09h,hod_10h,hod_11h,hod_12h,hod_13h,hod_14h,hod_15h,hod_16h,hod_17h,hod_18h,hod_19h,hod_20h,hod_21h,hod_22h,hod_23h,dow_mon,dow_tue,dow_wed,dow_thu,dow_fri,dow_sat,dow_sun
E06000043,E02003512,4348.92857143,22113.75,7460.25,29.7857142857,40.5357142857,35.9285714286,32.4285714286,25.1071428571,28.8214285714,47.4285714286,110.5,220.0,210.392857143,226.892857143,249.642857143,263.642857143,285.0,288.035714286,290.607142857,310.571428571,358.428571429,334.107142857,271.107142857,231.357142857,191.642857143,153.928571429,113.035714286,3971.5,4397.75,5346.5,4023.25,4374.75,4840.0,3488.75
