zone_id,area_id,total,daytype_inweek,daytype_weekend,hod_00h,hod_01h,hod_02h,hod_03h,hod_04h,hod_05h,hod_06h,hod_07h,hod_08h,hod_09h,hod_10h,hod_11h,hod_12h,hod_13h,hod_14h,hod_15h,hod_16h,hod_17h,hod_18h,hod_19h,hod_20h,hod_21h,hod_22h,hod_23h,dow_mon,dow_tue,dow_wed,dow_thu,dow_fri,dow_sat,dow_sun
W06000003,W02000029,3110.03571429,16546.5,5295.0,8.28571428571,7.42857142857,5.92857142857,4.25,4.53571428571,10.2142857143,30.25,91.5714285714,167.178571429,167.821428571,183.785714286,213.428571429,238.857142857,244.285714286,253.142857143,243.321428571,264.892857143,259.821428571,203.392857143,162.178571429,124.392857143,98.6071428571,78.6428571429,43.8214285714,3002.75,3360.75,4034.5,3058.75,3089.75,2931.5,2292.25
