zone_id,area_id,total,daytype_inweek,daytype_weekend,hod_00h,hod_01h,hod_02h,hod_03h,hod_04h,hod_05h,hod_06h,hod_07h,hod_08h,hod_09h,hod_10h,hod_11h,hod_12h,hod_13h,hod_14h,hod_15h,hod_16h,hod_17h,hod_18h,hod_19h,hod_20h,hod_21h,hod_22h,hod_23h,dow_mon,dow_tue,dow_wed,dow_thu,dow_fri,dow_sat,dow_sun
E08000012,E02001363,3121.03571429,16378.5,5365.75,18.75,23.8214285714,17.5,14.3571428571,15.3214285714,26.2142857143,54.7142857143,118.035714286,159.214285714,154.571428571,162.178571429,189.357142857,207.714285714,213.571428571,213.5,218.857142857,230.392857143,241.5,214.25,194.75,165.678571429,125.5,91.7142857143,49.5714285714,2907.25,3198.0,3974.0,3122.5,3176.75,3010.25,2458.5
