zone_id,area_id,total,daytype_inweek,daytype_weekend,hod_00h,hod_01h,hod_02h,hod_03h,hod_04h,hod_05h,hod_06h,hod_07h,hod_08h,hod_09h,hod_10h,hod_11h,hod_12h,hod_13h,hod_14h,hod_15h,hod_16h,hod_17h,hod_18h,hod_19h,hod_20h,hod_21h,hod_22h,hod_23h,dow_mon,dow_tue,dow_wed,dow_thu,dow_fri,dow_sat,dow_sun
E07000126,E02005296,1984.17857143,10627.0,3392.0,10.0714285714,10.3214285714,9.64285714286,7.46428571429,5.71428571429,13.6071428571,29.0357142857,76.7142857143,95.8571428571,110.928571429,121.214285714,126.857142857,138.428571429,132.357142857,131.642857143,134.928571429,148.821428571,144.535714286,134.571428571,118.071428571,106.071428571,80.9642857143,59.3571428571,37.0,1896.5,2093.75,2655.75,2029.0,1952.0,1766.75,1495.5
