zone_id,area_id,total,daytype_inweek,daytype_weekend,hod_00h,hod_01h,hod_02h,hod_03h,hod_04h,hod_05h,hod_06h,hod_07h,hod_08h,hod_09h,hod_10h,hod_11h,hod_12h,hod_13h,hod_14h,hod_15h,hod_16h,hod_17h,hod_18h,hod_19h,hod_20h,hod_21h,hod_22h,hod_23h,dow_mon,dow_tue,dow_wed,dow_thu,dow_fri,dow_sat,dow_sun
E06000014,E02002792,3479.10714286,18580.25,5993.5,12.25,11.4285714286,8.85714285714,8.10714285714,11.6785714286,19.0357142857,50.6785714286,129.178571429,195.428571429,200.428571429,227.928571429,242.392857143,253.214285714,255.321428571,258.464285714,256.035714286,266.571428571,272.071428571,224.642857143,186.964285714,148.25,115.642857143,81.0714285714,43.4642857143,3368.25,3616.0,4620.75,3491.0,3484.25,3148.25,2625.25
