zone_id,area_id,total,daytype_inweek,daytype_weekend,hod_00h,hod_01h,hod_02h,hod_03h,hod_04h,hod_05h,hod_06h,hod_07h,hod_08h,hod_09h,hod_10h,hod_11h,hod_12h,hod_13h,hod_14h,hod_15h,hod_16h,hod_17h,hod_18h,hod_19h,hod_20h,hod_21h,hod_22h,hod_23h,dow_mon,dow_tue,dow_wed,dow_thu,dow_fri,dow_sat,dow_sun
E07000218,E02006470,2223.71428571,12029.25,3939.0,13.5357142857,13.2142857143,8.10714285714,11.1785714286,11.9285714286,23.3214285714,32.1071428571,76.5714285714,114.357142857,128.5,143.392857143,154.714285714,162.535714286,159.607142857,158.642857143,149.821428571,152.642857143,160.535714286,136.678571429,124.0,99.6071428571,86.1785714286,61.6428571429,40.8928571429,2278.25,2406.5,3015.75,2274.25,2054.5,1876.0,1660.75
