zone_id,area_id,total,daytype_inweek,daytype_weekend,hod_00h,hod_01h,hod_02h,hod_03h,hod_04h,hod_05h,hod_06h,hod_07h,hod_08h,hod_09h,hod_10h,hod_11h,hod_12h,hod_13h,hod_14h,hod_15h,hod_16h,hod_17h,hod_18h,hod_19h,hod_20h,hod_21h,hod_22h,hod_23h,dow_mon,dow_tue,dow_wed,dow_thu,dow_fri,dow_sat,dow_sun
E09000022,E02000625,1881.32142857,9961.0,3359.0,31.0357142857,28.8214285714,23.8928571429,16.5357142857,17.3928571429,22.5714285714,35.75,58.5357142857,96.1071428571,98.5357142857,110.392857143,103.392857143,110.892857143,109.0,110.892857143,105.142857143,105.535714286,113.642857143,121.678571429,120.821428571,104.821428571,92.1785714286,80.4642857143,63.2857142857,1834.5,1979.5,2468.0,1883.25,1795.75,1683.75,1524.5
