zone_id,area_id,total,daytype_inweek,daytype_weekend,hod_00h,hod_01h,hod_02h,hod_03h,hod_04h,hod_05h,hod_06h,hod_07h,hod_08h,hod_09h,hod_10h,hod_11h,hod_12h,hod_13h,hod_14h,hod_15h,hod_16h,hod_17h,hod_18h,hod_19h,hod_20h,hod_21h,hod_22h,hod_23h,dow_mon,dow_tue,dow_wed,dow_thu,dow_fri,dow_sat,dow_sun
S12000042,S02001446,8169.92857143,43527.5,13830.25,32.1071428571,52.5357142857,41.8928571429,38.0714285714,28.6071428571,49.5,103.392857143,285.285714286,535.928571429,449.25,471.25,532.035714286,605.535714286,611.285714286,611.678571429,624.428571429,627.607142857,657.571428571,513.071428571,402.178571429,326.785714286,254.892857143,196.464285714,118.571428571,8039.25,8391.75,10591.25,7779.5,8725.75,7871.0,5791.0
