zone_id,area_id,total,daytype_inweek,daytype_weekend,hod_00h,hod_01h,hod_02h,hod_03h,hod_04h,hod_05h,hod_06h,hod_07h,hod_08h,hod_09h,hod_10h,hod_11h,hod_12h,hod_13h,hod_14h,hod_15h,hod_16h,hod_17h,hod_18h,hod_19h,hod_20h,hod_21h,hod_22h,hod_23h,dow_mon,dow_tue,dow_wed,dow_thu,dow_fri,dow_sat,dow_sun
E08000036,E02002466,2863.17857143,15325.75,4871.75,10.3928571429,13.7857142857,9.67857142857,8.75,11.8214285714,23.2142857143,58.6428571429,105.714285714,150.25,162.535714286,175.142857143,190.035714286,198.892857143,196.892857143,193.571428571,193.214285714,216.178571429,227.785714286,197.75,162.75,135.392857143,103.535714286,76.1428571429,41.1071428571,2710.5,3028.0,3870.0,2829.0,2888.25,2555.25,2161.25
