zone_id,area_id,total,daytype_inweek,daytype_weekend,hod_00h,hod_01h,hod_02h,hod_03h,hod_04h,hod_05h,hod_06h,hod_07h,hod_08h,hod_09h,hod_10h,hod_11h,hod_12h,hod_13h,hod_14h,hod_15h,hod_16h,hod_17h,hod_18h,hod_19h,hod_20h,hod_21h,hod_22h,hod_23h,dow_mon,dow_tue,dow_wed,dow_thu,dow_fri,dow_sat,dow_sun
S12000015,S02001827,1859.03571429,10200.25,3118.5,5.89285714286,5.89285714286,3.17857142857,3.0,4.25,18.1428571429,37.6785714286,86.3571428571,148.285714286,105.785714286,109.571428571,120.535714286,131.357142857,135.035714286,133.214285714,148.107142857,154.214285714,147.357142857,112.357142857,83.7142857143,68.1428571429,50.3571428571,32.1071428571,14.5,1891.75,2041.25,2488.75,1935.25,1843.25,1586.25,1226.75
