zone_id,area_id,total,daytype_inweek,daytype_weekend,hod_00h,hod_01h,hod_02h,hod_03h,hod_04h,hod_05h,hod_06h,hod_07h,hod_08h,hod_09h,hod_10h,hod_11h,hod_12h,hod_13h,hod_14h,hod_15h,hod_16h,hod_17h,hod_18h,hod_19h,hod_20h,hod_21h,hod_22h,hod_23h,dow_mon,dow_tue,dow_wed,dow_thu,dow_fri,dow_sat,dow_sun
E07000195,E02006163,2149.92857143,11496.5,3614.25,11.5714285714,11.5714285714,9.28571428571,6.82142857143,7.0,19.2142857143,30.6071428571,73.5357142857,104.642857143,110.357142857,127.428571429,145.75,154.0,159.857142857,153.535714286,153.75,155.785714286,159.892857143,144.071428571,120.714285714,107.142857143,79.5714285714,64.0,39.8214285714,2078.5,2223.75,2789.75,2152.5,2252.0,2017.25,1535.75
