zone_id,area_id,total,daytype_inweek,daytype_weekend,hod_00h,hod_01h,hod_02h,hod_03h,hod_04h,hod_05h,hod_06h,hod_07h,hod_08h,hod_09h,hod_10h,hod_11h,hod_12h,hod_13h,hod_14h,hod_15h,hod_16h,hod_17h,hod_18h,hod_19h,hod_20h,hod_21h,hod_22h,hod_23h,dow_mon,dow_tue,dow_wed,dow_thu,dow_fri,dow_sat,dow_sun
E08000032,E02002198,3505.96428571,18469.75,5947.0,21.1785714286,21.1428571429,13.6785714286,10.2142857143,12.0,28.1071428571,60.2142857143,153.214285714,193.892857143,185.357142857,198.428571429,217.607142857,227.75,234.214285714,230.25,246.535714286,268.928571429,285.678571429,238.428571429,208.5,165.107142857,129.285714286,97.3928571429,58.8571428571,3284.0,3609.75,4521.25,3440.0,3614.75,3409.0,2663.0
