zone_id,area_id,total,daytype_inweek,daytype_weekend,hod_00h,hod_01h,hod_02h,hod_03h,hod_04h,hod_05h,hod_06h,hod_07h,hod_08h,hod_09h,hod_10h,hod_11h,hod_12h,hod_13h,hod_14h,hod_15h,hod_16h,hod_17h,hod_18h,hod_19h,hod_20h,hod_21h,hod_22h,hod_23h,dow_mon,dow_tue,dow_wed,dow_thu,dow_fri,dow_sat,dow_sun
E08000003,E02001083,4046.03571429,21551.5,6871.5,41.6785714286,41.9285714286,29.1071428571,22.25,21.5714285714,27.6428571429,56.3214285714,157.214285714,241.321428571,206.071428571,203.964285714,218.928571429,240.25,247.071428571,249.214285714,252.714285714,279.928571429,314.214285714,290.964285714,258.535714286,217.964285714,175.75,146.607142857,104.821428571,3785.5,4222.5,5393.75,4039.25,4110.5,3684.75,3086.0
