zone_id,area_id,total,daytype_inweek,daytype_weekend,hod_00h,hod_01h,hod_02h,hod_03h,hod_04h,hod_05h,hod_06h,hod_07h,hod_08h,hod_09h,hod_10h,hod_11h,hod_12h,hod_13h,hod_14h,hod_15h,hod_16h,hod_17h,hod_18h,hod_19h,hod_20h,hod_21h,hod_22h,hod_23h,dow_mon,dow_tue,dow_wed,dow_thu,dow_fri,dow_sat,dow_sun
E07000063,E02004389,1710.10714286,9224.75,2905.25,7.75,5.07142857143,4.92857142857,3.71428571429,2.67857142857,9.17857142857,25.9642857143,67.0357142857,98.1071428571,101.714285714,111.035714286,113.357142857,119.464285714,113.321428571,116.607142857,114.857142857,120.857142857,136.714285714,117.714285714,97.25,79.3928571429,67.1428571429,48.3928571429,27.8571428571,1660.5,1845.75,2295.25,1788.75,1634.5,1501.25,1244.75
