zone_id,area_id,total,daytype_inweek,daytype_weekend,hod_00h,hod_01h,hod_02h,hod_03h,hod_04h,hod_05h,hod_06h,hod_07h,hod_08h,hod_09h,hod_10h,hod_11h,hod_12h,hod_13h,hod_14h,hod_15h,hod_16h,hod_17h,hod_18h,hod_19h,hod_20h,hod_21h,hod_22h,hod_23h,dow_mon,dow_tue,dow_wed,dow_thu,dow_fri,dow_sat,dow_sun
E06000014,E02002791,3402.39285714,18545.75,5707.75,8.82142857143,9.60714285714,8.25,6.67857142857,8.53571428571,22.4642857143,59.8571428571,176.535714286,216.964285714,218.678571429,236.5,235.464285714,252.071428571,240.0,230.142857143,238.107142857,257.321428571,276.035714286,218.178571429,171.178571429,125.642857143,88.6071428571,62.3571428571,34.3928571429,3323.0,3604.75,4589.25,3524.0,3504.75,2886.25,2384.75
