zone_id,area_id,total,daytype_inweek,daytype_weekend,hod_00h,hod_01h,hod_02h,hod_03h,hod_04h,hod_05h,hod_06h,hod_07h,hod_08h,hod_09h,hod_10h,hod_11h,hod_12h,hod_13h,hod_14h,hod_15h,hod_16h,hod_17h,hod_18h,hod_19h,hod_20h,hod_21h,hod_22h,hod_23h,dow_mon,dow_tue,dow_wed,dow_thu,dow_fri,dow_sat,dow_sun
E07000080,E02004633,312.071428571,1709.5,533.25,2.17857142857,1.17857142857,0.607142857143,0.464285714286,0.428571428571,2.92857142857,4.92857142857,12.7142857143,20.25,17.2857142857,18.5,21.0,23.9285714286,22.5714285714,19.1428571429,21.8571428571,24.8214285714,24.2857142857,19.6785714286,16.3928571429,12.1071428571,11.0714285714,8.17857142857,5.57142857143,290.5,342.5,424.75,323.75,328.0,232.25,242.75
