zone_id,area_id,total,daytype_inweek,daytype_weekend,hod_00h,hod_01h,hod_02h,hod_03h,hod_04h,hod_05h,hod_06h,hod_07h,hod_08h,hod_09h,hod_10h,hod_11h,hod_12h,hod_13h,hod_14h,hod_15h,hod_16h,hod_17h,hod_18h,hod_19h,hod_20h,hod_21h,hod_22h,hod_23h,dow_mon,dow_tue,dow_wed,dow_thu,dow_fri,dow_sat,dow_sun
E06000047,E02004330,1155.46428571,6273.75,1957.75,4.5,4.89285714286,3.57142857143,2.32142857143,4.21428571429,8.53571428571,27.9285714286,48.1071428571,56.6428571429,64.4642857143,69.5,78.5357142857,80.2142857143,76.1785714286,82.25,87.5357142857,95.1785714286,85.1428571429,75.6428571429,68.5714285714,47.8214285714,38.5357142857,27.9285714286,17.25,1109.0,1247.75,1573.75,1146.0,1197.25,965.75,848.75
