zone_id,area_id,total,daytype_inweek,daytype_weekend,hod_00h,hod_01h,hod_02h,hod_03h,hod_04h,hod_05h,hod_06h,hod_07h,hod_08h,hod_09h,hod_10h,hod_11h,hod_12h,hod_13h,hod_14h,hod_15h,hod_16h,hod_17h,hod_18h,hod_19h,hod_20h,hod_21h,hod_22h,hod_23h,dow_mon,dow_tue,dow_wed,dow_thu,dow_fri,dow_sat,dow_sun
E07000138,E02005447,3684.89285714,18944.25,6271.75,12.8928571429,20.4285714286,18.4642857143,16.7142857143,16.3571428571,28.2142857143,60.8571428571,128.607142857,172.178571429,184.642857143,232.928571429,271.642857143,297.5,284.357142857,281.142857143,284.642857143,276.464285714,259.5,226.714285714,190.785714286,145.928571429,126.107142857,90.2142857143,57.6071428571,3370.25,3627.75,4496.25,3470.75,3979.25,3948.5,2901.5
