zone_id,area_id,total,daytype_inweek,daytype_weekend,hod_00h,hod_01h,hod_02h,hod_03h,hod_04h,hod_05h,hod_06h,hod_07h,hod_08h,hod_09h,hod_10h,hod_11h,hod_12h,hod_13h,hod_14h,hod_15h,hod_16h,hod_17h,hod_18h,hod_19h,hod_20h,hod_21h,hod_22h,hod_23h,dow_mon,dow_tue,dow_wed,dow_thu,dow_fri,dow_sat,dow_sun
E07000209,E02006361,1758.32142857,8923.75,3353.0,8.75,7.0,6.03571428571,4.89285714286,3.64285714286,8.25,24.2857142857,60.0714285714,92.1428571429,111.0,125.464285714,128.392857143,135.5,137.678571429,127.321428571,127.178571429,130.178571429,122.071428571,107.5,86.5,68.2142857143,52.6071428571,50.6785714286,32.9642857143,1734.0,1713.75,2095.0,1659.5,1721.5,1765.5,1619.0
