zone_id,area_id,total,daytype_inweek,daytype_weekend,hod_00h,hod_01h,hod_02h,hod_03h,hod_04h,hod_05h,hod_06h,hod_07h,hod_08h,hod_09h,hod_10h,hod_11h,hod_12h,hod_13h,hod_14h,hod_15h,hod_16h,hod_17h,hod_18h,hod_19h,hod_20h,hod_21h,hod_22h,hod_23h,dow_mon,dow_tue,dow_wed,dow_thu,dow_fri,dow_sat,dow_sun
E08000005,E02001144,2935.21428571,15602.0,5136.75,19.0357142857,19.6785714286,14.8214285714,9.39285714286,10.2857142857,27.5357142857,43.7142857143,96.0,128.857142857,145.964285714,163.75,183.857142857,199.142857143,205.392857143,204.178571429,205.642857143,219.464285714,225.5,203.464285714,182.75,155.535714286,119.714285714,92.7857142857,58.75,2890.25,3109.0,3799.75,2890.75,2912.25,2698.0,2246.5
