zone_id,area_id,total,daytype_inweek,daytype_weekend,hod_00h,hod_01h,hod_02h,hod_03h,hod_04h,hod_05h,hod_06h,hod_07h,hod_08h,hod_09h,hod_10h,hod_11h,hod_12h,hod_13h,hod_14h,hod_15h,hod_16h,hod_17h,hod_18h,hod_19h,hod_20h,hod_21h,hod_22h,hod_23h,dow_mon,dow_tue,dow_wed,dow_thu,dow_fri,dow_sat,dow_sun
S12000008,S02001499,1963.28571429,10540.0,3486.0,6.21428571429,9.60714285714,6.32142857143,5.07142857143,5.14285714286,15.1428571429,30.0,71.3571428571,118.964285714,115.428571429,117.821428571,122.035714286,133.321428571,126.428571429,136.607142857,152.321428571,146.071428571,139.892857143,133.214285714,112.071428571,100.178571429,79.4642857143,51.1071428571,29.5,2015.0,2098.0,2630.25,1832.75,1964.0,1732.0,1471.0
