zone_id,area_id,total,daytype_inweek,daytype_weekend,hod_00h,hod_01h,hod_02h,hod_03h,hod_04h,hod_05h,hod_06h,hod_07h,hod_08h,hod_09h,hod_10h,hod_11h,hod_12h,hod_13h,hod_14h,hod_15h,hod_16h,hod_17h,hod_18h,hod_19h,hod_20h,hod_21h,hod_22h,hod_23h,dow_mon,dow_tue,dow_wed,dow_thu,dow_fri,dow_sat,dow_sun
E07000065,E02004404,1991.78571429,10779.25,3319.0,8.92857142857,6.82142857143,5.89285714286,5.71428571429,5.35714285714,10.3214285714,29.3214285714,80.5,122.357142857,125.214285714,132.392857143,140.535714286,141.142857143,140.964285714,140.357142857,136.214285714,142.392857143,149.428571429,119.821428571,105.0,78.8571428571,72.3928571429,58.1428571429,33.7142857143,1929.25,2154.5,2698.25,2096.75,1900.5,1773.5,1389.75
