zone_id,area_id,total,daytype_inweek,daytype_weekend,hod_00h,hod_01h,hod_02h,hod_03h,hod_04h,hod_05h,hod_06h,hod_07h,hod_08h,hod_09h,hod_10h,hod_11h,hod_12h,hod_13h,hod_14h,hod_15h,hod_16h,hod_17h,hod_18h,hod_19h,hod_20h,hod_21h,hod_22h,hod_23h,dow_mon,dow_tue,dow_wed,dow_thu,dow_fri,dow_sat,dow_sun
E06000023,E02003032,3060.89285714,16583.5,5129.0,21.7857142857,22.2857142857,17.6428571429,15.7857142857,13.6428571429,22.8571428571,60.2857142857,123.464285714,157.607142857,158.357142857,166.714285714,177.178571429,189.142857143,197.607142857,199.714285714,200.357142857,219.464285714,237.857142857,220.321428571,186.25,158.642857143,124.678571429,104.035714286,65.2142857143,2913.5,3196.5,4190.75,3209.75,3073.0,2627.25,2215.5
