zone_id,area_id,total,daytype_inweek,daytype_weekend,hod_00h,hod_01h,hod_02h,hod_03h,hod_04h,hod_05h,hod_06h,hod_07h,hod_08h,hod_09h,hod_10h,hod_11h,hod_12h,hod_13h,hod_14h,hod_15h,hod_16h,hod_17h,hod_18h,hod_19h,hod_20h,hod_21h,hod_22h,hod_23h,dow_mon,dow_tue,dow_wed,dow_thu,dow_fri,dow_sat,dow_sun
S12000036,S02001636,1798.5,9579.25,3131.5,12.2857142857,15.0357142857,10.9642857143,8.07142857143,10.1071428571,16.8571428571,34.0714285714,80.5,123.107142857,97.2857142857,91.3571428571,99.0714285714,107.785714286,112.535714286,113.892857143,119.071428571,132.75,136.821428571,129.714285714,103.785714286,86.4642857143,70.5,53.1785714286,33.2857142857,1801.0,1859.25,2345.25,1721.0,1852.75,1679.75,1330.5
