zone_id,area_id,total,daytype_inweek,daytype_weekend,hod_00h,hod_01h,hod_02h,hod_03h,hod_04h,hod_05h,hod_06h,hod_07h,hod_08h,hod_09h,hod_10h,hod_11h,hod_12h,hod_13h,hod_14h,hod_15h,hod_16h,hod_17h,hod_18h,hod_19h,hod_20h,hod_21h,hod_22h,hod_23h,dow_mon,dow_tue,dow_wed,dow_thu,dow_fri,dow_sat,dow_sun
E07000238,E02006759,1986.75,10797.25,3454.75,6.39285714286,5.39285714286,4.46428571429,4.42857142857,6.60714285714,21.3214285714,37.3928571429,76.7142857143,119.321428571,117.785714286,133.214285714,141.785714286,146.428571429,142.857142857,143.285714286,143.714285714,147.214285714,149.642857143,123.75,102.928571429,74.3214285714,60.5714285714,48.6071428571,28.6071428571,2021.0,2065.5,2651.5,2067.75,1991.5,1676.25,1433.75
