zone_id,area_id,total,daytype_inweek,daytype_weekend,hod_00h,hod_01h,hod_02h,hod_03h,hod_04h,hod_05h,hod_06h,hod_07h,hod_08h,hod_09h,hod_10h,hod_11h,hod_12h,hod_13h,hod_14h,hod_15h,hod_16h,hod_17h,hod_18h,hod_19h,hod_20h,hod_21h,hod_22h,hod_23h,dow_mon,dow_tue,dow_wed,dow_thu,dow_fri,dow_sat,dow_sun
W06000016,W02000265,2590.5,14027.0,4246.0,18.0714285714,13.75,8.42857142857,5.89285714286,8.07142857143,23.9285714286,45.0,93.7142857143,123.75,133.0,162.178571429,176.392857143,182.785714286,190.357142857,185.285714286,191.678571429,193.821428571,184.857142857,164.571428571,148.678571429,122.464285714,100.321428571,69.1428571429,44.3571428571,2418.5,2760.5,3437.0,2717.5,2693.5,2279.0,1827.5
