zone_id,area_id,total,daytype_inweek,daytype_weekend,hod_00h,hod_01h,hod_02h,hod_03h,hod_04h,hod_05h,hod_06h,hod_07h,hod_08h,hod_09h,hod_10h,hod_11h,hod_12h,hod_13h,hod_14h,hod_15h,hod_16h,hod_17h,hod_18h,hod_19h,hod_20h,hod_21h,hod_22h,hod_23h,dow_mon,dow_tue,dow_wed,dow_thu,dow_fri,dow_sat,dow_sun
E07000084,E02004685,7285.28571429,39055.0,11790.0,28.2142857143,29.2857142857,25.2857142857,20.7142857143,18.1428571429,38.6428571429,95.5714285714,239.142857143,446.25,409.107142857,443.142857143,502.392857143,592.714285714,583.0,530.428571429,514.321428571,542.75,587.428571429,466.857142857,392.357142857,300.392857143,216.642857143,170.607142857,91.8928571429,6735.75,7578.75,9735.5,7177.25,7827.75,6887.75,5054.25
