zone_id,area_id,total,daytype_inweek,daytype_weekend,hod_00h,hod_01h,hod_02h,hod_03h,hod_04h,hod_05h,hod_06h,hod_07h,hod_08h,hod_09h,hod_10h,hod_11h,hod_12h,hod_13h,hod_14h,hod_15h,hod_16h,hod_17h,hod_18h,hod_19h,hod_20h,hod_21h,hod_22h,hod_23h,dow_mon,dow_tue,dow_wed,dow_thu,dow_fri,dow_sat,dow_sun
E06000010,E02002674,2634.32142857,14081.25,4441.25,9.25,8.64285714286,7.85714285714,5.14285714286,8.57142857143,27.25,60.4642857143,131.071428571,150.607142857,146.285714286,165.928571429,181.25,189.107142857,190.714285714,187.964285714,185.571428571,192.642857143,199.035714286,173.25,140.607142857,108.0,78.6785714286,59.7142857143,26.7142857143,2517.75,2696.0,3424.5,2623.75,2819.25,2435.5,1923.5
