zone_id,area_id,total,daytype_inweek,daytype_weekend,hod_00h,hod_01h,hod_02h,hod_03h,hod_04h,hod_05h,hod_06h,hod_07h,hod_08h,hod_09h,hod_10h,hod_11h,hod_12h,hod_13h,hod_14h,hod_15h,hod_16h,hod_17h,hod_18h,hod_19h,hod_20h,hod_21h,hod_22h,hod_23h,dow_mon,dow_tue,dow_wed,dow_thu,dow_fri,dow_sat,dow_sun
E09000014,E02000404,1365.03571429,6977.5,2551.5,18.5714285714,15.8214285714,9.75,7.5,7.39285714286,9.60714285714,19.5714285714,31.6071428571,46.0714285714,54.8928571429,73.9642857143,84.2142857143,88.4642857143,98.5714285714,92.4285714286,96.75,96.7142857143,92.5357142857,95.6785714286,95.7857142857,79.5357142857,65.0714285714,50.9285714286,33.6071428571,1375.5,1410.0,1680.25,1249.0,1262.75,1401.75,1176.0
