zone_id,area_id,total,daytype_inweek,daytype_weekend,hod_00h,hod_01h,hod_02h,hod_03h,hod_04h,hod_05h,hod_06h,hod_07h,hod_08h,hod_09h,hod_10h,hod_11h,hod_12h,hod_13h,hod_14h,hod_15h,hod_16h,hod_17h,hod_18h,hod_19h,hod_20h,hod_21h,hod_22h,hod_23h,dow_mon,dow_tue,dow_wed,dow_thu,dow_fri,dow_sat,dow_sun
E07000134,E02005401,1494.78571429,8114.0,2571.5,6.57142857143,8.71428571429,6.0,5.25,8.42857142857,12.1785714286,27.9285714286,54.9285714286,85.6428571429,85.1428571429,95.5714285714,97.0357142857,98.9642857143,98.9642857143,100.428571429,104.285714286,108.678571429,113.428571429,96.6428571429,84.4642857143,69.4285714286,57.3928571429,44.2857142857,24.4285714286,1482.25,1633.0,2052.75,1513.75,1432.25,1260.25,1089.25
