zone_id,area_id,total,daytype_inweek,daytype_weekend,hod_00h,hod_01h,hod_02h,hod_03h,hod_04h,hod_05h,hod_06h,hod_07h,hod_08h,hod_09h,hod_10h,hod_11h,hod_12h,hod_13h,hod_14h,hod_15h,hod_16h,hod_17h,hod_18h,hod_19h,hod_20h,hod_21h,hod_22h,hod_23h,dow_mon,dow_tue,dow_wed,dow_thu,dow_fri,dow_sat,dow_sun
E08000012,E02001360,5819.78571429,30153.0,9101.0,32.5,41.3214285714,32.5714285714,27.0,26.4285714286,51.75,115.392857143,230.571428571,281.0,285.357142857,300.214285714,343.214285714,395.321428571,413.75,468.107142857,426.285714286,451.607142857,469.214285714,375.785714286,335.142857143,261.392857143,208.714285714,151.0,96.1428571429,5230.0,6033.75,7260.5,5625.5,6003.25,6714.5,3871.0
