zone_id,area_id,total,daytype_inweek,daytype_weekend,hod_00h,hod_01h,hod_02h,hod_03h,hod_04h,hod_05h,hod_06h,hod_07h,hod_08h,hod_09h,hod_10h,hod_11h,hod_12h,hod_13h,hod_14h,hod_15h,hod_16h,hod_17h,hod_18h,hod_19h,hod_20h,hod_21h,hod_22h,hod_23h,dow_mon,dow_tue,dow_wed,dow_thu,dow_fri,dow_sat,dow_sun
E06000019,E02002907,2109.85714286,11307.75,3733.0,8.64285714286,6.10714285714,4.67857142857,5.42857142857,8.0,20.5,46.7857142857,95.25,123.107142857,123.535714286,140.928571429,152.285714286,157.642857143,161.607142857,162.285714286,154.321428571,159.892857143,172.071428571,121.75,90.1428571429,67.75,57.4285714286,44.4285714286,25.2857142857,2097.5,2224.0,2824.5,2129.25,2032.5,1825.75,1635.5
