zone_id,area_id,total,daytype_inweek,daytype_weekend,hod_00h,hod_01h,hod_02h,hod_03h,hod_04h,hod_05h,hod_06h,hod_07h,hod_08h,hod_09h,hod_10h,hod_11h,hod_12h,hod_13h,hod_14h,hod_15h,hod_16h,hod_17h,hod_18h,hod_19h,hod_20h,hod_21h,hod_22h,hod_23h,dow_mon,dow_tue,dow_wed,dow_thu,dow_fri,dow_sat,dow_sun
E08000028,E02002070,2389.57142857,12619.5,4204.5,20.8571428571,23.8928571429,15.0714285714,11.5,14.0714285714,24.6428571429,41.7857142857,63.9642857143,95.1071428571,110.857142857,130.035714286,140.571428571,148.464285714,159.392857143,163.071428571,168.035714286,165.607142857,175.928571429,171.785714286,155.5,130.178571429,111.928571429,90.2857142857,57.0357142857,2314.75,2475.5,3092.5,2401.25,2335.5,2217.75,1889.75
