zone_id,area_id,total,daytype_inweek,daytype_weekend,hod_00h,hod_01h,hod_02h,hod_03h,hod_04h,hod_05h,hod_06h,hod_07h,hod_08h,hod_09h,hod_10h,hod_11h,hod_12h,hod_13h,hod_14h,hod_15h,hod_16h,hod_17h,hod_18h,hod_19h,hod_20h,hod_21h,hod_22h,hod_23h,dow_mon,dow_tue,dow_wed,dow_thu,dow_fri,dow_sat,dow_sun
E06000042,E02003459,4109.07142857,22176.75,7061.5,18.3928571429,14.5714285714,11.1071428571,8.82142857143,9.46428571429,26.1428571429,67.1071428571,178.464285714,253.928571429,246.714285714,261.285714286,284.714285714,289.75,287.178571429,285.714285714,279.464285714,305.357142857,327.642857143,268.357142857,220.535714286,169.321428571,139.178571429,102.178571429,53.6785714286,4077.0,4382.0,5408.0,4250.5,4059.25,3602.25,2984.5
