zone_id,area_id,total,daytype_inweek,daytype_weekend,hod_00h,hod_01h,hod_02h,hod_03h,hod_04h,hod_05h,hod_06h,hod_07h,hod_08h,hod_09h,hod_10h,hod_11h,hod_12h,hod_13h,hod_14h,hod_15h,hod_16h,hod_17h,hod_18h,hod_19h,hod_20h,hod_21h,hod_22h,hod_23h,dow_mon,dow_tue,dow_wed,dow_thu,dow_fri,dow_sat,dow_sun
E06000052,E02003962,7171.89285714,37915.25,12559.0,27.25,21.2857142857,19.0357142857,14.0,16.1071428571,32.9285714286,100.178571429,247.464285714,350.571428571,394.642857143,505.107142857,546.285714286,533.964285714,531.892857143,521.0,538.035714286,589.571428571,591.785714286,467.642857143,369.321428571,287.178571429,215.142857143,167.5,84.0,6957.75,7367.75,9460.5,7103.0,7026.25,6686.75,5601.25
