zone_id,area_id,total,daytype_inweek,daytype_weekend,hod_00h,hod_01h,hod_02h,hod_03h,hod_04h,hod_05h,hod_06h,hod_07h,hod_08h,hod_09h,hod_10h,hod_11h,hod_12h,hod_13h,hod_14h,hod_15h,hod_16h,hod_17h,hod_18h,hod_19h,hod_20h,hod_21h,hod_22h,hod_23h,dow_mon,dow_tue,dow_wed,dow_thu,dow_fri,dow_sat,dow_sun
E07000241,E02004984,1393.10714286,7524.75,2339.25,7.0,6.53571428571,4.96428571429,4.10714285714,5.03571428571,13.6428571429,25.4642857143,49.5,67.75,71.8214285714,85.3214285714,85.2857142857,93.3214285714,95.4285714286,93.7142857143,92.0,100.357142857,112.357142857,102.392857143,88.2857142857,69.1428571429,57.3928571429,39.8214285714,22.4642857143,1339.0,1488.25,1872.25,1413.5,1411.75,1226.75,1000.25
