zone_id,area_id,total,daytype_inweek,daytype_weekend,hod_00h,hod_01h,hod_02h,hod_03h,hod_04h,hod_05h,hod_06h,hod_07h,hod_08h,hod_09h,hod_10h,hod_11h,hod_12h,hod_13h,hod_14h,hod_15h,hod_16h,hod_17h,hod_18h,hod_19h,hod_20h,hod_21h,hod_22h,hod_23h,dow_mon,dow_tue,dow_wed,dow_thu,dow_fri,dow_sat,dow_sun
E07000212,E02006401,2104.21428571,11203.25,3634.5,11.7142857143,8.78571428571,6.53571428571,3.96428571429,6.60714285714,11.8928571429,33.5714285714,77.4642857143,116.357142857,121.5,137.0,148.178571429,146.821428571,139.0,141.642857143,139.5,144.892857143,154.428571429,140.857142857,131.428571429,111.142857143,83.2857142857,54.3214285714,33.3214285714,2009.0,2230.0,2760.5,2092.75,2111.0,1900.75,1625.5
