zone_id,area_id,total,daytype_inweek,daytype_weekend,hod_00h,hod_01h,hod_02h,hod_03h,hod_04h,hod_05h,hod_06h,hod_07h,hod_08h,hod_09h,hod_10h,hod_11h,hod_12h,hod_13h,hod_14h,hod_15h,hod_16h,hod_17h,hod_18h,hod_19h,hod_20h,hod_21h,hod_22h,hod_23h,dow_mon,dow_tue,dow_wed,dow_thu,dow_fri,dow_sat,dow_sun
S12000011,S02001561,1236.82142857,6700.0,2258.25,6.78571428571,7.78571428571,5.5,4.28571428571,4.92857142857,6.39285714286,14.1428571429,36.3214285714,80.7857142857,71.4285714286,76.2142857143,74.5,84.4642857143,80.25,86.3571428571,95.6071428571,89.5,80.2142857143,84.0357142857,75.7142857143,62.3571428571,47.2142857143,37.9285714286,24.1071428571,1336.0,1359.0,1583.0,1223.25,1198.75,1035.5,922.25
