zone_id,area_id,total,daytype_inweek,daytype_weekend,hod_00h,hod_01h,hod_02h,hod_03h,hod_04h,hod_05h,hod_06h,hod_07h,hod_08h,hod_09h,hod_10h,hod_11h,hod_12h,hod_13h,hod_14h,hod_15h,hod_16h,hod_17h,hod_18h,hod_19h,hod_20h,hod_21h,hod_22h,hod_23h,dow_mon,dow_tue,dow_wed,dow_thu,dow_fri,dow_sat,dow_sun
E08000026,E02001992,4335.60714286,23099.75,7520.75,26.1785714286,26.2857142857,20.5714285714,17.1071428571,20.9285714286,46.7857142857,88.1785714286,172.928571429,210.464285714,213.857142857,243.75,264.964285714,297.214285714,300.142857143,304.214285714,300.714285714,325.892857143,326.25,287.535714286,250.0,218.964285714,177.285714286,124.071428571,71.3214285714,4241.25,4537.25,5683.0,4184.0,4454.25,3970.0,3279.5
