zone_id,area_id,total,daytype_inweek,daytype_weekend,hod_00h,hod_01h,hod_02h,hod_03h,hod_04h,hod_05h,hod_06h,hod_07h,hod_08h,hod_09h,hod_10h,hod_11h,hod_12h,hod_13h,hod_14h,hod_15h,hod_16h,hod_17h,hod_18h,hod_19h,hod_20h,hod_21h,hod_22h,hod_23h,dow_mon,dow_tue,dow_wed,dow_thu,dow_fri,dow_sat,dow_sun
E08000004,E02001116,3426.71428571,17936.25,6015.25,36.7857142857,39.8571428571,25.8928571429,19.1428571429,22.6785714286,33.3214285714,49.6785714286,106.75,130.964285714,152.178571429,175.821428571,210.857142857,225.714285714,239.607142857,252.928571429,243.392857143,259.071428571,255.321428571,221.5,206.071428571,178.0,145.714285714,113.642857143,81.8214285714,3289.0,3525.0,4441.5,3331.25,3349.5,3324.5,2726.25
