zone_id,area_id,total,daytype_inweek,daytype_weekend,hod_00h,hod_01h,hod_02h,hod_03h,hod_04h,hod_05h,hod_06h,hod_07h,hod_08h,hod_09h,hod_10h,hod_11h,hod_12h,hod_13h,hod_14h,hod_15h,hod_16h,hod_17h,hod_18h,hod_19h,hod_20h,hod_21h,hod_22h,hod_23h,dow_mon,dow_tue,dow_wed,dow_thu,dow_fri,dow_sat,dow_sun
E07000084,E02004679,2911.21428571,15365.25,5177.25,16.3214285714,13.1428571429,9.0,7.64285714286,8.21428571429,21.75,52.5,111.5,173.0,167.535714286,184.214285714,191.357142857,207.357142857,201.357142857,196.642857143,192.571428571,203.0,218.857142857,193.285714286,173.0,136.642857143,104.178571429,78.8928571429,49.25,2877.75,2985.75,3655.25,2872.25,2974.25,2713.75,2299.5
