zone_id,area_id,total,daytype_inweek,daytype_weekend,hod_00h,hod_01h,hod_02h,hod_03h,hod_04h,hod_05h,hod_06h,hod_07h,hod_08h,hod_09h,hod_10h,hod_11h,hod_12h,hod_13h,hod_14h,hod_15h,hod_16h,hod_17h,hod_18h,hod_19h,hod_20h,hod_21h,hod_22h,hod_23h,dow_mon,dow_tue,dow_wed,dow_thu,dow_fri,dow_sat,dow_sun
E07000114,E02005134,3492.96428571,18020.75,5916.5,17.1071428571,19.7857142857,13.7857142857,9.17857142857,9.96428571429,20.6785714286,47.7142857143,107.035714286,164.75,173.607142857,207.0,234.285714286,255.357142857,246.214285714,252.0,258.714285714,273.428571429,276.428571429,239.964285714,212.428571429,169.428571429,129.392857143,100.535714286,54.1785714286,3055.25,3400.5,4544.0,3429.0,3592.0,3568.75,2861.25
