zone_id,area_id,total,daytype_inweek,daytype_weekend,hod_00h,hod_01h,hod_02h,hod_03h,hod_04h,hod_05h,hod_06h,hod_07h,hod_08h,hod_09h,hod_10h,hod_11h,hod_12h,hod_13h,hod_14h,hod_15h,hod_16h,hod_17h,hod_18h,hod_19h,hod_20h,hod_21h,hod_22h,hod_23h,dow_mon,dow_tue,dow_wed,dow_thu,dow_fri,dow_sat,dow_sun
E09000028,E02000837,1914.42857143,10185.75,3195.5,22.2857142857,21.6071428571,13.6071428571,10.7857142857,9.60714285714,12.1071428571,21.75,53.6428571429,91.8571428571,102.928571429,107.214285714,112.392857143,128.285714286,121.964285714,122.142857143,123.785714286,122.857142857,131.142857143,135.357142857,126.25,105.678571429,87.2857142857,73.2142857143,56.6785714286,1727.5,2030.0,2549.0,1916.0,1963.25,1747.25,1468.0
