zone_id,area_id,total,daytype_inweek,daytype_weekend,hod_00h,hod_01h,hod_02h,hod_03h,hod_04h,hod_05h,hod_06h,hod_07h,hod_08h,hod_09h,hod_10h,hod_11h,hod_12h,hod_13h,hod_14h,hod_15h,hod_16h,hod_17h,hod_18h,hod_19h,hod_20h,hod_21h,hod_22h,hod_23h,dow_mon,dow_tue,dow_wed,dow_thu,dow_fri,dow_sat,dow_sun
S12000034,S02001291,1222.14285714,6471.5,2198.75,4.78571428571,4.71428571429,3.96428571429,2.32142857143,4.57142857143,7.85714285714,24.7857142857,49.1071428571,68.3571428571,67.2857142857,73.9642857143,82.4285714286,82.5,83.0,83.3571428571,93.7857142857,94.25,96.4285714286,80.8214285714,68.0714285714,56.1071428571,46.0357142857,27.8214285714,15.8214285714,1229.0,1257.5,1615.0,1186.25,1183.75,1113.75,969.75
