zone_id,area_id,total,daytype_inweek,daytype_weekend,hod_00h,hod_01h,hod_02h,hod_03h,hod_04h,hod_05h,hod_06h,hod_07h,hod_08h,hod_09h,hod_10h,hod_11h,hod_12h,hod_13h,hod_14h,hod_15h,hod_16h,hod_17h,hod_18h,hod_19h,hod_20h,hod_21h,hod_22h,hod_23h,dow_mon,dow_tue,dow_wed,dow_thu,dow_fri,dow_sat,dow_sun
E06000016,E02002835,6632.96428571,34995.75,11159.25,37.5714285714,51.75,35.1785714286,27.3928571429,28.6071428571,61.3214285714,112.178571429,258.75,340.285714286,334.178571429,342.142857143,377.607142857,408.678571429,415.392857143,426.785714286,438.428571429,486.714285714,528.25,474.464285714,434.25,372.571428571,302.857142857,215.107142857,122.5,6112.5,6897.0,8518.25,6490.0,6978.0,6388.25,5046.75
