zone_id,area_id,total,daytype_inweek,daytype_weekend,hod_00h,hod_01h,hod_02h,hod_03h,hod_04h,hod_05h,hod_06h,hod_07h,hod_08h,hod_09h,hod_10h,hod_11h,hod_12h,hod_13h,hod_14h,hod_15h,hod_16h,hod_17h,hod_18h,hod_19h,hod_20h,hod_21h,hod_22h,hod_23h,dow_mon,dow_tue,dow_wed,dow_thu,dow_fri,dow_sat,dow_sun
E06000011,E02006814,2692.82142857,14325.0,4744.5,10.3571428571,10.2857142857,8.07142857143,6.57142857143,9.82142857143,26.7142857143,51.4642857143,115.142857143,151.892857143,154.142857143,177.785714286,185.642857143,187.928571429,192.142857143,185.857142857,188.464285714,206.321428571,212.25,176.071428571,144.821428571,122.642857143,79.3928571429,58.2142857143,30.8214285714,2615.25,2753.75,3485.5,2714.75,2755.75,2395.5,2129.25
