zone_id,area_id,total,daytype_inweek,daytype_weekend,hod_00h,hod_01h,hod_02h,hod_03h,hod_04h,hod_05h,hod_06h,hod_07h,hod_08h,hod_09h,hod_10h,hod_11h,hod_12h,hod_13h,hod_14h,hod_15h,hod_16h,hod_17h,hod_18h,hod_19h,hod_20h,hod_21h,hod_22h,hod_23h,dow_mon,dow_tue,dow_wed,dow_thu,dow_fri,dow_sat,dow_sun
S12000041,S02001354,1931.32142857,10114.25,3465.25,7.85714285714,12.6785714286,9.85714285714,5.14285714286,7.75,14.6785714286,37.1785714286,77.5357142857,108.0,102.535714286,112.392857143,124.785714286,136.642857143,133.107142857,135.428571429,147.5,158.678571429,146.571428571,119.285714286,104.178571429,84.6785714286,72.5,48.75,23.6071428571,1919.75,1937.0,2488.25,1828.0,1941.25,1859.5,1545.5
