zone_id,area_id,total,daytype_inweek,daytype_weekend,hod_00h,hod_01h,hod_02h,hod_03h,hod_04h,hod_05h,hod_06h,hod_07h,hod_08h,hod_09h,hod_10h,hod_11h,hod_12h,hod_13h,hod_14h,hod_15h,hod_16h,hod_17h,hod_18h,hod_19h,hod_20h,hod_21h,hod_22h,hod_23h,dow_mon,dow_tue,dow_wed,dow_thu,dow_fri,dow_sat,dow_sun
E06000013,E02002766,3775.35714286,19834.0,6357.5,13.4642857143,13.6428571429,10.1785714286,9.35714285714,16.3214285714,54.9642857143,78.0357142857,136.178571429,189.142857143,197.428571429,222.571428571,251.892857143,267.107142857,276.321428571,280.75,285.357142857,292.178571429,289.0,244.071428571,211.714285714,166.142857143,127.214285714,98.1785714286,44.1428571429,3483.0,3810.0,4776.75,3649.75,4114.5,3719.0,2874.5
