zone_id,area_id,total,daytype_inweek,daytype_weekend,hod_00h,hod_01h,hod_02h,hod_03h,hod_04h,hod_05h,hod_06h,hod_07h,hod_08h,hod_09h,hod_10h,hod_11h,hod_12h,hod_13h,hod_14h,hod_15h,hod_16h,hod_17h,hod_18h,hod_19h,hod_20h,hod_21h,hod_22h,hod_23h,dow_mon,dow_tue,dow_wed,dow_thu,dow_fri,dow_sat,dow_sun
E08000035,E02002402,4818.53571429,25818.25,8035.25,22.1785714286,21.75,15.5357142857,12.8571428571,18.1428571429,33.8214285714,95.1785714286,225.25,285.071428571,249.428571429,277.214285714,317.321428571,350.178571429,350.678571429,354.142857143,355.607142857,378.25,399.142857143,319.642857143,248.857142857,188.392857143,145.107142857,95.1785714286,59.6071428571,4569.0,5076.5,6327.75,4815.25,5029.75,4445.25,3466.25
