zone_id,area_id,total,daytype_inweek,daytype_weekend,hod_00h,hod_01h,hod_02h,hod_03h,hod_04h,hod_05h,hod_06h,hod_07h,hod_08h,hod_09h,hod_10h,hod_11h,hod_12h,hod_13h,hod_14h,hod_15h,hod_16h,hod_17h,hod_18h,hod_19h,hod_20h,hod_21h,hod_22h,hod_23h,dow_mon,dow_tue,dow_wed,dow_thu,dow_fri,dow_sat,dow_sun
E07000236,E02006725,2475.46428571,13371.25,4177.25,9.96428571429,12.3214285714,8.71428571429,8.57142857143,8.64285714286,41.1785714286,51.4642857143,96.8571428571,123.892857143,126.321428571,136.75,153.642857143,164.142857143,177.035714286,165.535714286,164.642857143,179.571428571,185.928571429,166.214285714,144.178571429,124.321428571,96.25,88.0,41.3214285714,2390.5,2611.75,3283.5,2491.75,2593.75,2170.25,1786.75
