zone_id,area_id,total,daytype_inweek,daytype_weekend,hod_00h,hod_01h,hod_02h,hod_03h,hod_04h,hod_05h,hod_06h,hod_07h,hod_08h,hod_09h,hod_10h,hod_11h,hod_12h,hod_13h,hod_14h,hod_15h,hod_16h,hod_17h,hod_18h,hod_19h,hod_20h,hod_21h,hod_22h,hod_23h,dow_mon,dow_tue,dow_wed,dow_thu,dow_fri,dow_sat,dow_sun
E07000080,E02004627,626.428571429,3349.0,1068.75,3.25,2.60714285714,1.0,1.60714285714,2.10714285714,5.14285714286,7.46428571429,20.5,33.3571428571,38.2142857143,41.3928571429,40.5357142857,45.25,42.6071428571,42.9285714286,46.6785714286,44.8928571429,40.7142857143,39.5,34.2142857143,31.3928571429,24.7857142857,20.7857142857,15.5,601.5,673.5,869.0,620.25,584.75,568.75,467.25
