zone_id,area_id,total,daytype_inweek,daytype_weekend,hod_00h,hod_01h,hod_02h,hod_03h,hod_04h,hod_05h,hod_06h,hod_07h,hod_08h,hod_09h,hod_10h,hod_11h,hod_12h,hod_13h,hod_14h,hod_15h,hod_16h,hod_17h,hod_18h,hod_19h,hod_20h,hod_21h,hod_22h,hod_23h,dow_mon,dow_tue,dow_wed,dow_thu,dow_fri,dow_sat,dow_sun
E08000003,E02001072,4290.07142857,22846.0,7266.5,52.1071428571,57.1785714286,40.9642857143,30.6428571429,27.25,35.3214285714,62.0,125.678571429,213.214285714,216.821428571,214.178571429,215.892857143,230.035714286,253.785714286,254.75,267.285714286,296.75,331.714285714,307.107142857,278.214285714,242.464285714,215.214285714,187.928571429,133.571428571,4012.25,4486.0,5630.5,4307.5,4409.75,3930.25,3254.25
