zone_id,area_id,total,daytype_inweek,daytype_weekend,hod_00h,hod_01h,hod_02h,hod_03h,hod_04h,hod_05h,hod_06h,hod_07h,hod_08h,hod_09h,hod_10h,hod_11h,hod_12h,hod_13h,hod_14h,hod_15h,hod_16h,hod_17h,hod_18h,hod_19h,hod_20h,hod_21h,hod_22h,hod_23h,dow_mon,dow_tue,dow_wed,dow_thu,dow_fri,dow_sat,dow_sun
E07000192,E02006126,1957.39285714,10227.5,3415.75,9.14285714286,9.85714285714,8.32142857143,6.75,7.14285714286,17.5357142857,28.8928571429,67.6785714286,94.0714285714,100.214285714,113.0,134.535714286,138.714285714,135.785714286,133.75,130.5,146.321428571,150.178571429,134.428571429,122.535714286,96.0,80.6071428571,57.4642857143,33.9642857143,1871.0,1978.5,2504.25,1923.0,1950.75,1929.5,1544.75
