zone_id,area_id,total,daytype_inweek,daytype_weekend,hod_00h,hod_01h,hod_02h,hod_03h,hod_04h,hod_05h,hod_06h,hod_07h,hod_08h,hod_09h,hod_10h,hod_11h,hod_12h,hod_13h,hod_14h,hod_15h,hod_16h,hod_17h,hod_18h,hod_19h,hod_20h,hod_21h,hod_22h,hod_23h,dow_mon,dow_tue,dow_wed,dow_thu,dow_fri,dow_sat,dow_sun
S12000014,S02001735,1248.07142857,6552.75,2196.0,3.78571428571,5.39285714286,4.28571428571,3.35714285714,4.07142857143,14.5357142857,21.8571428571,45.7142857143,65.8214285714,67.5714285714,74.25,80.4285714286,87.0714285714,89.0357142857,94.1428571429,90.5357142857,93.8571428571,95.3571428571,79.3928571429,73.0714285714,57.5,48.0714285714,34.2857142857,14.6785714286,1215.5,1264.75,1625.75,1166.25,1280.5,1203.25,980.5
