zone_id,area_id,total,daytype_inweek,daytype_weekend,hod_00h,hod_01h,hod_02h,hod_03h,hod_04h,hod_05h,hod_06h,hod_07h,hod_08h,hod_09h,hod_10h,hod_11h,hod_12h,hod_13h,hod_14h,hod_15h,hod_16h,hod_17h,hod_18h,hod_19h,hod_20h,hod_21h,hod_22h,hod_23h,dow_mon,dow_tue,dow_wed,dow_thu,dow_fri,dow_sat,dow_sun
E07000144,E02005533,1548.03571429,8226.5,2816.0,7.39285714286,4.53571428571,4.67857142857,4.10714285714,6.35714285714,9.46428571429,21.2857142857,55.6785714286,76.0,91.5,110.178571429,117.892857143,115.964285714,111.285714286,106.678571429,115.857142857,112.964285714,111.75,92.1785714286,74.0,62.25,56.75,48.9642857143,30.3214285714,1582.25,1579.5,2052.25,1570.75,1441.75,1376.0,1233.75
