zone_id,area_id,total,daytype_inweek,daytype_weekend,hod_00h,hod_01h,hod_02h,hod_03h,hod_04h,hod_05h,hod_06h,hod_07h,hod_08h,hod_09h,hod_10h,hod_11h,hod_12h,hod_13h,hod_14h,hod_15h,hod_16h,hod_17h,hod_18h,hod_19h,hod_20h,hod_21h,hod_22h,hod_23h,dow_mon,dow_tue,dow_wed,dow_thu,dow_fri,dow_sat,dow_sun
S12000017,S02002018,5769.07142857,31890.0,9645.0,23.0714285714,21.0714285714,15.8214285714,16.8571428571,21.6428571429,42.4642857143,118.285714286,258.857142857,361.178571429,358.535714286,372.035714286,389.178571429,406.25,402.214285714,418.642857143,429.357142857,446.607142857,438.928571429,363.821428571,288.642857143,217.75,180.285714286,117.428571429,60.1428571429,5876.25,6137.0,7907.25,6486.25,5483.25,4724.75,3768.75
