zone_id,area_id,total,daytype_inweek,daytype_weekend,hod_00h,hod_01h,hod_02h,hod_03h,hod_04h,hod_05h,hod_06h,hod_07h,hod_08h,hod_09h,hod_10h,hod_11h,hod_12h,hod_13h,hod_14h,hod_15h,hod_16h,hod_17h,hod_18h,hod_19h,hod_20h,hod_21h,hod_22h,hod_23h,dow_mon,dow_tue,dow_wed,dow_thu,dow_fri,dow_sat,dow_sun
S12000040,S02002491,3382.0,18102.0,6024.25,15.2857142857,14.5357142857,11.0357142857,8.17857142857,13.75,34.6785714286,76.25,124.607142857,181.25,173.035714286,198.178571429,214.821428571,232.214285714,238.464285714,251.535714286,249.75,255.642857143,259.642857143,226.75,188.285714286,161.392857143,127.821428571,80.8928571429,44.0,3439.25,3561.0,4295.5,3311.0,3495.25,2987.0,2585.0
