zone_id,area_id,total,daytype_inweek,daytype_weekend,hod_00h,hod_01h,hod_02h,hod_03h,hod_04h,hod_05h,hod_06h,hod_07h,hod_08h,hod_09h,hod_10h,hod_11h,hod_12h,hod_13h,hod_14h,hod_15h,hod_16h,hod_17h,hod_18h,hod_19h,hod_20h,hod_21h,hod_22h,hod_23h,dow_mon,dow_tue,dow_wed,dow_thu,dow_fri,dow_sat,dow_sun
E07000134,E02005398,1210.82142857,6675.5,2031.75,10.1428571429,9.17857142857,7.03571428571,6.0,13.3214285714,24.1785714286,37.0714285714,57.8928571429,71.5,62.1785714286,58.25,68.9285714286,80.9285714286,82.0714285714,83.9285714286,78.2857142857,86.5357142857,89.1785714286,68.7857142857,62.4285714286,48.7857142857,40.1428571429,32.3928571429,31.6785714286,1198.5,1280.25,1665.75,1288.5,1242.5,967.0,833.25
