zone_id,area_id,total,daytype_inweek,daytype_weekend,hod_00h,hod_01h,hod_02h,hod_03h,hod_04h,hod_05h,hod_06h,hod_07h,hod_08h,hod_09h,hod_10h,hod_11h,hod_12h,hod_13h,hod_14h,hod_15h,hod_16h,hod_17h,hod_18h,hod_19h,hod_20h,hod_21h,hod_22h,hod_23h,dow_mon,dow_tue,dow_wed,dow_thu,dow_fri,dow_sat,dow_sun
E08000016,E02001535,1318.82142857,6937.0,2343.0,5.0,6.46428571429,3.75,3.57142857143,4.39285714286,11.0357142857,26.1785714286,49.6071428571,70.1428571429,77.9642857143,86.8571428571,90.5714285714,97.1785714286,94.7857142857,89.3928571429,89.8928571429,94.0714285714,100.642857143,84.5714285714,76.0357142857,56.7142857143,47.5714285714,34.2857142857,18.1428571429,1278.25,1388.25,1701.0,1279.5,1290.0,1230.0,1064.75
