zone_id,area_id,total,daytype_inweek,daytype_weekend,hod_00h,hod_01h,hod_02h,hod_03h,hod_04h,hod_05h,hod_06h,hod_07h,hod_08h,hod_09h,hod_10h,hod_11h,hod_12h,hod_13h,hod_14h,hod_15h,hod_16h,hod_17h,hod_18h,hod_19h,hod_20h,hod_21h,hod_22h,hod_23h,dow_mon,dow_tue,dow_wed,dow_thu,dow_fri,dow_sat,dow_sun
E08000029,E02002083,1162.64285714,6120.75,2054.0,6.71428571429,7.5,4.39285714286,4.35714285714,6.64285714286,11.1785714286,22.6428571429,35.8571428571,50.2857142857,58.75,69.9642857143,75.5357142857,76.1785714286,80.2142857143,79.8214285714,76.3571428571,85.0,88.4642857143,78.5357142857,78.6071428571,59.75,50.7857142857,34.6428571429,20.4642857143,1110.0,1188.75,1510.25,1152.25,1159.5,1073.75,944.0
