zone_id,area_id,total,daytype_inweek,daytype_weekend,hod_00h,hod_01h,hod_02h,hod_03h,hod_04h,hod_05h,hod_06h,hod_07h,hod_08h,hod_09h,hod_10h,hod_11h,hod_12h,hod_13h,hod_14h,hod_15h,hod_16h,hod_17h,hod_18h,hod_19h,hod_20h,hod_21h,hod_22h,hod_23h,dow_mon,dow_tue,dow_wed,dow_thu,dow_fri,dow_sat,dow_sun
E08000025,E02006900,10225.9285714,53162.25,17570.75,133.142857143,144.107142857,103.785714286,72.2857142857,74.0,95.0,151.571428571,262.107142857,403.964285714,424.785714286,445.964285714,513.5,600.357142857,679.607142857,700.964285714,692.5,760.035714286,824.392857143,729.0,643.5,549.785714286,482.75,423.678571429,315.142857143,9672.25,10523.75,12999.5,9847.0,10119.75,10520.75,7898.5
