zone_id,area_id,total,daytype_inweek,daytype_weekend,hod_00h,hod_01h,hod_02h,hod_03h,hod_04h,hod_05h,hod_06h,hod_07h,hod_08h,hod_09h,hod_10h,hod_11h,hod_12h,hod_13h,hod_14h,hod_15h,hod_16h,hod_17h,hod_18h,hod_19h,hod_20h,hod_21h,hod_22h,hod_23h,dow_mon,dow_tue,dow_wed,dow_thu,dow_fri,dow_sat,dow_sun
S12000040,S02002482,2826.75,15337.0,5058.25,11.8214285714,13.2142857143,9.75,6.75,10.1785714286,27.5,46.75,110.464285714,168.821428571,151.928571429,163.857142857,181.678571429,201.5,185.892857143,194.357142857,208.642857143,223.678571429,217.535714286,192.25,160.964285714,136.75,102.357142857,64.7857142857,35.3214285714,2971.0,3024.0,3674.0,2748.25,2919.75,2363.0,2087.25
