zone_id,area_id,total,daytype_inweek,daytype_weekend,hod_00h,hod_01h,hod_02h,hod_03h,hod_04h,hod_05h,hod_06h,hod_07h,hod_08h,hod_09h,hod_10h,hod_11h,hod_12h,hod_13h,hod_14h,hod_15h,hod_16h,hod_17h,hod_18h,hod_19h,hod_20h,hod_21h,hod_22h,hod_23h,dow_mon,dow_tue,dow_wed,dow_thu,dow_fri,dow_sat,dow_sun
E06000049,E02003862,2857.92857143,15384.75,4885.25,17.4642857143,15.2142857143,9.82142857143,8.46428571429,13.3571428571,21.1785714286,45.1785714286,109.714285714,159.464285714,170.857142857,191.5,199.25,211.928571429,206.75,199.0,198.571428571,203.142857143,209.25,175.5,151.464285714,115.25,94.5357142857,79.4642857143,51.6071428571,2742.5,3007.25,3804.0,2988.5,2842.5,2478.0,2142.75
