zone_id,area_id,total,daytype_inweek,daytype_weekend,hod_00h,hod_01h,hod_02h,hod_03h,hod_04h,hod_05h,hod_06h,hod_07h,hod_08h,hod_09h,hod_10h,hod_11h,hod_12h,hod_13h,hod_14h,hod_15h,hod_16h,hod_17h,hod_18h,hod_19h,hod_20h,hod_21h,hod_22h,hod_23h,dow_mon,dow_tue,dow_wed,dow_thu,dow_fri,dow_sat,dow_sun
E06000043,E02003498,4311.92857143,22964.25,7275.5,20.7857142857,24.9642857143,21.2142857143,22.5357142857,17.5357142857,27.25,66.9285714286,152.428571429,227.75,239.357142857,250.5,279.928571429,288.035714286,289.892857143,297.464285714,296.285714286,320.642857143,337.785714286,308.678571429,259.892857143,203.035714286,160.535714286,124.678571429,73.8214285714,4064.0,4615.0,5524.5,4275.5,4485.25,4007.75,3211.5
