zone_id,area_id,total,daytype_inweek,daytype_weekend,hod_00h,hod_01h,hod_02h,hod_03h,hod_04h,hod_05h,hod_06h,hod_07h,hod_08h,hod_09h,hod_10h,hod_11h,hod_12h,hod_13h,hod_14h,hod_15h,hod_16h,hod_17h,hod_18h,hod_19h,hod_20h,hod_21h,hod_22h,hod_23h,dow_mon,dow_tue,dow_wed,dow_thu,dow_fri,dow_sat,dow_sun
E06000052,E02003943,6653.5,35420.25,11809.75,23.3928571429,14.75,9.89285714286,10.2142857143,12.2142857143,20.7857142857,54.5357142857,157.785714286,238.428571429,385.321428571,539.571428571,571.428571429,526.607142857,482.071428571,482.357142857,510.678571429,560.535714286,552.714285714,453.285714286,345.857142857,267.892857143,208.928571429,147.392857143,76.8571428571,6650.25,7060.5,8925.5,6667.75,6116.25,5994.75,5159.5
