zone_id,area_id,total,daytype_inweek,daytype_weekend,hod_00h,hod_01h,hod_02h,hod_03h,hod_04h,hod_05h,hod_06h,hod_07h,hod_08h,hod_09h,hod_10h,hod_11h,hod_12h,hod_13h,hod_14h,hod_15h,hod_16h,hod_17h,hod_18h,hod_19h,hod_20h,hod_21h,hod_22h,hod_23h,dow_mon,dow_tue,dow_wed,dow_thu,dow_fri,dow_sat,dow_sun
E06000052,E02003951,4274.71428571,22908.0,7620.25,13.5357142857,12.0357142857,8.28571428571,7.5,10.5714285714,19.4642857143,50.7142857143,130.142857143,180.428571429,242.642857143,310.857142857,342.357142857,332.607142857,313.107142857,323.357142857,333.75,365.357142857,344.0,277.392857143,215.214285714,163.678571429,131.071428571,96.5357142857,50.1071428571,4283.0,4493.5,5595.25,4476.0,4060.25,3677.75,3337.25
