zone_id,area_id,total,daytype_inweek,daytype_weekend,hod_00h,hod_01h,hod_02h,hod_03h,hod_04h,hod_05h,hod_06h,hod_07h,hod_08h,hod_09h,hod_10h,hod_11h,hod_12h,hod_13h,hod_14h,hod_15h,hod_16h,hod_17h,hod_18h,hod_19h,hod_20h,hod_21h,hod_22h,hod_23h,dow_mon,dow_tue,dow_wed,dow_thu,dow_fri,dow_sat,dow_sun
S12000028,S02002352,652.785714286,3537.75,1143.75,3.78571428571,3.75,2.64285714286,1.53571428571,1.67857142857,5.07142857143,9.5,22.3214285714,40.3928571429,34.7857142857,38.3571428571,39.9642857143,42.7857142857,40.1428571429,47.5714285714,46.75,52.1785714286,50.25,41.4285714286,36.5,32.8214285714,27.0,19.2857142857,12.2857142857,665.75,717.0,894.0,651.75,609.25,553.75,478.0
