zone_id,area_id,total,daytype_inweek,daytype_weekend,hod_00h,hod_01h,hod_02h,hod_03h,hod_04h,hod_05h,hod_06h,hod_07h,hod_08h,hod_09h,hod_10h,hod_11h,hod_12h,hod_13h,hod_14h,hod_15h,hod_16h,hod_17h,hod_18h,hod_19h,hod_20h,hod_21h,hod_22h,hod_23h,dow_mon,dow_tue,dow_wed,dow_thu,dow_fri,dow_sat,dow_sun
E08000021,E02001710,3181.0,16969.25,5233.5,17.5,19.2142857143,13.1071428571,11.3214285714,12.5714285714,21.4285714286,41.8571428571,113.928571429,173.785714286,177.071428571,184.035714286,211.607142857,225.571428571,227.535714286,223.071428571,225.392857143,235.357142857,249.321428571,215.607142857,186.785714286,146.178571429,110.714285714,82.7142857143,55.3214285714,2957.0,3295.5,4186.75,3175.5,3354.5,3021.25,2276.5
