zone_id,area_id,total,daytype_inweek,daytype_weekend,hod_00h,hod_01h,hod_02h,hod_03h,hod_04h,hod_05h,hod_06h,hod_07h,hod_08h,hod_09h,hod_10h,hod_11h,hod_12h,hod_13h,hod_14h,hod_15h,hod_16h,hod_17h,hod_18h,hod_19h,hod_20h,hod_21h,hod_22h,hod_23h,dow_mon,dow_tue,dow_wed,dow_thu,dow_fri,dow_sat,dow_sun
E07000067,E02004462,3607.57142857,19548.25,5958.75,19.8571428571,14.9285714286,9.85714285714,9.14285714286,12.4642857143,40.25,72.1785714286,156.178571429,212.071428571,208.107142857,225.464285714,233.142857143,237.785714286,243.75,238.5,237.785714286,259.821428571,283.821428571,239.392857143,202.607142857,161.571428571,128.428571429,103.5,56.9642857143,3376.75,3831.25,4882.5,3709.75,3748.0,3122.75,2582.0
