zone_id,area_id,total,daytype_inweek,daytype_weekend,hod_00h,hod_01h,hod_02h,hod_03h,hod_04h,hod_05h,hod_06h,hod_07h,hod_08h,hod_09h,hod_10h,hod_11h,hod_12h,hod_13h,hod_14h,hod_15h,hod_16h,hod_17h,hod_18h,hod_19h,hod_20h,hod_21h,hod_22h,hod_23h,dow_mon,dow_tue,dow_wed,dow_thu,dow_fri,dow_sat,dow_sun
E06000007,E02002590,2792.75,15254.5,4568.0,9.35714285714,9.0,6.46428571429,6.96428571429,8.71428571429,20.2857142857,44.1071428571,119.035714286,160.464285714,162.857142857,168.607142857,186.142857143,218.428571429,205.678571429,196.714285714,199.714285714,218.607142857,214.321428571,179.071428571,149.464285714,119.928571429,90.6428571429,62.1428571429,36.0357142857,2632.25,2983.75,3722.25,2969.75,2946.5,2359.0,1935.75
