zone_id,area_id,total,daytype_inweek,daytype_weekend,hod_00h,hod_01h,hod_02h,hod_03h,hod_04h,hod_05h,hod_06h,hod_07h,hod_08h,hod_09h,hod_10h,hod_11h,hod_12h,hod_13h,hod_14h,hod_15h,hod_16h,hod_17h,hod_18h,hod_19h,hod_20h,hod_21h,hod_22h,hod_23h,dow_mon,dow_tue,dow_wed,dow_thu,dow_fri,dow_sat,dow_sun
E08000014,E02001464,2899.85714286,15525.5,4854.75,16.9285714286,18.5357142857,12.7142857143,14.3571428571,11.9285714286,17.3928571429,48.7142857143,105.75,146.285714286,155.535714286,164.714285714,182.392857143,202.214285714,200.857142857,212.035714286,203.714285714,217.714285714,217.785714286,199.214285714,170.571428571,136.821428571,110.25,83.1428571429,50.2857142857,2733.0,3045.0,3796.0,2899.25,3052.25,2651.75,2121.75
