zone_id,area_id,total,daytype_inweek,daytype_weekend,hod_00h,hod_01h,hod_02h,hod_03h,hod_04h,hod_05h,hod_06h,hod_07h,hod_08h,hod_09h,hod_10h,hod_11h,hod_12h,hod_13h,hod_14h,hod_15h,hod_16h,hod_17h,hod_18h,hod_19h,hod_20h,hod_21h,hod_22h,hod_23h,dow_mon,dow_tue,dow_wed,dow_thu,dow_fri,dow_sat,dow_sun
S12000036,S02001655,6876.75,35365.25,12199.25,58.6785714286,87.8214285714,60.0,49.3928571429,44.7857142857,59.3928571429,102.0,201.25,380.5,332.892857143,355.571428571,404.25,444.928571429,442.321428571,448.357142857,454.678571429,478.285714286,533.892857143,472.071428571,393.607142857,326.214285714,286.857142857,255.75,203.25,6596.75,6646.25,8318.5,6554.25,7249.5,7169.5,5602.5
