zone_id,area_id,total,daytype_inweek,daytype_weekend,hod_00h,hod_01h,hod_02h,hod_03h,hod_04h,hod_05h,hod_06h,hod_07h,hod_08h,hod_09h,hod_10h,hod_11h,hod_12h,hod_13h,hod_14h,hod_15h,hod_16h,hod_17h,hod_18h,hod_19h,hod_20h,hod_21h,hod_22h,hod_23h,dow_mon,dow_tue,dow_wed,dow_thu,dow_fri,dow_sat,dow_sun
E06000027,E02003163,3192.60714286,16930.75,5654.25,18.8214285714,16.1428571429,15.8928571429,12.3214285714,9.42857142857,12.2857142857,26.75,79.0714285714,132.392857143,157.0,202.214285714,218.392857143,218.321428571,222.964285714,226.214285714,235.107142857,257.428571429,249.428571429,231.285714286,194.607142857,160.857142857,130.857142857,103.642857143,61.1785714286,3151.75,3374.5,4215.0,3277.25,2912.25,2915.0,2502.5
