zone_id,area_id,total,daytype_inweek,daytype_weekend,hod_00h,hod_01h,hod_02h,hod_03h,hod_04h,hod_05h,hod_06h,hod_07h,hod_08h,hod_09h,hod_10h,hod_11h,hod_12h,hod_13h,hod_14h,hod_15h,hod_16h,hod_17h,hod_18h,hod_19h,hod_20h,hod_21h,hod_22h,hod_23h,dow_mon,dow_tue,dow_wed,dow_thu,dow_fri,dow_sat,dow_sun
E09000011,E02000337,1669.92857143,8714.25,2944.75,14.2142857143,13.4642857143,6.92857142857,6.21428571429,4.89285714286,13.4285714286,21.8214285714,45.7857142857,66.5357142857,81.9285714286,98.5357142857,103.0,115.785714286,108.357142857,115.25,111.821428571,114.107142857,115.607142857,114.535714286,114.535714286,94.3928571429,81.8571428571,62.1428571429,44.7857142857,1521.0,1775.75,2120.75,1607.25,1689.5,1551.5,1423.75
