zone_id,area_id,total,daytype_inweek,daytype_weekend,hod_00h,hod_01h,hod_02h,hod_03h,hod_04h,hod_05h,hod_06h,hod_07h,hod_08h,hod_09h,hod_10h,hod_11h,hod_12h,hod_13h,hod_14h,hod_15h,hod_16h,hod_17h,hod_18h,hod_19h,hod_20h,hod_21h,hod_22h,hod_23h,dow_mon,dow_tue,dow_wed,dow_thu,dow_fri,dow_sat,dow_sun
E08000015,E02001496,3172.03571429,16992.75,5392.75,13.4285714286,13.0,9.39285714286,8.21428571429,7.92857142857,19.0,41.7142857143,112.928571429,182.892857143,182.071428571,201.821428571,209.0,222.5,221.25,221.035714286,225.321428571,236.428571429,246.714285714,216.321428571,196.107142857,148.75,112.321428571,78.5714285714,45.3214285714,3048.5,3338.0,4140.25,3185.0,3281.0,2867.25,2344.25
