zone_id,area_id,total,daytype_inweek,daytype_weekend,hod_00h,hod_01h,hod_02h,hod_03h,hod_04h,hod_05h,hod_06h,hod_07h,hod_08h,hod_09h,hod_10h,hod_11h,hod_12h,hod_13h,hod_14h,hod_15h,hod_16h,hod_17h,hod_18h,hod_19h,hod_20h,hod_21h,hod_22h,hod_23h,dow_mon,dow_tue,dow_wed,dow_thu,dow_fri,dow_sat,dow_sun
E06000015,E02002824,4511.25,24336.25,7538.0,25.75,23.75,19.1428571429,18.1785714286,22.1428571429,65.2142857143,99.3214285714,203.107142857,234.25,223.464285714,248.035714286,264.428571429,300.285714286,310.142857143,310.357142857,307.607142857,343.928571429,342.607142857,299.5,254.642857143,218.678571429,179.892857143,130.5,66.3214285714,4335.75,4760.75,5997.25,4621.0,4621.5,4040.25,3202.25
