zone_id,area_id,total,daytype_inweek,daytype_weekend,hod_00h,hod_01h,hod_02h,hod_03h,hod_04h,hod_05h,hod_06h,hod_07h,hod_08h,hod_09h,hod_10h,hod_11h,hod_12h,hod_13h,hod_14h,hod_15h,hod_16h,hod_17h,hod_18h,hod_19h,hod_20h,hod_21h,hod_22h,hod_23h,dow_mon,dow_tue,dow_wed,dow_thu,dow_fri,dow_sat,dow_sun
E07000039,E02004118,1732.85714286,9469.25,3034.0,10.75,10.6071428571,7.78571428571,7.07142857143,9.71428571429,21.7857142857,40.1071428571,67.1428571429,83.9285714286,99.3928571429,115.678571429,112.0,115.892857143,116.714285714,111.0,116.642857143,118.0,113.428571429,109.25,97.8214285714,84.0,71.5714285714,56.6071428571,35.9642857143,1783.25,1837.25,2375.5,1832.25,1641.0,1410.0,1250.75
