zone_id,area_id,total,daytype_inweek,daytype_weekend,hod_00h,hod_01h,hod_02h,hod_03h,hod_04h,hod_05h,hod_06h,hod_07h,hod_08h,hod_09h,hod_10h,hod_11h,hod_12h,hod_13h,hod_14h,hod_15h,hod_16h,hod_17h,hod_18h,hod_19h,hod_20h,hod_21h,hod_22h,hod_23h,dow_mon,dow_tue,dow_wed,dow_thu,dow_fri,dow_sat,dow_sun
E07000070,E02004504,1102.42857143,5779.0,1956.5,5.46428571429,6.0,4.10714285714,2.92857142857,3.39285714286,8.57142857143,20.0,52.3928571429,58.2142857143,63.75,70.0357142857,69.3928571429,74.5,71.9285714286,73.0357142857,76.8214285714,76.5714285714,88.3214285714,73.8571428571,62.1428571429,51.4642857143,42.0714285714,30.5,16.9642857143,1068.5,1102.0,1401.5,1067.0,1140.0,1050.0,888.0
