zone_id,area_id,total,daytype_inweek,daytype_weekend,hod_00h,hod_01h,hod_02h,hod_03h,hod_04h,hod_05h,hod_06h,hod_07h,hod_08h,hod_09h,hod_10h,hod_11h,hod_12h,hod_13h,hod_14h,hod_15h,hod_16h,hod_17h,hod_18h,hod_19h,hod_20h,hod_21h,hod_22h,hod_23h,dow_mon,dow_tue,dow_wed,dow_thu,dow_fri,dow_sat,dow_sun
S12000015,S02001764,1395.14285714,7508.75,2426.0,7.5,5.21428571429,4.39285714286,3.96428571429,4.39285714286,15.4285714286,36.1428571429,51.3214285714,79.9285714286,73.75,79.4285714286,85.2857142857,96.1428571429,92.4642857143,94.5,107.392857143,108.714285714,113.464285714,90.8571428571,76.7857142857,63.6428571429,48.25,36.3214285714,19.8571428571,1402.25,1475.0,1846.5,1388.0,1397.0,1233.5,1023.75
