zone_id,area_id,total,daytype_inweek,daytype_weekend,hod_00h,hod_01h,hod_02h,hod_03h,hod_04h,hod_05h,hod_06h,hod_07h,hod_08h,hod_09h,hod_10h,hod_11h,hod_12h,hod_13h,hod_14h,hod_15h,hod_16h,hod_17h,hod_18h,hod_19h,hod_20h,hod_21h,hod_22h,hod_23h,dow_mon,dow_tue,dow_wed,dow_thu,dow_fri,dow_sat,dow_sun
E07000098,E02004898,750.607142857,4038.0,1301.0,7.03571428571,6.14285714286,4.89285714286,2.82142857143,3.17857142857,5.14285714286,11.3928571429,25.8214285714,39.5714285714,45.8571428571,46.7142857143,51.0,51.8928571429,48.6071428571,47.7857142857,45.2857142857,49.9285714286,46.3571428571,46.7857142857,44.6071428571,36.9642857143,37.1428571429,28.4642857143,17.2142857143,721.0,812.5,1013.75,766.75,724.0,636.25,580.0
