zone_id,area_id,total,daytype_inweek,daytype_weekend,hod_00h,hod_01h,hod_02h,hod_03h,hod_04h,hod_05h,hod_06h,hod_07h,hod_08h,hod_09h,hod_10h,hod_11h,hod_12h,hod_13h,hod_14h,hod_15h,hod_16h,hod_17h,hod_18h,hod_19h,hod_20h,hod_21h,hod_22h,hod_23h,dow_mon,dow_tue,dow_wed,dow_thu,dow_fri,dow_sat,dow_sun
E07000090,E02004768,1132.28571429,5884.5,1950.25,4.07142857143,4.53571428571,1.35714285714,2.28571428571,4.92857142857,6.57142857143,14.7142857143,38.3571428571,56.25,65.2142857143,72.75,81.1071428571,82.6071428571,75.7857142857,80.9285714286,76.1785714286,88.25,87.3571428571,80.6785714286,67.8928571429,55.6071428571,41.2142857143,28.2857142857,15.3571428571,1050.5,1150.75,1444.25,1079.0,1160.0,1141.75,899.75
