zone_id,area_id,total,daytype_inweek,daytype_weekend,hod_00h,hod_01h,hod_02h,hod_03h,hod_04h,hod_05h,hod_06h,hod_07h,hod_08h,hod_09h,hod_10h,hod_11h,hod_12h,hod_13h,hod_14h,hod_15h,hod_16h,hod_17h,hod_18h,hod_19h,hod_20h,hod_21h,hod_22h,hod_23h,dow_mon,dow_tue,dow_wed,dow_thu,dow_fri,dow_sat,dow_sun
E08000026,E02001987,2495.17857143,13207.75,4303.25,16.6071428571,14.2142857143,13.1428571429,10.1428571429,9.67857142857,14.9642857143,35.2142857143,82.0,138.0,132.357142857,143.142857143,148.678571429,171.214285714,182.571428571,168.857142857,174.535714286,186.785714286,195.142857143,173.25,143.785714286,123.071428571,95.25,75.2857142857,47.2857142857,2365.5,2569.0,3222.75,2453.25,2597.25,2320.75,1937.75
