zone_id,area_id,total,daytype_inweek,daytype_weekend,hod_00h,hod_01h,hod_02h,hod_03h,hod_04h,hod_05h,hod_06h,hod_07h,hod_08h,hod_09h,hod_10h,hod_11h,hod_12h,hod_13h,hod_14h,hod_15h,hod_16h,hod_17h,hod_18h,hod_19h,hod_20h,hod_21h,hod_22h,hod_23h,dow_mon,dow_tue,dow_wed,dow_thu,dow_fri,dow_sat,dow_sun
E06000042,E02003472,30124.6071429,159545.0,50370.5,139.464285714,147.857142857,109.464285714,86.7142857143,89.6785714286,186.321428571,384.035714286,931.142857143,1593.32142857,1389.28571429,1631.32142857,1964.67857143,2400.5,2504.0,2405.14285714,2269.25,2339.75,2552.64285714,2018.25,1613.25,1269.71428571,948.428571429,714.821428571,435.571428571,28106.75,30735.75,38925.0,30356.75,31420.75,29063.5,22263.75
