zone_id,area_id,total,daytype_inweek,daytype_weekend,hod_00h,hod_01h,hod_02h,hod_03h,hod_04h,hod_05h,hod_06h,hod_07h,hod_08h,hod_09h,hod_10h,hod_11h,hod_12h,hod_13h,hod_14h,hod_15h,hod_16h,hod_17h,hod_18h,hod_19h,hod_20h,hod_21h,hod_22h,hod_23h,dow_mon,dow_tue,dow_wed,dow_thu,dow_fri,dow_sat,dow_sun
E07000190,E02006101,2508.92857143,13523.25,4388.75,11.0714285714,10.25,9.07142857143,6.96428571429,8.82142857143,17.1428571429,41.3928571429,114.071428571,144.642857143,153.071428571,167.321428571,165.428571429,168.142857143,157.214285714,158.892857143,164.214285714,174.428571429,185.892857143,161.642857143,143.892857143,119.321428571,92.9642857143,84.9285714286,48.1428571429,2516.75,2659.0,3369.5,2565.5,2412.5,2167.25,1872.0
