zone_id,area_id,total,daytype_inweek,daytype_weekend,hod_00h,hod_01h,hod_02h,hod_03h,hod_04h,hod_05h,hod_06h,hod_07h,hod_08h,hod_09h,hod_10h,hod_11h,hod_12h,hod_13h,hod_14h,hod_15h,hod_16h,hod_17h,hod_18h,hod_19h,hod_20h,hod_21h,hod_22h,hod_23h,dow_mon,dow_tue,dow_wed,dow_thu,dow_fri,dow_sat,dow_sun
E09000024,E02000708,1816.89285714,9620.5,3170.25,12.1071428571,10.0714285714,5.96428571429,4.78571428571,6.0,10.2142857143,25.2857142857,55.8928571429,91.8571428571,103.75,111.5,120.107142857,122.821428571,124.535714286,122.714285714,117.071428571,117.535714286,126.642857143,130.678571429,121.357142857,104.821428571,78.6428571429,56.0,36.5357142857,1747.75,1962.0,2292.75,1727.0,1891.0,1675.25,1422.5
