zone_id,area_id,total,daytype_inweek,daytype_weekend,hod_00h,hod_01h,hod_02h,hod_03h,hod_04h,hod_05h,hod_06h,hod_07h,hod_08h,hod_09h,hod_10h,hod_11h,hod_12h,hod_13h,hod_14h,hod_15h,hod_16h,hod_17h,hod_18h,hod_19h,hod_20h,hod_21h,hod_22h,hod_23h,dow_mon,dow_tue,dow_wed,dow_thu,dow_fri,dow_sat,dow_sun
E08000036,E02002470,2637.0,13917.5,4619.75,13.6071428571,15.2857142857,11.6071428571,10.0,11.2857142857,30.7142857143,53.6071428571,88.9642857143,120.178571429,139.357142857,152.107142857,172.928571429,181.321428571,183.785714286,191.857142857,184.607142857,190.75,192.071428571,176.607142857,157.321428571,135.892857143,102.035714286,75.9642857143,45.1428571429,2527.75,2717.5,3463.75,2504.0,2704.5,2449.5,2092.0
