zone_id,area_id,total,daytype_inweek,daytype_weekend,hod_00h,hod_01h,hod_02h,hod_03h,hod_04h,hod_05h,hod_06h,hod_07h,hod_08h,hod_09h,hod_10h,hod_11h,hod_12h,hod_13h,hod_14h,hod_15h,hod_16h,hod_17h,hod_18h,hod_19h,hod_20h,hod_21h,hod_22h,hod_23h,dow_mon,dow_tue,dow_wed,dow_thu,dow_fri,dow_sat,dow_sun
E06000055,E02003616,1963.35714286,9093.5,3472.0,14.5714285714,13.8571428571,8.42857142857,6.96428571429,6.89285714286,11.9642857143,25.9285714286,77.6071428571,113.428571429,130.071428571,142.464285714,141.25,155.107142857,139.392857143,128.928571429,129.214285714,132.964285714,142.607142857,108.964285714,94.0714285714,82.1428571429,66.0714285714,53.4642857143,37.0,1468.5,1689.5,2191.5,1579.25,2164.75,2646.5,2003.5
