zone_id,area_id,total,daytype_inweek,daytype_weekend,hod_00h,hod_01h,hod_02h,hod_03h,hod_04h,hod_05h,hod_06h,hod_07h,hod_08h,hod_09h,hod_10h,hod_11h,hod_12h,hod_13h,hod_14h,hod_15h,hod_16h,hod_17h,hod_18h,hod_19h,hod_20h,hod_21h,hod_22h,hod_23h,dow_mon,dow_tue,dow_wed,dow_thu,dow_fri,dow_sat,dow_sun
E06000050,E02003806,3043.92857143,16153.75,5223.25,13.1071428571,12.3571428571,9.07142857143,8.0,8.17857142857,12.8214285714,35.7857142857,95.0357142857,163.892857143,164.535714286,187.071428571,201.642857143,216.321428571,221.178571429,214.071428571,221.0,230.535714286,252.428571429,208.035714286,176.0,140.928571429,108.892857143,88.2857142857,54.75,2845.0,3097.0,4013.25,3119.25,3079.25,2775.5,2378.25
