zone_id,area_id,total,daytype_inweek,daytype_weekend,hod_00h,hod_01h,hod_02h,hod_03h,hod_04h,hod_05h,hod_06h,hod_07h,hod_08h,hod_09h,hod_10h,hod_11h,hod_12h,hod_13h,hod_14h,hod_15h,hod_16h,hod_17h,hod_18h,hod_19h,hod_20h,hod_21h,hod_22h,hod_23h,dow_mon,dow_tue,dow_wed,dow_thu,dow_fri,dow_sat,dow_sun
E07000209,E02006353,1313.89285714,7022.25,2219.75,5.60714285714,6.64285714286,3.89285714286,2.39285714286,4.14285714286,9.28571428571,24.1785714286,55.75,80.6071428571,77.4642857143,76.3928571429,89.5,88.1071428571,86.8928571429,87.4642857143,85.8571428571,91.6785714286,102.178571429,92.9285714286,81.0714285714,60.5714285714,45.1071428571,35.8571428571,20.3214285714,1242.5,1418.5,1722.5,1307.75,1331.0,1197.75,977.25
