zone_id,area_id,total,daytype_inweek,daytype_weekend,hod_00h,hod_01h,hod_02h,hod_03h,hod_04h,hod_05h,hod_06h,hod_07h,hod_08h,hod_09h,hod_10h,hod_11h,hod_12h,hod_13h,hod_14h,hod_15h,hod_16h,hod_17h,hod_18h,hod_19h,hod_20h,hod_21h,hod_22h,hod_23h,dow_mon,dow_tue,dow_wed,dow_thu,dow_fri,dow_sat,dow_sun
E08000003,E02001064,5212.53571429,27742.0,8900.75,49.3928571429,59.4642857143,45.0714285714,35.2857142857,39.8928571429,53.1785714286,90.3214285714,173.25,233.5,256.464285714,275.571428571,305.428571429,338.107142857,351.571428571,350.571428571,351.857142857,366.25,362.964285714,346.321428571,314.607142857,260.821428571,228.678571429,191.357142857,132.607142857,4872.5,5475.0,6935.0,5037.75,5421.75,4717.5,4028.25
