zone_id,area_id,total,daytype_inweek,daytype_weekend,hod_00h,hod_01h,hod_02h,hod_03h,hod_04h,hod_05h,hod_06h,hod_07h,hod_08h,hod_09h,hod_10h,hod_11h,hod_12h,hod_13h,hod_14h,hod_15h,hod_16h,hod_17h,hod_18h,hod_19h,hod_20h,hod_21h,hod_22h,hod_23h,dow_mon,dow_tue,dow_wed,dow_thu,dow_fri,dow_sat,dow_sun
E07000187,E02006051,2424.67857143,12915.5,4285.0,7.57142857143,7.85714285714,7.78571428571,7.35714285714,7.57142857143,18.8214285714,35.0714285714,91.0357142857,140.607142857,138.107142857,160.607142857,168.642857143,175.357142857,173.071428571,173.035714286,172.142857143,173.464285714,189.928571429,149.178571429,128.107142857,105.428571429,86.7857142857,68.1428571429,39.0,2425.5,2528.75,3198.25,2431.5,2331.5,2197.75,1859.5
