zone_id,area_id,total,daytype_inweek,daytype_weekend,hod_00h,hod_01h,hod_02h,hod_03h,hod_04h,hod_05h,hod_06h,hod_07h,hod_08h,hod_09h,hod_10h,hod_11h,hod_12h,hod_13h,hod_14h,hod_15h,hod_16h,hod_17h,hod_18h,hod_19h,hod_20h,hod_21h,hod_22h,hod_23h,dow_mon,dow_tue,dow_wed,dow_thu,dow_fri,dow_sat,dow_sun
E07000181,E02006003,1675.07142857,8976.0,2927.0,7.21428571429,7.03571428571,5.64285714286,5.32142857143,5.96428571429,15.7142857143,31.5714285714,75.0,106.964285714,101.785714286,109.5,121.142857143,122.892857143,114.428571429,111.714285714,109.714285714,117.178571429,129.678571429,98.6785714286,82.5714285714,63.0,53.3571428571,47.7857142857,31.2142857143,1621.0,1734.25,2180.0,1712.25,1728.5,1443.5,1306.0
