zone_id,area_id,total,daytype_inweek,daytype_weekend,hod_00h,hod_01h,hod_02h,hod_03h,hod_04h,hod_05h,hod_06h,hod_07h,hod_08h,hod_09h,hod_10h,hod_11h,hod_12h,hod_13h,hod_14h,hod_15h,hod_16h,hod_17h,hod_18h,hod_19h,hod_20h,hod_21h,hod_22h,hod_23h,dow_mon,dow_tue,dow_wed,dow_thu,dow_fri,dow_sat,dow_sun
E07000177,E02005938,712.142857143,3860.75,1199.75,3.92857142857,2.53571428571,1.71428571429,1.71428571429,1.78571428571,6.39285714286,12.0,32.6428571429,43.25,37.6428571429,45.1785714286,43.9642857143,45.3928571429,45.5714285714,46.9642857143,46.4285714286,54.6785714286,56.9285714286,48.0,42.0,32.2857142857,28.5714285714,21.3214285714,11.25,670.75,758.5,948.5,782.75,700.25,595.25,529.0
