zone_id,area_id,total,daytype_inweek,daytype_weekend,hod_00h,hod_01h,hod_02h,hod_03h,hod_04h,hod_05h,hod_06h,hod_07h,hod_08h,hod_09h,hod_10h,hod_11h,hod_12h,hod_13h,hod_14h,hod_15h,hod_16h,hod_17h,hod_18h,hod_19h,hod_20h,hod_21h,hod_22h,hod_23h,dow_mon,dow_tue,dow_wed,dow_thu,dow_fri,dow_sat,dow_sun
E08000026,E02001981,6042.10714286,31847.75,10379.75,51.3214285714,63.0714285714,47.8928571429,38.7142857143,37.1071428571,58.6785714286,96.1071428571,160.928571429,238.464285714,257.321428571,308.678571429,360.571428571,408.142857143,443.857142857,444.535714286,452.75,449.214285714,458.571428571,405.214285714,361.714285714,312.178571429,256.25,200.928571429,129.892857143,5789.0,6290.0,7657.0,5847.0,6264.75,5856.25,4590.75
