zone_id,area_id,total,daytype_inweek,daytype_weekend,hod_00h,hod_01h,hod_02h,hod_03h,hod_04h,hod_05h,hod_06h,hod_07h,hod_08h,hod_09h,hod_10h,hod_11h,hod_12h,hod_13h,hod_14h,hod_15h,hod_16h,hod_17h,hod_18h,hod_19h,hod_20h,hod_21h,hod_22h,hod_23h,dow_mon,dow_tue,dow_wed,dow_thu,dow_fri,dow_sat,dow_sun
E08000010,E02001301,10723.9642857,56646.5,17974.25,59.8928571429,70.3214285714,50.7857142857,41.75,41.9642857143,79.9642857143,163.678571429,345.357142857,510.392857143,548.928571429,649.035714286,728.035714286,794.25,814.607142857,790.035714286,774.607142857,774.285714286,795.821428571,702.714285714,604.392857143,499.428571429,389.392857143,305.642857143,188.678571429,10011.75,11013.75,13826.75,10408.5,11385.75,10458.75,7962.5
