zone_id,area_id,total,daytype_inweek,daytype_weekend,hod_00h,hod_01h,hod_02h,hod_03h,hod_04h,hod_05h,hod_06h,hod_07h,hod_08h,hod_09h,hod_10h,hod_11h,hod_12h,hod_13h,hod_14h,hod_15h,hod_16h,hod_17h,hod_18h,hod_19h,hod_20h,hod_21h,hod_22h,hod_23h,dow_mon,dow_tue,dow_wed,dow_thu,dow_fri,dow_sat,dow_sun
E07000036,E02004091,1629.5,8679.5,2996.75,6.14285714286,11.3214285714,5.14285714286,5.0,8.67857142857,18.3571428571,34.7857142857,57.9642857143,81.4285714286,94.7142857143,102.821428571,111.357142857,117.071428571,119.357142857,114.071428571,111.142857143,114.785714286,127.892857143,104.928571429,95.1785714286,74.6071428571,53.6428571429,37.5,21.6071428571,1703.25,1722.0,2097.5,1530.5,1626.25,1433.5,1293.5
