zone_id,area_id,total,daytype_inweek,daytype_weekend,hod_00h,hod_01h,hod_02h,hod_03h,hod_04h,hod_05h,hod_06h,hod_07h,hod_08h,hod_09h,hod_10h,hod_11h,hod_12h,hod_13h,hod_14h,hod_15h,hod_16h,hod_17h,hod_18h,hod_19h,hod_20h,hod_21h,hod_22h,hod_23h,dow_mon,dow_tue,dow_wed,dow_thu,dow_fri,dow_sat,dow_sun
E07000225,E02006572,4071.39285714,21296.25,7047.0,18.0,14.1071428571,9.32142857143,8.07142857143,10.3214285714,28.9285714286,68.25,164.107142857,216.642857143,237.607142857,263.642857143,291.142857143,303.0,298.25,294.071428571,293.821428571,300.214285714,310.857142857,263.178571429,217.678571429,173.357142857,129.071428571,96.3214285714,61.4285714286,3753.0,4045.75,5219.75,4152.5,4125.25,3909.5,3294.0
