zone_id,area_id,total,daytype_inweek,daytype_weekend,hod_00h,hod_01h,hod_02h,hod_03h,hod_04h,hod_05h,hod_06h,hod_07h,hod_08h,hod_09h,hod_10h,hod_11h,hod_12h,hod_13h,hod_14h,hod_15h,hod_16h,hod_17h,hod_18h,hod_19h,hod_20h,hod_21h,hod_22h,hod_23h,dow_mon,dow_tue,dow_wed,dow_thu,dow_fri,dow_sat,dow_sun
E08000031,E02002152,1975.64285714,10456.5,3394.75,9.25,12.2142857143,7.75,6.78571428571,8.57142857143,20.3928571429,39.4285714286,64.5,84.8928571429,98.3928571429,116.357142857,131.035714286,139.535714286,140.964285714,140.25,139.5,142.571428571,141.857142857,134.75,115.214285714,100.75,84.2142857143,62.1428571429,34.3214285714,1887.25,2075.0,2553.5,1913.5,2027.25,1865.5,1507.5
