zone_id,area_id,total,daytype_inweek,daytype_weekend,hod_00h,hod_01h,hod_02h,hod_03h,hod_04h,hod_05h,hod_06h,hod_07h,hod_08h,hod_09h,hod_10h,hod_11h,hod_12h,hod_13h,hod_14h,hod_15h,hod_16h,hod_17h,hod_18h,hod_19h,hod_20h,hod_21h,hod_22h,hod_23h,dow_mon,dow_tue,dow_wed,dow_thu,dow_fri,dow_sat,dow_sun
E08000005,E02001143,4937.82142857,26387.25,8505.75,36.6071428571,39.6785714286,26.8571428571,19.1785714286,19.25,47.6428571429,81.8214285714,152.821428571,211.214285714,234.607142857,275.642857143,311.535714286,343.25,341.642857143,356.25,346.214285714,365.857142857,360.321428571,336.571428571,302.035714286,254.571428571,202.964285714,161.5,109.785714286,4843.25,5282.5,6419.0,4909.75,4932.75,4515.0,3662.5
