zone_id,area_id,total,daytype_inweek,daytype_weekend,hod_00h,hod_01h,hod_02h,hod_03h,hod_04h,hod_05h,hod_06h,hod_07h,hod_08h,hod_09h,hod_10h,hod_11h,hod_12h,hod_13h,hod_14h,hod_15h,hod_16h,hod_17h,hod_18h,hod_19h,hod_20h,hod_21h,hod_22h,hod_23h,dow_mon,dow_tue,dow_wed,dow_thu,dow_fri,dow_sat,dow_sun
E06000035,E02003336,2181.28571429,11627.75,3755.5,10.2857142857,10.4285714286,7.39285714286,5.17857142857,6.5,17.1428571429,35.8928571429,86.4285714286,112.035714286,123.892857143,137.785714286,146.142857143,153.178571429,152.464285714,144.071428571,150.035714286,160.857142857,164.214285714,147.642857143,128.928571429,104.392857143,86.5357142857,56.25,33.6071428571,2114.5,2326.25,2789.5,2168.75,2228.75,2000.25,1641.0
