zone_id,area_id,total,daytype_inweek,daytype_weekend,hod_00h,hod_01h,hod_02h,hod_03h,hod_04h,hod_05h,hod_06h,hod_07h,hod_08h,hod_09h,hod_10h,hod_11h,hod_12h,hod_13h,hod_14h,hod_15h,hod_16h,hod_17h,hod_18h,hod_19h,hod_20h,hod_21h,hod_22h,hod_23h,dow_mon,dow_tue,dow_wed,dow_thu,dow_fri,dow_sat,dow_sun
E08000030,E02002125,2175.71428571,11695.5,3605.75,11.3928571429,13.0357142857,8.92857142857,6.82142857143,8.89285714286,20.9285714286,36.5357142857,73.4642857143,97.7857142857,108.428571429,129.178571429,142.571428571,154.75,159.678571429,152.571428571,153.428571429,171.642857143,164.857142857,142.107142857,133.178571429,103.428571429,82.1428571429,64.5,35.4642857143,2024.5,2364.0,2859.0,2211.5,2236.5,1953.25,1581.25
