zone_id,area_id,total,daytype_inweek,daytype_weekend,hod_00h,hod_01h,hod_02h,hod_03h,hod_04h,hod_05h,hod_06h,hod_07h,hod_08h,hod_09h,hod_10h,hod_11h,hod_12h,hod_13h,hod_14h,hod_15h,hod_16h,hod_17h,hod_18h,hod_19h,hod_20h,hod_21h,hod_22h,hod_23h,dow_mon,dow_tue,dow_wed,dow_thu,dow_fri,dow_sat,dow_sun
E08000019,E02001655,3280.71428571,17365.5,5613.75,18.5714285714,19.8571428571,13.1428571429,11.5357142857,13.0714285714,40.4285714286,66.5714285714,148.142857143,168.142857143,173.607142857,191.321428571,205.857142857,226.035714286,227.857142857,226.285714286,232.857142857,248.571428571,243.678571429,216.464285714,181.107142857,156.178571429,121.178571429,81.4285714286,48.8214285714,3098.75,3369.25,4264.5,3217.5,3415.5,3084.5,2515.0
