zone_id,area_id,total,daytype_inweek,daytype_weekend,hod_00h,hod_01h,hod_02h,hod_03h,hod_04h,hod_05h,hod_06h,hod_07h,hod_08h,hod_09h,hod_10h,hod_11h,hod_12h,hod_13h,hod_14h,hod_15h,hod_16h,hod_17h,hod_18h,hod_19h,hod_20h,hod_21h,hod_22h,hod_23h,dow_mon,dow_tue,dow_wed,dow_thu,dow_fri,dow_sat,dow_sun
E06000037,E02003384,2987.92857143,15927.75,5266.25,14.3928571429,14.3928571429,11.3571428571,11.5357142857,10.7857142857,21.0714285714,57.6785714286,124.5,181.678571429,185.142857143,200.178571429,205.535714286,208.142857143,206.214285714,198.75,196.642857143,211.785714286,212.964285714,189.464285714,159.464285714,132.071428571,99.8928571429,83.2857142857,51.0,2927.25,3139.75,3901.75,2941.25,3017.75,2648.75,2339.0
