zone_id,area_id,total,daytype_inweek,daytype_weekend,hod_00h,hod_01h,hod_02h,hod_03h,hod_04h,hod_05h,hod_06h,hod_07h,hod_08h,hod_09h,hod_10h,hod_11h,hod_12h,hod_13h,hod_14h,hod_15h,hod_16h,hod_17h,hod_18h,hod_19h,hod_20h,hod_21h,hod_22h,hod_23h,dow_mon,dow_tue,dow_wed,dow_thu,dow_fri,dow_sat,dow_sun
E08000012,E02001396,5443.78571429,29382.25,9391.0,34.4285714286,37.5714285714,29.2857142857,22.2142857143,22.0714285714,35.1428571429,84.2857142857,190.142857143,279.821428571,282.071428571,290.25,330.857142857,361.571428571,380.178571429,389.428571429,393.392857143,420.428571429,439.25,374.571428571,316.0,265.892857143,201.964285714,156.678571429,106.285714286,5330.75,5689.5,7126.5,5643.75,5591.75,4664.0,4060.25
