zone_id,area_id,total,daytype_inweek,daytype_weekend,hod_00h,hod_01h,hod_02h,hod_03h,hod_04h,hod_05h,hod_06h,hod_07h,hod_08h,hod_09h,hod_10h,hod_11h,hod_12h,hod_13h,hod_14h,hod_15h,hod_16h,hod_17h,hod_18h,hod_19h,hod_20h,hod_21h,hod_22h,hod_23h,dow_mon,dow_tue,dow_wed,dow_thu,dow_fri,dow_sat,dow_sun
E06000004,E02002540,1499.0,8084.0,2467.5,6.10714285714,7.07142857143,4.71428571429,4.75,4.82142857143,12.6785714286,21.8571428571,48.0714285714,71.7142857143,83.5,91.0714285714,103.357142857,117.714285714,116.107142857,111.142857143,111.392857143,115.892857143,111.75,98.8214285714,79.3214285714,65.7142857143,51.9642857143,35.5357142857,23.9285714286,1431.25,1623.5,1975.25,1520.5,1533.5,1372.75,1036.25
