zone_id,area_id,total,daytype_inweek,daytype_weekend,hod_00h,hod_01h,hod_02h,hod_03h,hod_04h,hod_05h,hod_06h,hod_07h,hod_08h,hod_09h,hod_10h,hod_11h,hod_12h,hod_13h,hod_14h,hod_15h,hod_16h,hod_17h,hod_18h,hod_19h,hod_20h,hod_21h,hod_22h,hod_23h,dow_mon,dow_tue,dow_wed,dow_thu,dow_fri,dow_sat,dow_sun
E06000052,E02003947,6008.60714286,32272.25,10672.0,16.0714285714,14.3214285714,10.0357142857,10.7142857143,13.9285714286,25.2857142857,56.3214285714,158.607142857,241.75,328.535714286,457.321428571,492.75,483.464285714,447.857142857,456.535714286,468.714285714,500.107142857,486.535714286,412.714285714,303.642857143,235.642857143,186.321428571,134.607142857,66.8214285714,6155.0,6525.0,7837.25,6166.5,5588.5,5271.0,4517.0
