zone_id,area_id,total,daytype_inweek,daytype_weekend,hod_00h,hod_01h,hod_02h,hod_03h,hod_04h,hod_05h,hod_06h,hod_07h,hod_08h,hod_09h,hod_10h,hod_11h,hod_12h,hod_13h,hod_14h,hod_15h,hod_16h,hod_17h,hod_18h,hod_19h,hod_20h,hod_21h,hod_22h,hod_23h,dow_mon,dow_tue,dow_wed,dow_thu,dow_fri,dow_sat,dow_sun
E07000069,E02004475,812.214285714,4146.25,1457.5,4.32142857143,3.5,3.32142857143,1.53571428571,1.67857142857,3.60714285714,8.0,24.3571428571,35.1785714286,47.9642857143,58.4642857143,61.4285714286,66.3571428571,63.5,62.6428571429,56.3571428571,55.4642857143,58.3928571429,52.6428571429,45.5357142857,41.5,27.5357142857,18.5,10.4285714286,760.25,789.25,1001.25,747.5,848.0,842.0,697.25
