zone_id,area_id,total,daytype_inweek,daytype_weekend,hod_00h,hod_01h,hod_02h,hod_03h,hod_04h,hod_05h,hod_06h,hod_07h,hod_08h,hod_09h,hod_10h,hod_11h,hod_12h,hod_13h,hod_14h,hod_15h,hod_16h,hod_17h,hod_18h,hod_19h,hod_20h,hod_21h,hod_22h,hod_23h,dow_mon,dow_tue,dow_wed,dow_thu,dow_fri,dow_sat,dow_sun
E06000047,E02004336,2880.39285714,15564.5,4831.5,13.0,10.4642857143,8.5,6.42857142857,6.57142857143,26.1428571429,63.4642857143,120.214285714,146.571428571,175.428571429,189.428571429,201.571428571,206.678571429,196.285714286,202.035714286,198.892857143,213.035714286,222.607142857,183.428571429,165.607142857,126.821428571,93.75,64.8214285714,38.6428571429,2773.5,3049.0,3872.75,2968.25,2901.0,2540.25,2058.0
