zone_id,area_id,total,daytype_inweek,daytype_weekend,hod_00h,hod_01h,hod_02h,hod_03h,hod_04h,hod_05h,hod_06h,hod_07h,hod_08h,hod_09h,hod_10h,hod_11h,hod_12h,hod_13h,hod_14h,hod_15h,hod_16h,hod_17h,hod_18h,hod_19h,hod_20h,hod_21h,hod_22h,hod_23h,dow_mon,dow_tue,dow_wed,dow_thu,dow_fri,dow_sat,dow_sun
S12000042,S02001453,2031.89285714,10739.75,3518.75,7.89285714286,13.9642857143,10.2857142857,8.96428571429,8.39285714286,14.0,36.3928571429,77.0714285714,119.75,100.75,108.25,122.357142857,137.214285714,140.285714286,144.892857143,157.392857143,161.821428571,157.821428571,141.571428571,115.321428571,91.8571428571,73.9642857143,51.8571428571,29.8214285714,1995.0,2079.75,2604.25,1865.75,2195.0,1959.75,1523.75
