zone_id,area_id,total,daytype_inweek,daytype_weekend,hod_00h,hod_01h,hod_02h,hod_03h,hod_04h,hod_05h,hod_06h,hod_07h,hod_08h,hod_09h,hod_10h,hod_11h,hod_12h,hod_13h,hod_14h,hod_15h,hod_16h,hod_17h,hod_18h,hod_19h,hod_20h,hod_21h,hod_22h,hod_23h,dow_mon,dow_tue,dow_wed,dow_thu,dow_fri,dow_sat,dow_sun
S12000029,S02002383,905.535714286,4913.0,1529.25,5.03571428571,5.82142857143,3.89285714286,3.14285714286,4.0,7.07142857143,12.8214285714,35.5357142857,52.5,46.75,46.0714285714,53.2142857143,58.7857142857,63.6785714286,61.8214285714,68.5714285714,70.0714285714,68.6071428571,59.6428571429,51.9642857143,47.6428571429,34.8928571429,26.8571428571,17.1428571429,907.5,957.0,1183.75,949.0,915.75,804.0,621.75
