zone_id,area_id,total,daytype_inweek,daytype_weekend,hod_00h,hod_01h,hod_02h,hod_03h,hod_04h,hod_05h,hod_06h,hod_07h,hod_08h,hod_09h,hod_10h,hod_11h,hod_12h,hod_13h,hod_14h,hod_15h,hod_16h,hod_17h,hod_18h,hod_19h,hod_20h,hod_21h,hod_22h,hod_23h,dow_mon,dow_tue,dow_wed,dow_thu,dow_fri,dow_sat,dow_sun
E09000009,E02000241,1752.53571429,9246.25,3062.25,16.3928571429,14.8928571429,10.2857142857,10.3571428571,14.3928571429,18.75,35.3214285714,62.7142857143,74.2857142857,80.5,99.1071428571,106.964285714,111.5,115.5,111.642857143,111.0,111.178571429,121.928571429,119.035714286,112.714285714,102.75,85.3214285714,63.5357142857,42.4642857143,1660.5,1780.5,2241.0,1785.5,1778.75,1619.75,1401.75
