zone_id,area_id,total,daytype_inweek,daytype_weekend,hod_00h,hod_01h,hod_02h,hod_03h,hod_04h,hod_05h,hod_06h,hod_07h,hod_08h,hod_09h,hod_10h,hod_11h,hod_12h,hod_13h,hod_14h,hod_15h,hod_16h,hod_17h,hod_18h,hod_19h,hod_20h,hod_21h,hod_22h,hod_23h,dow_mon,dow_tue,dow_wed,dow_thu,dow_fri,dow_sat,dow_sun
E06000054,E02006674,2367.5,12699.5,3995.0,7.96428571429,7.03571428571,6.28571428571,5.60714285714,6.75,13.9642857143,39.7142857143,102.035714286,136.321428571,142.714285714,153.035714286,163.464285714,172.75,169.107142857,160.535714286,164.571428571,176.892857143,189.071428571,151.214285714,129.964285714,108.142857143,81.75,52.1071428571,26.5,2268.75,2452.0,3090.75,2434.5,2453.5,2146.75,1726.25
