zone_id,area_id,total,daytype_inweek,daytype_weekend,hod_00h,hod_01h,hod_02h,hod_03h,hod_04h,hod_05h,hod_06h,hod_07h,hod_08h,hod_09h,hod_10h,hod_11h,hod_12h,hod_13h,hod_14h,hod_15h,hod_16h,hod_17h,hod_18h,hod_19h,hod_20h,hod_21h,hod_22h,hod_23h,dow_mon,dow_tue,dow_wed,dow_thu,dow_fri,dow_sat,dow_sun
E07000048,E02004238,1665.60714286,8896.75,2955.5,8.17857142857,6.5,5.21428571429,3.89285714286,4.85714285714,5.35714285714,14.1428571429,42.0357142857,84.0,93.1785714286,111.107142857,120.857142857,124.607142857,119.607142857,119.107142857,124.892857143,123.0,129.357142857,112.535714286,94.7142857143,75.3571428571,59.9642857143,50.3571428571,32.7857142857,1696.25,1804.0,2183.5,1686.0,1527.0,1503.25,1259.25
