zone_id,area_id,total,daytype_inweek,daytype_weekend,hod_00h,hod_01h,hod_02h,hod_03h,hod_04h,hod_05h,hod_06h,hod_07h,hod_08h,hod_09h,hod_10h,hod_11h,hod_12h,hod_13h,hod_14h,hod_15h,hod_16h,hod_17h,hod_18h,hod_19h,hod_20h,hod_21h,hod_22h,hod_23h,dow_mon,dow_tue,dow_wed,dow_thu,dow_fri,dow_sat,dow_sun
E07000029,E02004005,4001.67857143,22186.5,6493.5,12.4642857143,13.5357142857,12.7857142857,6.25,11.75,40.25,120.107142857,191.107142857,210.857142857,207.642857143,248.071428571,259.535714286,277.892857143,285.607142857,298.821428571,329.392857143,330.428571429,314.714285714,237.071428571,194.964285714,148.464285714,123.821428571,80.3928571429,45.75,3900.25,4304.5,5389.75,4401.5,4190.5,3232.0,2593.25
