zone_id,area_id,total,daytype_inweek,daytype_weekend,hod_00h,hod_01h,hod_02h,hod_03h,hod_04h,hod_05h,hod_06h,hod_07h,hod_08h,hod_09h,hod_10h,hod_11h,hod_12h,hod_13h,hod_14h,hod_15h,hod_16h,hod_17h,hod_18h,hod_19h,hod_20h,hod_21h,hod_22h,hod_23h,dow_mon,dow_tue,dow_wed,dow_thu,dow_fri,dow_sat,dow_sun
E07000004,E02003663,3632.57142857,19639.0,6046.0,16.5357142857,17.7857142857,14.1428571429,12.25,15.9285714286,23.9285714286,66.1071428571,147.785714286,206.035714286,199.428571429,203.928571429,233.178571429,252.928571429,262.357142857,262.964285714,246.035714286,254.714285714,276.214285714,238.892857143,196.857142857,172.678571429,138.857142857,108.821428571,64.2142857143,3466.75,3772.25,5040.75,3740.0,3619.25,3209.75,2579.25
