zone_id,area_id,total,daytype_inweek,daytype_weekend,hod_00h,hod_01h,hod_02h,hod_03h,hod_04h,hod_05h,hod_06h,hod_07h,hod_08h,hod_09h,hod_10h,hod_11h,hod_12h,hod_13h,hod_14h,hod_15h,hod_16h,hod_17h,hod_18h,hod_19h,hod_20h,hod_21h,hod_22h,hod_23h,dow_mon,dow_tue,dow_wed,dow_thu,dow_fri,dow_sat,dow_sun
E07000176,E02005920,1371.57142857,7499.75,2351.0,5.82142857143,6.64285714286,4.60714285714,3.92857142857,3.78571428571,11.75,25.5357142857,58.6428571429,73.8928571429,85.7142857143,91.6785714286,93.1428571429,95.6428571429,98.4642857143,89.6071428571,84.1428571429,94.75,97.3214285714,92.5714285714,76.9285714286,63.7857142857,51.75,39.2857142857,22.1785714286,1402.5,1456.75,1868.0,1432.5,1340.0,1152.75,948.5
