zone_id,area_id,total,daytype_inweek,daytype_weekend,hod_00h,hod_01h,hod_02h,hod_03h,hod_04h,hod_05h,hod_06h,hod_07h,hod_08h,hod_09h,hod_10h,hod_11h,hod_12h,hod_13h,hod_14h,hod_15h,hod_16h,hod_17h,hod_18h,hod_19h,hod_20h,hod_21h,hod_22h,hod_23h,dow_mon,dow_tue,dow_wed,dow_thu,dow_fri,dow_sat,dow_sun
S12000029,S02002433,1124.92857143,5937.5,1963.5,4.85714285714,3.96428571429,3.14285714286,4.25,3.32142857143,5.39285714286,17.6071428571,45.2857142857,66.7857142857,59.6785714286,59.0357142857,67.8571428571,75.25,73.1785714286,78.6071428571,83.0,92.5357142857,95.6785714286,78.5357142857,61.5357142857,57.25,40.3214285714,29.75,18.1071428571,1113.5,1169.0,1428.25,1100.5,1126.25,1087.0,850.0
