zone_id,area_id,total,daytype_inweek,daytype_weekend,hod_00h,hod_01h,hod_02h,hod_03h,hod_04h,hod_05h,hod_06h,hod_07h,hod_08h,hod_09h,hod_10h,hod_11h,hod_12h,hod_13h,hod_14h,hod_15h,hod_16h,hod_17h,hod_18h,hod_19h,hod_20h,hod_21h,hod_22h,hod_23h,dow_mon,dow_tue,dow_wed,dow_thu,dow_fri,dow_sat,dow_sun
E07000207,E02006331,1650.57142857,8892.0,2795.25,8.71428571429,6.75,4.85714285714,3.75,3.03571428571,5.03571428571,16.4642857143,54.7142857143,96.3214285714,119.214285714,124.285714286,119.678571429,121.535714286,113.571428571,113.678571429,111.785714286,113.571428571,116.642857143,108.035714286,95.5,71.5714285714,53.6785714286,41.6428571429,26.5357142857,1572.5,1752.75,2186.0,1702.5,1678.25,1439.25,1222.75
