zone_id,area_id,total,daytype_inweek,daytype_weekend,hod_00h,hod_01h,hod_02h,hod_03h,hod_04h,hod_05h,hod_06h,hod_07h,hod_08h,hod_09h,hod_10h,hod_11h,hod_12h,hod_13h,hod_14h,hod_15h,hod_16h,hod_17h,hod_18h,hod_19h,hod_20h,hod_21h,hod_22h,hod_23h,dow_mon,dow_tue,dow_wed,dow_thu,dow_fri,dow_sat,dow_sun
E07000091,E02004790,3056.07142857,15630.75,5354.5,14.0357142857,8.89285714286,7.25,5.71428571429,6.85714285714,13.3928571429,44.25,112.0,170.25,191.714285714,219.571428571,231.857142857,234.035714286,227.392857143,221.857142857,222.964285714,231.571428571,235.178571429,189.5,146.392857143,120.464285714,90.8571428571,65.5357142857,44.5357142857,2847.25,3105.25,3691.25,2949.25,3037.75,3254.5,2507.25
