zone_id,area_id,total,daytype_inweek,daytype_weekend,hod_00h,hod_01h,hod_02h,hod_03h,hod_04h,hod_05h,hod_06h,hod_07h,hod_08h,hod_09h,hod_10h,hod_11h,hod_12h,hod_13h,hod_14h,hod_15h,hod_16h,hod_17h,hod_18h,hod_19h,hod_20h,hod_21h,hod_22h,hod_23h,dow_mon,dow_tue,dow_wed,dow_thu,dow_fri,dow_sat,dow_sun
W06000001,W02000005,2961.60714286,14832.75,5704.0,9.92857142857,10.0714285714,5.64285714286,6.0,5.67857142857,9.75,25.8214285714,69.6428571429,110.464285714,142.5,196.607142857,227.714285714,221.5,226.928571429,223.285714286,244.75,259.678571429,236.857142857,200.678571429,161.892857143,131.428571429,107.857142857,78.1785714286,48.75,2958.75,2977.5,3553.5,2657.75,2685.25,3153.25,2745.25
