zone_id,area_id,total,daytype_inweek,daytype_weekend,hod_00h,hod_01h,hod_02h,hod_03h,hod_04h,hod_05h,hod_06h,hod_07h,hod_08h,hod_09h,hod_10h,hod_11h,hod_12h,hod_13h,hod_14h,hod_15h,hod_16h,hod_17h,hod_18h,hod_19h,hod_20h,hod_21h,hod_22h,hod_23h,dow_mon,dow_tue,dow_wed,dow_thu,dow_fri,dow_sat,dow_sun
S12000015,S02001815,1447.75,7835.25,2451.5,7.60714285714,7.60714285714,4.5,3.85714285714,4.85714285714,11.25,34.75,67.7142857143,85.6785714286,75.6428571429,80.25,94.8928571429,99.5,102.821428571,105.714285714,111.357142857,116.714285714,109.821428571,91.4642857143,74.2142857143,60.1785714286,50.2142857143,29.0714285714,18.0714285714,1444.5,1528.75,1920.25,1469.5,1472.25,1292.0,1007.0
