zone_id,area_id,total,daytype_inweek,daytype_weekend,hod_00h,hod_01h,hod_02h,hod_03h,hod_04h,hod_05h,hod_06h,hod_07h,hod_08h,hod_09h,hod_10h,hod_11h,hod_12h,hod_13h,hod_14h,hod_15h,hod_16h,hod_17h,hod_18h,hod_19h,hod_20h,hod_21h,hod_22h,hod_23h,dow_mon,dow_tue,dow_wed,dow_thu,dow_fri,dow_sat,dow_sun
S12000014,S02001731,2092.5,11388.25,3640.75,10.0,12.7142857143,8.21428571429,9.28571428571,9.60714285714,29.9642857143,51.9285714286,99.5714285714,105.821428571,103.285714286,113.071428571,122.857142857,145.0,143.214285714,149.678571429,154.357142857,177.785714286,156.75,132.857142857,118.142857143,91.5,72.8571428571,49.4642857143,24.5714285714,2120.75,2265.75,2813.5,2060.25,2128.0,1739.25,1520.0
