zone_id,area_id,total,daytype_inweek,daytype_weekend,hod_00h,hod_01h,hod_02h,hod_03h,hod_04h,hod_05h,hod_06h,hod_07h,hod_08h,hod_09h,hod_10h,hod_11h,hod_12h,hod_13h,hod_14h,hod_15h,hod_16h,hod_17h,hod_18h,hod_19h,hod_20h,hod_21h,hod_22h,hod_23h,dow_mon,dow_tue,dow_wed,dow_thu,dow_fri,dow_sat,dow_sun
E08000016,E02001519,1900.32142857,10122.5,3231.0,7.60714285714,8.92857142857,6.42857142857,6.03571428571,10.1071428571,20.3214285714,36.0714285714,66.3928571429,89.9285714286,104.178571429,117.5,127.071428571,129.392857143,133.214285714,131.821428571,135.5,140.5,135.892857143,125.535714286,114.178571429,95.25,73.1428571429,56.6071428571,28.7142857143,1825.0,1963.75,2548.5,1867.5,1917.75,1773.75,1406.0
