zone_id,area_id,total,daytype_inweek,daytype_weekend,hod_00h,hod_01h,hod_02h,hod_03h,hod_04h,hod_05h,hod_06h,hod_07h,hod_08h,hod_09h,hod_10h,hod_11h,hod_12h,hod_13h,hod_14h,hod_15h,hod_16h,hod_17h,hod_18h,hod_19h,hod_20h,hod_21h,hod_22h,hod_23h,dow_mon,dow_tue,dow_wed,dow_thu,dow_fri,dow_sat,dow_sun
S12000042,S02001463,3980.53571429,21207.25,6882.5,14.9642857143,22.75,16.3214285714,13.7857142857,13.5714285714,24.1785714286,68.3214285714,162.607142857,248.892857143,224.178571429,223.785714286,246.107142857,274.0,272.607142857,293.678571429,303.857142857,313.571428571,305.857142857,253.821428571,223.892857143,176.178571429,142.214285714,90.0,51.3928571429,3974.25,4175.0,5116.0,3722.0,4220.0,3748.25,2908.25
