zone_id,area_id,total,daytype_inweek,daytype_weekend,hod_00h,hod_01h,hod_02h,hod_03h,hod_04h,hod_05h,hod_06h,hod_07h,hod_08h,hod_09h,hod_10h,hod_11h,hod_12h,hod_13h,hod_14h,hod_15h,hod_16h,hod_17h,hod_18h,hod_19h,hod_20h,hod_21h,hod_22h,hod_23h,dow_mon,dow_tue,dow_wed,dow_thu,dow_fri,dow_sat,dow_sun
E07000212,E02006393,1870.64285714,9912.75,3185.5,10.8214285714,8.71428571429,5.28571428571,3.89285714286,3.82142857143,11.8928571429,26.25,65.8214285714,94.6071428571,109.178571429,122.392857143,134.5,141.964285714,137.678571429,122.535714286,127.607142857,130.964285714,139.035714286,124.25,110.571428571,85.9642857143,68.2142857143,49.5714285714,35.1071428571,1711.75,1994.25,2513.5,1767.25,1926.0,1708.0,1473.75
