zone_id,area_id,total,daytype_inweek,daytype_weekend,hod_00h,hod_01h,hod_02h,hod_03h,hod_04h,hod_05h,hod_06h,hod_07h,hod_08h,hod_09h,hod_10h,hod_11h,hod_12h,hod_13h,hod_14h,hod_15h,hod_16h,hod_17h,hod_18h,hod_19h,hod_20h,hod_21h,hod_22h,hod_23h,dow_mon,dow_tue,dow_wed,dow_thu,dow_fri,dow_sat,dow_sun
E07000049,E02004247,1722.25,9233.0,2980.5,7.71428571429,5.71428571429,4.21428571429,3.71428571429,3.71428571429,11.1071428571,25.75,62.7857142857,96.6428571429,108.357142857,124.607142857,124.607142857,121.785714286,112.607142857,111.5,121.392857143,123.964285714,125.428571429,110.714285714,99.2142857143,75.3214285714,60.2142857143,49.2142857143,31.9642857143,1688.25,1804.5,2247.0,1821.0,1672.25,1530.5,1292.25
