zone_id,area_id,total,daytype_inweek,daytype_weekend,hod_00h,hod_01h,hod_02h,hod_03h,hod_04h,hod_05h,hod_06h,hod_07h,hod_08h,hod_09h,hod_10h,hod_11h,hod_12h,hod_13h,hod_14h,hod_15h,hod_16h,hod_17h,hod_18h,hod_19h,hod_20h,hod_21h,hod_22h,hod_23h,dow_mon,dow_tue,dow_wed,dow_thu,dow_fri,dow_sat,dow_sun
E07000110,E02005071,14125.2142857,73719.75,23615.0,53.9642857143,65.6428571429,58.2142857143,52.8571428571,50.3571428571,83.5,174.321428571,406.464285714,698.321428571,813.857142857,967.142857143,1071.89285714,1113.85714286,1101.46428571,1051.28571429,1018.75,1004.5,1028.07142857,893.75,755.607142857,620.357142857,480.928571429,350.75,209.357142857,13070.5,14470.0,17955.25,13733.75,14490.25,14612.25,10544.5
