zone_id,area_id,total,daytype_inweek,daytype_weekend,hod_00h,hod_01h,hod_02h,hod_03h,hod_04h,hod_05h,hod_06h,hod_07h,hod_08h,hod_09h,hod_10h,hod_11h,hod_12h,hod_13h,hod_14h,hod_15h,hod_16h,hod_17h,hod_18h,hod_19h,hod_20h,hod_21h,hod_22h,hod_23h,dow_mon,dow_tue,dow_wed,dow_thu,dow_fri,dow_sat,dow_sun
E07000107,E02005028,1931.5,10301.25,3208.0,10.6071428571,11.3928571429,7.07142857143,5.64285714286,7.75,17.0357142857,38.0357142857,58.0714285714,85.5357142857,99.5,119.464285714,133.928571429,143.035714286,140.75,135.5,130.464285714,131.928571429,137.928571429,129.678571429,118.607142857,99.1785714286,82.6071428571,55.7857142857,32.0,1780.5,1971.75,2571.0,1895.75,2082.25,1791.75,1427.5
