zone_id,area_id,total,daytype_inweek,daytype_weekend,hod_00h,hod_01h,hod_02h,hod_03h,hod_04h,hod_05h,hod_06h,hod_07h,hod_08h,hod_09h,hod_10h,hod_11h,hod_12h,hod_13h,hod_14h,hod_15h,hod_16h,hod_17h,hod_18h,hod_19h,hod_20h,hod_21h,hod_22h,hod_23h,dow_mon,dow_tue,dow_wed,dow_thu,dow_fri,dow_sat,dow_sun
E08000035,E02002361,4601.96428571,24331.75,8156.25,33.0357142857,32.8928571429,22.8214285714,15.75,15.8214285714,30.75,58.0714285714,169.0,246.285714286,230.678571429,255.107142857,279.821428571,311.464285714,320.0,325.75,330.892857143,341.285714286,360.892857143,317.821428571,271.857142857,236.464285714,178.642857143,133.107142857,83.75,4489.0,4768.25,5929.5,4496.25,4648.75,4214.75,3667.25
