zone_id,area_id,total,daytype_inweek,daytype_weekend,hod_00h,hod_01h,hod_02h,hod_03h,hod_04h,hod_05h,hod_06h,hod_07h,hod_08h,hod_09h,hod_10h,hod_11h,hod_12h,hod_13h,hod_14h,hod_15h,hod_16h,hod_17h,hod_18h,hod_19h,hod_20h,hod_21h,hod_22h,hod_23h,dow_mon,dow_tue,dow_wed,dow_thu,dow_fri,dow_sat,dow_sun
E07000047,E02004231,1754.28571429,9340.75,3081.0,6.75,4.57142857143,3.53571428571,3.25,4.14285714286,11.4642857143,29.0714285714,65.9285714286,101.892857143,110.821428571,124.678571429,118.892857143,122.642857143,121.964285714,121.464285714,126.25,128.142857143,137.357142857,110.571428571,89.75,73.6428571429,60.0714285714,45.9285714286,31.5,1739.5,1792.5,2227.75,1903.5,1677.5,1597.75,1341.5
