zone_id,area_id,total,daytype_inweek,daytype_weekend,hod_00h,hod_01h,hod_02h,hod_03h,hod_04h,hod_05h,hod_06h,hod_07h,hod_08h,hod_09h,hod_10h,hod_11h,hod_12h,hod_13h,hod_14h,hod_15h,hod_16h,hod_17h,hod_18h,hod_19h,hod_20h,hod_21h,hod_22h,hod_23h,dow_mon,dow_tue,dow_wed,dow_thu,dow_fri,dow_sat,dow_sun
E07000151,E02005625,1999.57142857,10926.5,3259.25,9.75,6.5,4.53571428571,3.92857142857,6.53571428571,29.5357142857,40.3214285714,89.75,119.178571429,116.607142857,117.428571429,121.535714286,134.142857143,136.785714286,139.142857143,138.75,145.428571429,167.428571429,130.714285714,109.071428571,85.0714285714,69.25,48.9642857143,29.2142857143,1908.25,2160.5,2670.5,2121.0,2066.25,1719.5,1351.0
