zone_id,area_id,total,daytype_inweek,daytype_weekend,hod_00h,hod_01h,hod_02h,hod_03h,hod_04h,hod_05h,hod_06h,hod_07h,hod_08h,hod_09h,hod_10h,hod_11h,hod_12h,hod_13h,hod_14h,hod_15h,hod_16h,hod_17h,hod_18h,hod_19h,hod_20h,hod_21h,hod_22h,hod_23h,dow_mon,dow_tue,dow_wed,dow_thu,dow_fri,dow_sat,dow_sun
W06000024,W02000284,1016.82142857,5420.5,1679.25,4.07142857143,4.42857142857,4.42857142857,3.35714285714,3.0,8.0,10.5714285714,30.8928571429,45.2857142857,49.6428571429,60.0,70.9285714286,76.3928571429,78.2142857143,84.75,82.7857142857,78.4642857143,76.25,67.6071428571,55.6428571429,47.4642857143,32.8571428571,25.8214285714,15.9642857143,967.5,1080.5,1311.25,979.5,1081.75,985.5,711.75
