zone_id,area_id,total,daytype_inweek,daytype_weekend,hod_00h,hod_01h,hod_02h,hod_03h,hod_04h,hod_05h,hod_06h,hod_07h,hod_08h,hod_09h,hod_10h,hod_11h,hod_12h,hod_13h,hod_14h,hod_15h,hod_16h,hod_17h,hod_18h,hod_19h,hod_20h,hod_21h,hod_22h,hod_23h,dow_mon,dow_tue,dow_wed,dow_thu,dow_fri,dow_sat,dow_sun
E08000034,E02002278,1856.89285714,9887.75,3151.5,10.2142857143,10.0,6.21428571429,5.46428571429,7.5,14.9642857143,29.5714285714,66.6785714286,91.25,110.571428571,114.75,123.821428571,127.321428571,122.142857143,126.0,128.107142857,131.571428571,137.321428571,133.428571429,112.285714286,93.4285714286,73.0357142857,52.8214285714,28.4285714286,1761.0,1912.25,2451.75,1879.75,1883.0,1720.0,1390.5
