zone_id,area_id,total,daytype_inweek,daytype_weekend,hod_00h,hod_01h,hod_02h,hod_03h,hod_04h,hod_05h,hod_06h,hod_07h,hod_08h,hod_09h,hod_10h,hod_11h,hod_12h,hod_13h,hod_14h,hod_15h,hod_16h,hod_17h,hod_18h,hod_19h,hod_20h,hod_21h,hod_22h,hod_23h,dow_mon,dow_tue,dow_wed,dow_thu,dow_fri,dow_sat,dow_sun
E08000032,E02002189,2039.35714286,10974.25,3417.0,10.8928571429,11.3214285714,7.92857142857,4.78571428571,5.60714285714,15.0714285714,44.0,86.1785714286,104.285714286,112.857142857,121.0,127.892857143,142.25,147.607142857,141.107142857,145.571428571,161.0,158.928571429,138.357142857,110.964285714,91.7857142857,67.75,52.25,29.9642857143,1956.0,2132.75,2726.25,2093.5,2065.75,1840.25,1461.0
