zone_id,area_id,total,daytype_inweek,daytype_weekend,hod_00h,hod_01h,hod_02h,hod_03h,hod_04h,hod_05h,hod_06h,hod_07h,hod_08h,hod_09h,hod_10h,hod_11h,hod_12h,hod_13h,hod_14h,hod_15h,hod_16h,hod_17h,hod_18h,hod_19h,hod_20h,hod_21h,hod_22h,hod_23h,dow_mon,dow_tue,dow_wed,dow_thu,dow_fri,dow_sat,dow_sun
W06000005,W02000065,3741.25,20372.5,6326.5,16.2142857143,19.3214285714,13.3214285714,8.85714285714,14.6785714286,68.3928571429,90.1428571429,155.714285714,188.678571429,183.75,202.071428571,223.142857143,236.642857143,261.464285714,253.571428571,258.678571429,275.392857143,288.0,251.25,223.678571429,185.107142857,140.607142857,108.178571429,74.3928571429,3683.5,3989.75,4908.0,3894.0,3897.25,3173.25,2643.0
