zone_id,area_id,total,daytype_inweek,daytype_weekend,hod_00h,hod_01h,hod_02h,hod_03h,hod_04h,hod_05h,hod_06h,hod_07h,hod_08h,hod_09h,hod_10h,hod_11h,hod_12h,hod_13h,hod_14h,hod_15h,hod_16h,hod_17h,hod_18h,hod_19h,hod_20h,hod_21h,hod_22h,hod_23h,dow_mon,dow_tue,dow_wed,dow_thu,dow_fri,dow_sat,dow_sun
E06000045,E02003549,2380.32142857,12656.75,4172.25,10.7857142857,13.5,10.25,7.46428571429,9.0,14.8214285714,33.5,88.3571428571,148.357142857,132.392857143,151.392857143,138.607142857,146.25,144.821428571,153.714285714,151.428571429,176.321428571,185.714285714,168.285714286,148.964285714,127.428571429,98.5714285714,78.4642857143,41.9285714286,2373.75,2547.0,3009.25,2331.75,2395.0,2207.0,1798.5
