zone_id,area_id,total,daytype_inweek,daytype_weekend,hod_00h,hod_01h,hod_02h,hod_03h,hod_04h,hod_05h,hod_06h,hod_07h,hod_08h,hod_09h,hod_10h,hod_11h,hod_12h,hod_13h,hod_14h,hod_15h,hod_16h,hod_17h,hod_18h,hod_19h,hod_20h,hod_21h,hod_22h,hod_23h,dow_mon,dow_tue,dow_wed,dow_thu,dow_fri,dow_sat,dow_sun
E06000043,E02003497,4891.89285714,26420.5,7976.5,25.5,28.2142857143,23.8214285714,19.3928571429,17.75,30.8928571429,65.3928571429,170.642857143,295.178571429,280.857142857,288.964285714,313.214285714,342.285714286,341.071428571,344.071428571,329.964285714,360.535714286,381.071428571,336.25,270.75,225.178571429,172.428571429,140.0,88.4642857143,4627.0,5293.0,6486.5,4950.5,5063.5,4473.25,3349.5
