zone_id,area_id,total,daytype_inweek,daytype_weekend,hod_00h,hod_01h,hod_02h,hod_03h,hod_04h,hod_05h,hod_06h,hod_07h,hod_08h,hod_09h,hod_10h,hod_11h,hod_12h,hod_13h,hod_14h,hod_15h,hod_16h,hod_17h,hod_18h,hod_19h,hod_20h,hod_21h,hod_22h,hod_23h,dow_mon,dow_tue,dow_wed,dow_thu,dow_fri,dow_sat,dow_sun
E07000036,E02004084,1035.64285714,5522.75,1773.5,3.28571428571,5.75,3.75,2.78571428571,3.85714285714,11.75,18.0714285714,31.5,42.75,59.0,66.2142857143,72.8214285714,80.3571428571,78.6071428571,70.3214285714,71.0,77.7142857143,75.1071428571,65.5714285714,60.5,52.9285714286,42.2857142857,25.9642857143,13.75,1016.5,1112.5,1300.0,1054.25,1039.5,969.75,757.0
