zone_id,area_id,total,daytype_inweek,daytype_weekend,hod_00h,hod_01h,hod_02h,hod_03h,hod_04h,hod_05h,hod_06h,hod_07h,hod_08h,hod_09h,hod_10h,hod_11h,hod_12h,hod_13h,hod_14h,hod_15h,hod_16h,hod_17h,hod_18h,hod_19h,hod_20h,hod_21h,hod_22h,hod_23h,dow_mon,dow_tue,dow_wed,dow_thu,dow_fri,dow_sat,dow_sun
E07000072,E02004533,1133.71428571,5911.5,2007.5,5.07142857143,4.75,3.0,2.10714285714,2.92857142857,7.10714285714,14.5357142857,34.1428571429,49.7142857143,68.6428571429,71.1785714286,79.5714285714,81.3214285714,84.1071428571,79.1785714286,79.7142857143,81.5714285714,87.0714285714,77.6785714286,73.8928571429,55.3571428571,42.2857142857,31.3214285714,17.4642857143,1083.25,1164.75,1428.5,1141.75,1093.25,1100.25,924.25
