zone_id,area_id,total,daytype_inweek,daytype_weekend,hod_00h,hod_01h,hod_02h,hod_03h,hod_04h,hod_05h,hod_06h,hod_07h,hod_08h,hod_09h,hod_10h,hod_11h,hod_12h,hod_13h,hod_14h,hod_15h,hod_16h,hod_17h,hod_18h,hod_19h,hod_20h,hod_21h,hod_22h,hod_23h,dow_mon,dow_tue,dow_wed,dow_thu,dow_fri,dow_sat,dow_sun
W06000014,W02000242,2139.96428571,11421.25,3686.25,10.0,11.2857142857,6.03571428571,6.78571428571,5.85714285714,13.0,26.4285714286,62.6785714286,86.3571428571,109.928571429,140.0,158.607142857,164.928571429,170.428571429,163.571428571,161.321428571,159.25,149.75,146.607142857,123.5,93.6428571429,73.3928571429,62.2142857143,34.3928571429,2071.0,2264.5,2833.75,2161.0,2091.0,1943.25,1615.25
