zone_id,area_id,total,daytype_inweek,daytype_weekend,hod_00h,hod_01h,hod_02h,hod_03h,hod_04h,hod_05h,hod_06h,hod_07h,hod_08h,hod_09h,hod_10h,hod_11h,hod_12h,hod_13h,hod_14h,hod_15h,hod_16h,hod_17h,hod_18h,hod_19h,hod_20h,hod_21h,hod_22h,hod_23h,dow_mon,dow_tue,dow_wed,dow_thu,dow_fri,dow_sat,dow_sun
E08000012,E02001402,4059.78571429,21615.25,6836.25,22.0357142857,22.8571428571,16.3571428571,14.75,17.0357142857,35.3214285714,65.3928571429,134.928571429,215.035714286,216.321428571,232.571428571,247.071428571,278.75,282.75,288.392857143,288.928571429,309.428571429,324.464285714,288.071428571,241.357142857,192.071428571,144.0,109.642857143,72.25,3804.0,4194.5,5256.25,4105.0,4255.5,3771.0,3032.25
