zone_id,area_id,total,daytype_inweek,daytype_weekend,hod_00h,hod_01h,hod_02h,hod_03h,hod_04h,hod_05h,hod_06h,hod_07h,hod_08h,hod_09h,hod_10h,hod_11h,hod_12h,hod_13h,hod_14h,hod_15h,hod_16h,hod_17h,hod_18h,hod_19h,hod_20h,hod_21h,hod_22h,hod_23h,dow_mon,dow_tue,dow_wed,dow_thu,dow_fri,dow_sat,dow_sun
E07000203,E02006264,1158.35714286,6230.0,2002.75,4.92857142857,3.03571428571,2.53571428571,2.03571428571,2.10714285714,8.89285714286,23.2857142857,51.6071428571,70.4285714286,67.3571428571,74.0,71.8928571429,75.2142857143,73.3214285714,72.5,73.8214285714,82.6071428571,92.2857142857,79.8571428571,63.4285714286,52.7857142857,48.75,37.4642857143,24.2142857143,1123.75,1186.0,1578.75,1182.25,1159.25,999.5,879.0
