zone_id,area_id,total,daytype_inweek,daytype_weekend,hod_00h,hod_01h,hod_02h,hod_03h,hod_04h,hod_05h,hod_06h,hod_07h,hod_08h,hod_09h,hod_10h,hod_11h,hod_12h,hod_13h,hod_14h,hod_15h,hod_16h,hod_17h,hod_18h,hod_19h,hod_20h,hod_21h,hod_22h,hod_23h,dow_mon,dow_tue,dow_wed,dow_thu,dow_fri,dow_sat,dow_sun
E06000025,E02003091,3519.17857143,19059.25,5893.25,15.2857142857,16.25,12.3571428571,10.9285714286,13.9285714286,26.75,75.9642857143,150.75,213.678571429,209.285714286,224.964285714,234.928571429,242.035714286,240.321428571,237.107142857,239.25,255.071428571,262.642857143,220.321428571,192.892857143,153.321428571,126.035714286,92.5714285714,52.5357142857,3417.5,3697.0,4710.25,3708.75,3525.75,3099.25,2475.75
