zone_id,area_id,total,daytype_inweek,daytype_weekend,hod_00h,hod_01h,hod_02h,hod_03h,hod_04h,hod_05h,hod_06h,hod_07h,hod_08h,hod_09h,hod_10h,hod_11h,hod_12h,hod_13h,hod_14h,hod_15h,hod_16h,hod_17h,hod_18h,hod_19h,hod_20h,hod_21h,hod_22h,hod_23h,dow_mon,dow_tue,dow_wed,dow_thu,dow_fri,dow_sat,dow_sun
E09000022,E02000624,1300.28571429,6734.75,2352.25,20.6428571429,18.8214285714,14.0357142857,8.64285714286,9.03571428571,11.9285714286,18.2857142857,31.25,55.2142857143,63.1071428571,63.25,71.4642857143,71.3928571429,79.0357142857,79.9642857143,76.5714285714,76.0,82.5,89.5714285714,90.2142857143,83.9642857143,76.4642857143,62.4642857143,46.4642857143,1221.75,1317.75,1651.25,1274.0,1270.0,1236.75,1130.5
