zone_id,area_id,total,daytype_inweek,daytype_weekend,hod_00h,hod_01h,hod_02h,hod_03h,hod_04h,hod_05h,hod_06h,hod_07h,hod_08h,hod_09h,hod_10h,hod_11h,hod_12h,hod_13h,hod_14h,hod_15h,hod_16h,hod_17h,hod_18h,hod_19h,hod_20h,hod_21h,hod_22h,hod_23h,dow_mon,dow_tue,dow_wed,dow_thu,dow_fri,dow_sat,dow_sun
E06000018,E02006834,2403.46428571,12671.75,4009.75,11.6071428571,13.8571428571,11.5357142857,9.53571428571,9.42857142857,21.6428571429,56.4642857143,93.1785714286,116.25,128.214285714,144.035714286,162.0,166.821428571,168.571428571,165.607142857,167.535714286,179.428571429,171.285714286,165.607142857,132.857142857,115.25,90.9285714286,65.3571428571,36.4642857143,2217.75,2453.0,3028.75,2407.0,2565.25,2360.5,1792.0
