zone_id,area_id,total,daytype_inweek,daytype_weekend,hod_00h,hod_01h,hod_02h,hod_03h,hod_04h,hod_05h,hod_06h,hod_07h,hod_08h,hod_09h,hod_10h,hod_11h,hod_12h,hod_13h,hod_14h,hod_15h,hod_16h,hod_17h,hod_18h,hod_19h,hod_20h,hod_21h,hod_22h,hod_23h,dow_mon,dow_tue,dow_wed,dow_thu,dow_fri,dow_sat,dow_sun
E08000010,E02001289,3704.75,19641.75,6351.0,15.9285714286,16.3928571429,11.8214285714,8.71428571429,9.35714285714,32.7857142857,71.25,145.678571429,180.857142857,190.535714286,217.071428571,235.107142857,259.392857143,267.607142857,261.857142857,260.571428571,272.535714286,290.857142857,248.928571429,228.607142857,180.321428571,132.928571429,104.571428571,61.0714285714,3508.0,3815.25,4793.0,3660.0,3865.5,3448.5,2843.0
