zone_id,area_id,total,daytype_inweek,daytype_weekend,hod_00h,hod_01h,hod_02h,hod_03h,hod_04h,hod_05h,hod_06h,hod_07h,hod_08h,hod_09h,hod_10h,hod_11h,hod_12h,hod_13h,hod_14h,hod_15h,hod_16h,hod_17h,hod_18h,hod_19h,hod_20h,hod_21h,hod_22h,hod_23h,dow_mon,dow_tue,dow_wed,dow_thu,dow_fri,dow_sat,dow_sun
E09000030,E02000868,1703.75,8993.75,2937.75,25.8571428571,26.0357142857,16.1785714286,15.5,11.6785714286,9.82142857143,16.8928571429,40.4642857143,71.9642857143,89.1428571429,94.5,89.8928571429,105.428571429,110.25,104.892857143,102.321428571,105.535714286,104.928571429,123.75,113.714285714,101.5,87.9642857143,76.8214285714,58.7142857143,1565.0,1797.75,2226.25,1659.75,1745.0,1559.75,1372.75
