zone_id,area_id,total,daytype_inweek,daytype_weekend,hod_00h,hod_01h,hod_02h,hod_03h,hod_04h,hod_05h,hod_06h,hod_07h,hod_08h,hod_09h,hod_10h,hod_11h,hod_12h,hod_13h,hod_14h,hod_15h,hod_16h,hod_17h,hod_18h,hod_19h,hod_20h,hod_21h,hod_22h,hod_23h,dow_mon,dow_tue,dow_wed,dow_thu,dow_fri,dow_sat,dow_sun
E09000027,E02000787,2110.85714286,11035.25,3753.25,11.75,10.3571428571,6.92857142857,4.42857142857,4.57142857143,7.89285714286,19.6785714286,47.5,95.1428571429,126.035714286,136.035714286,148.892857143,162.714285714,169.928571429,162.607142857,158.214285714,150.785714286,150.071428571,146.25,126.928571429,97.9642857143,74.8928571429,54.8571428571,36.4285714286,2030.0,2225.75,2740.5,1990.25,2048.75,2017.5,1723.25
