zone_id,area_id,total,daytype_inweek,daytype_weekend,hod_00h,hod_01h,hod_02h,hod_03h,hod_04h,hod_05h,hod_06h,hod_07h,hod_08h,hod_09h,hod_10h,hod_11h,hod_12h,hod_13h,hod_14h,hod_15h,hod_16h,hod_17h,hod_18h,hod_19h,hod_20h,hod_21h,hod_22h,hod_23h,dow_mon,dow_tue,dow_wed,dow_thu,dow_fri,dow_sat,dow_sun
E09000029,E02000841,3540.07142857,18760.75,6070.75,21.3214285714,22.8214285714,13.6785714286,10.3214285714,11.4285714286,21.25,53.0357142857,112.142857143,174.785714286,187.357142857,222.25,240.178571429,250.785714286,245.214285714,234.821428571,238.607142857,241.5,259.357142857,247.321428571,222.107142857,186.857142857,146.821428571,105.714285714,70.3928571429,3348.25,3680.75,4568.5,3566.75,3596.5,3297.25,2722.5
