zone_id,area_id,total,daytype_inweek,daytype_weekend,hod_00h,hod_01h,hod_02h,hod_03h,hod_04h,hod_05h,hod_06h,hod_07h,hod_08h,hod_09h,hod_10h,hod_11h,hod_12h,hod_13h,hod_14h,hod_15h,hod_16h,hod_17h,hod_18h,hod_19h,hod_20h,hod_21h,hod_22h,hod_23h,dow_mon,dow_tue,dow_wed,dow_thu,dow_fri,dow_sat,dow_sun
E07000212,E02006395,2974.92857143,15655.5,5170.5,14.6785714286,11.0357142857,7.32142857143,6.82142857143,6.71428571429,13.6071428571,38.0357142857,85.5,142.392857143,162.035714286,200.214285714,220.892857143,242.464285714,239.571428571,222.857142857,214.607142857,206.428571429,224.321428571,194.357142857,173.035714286,129.142857143,99.2142857143,75.3214285714,44.3571428571,2832.25,3055.0,3958.0,2821.75,2988.5,2830.75,2338.25
