zone_id,area_id,total,daytype_inweek,daytype_weekend,hod_00h,hod_01h,hod_02h,hod_03h,hod_04h,hod_05h,hod_06h,hod_07h,hod_08h,hod_09h,hod_10h,hod_11h,hod_12h,hod_13h,hod_14h,hod_15h,hod_16h,hod_17h,hod_18h,hod_19h,hod_20h,hod_21h,hod_22h,hod_23h,dow_mon,dow_tue,dow_wed,dow_thu,dow_fri,dow_sat,dow_sun
E08000026,E02001986,2672.25,14180.75,4550.25,13.1428571429,13.3571428571,10.75,9.25,9.89285714286,28.0,53.7857142857,103.464285714,137.25,140.25,165.035714286,176.678571429,192.928571429,188.464285714,190.142857143,188.107142857,195.928571429,204.857142857,178.142857143,152.857142857,125.392857143,96.4642857143,65.8928571429,32.2142857143,2511.5,2823.0,3446.75,2712.5,2687.0,2486.25,2038.75
