zone_id,area_id,total,daytype_inweek,daytype_weekend,hod_00h,hod_01h,hod_02h,hod_03h,hod_04h,hod_05h,hod_06h,hod_07h,hod_08h,hod_09h,hod_10h,hod_11h,hod_12h,hod_13h,hod_14h,hod_15h,hod_16h,hod_17h,hod_18h,hod_19h,hod_20h,hod_21h,hod_22h,hod_23h,dow_mon,dow_tue,dow_wed,dow_thu,dow_fri,dow_sat,dow_sun
E07000129,E02005343,1197.92857143,6488.5,2098.0,4.89285714286,4.03571428571,2.92857142857,2.25,2.78571428571,7.96428571429,21.3928571429,48.0714285714,70.1071428571,72.5714285714,74.2857142857,73.3571428571,79.6785714286,77.0,77.2142857143,80.0714285714,88.8214285714,97.25,84.25,74.6071428571,60.8928571429,47.9642857143,30.1785714286,15.3571428571,1217.25,1273.5,1604.0,1239.75,1154.0,1016.25,880.75
