zone_id,area_id,total,daytype_inweek,daytype_weekend,hod_00h,hod_01h,hod_02h,hod_03h,hod_04h,hod_05h,hod_06h,hod_07h,hod_08h,hod_09h,hod_10h,hod_11h,hod_12h,hod_13h,hod_14h,hod_15h,hod_16h,hod_17h,hod_18h,hod_19h,hod_20h,hod_21h,hod_22h,hod_23h,dow_mon,dow_tue,dow_wed,dow_thu,dow_fri,dow_sat,dow_sun
E09000011,E02006931,3040.25,15144.25,5768.75,30.0714285714,20.6785714286,14.3214285714,9.89285714286,9.21428571429,14.5714285714,32.75,63.3214285714,123.464285714,132.464285714,153.178571429,176.821428571,219.25,244.535714286,247.285714286,249.821428571,238.821428571,239.0,209.821428571,181.928571429,152.714285714,116.785714286,90.3928571429,69.1428571429,2857.5,2953.25,3792.75,2738.5,2802.25,3226.25,2911.25
