zone_id,area_id,total,daytype_inweek,daytype_weekend,hod_00h,hod_01h,hod_02h,hod_03h,hod_04h,hod_05h,hod_06h,hod_07h,hod_08h,hod_09h,hod_10h,hod_11h,hod_12h,hod_13h,hod_14h,hod_15h,hod_16h,hod_17h,hod_18h,hod_19h,hod_20h,hod_21h,hod_22h,hod_23h,dow_mon,dow_tue,dow_wed,dow_thu,dow_fri,dow_sat,dow_sun
E07000190,E02006107,2862.60714286,15765.75,4710.0,12.8214285714,13.2142857143,12.1428571429,7.85714285714,8.17857142857,15.5,36.25,106.071428571,160.535714286,171.0,198.785714286,212.464285714,206.0,208.892857143,202.035714286,196.25,199.5,206.714285714,188.464285714,161.107142857,123.928571429,96.9642857143,76.2142857143,41.7142857143,2825.0,3010.0,4026.75,3154.5,2749.5,2387.5,1885.0
