zone_id,area_id,total,daytype_inweek,daytype_weekend,hod_00h,hod_01h,hod_02h,hod_03h,hod_04h,hod_05h,hod_06h,hod_07h,hod_08h,hod_09h,hod_10h,hod_11h,hod_12h,hod_13h,hod_14h,hod_15h,hod_16h,hod_17h,hod_18h,hod_19h,hod_20h,hod_21h,hod_22h,hod_23h,dow_mon,dow_tue,dow_wed,dow_thu,dow_fri,dow_sat,dow_sun
E07000151,E02005626,1561.42857143,8737.25,2596.75,7.39285714286,4.42857142857,5.03571428571,3.64285714286,4.42857142857,24.4642857143,42.1785714286,76.0357142857,108.357142857,92.1428571429,94.6071428571,96.25,103.392857143,103.321428571,101.928571429,103.142857143,109.071428571,122.821428571,96.4642857143,76.0714285714,62.6071428571,53.4642857143,47.3214285714,22.8571428571,1593.75,1751.5,2141.75,1726.25,1524.0,1189.75,1003.0
