zone_id,area_id,total,daytype_inweek,daytype_weekend,hod_00h,hod_01h,hod_02h,hod_03h,hod_04h,hod_05h,hod_06h,hod_07h,hod_08h,hod_09h,hod_10h,hod_11h,hod_12h,hod_13h,hod_14h,hod_15h,hod_16h,hod_17h,hod_18h,hod_19h,hod_20h,hod_21h,hod_22h,hod_23h,dow_mon,dow_tue,dow_wed,dow_thu,dow_fri,dow_sat,dow_sun
E08000008,E02001250,2451.03571429,13059.0,4163.5,13.3928571429,16.75,10.8214285714,8.78571428571,9.10714285714,20.4285714286,41.5714285714,79.0,108.964285714,127.571428571,138.071428571,162.464285714,165.892857143,170.25,167.571428571,171.321428571,179.821428571,178.75,172.892857143,150.642857143,130.142857143,102.428571429,77.1071428571,47.2857142857,2356.25,2566.0,3241.75,2394.0,2501.0,2291.0,1807.25
