zone_id,area_id,total,daytype_inweek,daytype_weekend,hod_00h,hod_01h,hod_02h,hod_03h,hod_04h,hod_05h,hod_06h,hod_07h,hod_08h,hod_09h,hod_10h,hod_11h,hod_12h,hod_13h,hod_14h,hod_15h,hod_16h,hod_17h,hod_18h,hod_19h,hod_20h,hod_21h,hod_22h,hod_23h,dow_mon,dow_tue,dow_wed,dow_thu,dow_fri,dow_sat,dow_sun
E09000026,E02000772,2281.10714286,11936.0,3991.75,21.6428571429,23.8571428571,14.25,11.9642857143,9.67857142857,15.6428571429,24.6785714286,55.1428571429,94.9285714286,110.642857143,133.071428571,143.785714286,159.5,156.5,151.035714286,145.285714286,146.5,157.285714286,157.107142857,145.785714286,139.0,111.785714286,89.1785714286,62.8571428571,2150.5,2329.25,2917.75,2213.0,2325.5,2190.5,1841.25
