zone_id,area_id,total,daytype_inweek,daytype_weekend,hod_00h,hod_01h,hod_02h,hod_03h,hod_04h,hod_05h,hod_06h,hod_07h,hod_08h,hod_09h,hod_10h,hod_11h,hod_12h,hod_13h,hod_14h,hod_15h,hod_16h,hod_17h,hod_18h,hod_19h,hod_20h,hod_21h,hod_22h,hod_23h,dow_mon,dow_tue,dow_wed,dow_thu,dow_fri,dow_sat,dow_sun
E08000007,E02001221,2081.85714286,11024.5,3616.5,11.3571428571,12.1071428571,7.60714285714,5.57142857143,5.28571428571,11.1785714286,29.0714285714,75.0714285714,114.25,111.678571429,123.285714286,130.928571429,144.178571429,143.75,145.428571429,147.321428571,156.25,151.821428571,141.107142857,131.392857143,103.357142857,75.5357142857,64.8571428571,39.4642857143,2013.5,2132.25,2720.5,2069.25,2089.0,1945.5,1603.0
