zone_id,area_id,total,daytype_inweek,daytype_weekend,hod_00h,hod_01h,hod_02h,hod_03h,hod_04h,hod_05h,hod_06h,hod_07h,hod_08h,hod_09h,hod_10h,hod_11h,hod_12h,hod_13h,hod_14h,hod_15h,hod_16h,hod_17h,hod_18h,hod_19h,hod_20h,hod_21h,hod_22h,hod_23h,dow_mon,dow_tue,dow_wed,dow_thu,dow_fri,dow_sat,dow_sun
E07000154,E02005677,13203.5714286,73544.25,20986.25,55.3571428571,58.75,50.8214285714,52.7857142857,96.8928571429,200.25,316.5,651.071428571,793.464285714,702.071428571,733.892857143,799.464285714,961.035714286,989.392857143,911.25,855.214285714,965.821428571,1016.53571429,832.071428571,684.357142857,544.107142857,437.25,333.785714286,161.428571429,12654.0,14595.0,18346.5,14036.75,13912.0,10548.5,8332.25
