zone_id,area_id,total,daytype_inweek,daytype_weekend,hod_00h,hod_01h,hod_02h,hod_03h,hod_04h,hod_05h,hod_06h,hod_07h,hod_08h,hod_09h,hod_10h,hod_11h,hod_12h,hod_13h,hod_14h,hod_15h,hod_16h,hod_17h,hod_18h,hod_19h,hod_20h,hod_21h,hod_22h,hod_23h,dow_mon,dow_tue,dow_wed,dow_thu,dow_fri,dow_sat,dow_sun
E06000028,E02006885,3591.85714286,18541.25,6334.25,20.4642857143,24.8571428571,19.0357142857,17.2857142857,15.0357142857,19.1071428571,44.8928571429,111.964285714,189.857142857,185.857142857,196.678571429,219.785714286,234.785714286,241.214285714,244.535714286,247.107142857,267.785714286,285.75,264.964285714,220.892857143,173.25,145.571428571,126.321428571,74.8571428571,3267.25,3647.0,4304.5,3396.25,3926.25,3534.75,3067.0
