zone_id,area_id,total,daytype_inweek,daytype_weekend,hod_00h,hod_01h,hod_02h,hod_03h,hod_04h,hod_05h,hod_06h,hod_07h,hod_08h,hod_09h,hod_10h,hod_11h,hod_12h,hod_13h,hod_14h,hod_15h,hod_16h,hod_17h,hod_18h,hod_19h,hod_20h,hod_21h,hod_22h,hod_23h,dow_mon,dow_tue,dow_wed,dow_thu,dow_fri,dow_sat,dow_sun
S12000006,S02001421,2793.42857143,15414.5,4829.0,12.6071428571,12.1428571429,8.07142857143,6.5,9.28571428571,21.7857142857,56.1428571429,123.035714286,190.321428571,168.964285714,171.964285714,172.5,189.607142857,188.25,191.607142857,204.428571429,223.5,213.285714286,173.857142857,137.892857143,115.785714286,92.3571428571,69.7857142857,39.75,2931.75,3052.75,3819.75,2934.75,2675.5,2242.25,1897.25
