zone_id,area_id,total,daytype_inweek,daytype_weekend,hod_00h,hod_01h,hod_02h,hod_03h,hod_04h,hod_05h,hod_06h,hod_07h,hod_08h,hod_09h,hod_10h,hod_11h,hod_12h,hod_13h,hod_14h,hod_15h,hod_16h,hod_17h,hod_18h,hod_19h,hod_20h,hod_21h,hod_22h,hod_23h,dow_mon,dow_tue,dow_wed,dow_thu,dow_fri,dow_sat,dow_sun
E07000239,E02006770,3004.35714286,15944.0,5252.75,11.3571428571,11.5714285714,8.82142857143,7.14285714286,8.5,22.7857142857,40.8571428571,89.3571428571,141.821428571,179.428571429,203.964285714,216.178571429,230.464285714,227.785714286,217.357142857,212.178571429,211.428571429,206.392857143,194.214285714,180.25,139.642857143,110.821428571,85.5357142857,46.5,2986.0,3154.5,3965.75,2935.75,2902.0,2819.75,2266.75
