zone_id,area_id,total,daytype_inweek,daytype_weekend,hod_00h,hod_01h,hod_02h,hod_03h,hod_04h,hod_05h,hod_06h,hod_07h,hod_08h,hod_09h,hod_10h,hod_11h,hod_12h,hod_13h,hod_14h,hod_15h,hod_16h,hod_17h,hod_18h,hod_19h,hod_20h,hod_21h,hod_22h,hod_23h,dow_mon,dow_tue,dow_wed,dow_thu,dow_fri,dow_sat,dow_sun
E06000011,E02002724,1998.35714286,10856.75,3280.75,8.0,6.42857142857,5.42857142857,6.96428571429,10.9642857143,34.2857142857,58.6428571429,86.7857142857,104.321428571,108.357142857,125.107142857,125.857142857,132.357142857,139.5,140.964285714,136.321428571,155.535714286,161.321428571,124.25,96.6785714286,81.6428571429,74.25,51.0357142857,23.3571428571,1862.25,2145.25,2656.75,2094.75,2097.75,1713.25,1418.5
