zone_id,area_id,total,daytype_inweek,daytype_weekend,hod_00h,hod_01h,hod_02h,hod_03h,hod_04h,hod_05h,hod_06h,hod_07h,hod_08h,hod_09h,hod_10h,hod_11h,hod_12h,hod_13h,hod_14h,hod_15h,hod_16h,hod_17h,hod_18h,hod_19h,hod_20h,hod_21h,hod_22h,hod_23h,dow_mon,dow_tue,dow_wed,dow_thu,dow_fri,dow_sat,dow_sun
E06000054,E02006683,2755.28571429,15163.25,4676.75,10.75,8.39285714286,6.42857142857,6.03571428571,10.1428571429,27.7142857143,50.6785714286,122.928571429,157.964285714,152.285714286,163.0,170.357142857,178.321428571,180.571428571,189.5,191.0,209.392857143,219.678571429,188.928571429,160.714285714,120.464285714,100.821428571,82.0357142857,47.1785714286,2783.25,2967.75,3811.25,2859.25,2741.75,2230.25,1893.5
