zone_id,area_id,total,daytype_inweek,daytype_weekend,hod_00h,hod_01h,hod_02h,hod_03h,hod_04h,hod_05h,hod_06h,hod_07h,hod_08h,hod_09h,hod_10h,hod_11h,hod_12h,hod_13h,hod_14h,hod_15h,hod_16h,hod_17h,hod_18h,hod_19h,hod_20h,hod_21h,hod_22h,hod_23h,dow_mon,dow_tue,dow_wed,dow_thu,dow_fri,dow_sat,dow_sun
E08000019,E02001637,7188.60714286,39386.0,11650.75,54.5357142857,55.3928571429,38.5357142857,33.4285714286,37.4285714286,89.1071428571,147.214285714,303.142857143,365.25,351.964285714,395.428571429,449.035714286,498.5,511.214285714,511.285714286,502.214285714,562.071428571,545.25,450.0,379.0,327.964285714,253.964285714,190.178571429,136.5,6915.25,7602.5,9778.25,7439.75,7650.25,6198.75,4735.5
