zone_id,area_id,total,daytype_inweek,daytype_weekend,hod_00h,hod_01h,hod_02h,hod_03h,hod_04h,hod_05h,hod_06h,hod_07h,hod_08h,hod_09h,hod_10h,hod_11h,hod_12h,hod_13h,hod_14h,hod_15h,hod_16h,hod_17h,hod_18h,hod_19h,hod_20h,hod_21h,hod_22h,hod_23h,dow_mon,dow_tue,dow_wed,dow_thu,dow_fri,dow_sat,dow_sun
E08000002,E02001032,2547.21428571,13316.75,4474.0,15.8928571429,17.25,11.1071428571,9.71428571429,8.0,16.3214285714,38.7857142857,77.3214285714,120.107142857,124.928571429,153.392857143,164.785714286,176.0,179.857142857,174.428571429,172.75,180.0,193.178571429,177.035714286,164.75,142.392857143,104.25,76.9642857143,48.0,2422.5,2581.0,3287.0,2478.0,2548.25,2462.25,2051.5
