zone_id,area_id,total,daytype_inweek,daytype_weekend,hod_00h,hod_01h,hod_02h,hod_03h,hod_04h,hod_05h,hod_06h,hod_07h,hod_08h,hod_09h,hod_10h,hod_11h,hod_12h,hod_13h,hod_14h,hod_15h,hod_16h,hod_17h,hod_18h,hod_19h,hod_20h,hod_21h,hod_22h,hod_23h,dow_mon,dow_tue,dow_wed,dow_thu,dow_fri,dow_sat,dow_sun
E08000013,E02001416,1983.25,10593.0,3344.25,10.5357142857,9.57142857143,8.03571428571,6.96428571429,7.85714285714,20.2142857143,26.3571428571,62.1428571429,90.3928571429,97.0357142857,106.142857143,125.964285714,142.0,140.214285714,147.75,148.428571429,148.535714286,153.428571429,140.535714286,120.821428571,96.4285714286,77.3214285714,62.4285714286,34.1428571429,1892.5,2070.5,2605.5,2019.75,2004.75,1838.0,1451.75
