zone_id,area_id,total,daytype_inweek,daytype_weekend,hod_00h,hod_01h,hod_02h,hod_03h,hod_04h,hod_05h,hod_06h,hod_07h,hod_08h,hod_09h,hod_10h,hod_11h,hod_12h,hod_13h,hod_14h,hod_15h,hod_16h,hod_17h,hod_18h,hod_19h,hod_20h,hod_21h,hod_22h,hod_23h,dow_mon,dow_tue,dow_wed,dow_thu,dow_fri,dow_sat,dow_sun
E06000023,E02003021,2181.60714286,11896.5,3612.5,12.3928571429,15.0714285714,13.2857142857,11.8214285714,8.57142857143,18.0,37.7142857143,85.8571428571,123.214285714,118.142857143,121.214285714,125.25,135.5,135.821428571,138.75,146.464285714,156.035714286,169.0,157.642857143,135.428571429,110.857142857,87.3928571429,72.5,45.6785714286,2081.25,2374.0,3000.75,2282.75,2157.75,1843.5,1531.25
