zone_id,area_id,total,daytype_inweek,daytype_weekend,hod_00h,hod_01h,hod_02h,hod_03h,hod_04h,hod_05h,hod_06h,hod_07h,hod_08h,hod_09h,hod_10h,hod_11h,hod_12h,hod_13h,hod_14h,hod_15h,hod_16h,hod_17h,hod_18h,hod_19h,hod_20h,hod_21h,hod_22h,hod_23h,dow_mon,dow_tue,dow_wed,dow_thu,dow_fri,dow_sat,dow_sun
E07000012,E02003789,1504.96428571,8391.0,2418.25,6.32142857143,5.21428571429,2.78571428571,3.42857142857,3.85714285714,10.25,30.3571428571,79.2142857143,116.285714286,101.5,94.1785714286,93.7857142857,99.5,92.25,90.2857142857,93.1071428571,105.392857143,126.5,96.75,82.1428571429,61.6785714286,49.0357142857,41.3214285714,19.8214285714,1426.75,1668.5,2080.25,1624.25,1591.25,1152.25,991.5
