zone_id,area_id,total,daytype_inweek,daytype_weekend,hod_00h,hod_01h,hod_02h,hod_03h,hod_04h,hod_05h,hod_06h,hod_07h,hod_08h,hod_09h,hod_10h,hod_11h,hod_12h,hod_13h,hod_14h,hod_15h,hod_16h,hod_17h,hod_18h,hod_19h,hod_20h,hod_21h,hod_22h,hod_23h,dow_mon,dow_tue,dow_wed,dow_thu,dow_fri,dow_sat,dow_sun
E06000010,E02002671,6415.46428571,35289.25,10572.25,25.25,32.7142857143,25.0,25.3214285714,41.9642857143,138.285714286,249.428571429,350.571428571,326.535714286,322.75,367.0,410.821428571,457.035714286,439.214285714,448.25,442.321428571,511.25,493.535714286,388.642857143,295.785714286,237.035714286,181.107142857,126.785714286,78.8571428571,6149.75,6924.75,8706.0,6663.0,6845.75,5196.5,4422.5
