zone_id,area_id,total,daytype_inweek,daytype_weekend,hod_00h,hod_01h,hod_02h,hod_03h,hod_04h,hod_05h,hod_06h,hod_07h,hod_08h,hod_09h,hod_10h,hod_11h,hod_12h,hod_13h,hod_14h,hod_15h,hod_16h,hod_17h,hod_18h,hod_19h,hod_20h,hod_21h,hod_22h,hod_23h,dow_mon,dow_tue,dow_wed,dow_thu,dow_fri,dow_sat,dow_sun
E07000064,E02004402,2300.67857143,11983.75,4025.75,9.17857142857,8.07142857143,5.89285714286,2.46428571429,3.96428571429,10.8214285714,26.5714285714,76.1428571429,109.142857143,129.642857143,155.607142857,165.75,177.464285714,170.464285714,174.428571429,171.428571429,178.0,182.535714286,154.5,135.178571429,103.357142857,68.8214285714,50.9642857143,30.2857142857,2199.5,2428.0,2865.0,2155.0,2336.25,2294.75,1826.25
