zone_id,area_id,total,daytype_inweek,daytype_weekend,hod_00h,hod_01h,hod_02h,hod_03h,hod_04h,hod_05h,hod_06h,hod_07h,hod_08h,hod_09h,hod_10h,hod_11h,hod_12h,hod_13h,hod_14h,hod_15h,hod_16h,hod_17h,hod_18h,hod_19h,hod_20h,hod_21h,hod_22h,hod_23h,dow_mon,dow_tue,dow_wed,dow_thu,dow_fri,dow_sat,dow_sun
E08000015,E02001475,3986.14285714,21285.0,6727.25,16.3214285714,17.8214285714,13.2857142857,9.60714285714,10.6071428571,34.7142857143,59.2857142857,135.5,211.571428571,218.214285714,244.142857143,264.392857143,290.035714286,283.571428571,288.714285714,289.642857143,303.714285714,314.714285714,271.178571429,232.428571429,185.571428571,137.214285714,97.7142857143,56.1785714286,3733.25,4119.75,5254.0,4044.0,4134.0,3624.0,2994.0
