zone_id,area_id,total,daytype_inweek,daytype_weekend,hod_00h,hod_01h,hod_02h,hod_03h,hod_04h,hod_05h,hod_06h,hod_07h,hod_08h,hod_09h,hod_10h,hod_11h,hod_12h,hod_13h,hod_14h,hod_15h,hod_16h,hod_17h,hod_18h,hod_19h,hod_20h,hod_21h,hod_22h,hod_23h,dow_mon,dow_tue,dow_wed,dow_thu,dow_fri,dow_sat,dow_sun
W06000016,W02000272,3355.57142857,17974.75,5511.5,18.2142857143,16.3214285714,11.4285714286,8.67857142857,10.2142857143,22.3214285714,53.5714285714,121.392857143,167.0,182.071428571,218.285714286,239.357142857,252.428571429,258.571428571,247.285714286,250.035714286,254.964285714,237.535714286,213.107142857,178.0,144.214285714,115.25,83.2142857143,52.1071428571,3155.0,3487.75,4494.75,3404.5,3432.75,3157.75,2356.5
