zone_id,area_id,total,daytype_inweek,daytype_weekend,hod_00h,hod_01h,hod_02h,hod_03h,hod_04h,hod_05h,hod_06h,hod_07h,hod_08h,hod_09h,hod_10h,hod_11h,hod_12h,hod_13h,hod_14h,hod_15h,hod_16h,hod_17h,hod_18h,hod_19h,hod_20h,hod_21h,hod_22h,hod_23h,dow_mon,dow_tue,dow_wed,dow_thu,dow_fri,dow_sat,dow_sun
E07000168,E02005808,4926.42857143,25691.75,9067.75,12.9285714286,12.8571428571,9.71428571429,8.82142857143,10.6785714286,20.5357142857,50.5,125.357142857,216.535714286,292.5,373.071428571,408.464285714,383.642857143,379.607142857,389.321428571,391.357142857,410.428571429,383.857142857,315.214285714,245.035714286,185.714285714,149.892857143,98.6428571429,51.75,4952.5,4880.5,6434.25,4649.0,4775.5,4678.0,4115.25
