zone_id,area_id,total,daytype_inweek,daytype_weekend,hod_00h,hod_01h,hod_02h,hod_03h,hod_04h,hod_05h,hod_06h,hod_07h,hod_08h,hod_09h,hod_10h,hod_11h,hod_12h,hod_13h,hod_14h,hod_15h,hod_16h,hod_17h,hod_18h,hod_19h,hod_20h,hod_21h,hod_22h,hod_23h,dow_mon,dow_tue,dow_wed,dow_thu,dow_fri,dow_sat,dow_sun
E09000025,E02000719,1779.5,9014.25,3276.75,24.6428571429,22.3571428571,11.5357142857,10.3214285714,10.1785714286,14.6428571429,25.4642857143,40.25,58.4285714286,72.1428571429,85.5714285714,96.2142857143,111.5,115.785714286,118.357142857,121.892857143,120.285714286,129.928571429,134.75,131.107142857,112.285714286,95.0,68.4285714286,48.4285714286,1643.5,1696.0,2172.25,1806.25,1696.25,1809.0,1633.25
