zone_id,area_id,total,daytype_inweek,daytype_weekend,hod_00h,hod_01h,hod_02h,hod_03h,hod_04h,hod_05h,hod_06h,hod_07h,hod_08h,hod_09h,hod_10h,hod_11h,hod_12h,hod_13h,hod_14h,hod_15h,hod_16h,hod_17h,hod_18h,hod_19h,hod_20h,hod_21h,hod_22h,hod_23h,dow_mon,dow_tue,dow_wed,dow_thu,dow_fri,dow_sat,dow_sun
E07000007,E02003711,4020.5,21522.25,6930.0,23.75,22.4285714286,16.3571428571,13.8928571429,13.6071428571,24.1428571429,61.9642857143,167.107142857,218.392857143,210.75,229.821428571,251.785714286,275.535714286,270.678571429,260.178571429,266.142857143,283.321428571,316.392857143,295.714285714,243.285714286,203.214285714,163.357142857,118.75,69.9285714286,3924.5,4193.25,5246.5,4030.0,4128.0,3615.75,3005.5
