zone_id,area_id,total,daytype_inweek,daytype_weekend,hod_00h,hod_01h,hod_02h,hod_03h,hod_04h,hod_05h,hod_06h,hod_07h,hod_08h,hod_09h,hod_10h,hod_11h,hod_12h,hod_13h,hod_14h,hod_15h,hod_16h,hod_17h,hod_18h,hod_19h,hod_20h,hod_21h,hod_22h,hod_23h,dow_mon,dow_tue,dow_wed,dow_thu,dow_fri,dow_sat,dow_sun
E07000179,E02005959,1183.60714286,6516.25,2054.0,5.60714285714,6.42857142857,4.46428571429,5.46428571429,6.85714285714,9.82142857143,26.2857142857,49.25,62.6785714286,77.9285714286,75.1428571429,75.25,82.3214285714,78.9285714286,69.6071428571,74.0714285714,78.9285714286,83.6428571429,76.4642857143,66.5,57.5714285714,47.7857142857,39.75,22.8571428571,1211.5,1334.75,1627.75,1199.5,1142.75,926.5,842.5
