zone_id,area_id,total,daytype_inweek,daytype_weekend,hod_00h,hod_01h,hod_02h,hod_03h,hod_04h,hod_05h,hod_06h,hod_07h,hod_08h,hod_09h,hod_10h,hod_11h,hod_12h,hod_13h,hod_14h,hod_15h,hod_16h,hod_17h,hod_18h,hod_19h,hod_20h,hod_21h,hod_22h,hod_23h,dow_mon,dow_tue,dow_wed,dow_thu,dow_fri,dow_sat,dow_sun
E06000049,E02003826,3319.42857143,17920.75,5755.75,15.3214285714,17.1785714286,14.1071428571,10.8928571429,15.8928571429,60.1071428571,82.8928571429,162.178571429,180.0,171.178571429,183.714285714,196.75,206.714285714,218.178571429,216.25,220.714285714,252.035714286,257.178571429,222.5,188.357142857,156.0,128.178571429,88.5,54.6071428571,3271.0,3475.75,4408.5,3329.25,3436.25,2830.5,2484.75
