zone_id,area_id,total,daytype_inweek,daytype_weekend,hod_00h,hod_01h,hod_02h,hod_03h,hod_04h,hod_05h,hod_06h,hod_07h,hod_08h,hod_09h,hod_10h,hod_11h,hod_12h,hod_13h,hod_14h,hod_15h,hod_16h,hod_17h,hod_18h,hod_19h,hod_20h,hod_21h,hod_22h,hod_23h,dow_mon,dow_tue,dow_wed,dow_thu,dow_fri,dow_sat,dow_sun
E07000190,E02006109,4075.42857143,22495.75,6714.75,16.6785714286,16.3928571429,12.3571428571,10.8928571429,10.3928571429,23.6785714286,65.9642857143,183.571428571,268.642857143,245.035714286,279.428571429,284.0,275.214285714,274.357142857,265.0,264.642857143,282.392857143,299.107142857,262.428571429,225.5,180.214285714,146.785714286,115.714285714,67.0357142857,3978.25,4463.75,5718.25,4457.25,3878.25,3295.75,2736.5
