zone_id,area_id,total,daytype_inweek,daytype_weekend,hod_00h,hod_01h,hod_02h,hod_03h,hod_04h,hod_05h,hod_06h,hod_07h,hod_08h,hod_09h,hod_10h,hod_11h,hod_12h,hod_13h,hod_14h,hod_15h,hod_16h,hod_17h,hod_18h,hod_19h,hod_20h,hod_21h,hod_22h,hod_23h,dow_mon,dow_tue,dow_wed,dow_thu,dow_fri,dow_sat,dow_sun
W06000004,W02000050,5441.03571429,28072.75,9969.25,18.75,21.1071428571,16.0,14.0357142857,11.6428571429,22.8571428571,43.4642857143,133.642857143,219.642857143,263.107142857,337.464285714,411.5,445.464285714,450.142857143,442.75,438.392857143,436.571428571,415.892857143,342.571428571,290.035714286,239.428571429,188.607142857,141.857142857,96.1071428571,5287.0,5441.5,6922.0,5163.5,5258.75,5332.25,4682.25
