zone_id,area_id,total,daytype_inweek,daytype_weekend,hod_00h,hod_01h,hod_02h,hod_03h,hod_04h,hod_05h,hod_06h,hod_07h,hod_08h,hod_09h,hod_10h,hod_11h,hod_12h,hod_13h,hod_14h,hod_15h,hod_16h,hod_17h,hod_18h,hod_19h,hod_20h,hod_21h,hod_22h,hod_23h,dow_mon,dow_tue,dow_wed,dow_thu,dow_fri,dow_sat,dow_sun
E07000178,E02005950,4978.35714286,26666.0,8414.0,35.9285714286,42.6428571429,35.8928571429,32.9285714286,23.4285714286,36.1785714286,70.25,158.464285714,274.785714286,277.857142857,271.107142857,297.142857143,314.964285714,327.285714286,331.535714286,328.107142857,348.464285714,377.464285714,350.607142857,306.785714286,260.678571429,200.214285714,161.75,113.892857143,4781.5,5148.75,6596.75,5179.0,4960.0,4550.0,3632.5
