zone_id,area_id,total,daytype_inweek,daytype_weekend,hod_00h,hod_01h,hod_02h,hod_03h,hod_04h,hod_05h,hod_06h,hod_07h,hod_08h,hod_09h,hod_10h,hod_11h,hod_12h,hod_13h,hod_14h,hod_15h,hod_16h,hod_17h,hod_18h,hod_19h,hod_20h,hod_21h,hod_22h,hod_23h,dow_mon,dow_tue,dow_wed,dow_thu,dow_fri,dow_sat,dow_sun
E08000027,E02002008,2384.17857143,12797.25,3991.5,12.9285714286,13.8571428571,10.5714285714,8.39285714286,8.35714285714,17.1428571429,38.8928571429,72.6071428571,115.0,124.25,136.607142857,152.642857143,163.071428571,167.928571429,167.214285714,168.642857143,172.928571429,173.178571429,167.642857143,152.357142857,124.535714286,103.357142857,72.1071428571,39.9642857143,2250.5,2515.5,3202.75,2396.25,2432.25,2151.0,1741.0
