zone_id,area_id,total,daytype_inweek,daytype_weekend,hod_00h,hod_01h,hod_02h,hod_03h,hod_04h,hod_05h,hod_06h,hod_07h,hod_08h,hod_09h,hod_10h,hod_11h,hod_12h,hod_13h,hod_14h,hod_15h,hod_16h,hod_17h,hod_18h,hod_19h,hod_20h,hod_21h,hod_22h,hod_23h,dow_mon,dow_tue,dow_wed,dow_thu,dow_fri,dow_sat,dow_sun
E09000023,E02000682,1966.57142857,10415.75,3408.25,19.5714285714,19.5,12.8214285714,7.75,8.10714285714,13.5,24.9642857143,50.4642857143,81.2142857143,102.964285714,115.25,124.285714286,135.071428571,137.535714286,132.071428571,134.464285714,128.5,138.035714286,130.035714286,123.714285714,110.821428571,93.5714285714,72.3571428571,50.0,1883.5,2059.75,2543.0,1950.5,1979.0,1825.5,1524.75
