zone_id,area_id,total,daytype_inweek,daytype_weekend,hod_00h,hod_01h,hod_02h,hod_03h,hod_04h,hod_05h,hod_06h,hod_07h,hod_08h,hod_09h,hod_10h,hod_11h,hod_12h,hod_13h,hod_14h,hod_15h,hod_16h,hod_17h,hod_18h,hod_19h,hod_20h,hod_21h,hod_22h,hod_23h,dow_mon,dow_tue,dow_wed,dow_thu,dow_fri,dow_sat,dow_sun
E07000155,E02005691,1129.64285714,6236.75,1966.75,5.21428571429,4.5,4.03571428571,3.28571428571,4.0,7.07142857143,20.0357142857,52.8214285714,73.3928571429,74.6785714286,74.0,73.5357142857,73.2857142857,74.8928571429,73.2857142857,73.6071428571,76.1785714286,78.6428571429,69.1785714286,62.25,49.75,42.25,36.7142857143,23.0357142857,1186.25,1263.75,1535.0,1160.25,1091.5,890.25,780.5
