zone_id,area_id,total,daytype_inweek,daytype_weekend,hod_00h,hod_01h,hod_02h,hod_03h,hod_04h,hod_05h,hod_06h,hod_07h,hod_08h,hod_09h,hod_10h,hod_11h,hod_12h,hod_13h,hod_14h,hod_15h,hod_16h,hod_17h,hod_18h,hod_19h,hod_20h,hod_21h,hod_22h,hod_23h,dow_mon,dow_tue,dow_wed,dow_thu,dow_fri,dow_sat,dow_sun
E07000145,E02005549,1474.17857143,7987.5,2491.5,5.60714285714,5.75,4.78571428571,3.42857142857,4.46428571429,8.75,22.1428571429,38.0714285714,66.6428571429,87.9285714286,105.214285714,111.785714286,106.642857143,105.142857143,109.75,100.928571429,112.392857143,105.464285714,97.6785714286,80.0357142857,66.0357142857,58.6785714286,44.2857142857,22.5714285714,1435.25,1557.25,2107.5,1532.0,1355.5,1275.5,1056.25
