zone_id,area_id,total,daytype_inweek,daytype_weekend,hod_00h,hod_01h,hod_02h,hod_03h,hod_04h,hod_05h,hod_06h,hod_07h,hod_08h,hod_09h,hod_10h,hod_11h,hod_12h,hod_13h,hod_14h,hod_15h,hod_16h,hod_17h,hod_18h,hod_19h,hod_20h,hod_21h,hod_22h,hod_23h,dow_mon,dow_tue,dow_wed,dow_thu,dow_fri,dow_sat,dow_sun
E07000102,E02004967,1078.82142857,5808.0,1873.5,7.53571428571,6.53571428571,3.21428571429,3.0,3.78571428571,9.71428571429,14.5357142857,36.1785714286,46.4285714286,62.4285714286,64.1785714286,70.8928571429,77.3928571429,76.0,73.7142857143,71.4642857143,73.1785714286,79.7857142857,74.5357142857,67.2142857143,55.8571428571,45.3571428571,34.6071428571,21.2857142857,1072.5,1111.75,1483.5,1079.75,1060.5,942.75,801.0
