zone_id,area_id,total,daytype_inweek,daytype_weekend,hod_00h,hod_01h,hod_02h,hod_03h,hod_04h,hod_05h,hod_06h,hod_07h,hod_08h,hod_09h,hod_10h,hod_11h,hod_12h,hod_13h,hod_14h,hod_15h,hod_16h,hod_17h,hod_18h,hod_19h,hod_20h,hod_21h,hod_22h,hod_23h,dow_mon,dow_tue,dow_wed,dow_thu,dow_fri,dow_sat,dow_sun
E07000236,E02006721,2727.21428571,14806.25,4471.75,16.3928571429,14.9285714286,9.89285714286,8.25,12.7857142857,44.1785714286,64.5,114.642857143,141.785714286,142.964285714,150.428571429,164.107142857,177.785714286,196.964285714,194.321428571,184.357142857,197.75,202.464285714,175.071428571,147.892857143,122.285714286,100.678571429,91.2857142857,51.5,2574.5,2961.0,3596.0,2797.5,2877.25,2387.0,1897.25
