zone_id,area_id,total,daytype_inweek,daytype_weekend,hod_00h,hod_01h,hod_02h,hod_03h,hod_04h,hod_05h,hod_06h,hod_07h,hod_08h,hod_09h,hod_10h,hod_11h,hod_12h,hod_13h,hod_14h,hod_15h,hod_16h,hod_17h,hod_18h,hod_19h,hod_20h,hod_21h,hod_22h,hod_23h,dow_mon,dow_tue,dow_wed,dow_thu,dow_fri,dow_sat,dow_sun
E08000027,E02002007,2200.39285714,11692.25,3810.25,12.0714285714,11.7142857143,7.78571428571,6.32142857143,7.42857142857,16.1428571429,36.2142857143,85.5714285714,109.607142857,117.642857143,132.928571429,137.535714286,145.928571429,142.964285714,143.071428571,149.071428571,161.678571429,167.285714286,154.25,142.142857143,115.714285714,91.8214285714,69.7142857143,35.7857142857,2107.25,2345.25,2915.25,2179.0,2145.5,2007.5,1703.0
