zone_id,area_id,total,daytype_inweek,daytype_weekend,hod_00h,hod_01h,hod_02h,hod_03h,hod_04h,hod_05h,hod_06h,hod_07h,hod_08h,hod_09h,hod_10h,hod_11h,hod_12h,hod_13h,hod_14h,hod_15h,hod_16h,hod_17h,hod_18h,hod_19h,hod_20h,hod_21h,hod_22h,hod_23h,dow_mon,dow_tue,dow_wed,dow_thu,dow_fri,dow_sat,dow_sun
E07000219,E02006479,3801.03571429,20267.25,6175.0,16.8928571429,20.4285714286,17.7857142857,14.7857142857,13.2857142857,31.2857142857,60.3214285714,111.785714286,182.642857143,225.607142857,249.535714286,281.642857143,291.678571429,288.178571429,283.0,276.321428571,263.571428571,268.25,234.107142857,210.392857143,170.0,130.928571429,101.607142857,57.0,3418.25,3953.25,5010.25,3868.0,4017.5,3583.25,2756.75
