area_id,total,daytype_inweek,daytype_weekend,hod_00h,hod_01h,hod_02h,hod_03h,hod_04h,hod_05h,hod_06h,hod_07h,hod_08h,hod_09h,hod_10h,hod_11h,hod_12h,hod_13h,hod_14h,hod_15h,hod_16h,hod_17h,hod_18h,hod_19h,hod_20h,hod_21h,hod_22h,hod_23h,dow_mon,dow_tue,dow_wed,dow_thu,dow_fri,dow_sat,dow_sun
19130,71.0,427.5,99.75,0.464285714286,0.464285714286,0.321428571429,0.0357142857143,0.357142857143,0.464285714286,0.678571428571,3.03571428571,5.89285714286,5.85714285714,7.21428571429,5.53571428571,5.03571428571,4.10714285714,3.35714285714,3.21428571429,3.03571428571,5.53571428571,4.96428571429,4.03571428571,2.85714285714,2.53571428571,1.35714285714,0.642857142857,74.25,84.25,114.75,74.75,79.5,44.0,25.5
19071,236.892857143,1210.25,442.0,2.78571428571,1.75,1.67857142857,1.64285714286,2.25,1.89285714286,3.42857142857,4.96428571429,8.71428571429,11.5,13.5714285714,16.1071428571,17.6428571429,17.8214285714,14.0,10.9642857143,8.60714285714,10.8571428571,13.75,14.25,16.1071428571,15.4642857143,12.8214285714,14.3214285714,221.0,241.0,294.0,202.5,251.75,227.0,221.0
19046,3.89285714286,21.0,6.25,0.0357142857143,0.0357142857143,0.0,0.0,0.0,0.0357142857143,0.0714285714286,0.25,0.107142857143,0.178571428571,0.107142857143,0.392857142857,0.321428571429,0.321428571429,0.464285714286,0.178571428571,0.107142857143,0.0357142857143,0.392857142857,0.321428571429,0.0,0.25,0.142857142857,0.142857142857,2.75,3.75,6.25,3.0,5.25,2.75,3.5
19257,0.428571428571,2.0,0.5,0.0,0.0,0.0,0.0,0.0,0.0,0.0357142857143,0.0,0.0714285714286,0.0,0.0357142857143,0.0357142857143,0.107142857143,0.0,0.0714285714286,0.0,0.0357142857143,0.0,0.0,0.0357142857143,0.0,0.0,0.0,0.0,0.25,0.25,0.75,0.25,0.5,0.75,0.25
19058,5.85714285714,33.5,8.5,0.0714285714286,0.0357142857143,0.0714285714286,0.0,0.0,0.0357142857143,0.0357142857143,0.142857142857,0.285714285714,0.392857142857,0.214285714286,0.178571428571,0.285714285714,0.571428571429,0.214285714286,0.607142857143,0.107142857143,0.607142857143,0.75,0.5,0.25,0.285714285714,0.142857142857,0.0714285714286,5.5,6.5,7.75,7.25,6.5,4.5,3.0
total,318.071428571,1694.25,557.0,3.35714285714,2.28571428571,2.07142857143,1.67857142857,2.60714285714,2.42857142857,4.25,8.39285714286,15.0714285714,17.9285714286,21.1428571429,22.25,23.3928571429,22.8214285714,18.1071428571,14.9642857143,11.8928571429,17.0357142857,19.8571428571,19.1428571429,19.2142857143,18.5357142857,14.4642857143,15.1785714286,303.75,335.75,423.5,287.75,343.5,279.0,253.25
