zone_id,area_id,total,daytype_inweek,daytype_weekend,hod_00h,hod_01h,hod_02h,hod_03h,hod_04h,hod_05h,hod_06h,hod_07h,hod_08h,hod_09h,hod_10h,hod_11h,hod_12h,hod_13h,hod_14h,hod_15h,hod_16h,hod_17h,hod_18h,hod_19h,hod_20h,hod_21h,hod_22h,hod_23h,dow_mon,dow_tue,dow_wed,dow_thu,dow_fri,dow_sat,dow_sun
E08000010,E02001302,3043.85714286,16212.75,5130.25,17.25,16.5,13.4642857143,11.0357142857,12.75,32.2857142857,69.3214285714,119.0,141.821428571,157.75,172.928571429,180.964285714,206.857142857,207.035714286,213.5,206.25,216.25,221.5,213.535714286,194.107142857,149.785714286,116.142857143,98.6785714286,55.1428571429,2848.5,3102.5,3988.75,3125.0,3148.0,2812.5,2281.75
