zone_id,area_id,total,daytype_inweek,daytype_weekend,hod_00h,hod_01h,hod_02h,hod_03h,hod_04h,hod_05h,hod_06h,hod_07h,hod_08h,hod_09h,hod_10h,hod_11h,hod_12h,hod_13h,hod_14h,hod_15h,hod_16h,hod_17h,hod_18h,hod_19h,hod_20h,hod_21h,hod_22h,hod_23h,dow_mon,dow_tue,dow_wed,dow_thu,dow_fri,dow_sat,dow_sun
E08000033,E02002249,1138.0,6176.0,1907.75,5.82142857143,7.85714285714,4.85714285714,4.17857142857,3.57142857143,11.3214285714,22.8571428571,39.1428571429,56.8571428571,63.2142857143,67.6428571429,74.0357142857,81.8214285714,77.4642857143,77.6785714286,83.1785714286,88.3214285714,88.1785714286,76.5714285714,65.5357142857,52.0,40.6071428571,27.5714285714,17.7142857143,1110.25,1193.75,1537.75,1124.75,1209.5,992.5,797.5
