zone_id,area_id,total,daytype_inweek,daytype_weekend,hod_00h,hod_01h,hod_02h,hod_03h,hod_04h,hod_05h,hod_06h,hod_07h,hod_08h,hod_09h,hod_10h,hod_11h,hod_12h,hod_13h,hod_14h,hod_15h,hod_16h,hod_17h,hod_18h,hod_19h,hod_20h,hod_21h,hod_22h,hod_23h,dow_mon,dow_tue,dow_wed,dow_thu,dow_fri,dow_sat,dow_sun
S12000017,S02002011,1900.53571429,10255.75,3205.75,1.5,2.82142857143,3.35714285714,3.39285714286,5.89285714286,12.2857142857,32.6785714286,68.4642857143,97.5,132.857142857,158.0,177.642857143,170.035714286,168.821428571,168.928571429,166.857142857,156.25,130.25,92.3928571429,66.0,42.5357142857,26.5,11.8928571429,3.67857142857,1859.5,2093.25,2491.25,2009.5,1802.25,1701.75,1346.25
