zone_id,area_id,total,daytype_inweek,daytype_weekend,hod_00h,hod_01h,hod_02h,hod_03h,hod_04h,hod_05h,hod_06h,hod_07h,hod_08h,hod_09h,hod_10h,hod_11h,hod_12h,hod_13h,hod_14h,hod_15h,hod_16h,hod_17h,hod_18h,hod_19h,hod_20h,hod_21h,hod_22h,hod_23h,dow_mon,dow_tue,dow_wed,dow_thu,dow_fri,dow_sat,dow_sun
E09000008,E02006788,2045.21428571,10756.5,3525.25,16.1428571429,15.5357142857,9.82142857143,9.0,8.21428571429,13.5,27.1428571429,67.1428571429,91.7142857143,103.75,122.392857143,128.678571429,139.285714286,137.357142857,141.071428571,140.392857143,137.214285714,151.928571429,146.392857143,133.357142857,111.821428571,89.7142857143,62.75,40.8928571429,1942.75,2048.25,2645.75,2011.5,2108.25,1977.5,1582.5
