zone_id,area_id,total,daytype_inweek,daytype_weekend,hod_00h,hod_01h,hod_02h,hod_03h,hod_04h,hod_05h,hod_06h,hod_07h,hod_08h,hod_09h,hod_10h,hod_11h,hod_12h,hod_13h,hod_14h,hod_15h,hod_16h,hod_17h,hod_18h,hod_19h,hod_20h,hod_21h,hod_22h,hod_23h,dow_mon,dow_tue,dow_wed,dow_thu,dow_fri,dow_sat,dow_sun
E09000032,E02000940,2472.60714286,12974.25,4247.5,25.6428571429,20.1785714286,15.3571428571,10.1428571429,10.8928571429,12.6785714286,28.3571428571,63.6785714286,108.607142857,129.178571429,139.214285714,156.107142857,174.357142857,171.464285714,170.821428571,166.214285714,164.5,171.642857143,171.107142857,164.178571429,133.535714286,109.428571429,91.8571428571,63.4642857143,2278.75,2531.0,3239.25,2413.75,2511.5,2365.25,1968.75
