zone_id,area_id,total,daytype_inweek,daytype_weekend,hod_00h,hod_01h,hod_02h,hod_03h,hod_04h,hod_05h,hod_06h,hod_07h,hod_08h,hod_09h,hod_10h,hod_11h,hod_12h,hod_13h,hod_14h,hod_15h,hod_16h,hod_17h,hod_18h,hod_19h,hod_20h,hod_21h,hod_22h,hod_23h,dow_mon,dow_tue,dow_wed,dow_thu,dow_fri,dow_sat,dow_sun
E09000007,E02000179,1013.10714286,5501.5,1742.0,8.39285714286,8.03571428571,5.89285714286,3.57142857143,3.5,4.32142857143,7.75,23.2857142857,55.2142857143,61.2142857143,55.8214285714,62.4285714286,63.7857142857,64.1071428571,62.2857142857,68.2142857143,63.7142857143,76.0357142857,76.5357142857,70.5,58.4285714286,45.4642857143,38.0,26.6071428571,992.0,1078.25,1419.75,1023.25,988.25,840.25,750.0
