zone_id,area_id,total,daytype_inweek,daytype_weekend,hod_00h,hod_01h,hod_02h,hod_03h,hod_04h,hod_05h,hod_06h,hod_07h,hod_08h,hod_09h,hod_10h,hod_11h,hod_12h,hod_13h,hod_14h,hod_15h,hod_16h,hod_17h,hod_18h,hod_19h,hod_20h,hod_21h,hod_22h,hod_23h,dow_mon,dow_tue,dow_wed,dow_thu,dow_fri,dow_sat,dow_sun
E09000027,E02000793,2159.07142857,11333.25,3802.5,14.3214285714,14.7857142857,8.28571428571,6.03571428571,7.25,12.7857142857,27.3571428571,68.8214285714,104.928571429,127.821428571,137.178571429,157.035714286,161.642857143,157.535714286,152.142857143,145.142857143,140.142857143,154.428571429,144.107142857,129.321428571,107.25,82.2142857143,60.6785714286,37.8571428571,2068.75,2251.25,2754.5,2130.0,2128.75,2046.5,1733.75
