zone_id,area_id,total,daytype_inweek,daytype_weekend,hod_00h,hod_01h,hod_02h,hod_03h,hod_04h,hod_05h,hod_06h,hod_07h,hod_08h,hod_09h,hod_10h,hod_11h,hod_12h,hod_13h,hod_14h,hod_15h,hod_16h,hod_17h,hod_18h,hod_19h,hod_20h,hod_21h,hod_22h,hod_23h,dow_mon,dow_tue,dow_wed,dow_thu,dow_fri,dow_sat,dow_sun
E06000030,E02003224,4288.17857143,23117.75,7216.75,15.9285714286,19.8214285714,13.3571428571,13.6071428571,19.3571428571,51.6785714286,92.2857142857,175.357142857,242.285714286,246.035714286,266.535714286,269.214285714,290.607142857,291.285714286,297.071428571,289.678571429,317.464285714,330.428571429,281.892857143,239.75,193.5,162.964285714,111.071428571,57.0,4143.25,4626.75,5638.75,4353.75,4355.25,3826.0,3073.5
