zone_id,area_id,total,daytype_inweek,daytype_weekend,hod_00h,hod_01h,hod_02h,hod_03h,hod_04h,hod_05h,hod_06h,hod_07h,hod_08h,hod_09h,hod_10h,hod_11h,hod_12h,hod_13h,hod_14h,hod_15h,hod_16h,hod_17h,hod_18h,hod_19h,hod_20h,hod_21h,hod_22h,hod_23h,dow_mon,dow_tue,dow_wed,dow_thu,dow_fri,dow_sat,dow_sun
E06000035,E02003332,2961.5,15782.75,5148.0,14.6428571429,12.9642857143,10.4285714286,10.3571428571,9.42857142857,23.1071428571,48.9642857143,102.642857143,149.892857143,165.892857143,189.035714286,207.071428571,209.214285714,217.392857143,203.857142857,205.214285714,217.642857143,222.25,190.857142857,170.142857143,135.714285714,117.785714286,81.75,45.25,2919.75,3112.0,3839.0,2997.25,2914.75,2719.5,2228.25
