zone_id,area_id,total,daytype_inweek,daytype_weekend,hod_00h,hod_01h,hod_02h,hod_03h,hod_04h,hod_05h,hod_06h,hod_07h,hod_08h,hod_09h,hod_10h,hod_11h,hod_12h,hod_13h,hod_14h,hod_15h,hod_16h,hod_17h,hod_18h,hod_19h,hod_20h,hod_21h,hod_22h,hod_23h,dow_mon,dow_tue,dow_wed,dow_thu,dow_fri,dow_sat,dow_sun
E08000029,E02002092,2046.32142857,10889.75,3519.0,13.6428571429,12.8928571429,10.6071428571,7.10714285714,10.6071428571,34.6785714286,48.9642857143,76.8214285714,95.2857142857,102.678571429,114.071428571,123.892857143,139.857142857,142.035714286,139.785714286,134.178571429,136.928571429,144.535714286,130.142857143,122.321428571,109.928571429,96.6071428571,58.9642857143,39.7857142857,1927.0,2136.0,2677.0,2045.75,2104.0,1842.5,1592.0
