zone_id,area_id,total,daytype_inweek,daytype_weekend,hod_00h,hod_01h,hod_02h,hod_03h,hod_04h,hod_05h,hod_06h,hod_07h,hod_08h,hod_09h,hod_10h,hod_11h,hod_12h,hod_13h,hod_14h,hod_15h,hod_16h,hod_17h,hod_18h,hod_19h,hod_20h,hod_21h,hod_22h,hod_23h,dow_mon,dow_tue,dow_wed,dow_thu,dow_fri,dow_sat,dow_sun
S12000014,S02001699,1013.96428571,5474.0,1769.5,5.28571428571,4.71428571429,3.57142857143,3.96428571429,3.42857142857,7.5,21.7142857143,46.3928571429,63.0,56.2142857143,52.6785714286,58.5714285714,64.5714285714,62.5,64.2142857143,73.1428571429,80.1785714286,80.0,69.2142857143,56.75,53.4642857143,41.4285714286,28.75,12.7142857143,1037.5,1085.5,1338.0,1023.25,989.75,891.75,732.0
