zone_id,area_id,total,daytype_inweek,daytype_weekend,hod_00h,hod_01h,hod_02h,hod_03h,hod_04h,hod_05h,hod_06h,hod_07h,hod_08h,hod_09h,hod_10h,hod_11h,hod_12h,hod_13h,hod_14h,hod_15h,hod_16h,hod_17h,hod_18h,hod_19h,hod_20h,hod_21h,hod_22h,hod_23h,dow_mon,dow_tue,dow_wed,dow_thu,dow_fri,dow_sat,dow_sun
E06000006,E02002582,8938.64285714,47869.25,15832.0,78.9285714286,61.8928571429,45.5714285714,39.5357142857,44.1071428571,107.464285714,171.5,353.285714286,504.964285714,475.178571429,494.857142857,540.0,607.75,602.464285714,604.964285714,590.964285714,661.071428571,695.357142857,586.0,493.142857143,436.178571429,310.571428571,235.142857143,197.75,8738.0,9100.75,11549.75,9253.0,9227.75,7607.25,7094.0
