zone_id,area_id,total,daytype_inweek,daytype_weekend,hod_00h,hod_01h,hod_02h,hod_03h,hod_04h,hod_05h,hod_06h,hod_07h,hod_08h,hod_09h,hod_10h,hod_11h,hod_12h,hod_13h,hod_14h,hod_15h,hod_16h,hod_17h,hod_18h,hod_19h,hod_20h,hod_21h,hod_22h,hod_23h,dow_mon,dow_tue,dow_wed,dow_thu,dow_fri,dow_sat,dow_sun
E07000118,E02005201,2583.35714286,13672.0,4516.75,10.7857142857,11.4285714286,9.5,8.0,7.42857142857,15.9285714286,31.2857142857,83.8214285714,131.571428571,141.821428571,160.357142857,177.607142857,182.75,192.75,180.642857143,180.25,191.642857143,199.5,177.178571429,162.285714286,125.607142857,94.1428571429,72.0,35.0714285714,2489.25,2755.5,3270.75,2605.5,2551.0,2384.0,2027.5
