zone_id,area_id,total,daytype_inweek,daytype_weekend,hod_00h,hod_01h,hod_02h,hod_03h,hod_04h,hod_05h,hod_06h,hod_07h,hod_08h,hod_09h,hod_10h,hod_11h,hod_12h,hod_13h,hod_14h,hod_15h,hod_16h,hod_17h,hod_18h,hod_19h,hod_20h,hod_21h,hod_22h,hod_23h,dow_mon,dow_tue,dow_wed,dow_thu,dow_fri,dow_sat,dow_sun
E07000195,E02006169,2450.53571429,13392.25,4129.25,16.8571428571,15.0714285714,12.8214285714,8.75,11.0357142857,22.8214285714,42.0714285714,98.8571428571,149.75,143.642857143,146.785714286,152.857142857,162.642857143,169.035714286,153.928571429,149.321428571,172.571428571,190.357142857,162.071428571,137.642857143,113.5,93.1785714286,78.3928571429,46.5714285714,2362.5,2584.25,3336.25,2539.5,2569.75,1994.75,1766.75
