zone_id,area_id,total,daytype_inweek,daytype_weekend,hod_00h,hod_01h,hod_02h,hod_03h,hod_04h,hod_05h,hod_06h,hod_07h,hod_08h,hod_09h,hod_10h,hod_11h,hod_12h,hod_13h,hod_14h,hod_15h,hod_16h,hod_17h,hod_18h,hod_19h,hod_20h,hod_21h,hod_22h,hod_23h,dow_mon,dow_tue,dow_wed,dow_thu,dow_fri,dow_sat,dow_sun
S12000044,S02002190,1810.60714286,9642.25,3218.0,10.5357142857,9.78571428571,8.25,5.46428571429,9.0,18.3928571429,36.75,79.0,108.464285714,86.1071428571,96.9285714286,104.5,112.214285714,121.535714286,118.964285714,123.642857143,133.75,135.821428571,130.357142857,113.25,96.4642857143,71.75,51.25,28.4285714286,1844.75,1840.75,2307.0,1752.75,1897.0,1658.75,1373.25
