zone_id,area_id,total,daytype_inweek,daytype_weekend,hod_00h,hod_01h,hod_02h,hod_03h,hod_04h,hod_05h,hod_06h,hod_07h,hod_08h,hod_09h,hod_10h,hod_11h,hod_12h,hod_13h,hod_14h,hod_15h,hod_16h,hod_17h,hod_18h,hod_19h,hod_20h,hod_21h,hod_22h,hod_23h,dow_mon,dow_tue,dow_wed,dow_thu,dow_fri,dow_sat,dow_sun
E08000028,E02002044,1420.85714286,7519.0,2519.25,9.89285714286,8.57142857143,6.71428571429,5.32142857143,6.82142857143,12.5714285714,25.6428571429,45.6785714286,62.8214285714,67.8214285714,84.5,90.9285714286,93.1071428571,98.6428571429,97.4642857143,96.6071428571,97.4285714286,100.75,98.2857142857,90.7142857143,75.3928571429,65.7857142857,48.75,30.6428571429,1424.75,1469.75,1855.25,1362.5,1406.75,1332.5,1094.5
