zone_id,area_id,total,daytype_inweek,daytype_weekend,hod_00h,hod_01h,hod_02h,hod_03h,hod_04h,hod_05h,hod_06h,hod_07h,hod_08h,hod_09h,hod_10h,hod_11h,hod_12h,hod_13h,hod_14h,hod_15h,hod_16h,hod_17h,hod_18h,hod_19h,hod_20h,hod_21h,hod_22h,hod_23h,dow_mon,dow_tue,dow_wed,dow_thu,dow_fri,dow_sat,dow_sun
E09000005,E02000121,2893.25,14997.0,5100.75,25.25,29.1071428571,17.75,12.9642857143,15.0714285714,28.6071428571,48.25,93.0714285714,118.857142857,139.642857143,157.678571429,169.25,193.678571429,195.25,195.071428571,192.535714286,190.928571429,212.178571429,204.357142857,187.214285714,163.428571429,125.892857143,102.571428571,74.6428571429,2734.25,2941.0,3738.5,2747.5,2835.75,2889.25,2366.5
