zone_id,area_id,total,daytype_inweek,daytype_weekend,hod_00h,hod_01h,hod_02h,hod_03h,hod_04h,hod_05h,hod_06h,hod_07h,hod_08h,hod_09h,hod_10h,hod_11h,hod_12h,hod_13h,hod_14h,hod_15h,hod_16h,hod_17h,hod_18h,hod_19h,hod_20h,hod_21h,hod_22h,hod_23h,dow_mon,dow_tue,dow_wed,dow_thu,dow_fri,dow_sat,dow_sun
E07000007,E02003716,2390.67857143,12705.25,4100.5,10.0357142857,9.14285714286,7.32142857143,5.17857142857,5.92857142857,9.92857142857,27.5,82.5357142857,133.464285714,138.571428571,159.392857143,175.75,192.357142857,175.714285714,174.928571429,171.75,174.035714286,181.785714286,154.678571429,131.535714286,103.142857143,76.1428571429,57.1785714286,32.6785714286,2286.0,2472.75,3108.5,2408.5,2429.5,2215.0,1814.5
