zone_id,area_id,total,daytype_inweek,daytype_weekend,hod_00h,hod_01h,hod_02h,hod_03h,hod_04h,hod_05h,hod_06h,hod_07h,hod_08h,hod_09h,hod_10h,hod_11h,hod_12h,hod_13h,hod_14h,hod_15h,hod_16h,hod_17h,hod_18h,hod_19h,hod_20h,hod_21h,hod_22h,hod_23h,dow_mon,dow_tue,dow_wed,dow_thu,dow_fri,dow_sat,dow_sun
E08000025,E02001875,6166.71428571,32913.75,10695.0,80.1785714286,82.6785714286,55.7857142857,42.5357142857,39.3928571429,53.1428571429,98.0357142857,194.357142857,295.071428571,295.75,308.321428571,332.25,374.892857143,389.321428571,392.321428571,408.178571429,430.678571429,465.071428571,425.785714286,380.642857143,322.464285714,283.25,240.821428571,175.785714286,5935.0,6471.25,8016.0,6202.5,6289.0,5493.25,4760.0
