zone_id,area_id,total,daytype_inweek,daytype_weekend,hod_00h,hod_01h,hod_02h,hod_03h,hod_04h,hod_05h,hod_06h,hod_07h,hod_08h,hod_09h,hod_10h,hod_11h,hod_12h,hod_13h,hod_14h,hod_15h,hod_16h,hod_17h,hod_18h,hod_19h,hod_20h,hod_21h,hod_22h,hod_23h,dow_mon,dow_tue,dow_wed,dow_thu,dow_fri,dow_sat,dow_sun
S12000006,S02001417,1555.03571429,8428.5,2735.0,3.85714285714,3.39285714286,3.03571428571,3.46428571429,3.14285714286,11.0714285714,27.7142857143,64.25,82.4642857143,92.25,112.178571429,119.357142857,117.821428571,119.714285714,113.392857143,123.357142857,127.571428571,119.607142857,94.5,71.2857142857,59.8928571429,42.1785714286,26.5,13.0357142857,1600.5,1670.5,2045.0,1656.75,1455.75,1322.25,1134.5
