zone_id,area_id,total,daytype_inweek,daytype_weekend,hod_00h,hod_01h,hod_02h,hod_03h,hod_04h,hod_05h,hod_06h,hod_07h,hod_08h,hod_09h,hod_10h,hod_11h,hod_12h,hod_13h,hod_14h,hod_15h,hod_16h,hod_17h,hod_18h,hod_19h,hod_20h,hod_21h,hod_22h,hod_23h,dow_mon,dow_tue,dow_wed,dow_thu,dow_fri,dow_sat,dow_sun
E07000127,E02005312,2013.25,10986.75,3355.75,11.7142857143,12.6428571429,8.25,6.39285714286,5.5,18.7857142857,35.2857142857,78.6785714286,103.964285714,101.928571429,115.535714286,127.607142857,138.285714286,141.964285714,144.571428571,142.357142857,148.785714286,154.071428571,135.928571429,112.285714286,92.75,77.4285714286,60.0,38.5357142857,1949.25,2096.25,2718.75,2102.0,2120.5,1699.5,1406.5
