zone_id,area_id,total,daytype_inweek,daytype_weekend,hod_00h,hod_01h,hod_02h,hod_03h,hod_04h,hod_05h,hod_06h,hod_07h,hod_08h,hod_09h,hod_10h,hod_11h,hod_12h,hod_13h,hod_14h,hod_15h,hod_16h,hod_17h,hod_18h,hod_19h,hod_20h,hod_21h,hod_22h,hod_23h,dow_mon,dow_tue,dow_wed,dow_thu,dow_fri,dow_sat,dow_sun
S12000021,S02002115,1204.10714286,6357.25,2162.0,3.71428571429,6.96428571429,3.07142857143,1.92857142857,2.92857142857,8.0,12.0,40.1071428571,71.2142857143,63.8928571429,76.0357142857,82.9285714286,88.1428571429,91.2857142857,87.9642857143,94.8928571429,91.8928571429,84.5714285714,79.1071428571,68.3214285714,56.6785714286,47.25,26.5357142857,14.6785714286,1227.75,1241.5,1525.0,1121.25,1241.75,1137.25,934.25
