zone_id,area_id,total,daytype_inweek,daytype_weekend,hod_00h,hod_01h,hod_02h,hod_03h,hod_04h,hod_05h,hod_06h,hod_07h,hod_08h,hod_09h,hod_10h,hod_11h,hod_12h,hod_13h,hod_14h,hod_15h,hod_16h,hod_17h,hod_18h,hod_19h,hod_20h,hod_21h,hod_22h,hod_23h,dow_mon,dow_tue,dow_wed,dow_thu,dow_fri,dow_sat,dow_sun
E07000109,E02005065,1599.71428571,8151.75,2830.0,8.96428571429,7.67857142857,5.28571428571,5.28571428571,5.60714285714,11.2142857143,19.0,44.2142857143,68.8928571429,87.1071428571,105.821428571,115.285714286,114.285714286,108.107142857,107.392857143,109.785714286,112.357142857,115.535714286,111.785714286,103.571428571,87.5714285714,67.6785714286,50.6071428571,26.6785714286,1482.0,1560.25,1987.75,1473.75,1648.0,1698.25,1348.0
