zone_id,area_id,total,daytype_inweek,daytype_weekend,hod_00h,hod_01h,hod_02h,hod_03h,hod_04h,hod_05h,hod_06h,hod_07h,hod_08h,hod_09h,hod_10h,hod_11h,hod_12h,hod_13h,hod_14h,hod_15h,hod_16h,hod_17h,hod_18h,hod_19h,hod_20h,hod_21h,hod_22h,hod_23h,dow_mon,dow_tue,dow_wed,dow_thu,dow_fri,dow_sat,dow_sun
E07000194,E02006155,945.535714286,5037.75,1668.5,4.14285714286,4.42857142857,3.32142857143,2.0,2.96428571429,7.07142857143,15.25,29.0357142857,49.9642857143,51.1428571429,56.25,63.0357142857,64.75,67.4642857143,65.5714285714,64.0,69.1785714286,74.4642857143,66.2142857143,57.5357142857,47.1785714286,37.0714285714,28.5,15.0,931.0,977.0,1264.0,956.75,909.0,843.5,737.5
