zone_id,area_id,total,daytype_inweek,daytype_weekend,hod_00h,hod_01h,hod_02h,hod_03h,hod_04h,hod_05h,hod_06h,hod_07h,hod_08h,hod_09h,hod_10h,hod_11h,hod_12h,hod_13h,hod_14h,hod_15h,hod_16h,hod_17h,hod_18h,hod_19h,hod_20h,hod_21h,hod_22h,hod_23h,dow_mon,dow_tue,dow_wed,dow_thu,dow_fri,dow_sat,dow_sun
S12000033,S02001253,2793.67857143,15367.0,4656.25,10.5714285714,14.3928571429,8.71428571429,11.4285714286,14.8928571429,38.6785714286,90.3928571429,148.821428571,184.821428571,152.964285714,145.964285714,163.714285714,175.321428571,179.892857143,176.392857143,196.5,218.642857143,219.678571429,186.928571429,152.392857143,121.535714286,92.3571428571,59.75,28.9285714286,2807.75,2974.5,3815.75,2879.0,2890.0,2340.25,1848.5
