zone_id,area_id,total,daytype_inweek,daytype_weekend,hod_00h,hod_01h,hod_02h,hod_03h,hod_04h,hod_05h,hod_06h,hod_07h,hod_08h,hod_09h,hod_10h,hod_11h,hod_12h,hod_13h,hod_14h,hod_15h,hod_16h,hod_17h,hod_18h,hod_19h,hod_20h,hod_21h,hod_22h,hod_23h,dow_mon,dow_tue,dow_wed,dow_thu,dow_fri,dow_sat,dow_sun
E08000027,E02002036,2570.85714286,13699.5,4315.25,16.8214285714,18.7142857143,13.0,8.71428571429,11.5714285714,25.3214285714,47.8214285714,87.8928571429,122.535714286,131.25,145.571428571,157.428571429,162.285714286,170.571428571,179.142857143,175.714285714,191.428571429,195.857142857,185.892857143,153.428571429,127.714285714,108.285714286,81.2142857143,52.6785714286,2451.5,2722.75,3388.25,2565.25,2571.75,2432.75,1863.75
