zone_id,area_id,total,daytype_inweek,daytype_weekend,hod_00h,hod_01h,hod_02h,hod_03h,hod_04h,hod_05h,hod_06h,hod_07h,hod_08h,hod_09h,hod_10h,hod_11h,hod_12h,hod_13h,hod_14h,hod_15h,hod_16h,hod_17h,hod_18h,hod_19h,hod_20h,hod_21h,hod_22h,hod_23h,dow_mon,dow_tue,dow_wed,dow_thu,dow_fri,dow_sat,dow_sun
E07000077,E02004597,1616.82142857,8714.75,2713.5,13.7857142857,8.35714285714,6.53571428571,7.92857142857,9.96428571429,16.5357142857,33.5714285714,69.3571428571,96.0,93.0,96.6428571429,104.5,105.535714286,106.928571429,99.0714285714,102.321428571,111.428571429,121.0,112.964285714,92.1071428571,73.9285714286,57.0357142857,46.2857142857,32.0357142857,1536.75,1690.25,2115.0,1749.5,1623.25,1426.25,1176.75
