zone_id,area_id,total,daytype_inweek,daytype_weekend,hod_00h,hod_01h,hod_02h,hod_03h,hod_04h,hod_05h,hod_06h,hod_07h,hod_08h,hod_09h,hod_10h,hod_11h,hod_12h,hod_13h,hod_14h,hod_15h,hod_16h,hod_17h,hod_18h,hod_19h,hod_20h,hod_21h,hod_22h,hod_23h,dow_mon,dow_tue,dow_wed,dow_thu,dow_fri,dow_sat,dow_sun
E06000023,E02006890,2907.0,15854.25,4872.25,21.5,21.8214285714,19.4285714286,14.1785714286,14.75,21.5,42.7857142857,91.7857142857,146.75,151.214285714,152.607142857,166.25,181.678571429,184.571428571,191.142857143,196.642857143,205.785714286,226.821428571,213.821428571,184.714285714,149.821428571,129.642857143,106.857142857,70.9285714286,2842.0,3151.0,3954.25,3020.75,2886.25,2464.5,2030.25
