zone_id,area_id,total,daytype_inweek,daytype_weekend,hod_00h,hod_01h,hod_02h,hod_03h,hod_04h,hod_05h,hod_06h,hod_07h,hod_08h,hod_09h,hod_10h,hod_11h,hod_12h,hod_13h,hod_14h,hod_15h,hod_16h,hod_17h,hod_18h,hod_19h,hod_20h,hod_21h,hod_22h,hod_23h,dow_mon,dow_tue,dow_wed,dow_thu,dow_fri,dow_sat,dow_sun
E09000008,E02000209,2658.71428571,14194.0,4573.75,24.1785714286,22.7142857143,15.0,14.8571428571,19.1428571429,35.0357142857,53.2142857143,85.8571428571,117.857142857,128.392857143,142.035714286,159.5,172.75,183.607142857,176.607142857,172.821428571,177.035714286,195.857142857,196.357142857,165.214285714,144.5,118.571428571,81.5357142857,56.0714285714,2614.5,2802.0,3447.0,2612.0,2718.5,2457.75,1959.25
