zone_id,area_id,total,daytype_inweek,daytype_weekend,hod_00h,hod_01h,hod_02h,hod_03h,hod_04h,hod_05h,hod_06h,hod_07h,hod_08h,hod_09h,hod_10h,hod_11h,hod_12h,hod_13h,hod_14h,hod_15h,hod_16h,hod_17h,hod_18h,hod_19h,hod_20h,hod_21h,hod_22h,hod_23h,dow_mon,dow_tue,dow_wed,dow_thu,dow_fri,dow_sat,dow_sun
W06000016,W02000267,1261.85714286,6960.5,2050.25,10.7142857143,6.0,3.21428571429,2.60714285714,3.0,12.5,24.25,49.4285714286,68.7142857143,73.3928571429,83.0357142857,87.4642857143,92.1785714286,92.2857142857,89.3928571429,89.75,89.6785714286,90.0357142857,81.7857142857,68.8571428571,54.8928571429,43.0,29.2142857143,16.4642857143,1206.75,1337.75,1777.75,1348.75,1289.5,1029.0,843.5
