zone_id,area_id,total,daytype_inweek,daytype_weekend,hod_00h,hod_01h,hod_02h,hod_03h,hod_04h,hod_05h,hod_06h,hod_07h,hod_08h,hod_09h,hod_10h,hod_11h,hod_12h,hod_13h,hod_14h,hod_15h,hod_16h,hod_17h,hod_18h,hod_19h,hod_20h,hod_21h,hod_22h,hod_23h,dow_mon,dow_tue,dow_wed,dow_thu,dow_fri,dow_sat,dow_sun
E07000192,E02006129,3015.85714286,16000.0,5312.0,16.8214285714,15.0357142857,11.8214285714,10.5714285714,10.9642857143,23.7857142857,52.4285714286,101.0,140.464285714,157.678571429,188.892857143,208.071428571,225.0,214.178571429,209.107142857,203.428571429,211.714285714,223.5,201.0,179.464285714,149.642857143,119.5,89.0,52.7857142857,3021.5,3088.5,3917.25,3015.0,2957.75,2820.5,2290.5
