zone_id,area_id,total,daytype_inweek,daytype_weekend,hod_00h,hod_01h,hod_02h,hod_03h,hod_04h,hod_05h,hod_06h,hod_07h,hod_08h,hod_09h,hod_10h,hod_11h,hod_12h,hod_13h,hod_14h,hod_15h,hod_16h,hod_17h,hod_18h,hod_19h,hod_20h,hod_21h,hod_22h,hod_23h,dow_mon,dow_tue,dow_wed,dow_thu,dow_fri,dow_sat,dow_sun
E06000052,E02003936,2853.10714286,15110.25,4804.0,10.1071428571,7.28571428571,7.0,6.75,9.85714285714,22.0357142857,57.9285714286,115.785714286,149.571428571,177.678571429,225.071428571,240.857142857,228.785714286,205.928571429,197.428571429,198.25,215.964285714,221.392857143,169.392857143,131.678571429,100.607142857,82.2857142857,52.2142857143,19.25,2878.0,2948.25,3572.25,2933.5,2778.25,2935.5,1926.0
