zone_id,area_id,total,daytype_inweek,daytype_weekend,hod_00h,hod_01h,hod_02h,hod_03h,hod_04h,hod_05h,hod_06h,hod_07h,hod_08h,hod_09h,hod_10h,hod_11h,hod_12h,hod_13h,hod_14h,hod_15h,hod_16h,hod_17h,hod_18h,hod_19h,hod_20h,hod_21h,hod_22h,hod_23h,dow_mon,dow_tue,dow_wed,dow_thu,dow_fri,dow_sat,dow_sun
E07000195,E02006165,2268.07142857,12114.5,3741.25,9.85714285714,11.3571428571,9.92857142857,8.10714285714,7.46428571429,19.3214285714,35.2142857143,78.0714285714,113.821428571,119.714285714,135.642857143,150.5,165.25,168.607142857,159.321428571,158.928571429,165.285714286,170.035714286,148.928571429,134.285714286,108.892857143,83.4285714286,65.3928571429,40.7142857143,2148.0,2354.25,2959.0,2281.0,2372.25,2168.75,1593.25
