zone_id,area_id,total,daytype_inweek,daytype_weekend,hod_00h,hod_01h,hod_02h,hod_03h,hod_04h,hod_05h,hod_06h,hod_07h,hod_08h,hod_09h,hod_10h,hod_11h,hod_12h,hod_13h,hod_14h,hod_15h,hod_16h,hod_17h,hod_18h,hod_19h,hod_20h,hod_21h,hod_22h,hod_23h,dow_mon,dow_tue,dow_wed,dow_thu,dow_fri,dow_sat,dow_sun
E08000021,E02001715,4085.35714286,21809.5,6770.75,22.3571428571,22.2857142857,17.4642857143,13.7857142857,18.0714285714,26.6071428571,62.3571428571,153.928571429,216.5,218.464285714,248.571428571,270.25,298.5,295.571428571,294.464285714,288.535714286,297.178571429,313.857142857,278.142857143,228.821428571,183.785714286,141.428571429,105.714285714,68.7142857143,3841.0,4213.5,5322.5,4099.25,4333.25,3858.25,2929.75
