zone_id,area_id,total,daytype_inweek,daytype_weekend,hod_00h,hod_01h,hod_02h,hod_03h,hod_04h,hod_05h,hod_06h,hod_07h,hod_08h,hod_09h,hod_10h,hod_11h,hod_12h,hod_13h,hod_14h,hod_15h,hod_16h,hod_17h,hod_18h,hod_19h,hod_20h,hod_21h,hod_22h,hod_23h,dow_mon,dow_tue,dow_wed,dow_thu,dow_fri,dow_sat,dow_sun
E06000056,E02003649,1072.53571429,5678.25,1926.5,5.25,5.28571428571,4.75,3.42857142857,5.14285714286,7.53571428571,17.6071428571,33.9285714286,48.7142857143,55.7142857143,64.3214285714,73.4642857143,78.25,74.8214285714,76.3214285714,82.1071428571,77.7857142857,79.8571428571,71.1071428571,63.7142857143,51.3571428571,41.1428571429,33.0,17.9285714286,1082.25,1119.0,1412.25,1029.5,1035.25,985.25,844.25
