zone_id,area_id,total,daytype_inweek,daytype_weekend,hod_00h,hod_01h,hod_02h,hod_03h,hod_04h,hod_05h,hod_06h,hod_07h,hod_08h,hod_09h,hod_10h,hod_11h,hod_12h,hod_13h,hod_14h,hod_15h,hod_16h,hod_17h,hod_18h,hod_19h,hod_20h,hod_21h,hod_22h,hod_23h,dow_mon,dow_tue,dow_wed,dow_thu,dow_fri,dow_sat,dow_sun
E07000010,E02003742,1162.75,6237.5,2016.5,2.96428571429,3.92857142857,2.35714285714,2.46428571429,5.39285714286,19.1071428571,33.0,50.8928571429,52.9285714286,65.75,68.6071428571,69.1071428571,77.8571428571,72.7142857143,76.5,75.5357142857,86.3928571429,89.9642857143,80.3214285714,66.7142857143,59.0714285714,47.4642857143,34.2857142857,19.4285714286,1146.75,1282.75,1476.75,1197.25,1134.0,1032.0,869.75
