zone_id,area_id,total,daytype_inweek,daytype_weekend,hod_00h,hod_01h,hod_02h,hod_03h,hod_04h,hod_05h,hod_06h,hod_07h,hod_08h,hod_09h,hod_10h,hod_11h,hod_12h,hod_13h,hod_14h,hod_15h,hod_16h,hod_17h,hod_18h,hod_19h,hod_20h,hod_21h,hod_22h,hod_23h,dow_mon,dow_tue,dow_wed,dow_thu,dow_fri,dow_sat,dow_sun
E07000087,E02004729,1519.96428571,8006.75,2631.5,5.42857142857,6.21428571429,3.03571428571,2.10714285714,4.75,9.5,22.9285714286,57.9285714286,86.3571428571,88.1071428571,97.6428571429,107.357142857,104.678571429,109.75,109.785714286,102.642857143,112.392857143,113.071428571,100.964285714,92.5714285714,72.3571428571,54.8928571429,36.0714285714,19.4285714286,1439.25,1549.75,1957.25,1514.75,1545.75,1440.75,1192.25
