zone_id,area_id,total,daytype_inweek,daytype_weekend,hod_00h,hod_01h,hod_02h,hod_03h,hod_04h,hod_05h,hod_06h,hod_07h,hod_08h,hod_09h,hod_10h,hod_11h,hod_12h,hod_13h,hod_14h,hod_15h,hod_16h,hod_17h,hod_18h,hod_19h,hod_20h,hod_21h,hod_22h,hod_23h,dow_mon,dow_tue,dow_wed,dow_thu,dow_fri,dow_sat,dow_sun
E07000105,E02005000,10207.9285714,53034.0,17591.5,36.0,40.3214285714,29.2857142857,30.0357142857,32.6071428571,77.7857142857,151.142857143,336.535714286,524.214285714,583.178571429,657.821428571,732.25,772.178571429,754.964285714,730.642857143,716.464285714,737.071428571,771.678571429,669.392857143,575.392857143,483.571428571,359.392857143,263.607142857,142.392857143,9481.25,10311.75,12701.5,9712.25,10827.25,10311.25,8110.25
