zone_id,area_id,total,daytype_inweek,daytype_weekend,hod_00h,hod_01h,hod_02h,hod_03h,hod_04h,hod_05h,hod_06h,hod_07h,hod_08h,hod_09h,hod_10h,hod_11h,hod_12h,hod_13h,hod_14h,hod_15h,hod_16h,hod_17h,hod_18h,hod_19h,hod_20h,hod_21h,hod_22h,hod_23h,dow_mon,dow_tue,dow_wed,dow_thu,dow_fri,dow_sat,dow_sun
S12000034,S02001320,1733.53571429,9073.75,3097.0,5.39285714286,5.07142857143,4.10714285714,3.5,6.78571428571,15.8928571429,42.6428571429,84.2857142857,108.285714286,99.1428571429,105.285714286,107.892857143,117.857142857,122.964285714,124.857142857,135.428571429,142.928571429,139.392857143,111.107142857,84.8571428571,65.1785714286,53.7142857143,31.5714285714,15.3928571429,1706.25,1721.75,2233.5,1680.25,1732.0,1670.25,1390.75
