zone_id,area_id,total,daytype_inweek,daytype_weekend,hod_00h,hod_01h,hod_02h,hod_03h,hod_04h,hod_05h,hod_06h,hod_07h,hod_08h,hod_09h,hod_10h,hod_11h,hod_12h,hod_13h,hod_14h,hod_15h,hod_16h,hod_17h,hod_18h,hod_19h,hod_20h,hod_21h,hod_22h,hod_23h,dow_mon,dow_tue,dow_wed,dow_thu,dow_fri,dow_sat,dow_sun
E08000035,E02002387,3557.75,19090.25,5926.0,20.7857142857,21.0,15.1071428571,12.8928571429,15.0,33.1785714286,75.0714285714,169.642857143,194.107142857,187.535714286,212.535714286,230.178571429,247.0,244.535714286,240.821428571,243.607142857,270.535714286,269.035714286,244.357142857,192.75,159.821428571,120.821428571,86.1785714286,51.25,3334.75,3717.0,4708.5,3555.5,3774.5,3222.75,2591.25
