zone_id,area_id,total,daytype_inweek,daytype_weekend,hod_00h,hod_01h,hod_02h,hod_03h,hod_04h,hod_05h,hod_06h,hod_07h,hod_08h,hod_09h,hod_10h,hod_11h,hod_12h,hod_13h,hod_14h,hod_15h,hod_16h,hod_17h,hod_18h,hod_19h,hod_20h,hod_21h,hod_22h,hod_23h,dow_mon,dow_tue,dow_wed,dow_thu,dow_fri,dow_sat,dow_sun
E07000005,E02003682,2821.32142857,15335.5,4649.5,13.8214285714,8.85714285714,8.21428571429,6.03571428571,6.71428571429,13.3571428571,34.1428571429,90.0714285714,143.214285714,178.75,200.25,206.678571429,224.428571429,204.821428571,208.321428571,197.107142857,195.357142857,203.107142857,174.071428571,154.785714286,122.714285714,100.964285714,78.6785714286,46.8571428571,2698.75,3072.0,3758.5,2959.5,2846.75,2463.0,1950.75
