zone_id,area_id,total,daytype_inweek,daytype_weekend,hod_00h,hod_01h,hod_02h,hod_03h,hod_04h,hod_05h,hod_06h,hod_07h,hod_08h,hod_09h,hod_10h,hod_11h,hod_12h,hod_13h,hod_14h,hod_15h,hod_16h,hod_17h,hod_18h,hod_19h,hod_20h,hod_21h,hod_22h,hod_23h,dow_mon,dow_tue,dow_wed,dow_thu,dow_fri,dow_sat,dow_sun
E06000037,E02003368,1490.60714286,8186.25,2480.5,8.85714285714,8.14285714286,5.10714285714,5.03571428571,7.39285714286,14.7142857143,41.7142857143,82.9642857143,103.678571429,97.5714285714,94.3214285714,94.6071428571,100.107142857,97.25,90.8214285714,92.8928571429,98.6071428571,109.964285714,95.1785714286,73.6785714286,59.6785714286,46.2857142857,37.1428571429,24.8928571429,1488.25,1601.5,1994.75,1582.5,1519.25,1255.75,992.25
