zone_id,area_id,total,daytype_inweek,daytype_weekend,hod_00h,hod_01h,hod_02h,hod_03h,hod_04h,hod_05h,hod_06h,hod_07h,hod_08h,hod_09h,hod_10h,hod_11h,hod_12h,hod_13h,hod_14h,hod_15h,hod_16h,hod_17h,hod_18h,hod_19h,hod_20h,hod_21h,hod_22h,hod_23h,dow_mon,dow_tue,dow_wed,dow_thu,dow_fri,dow_sat,dow_sun
E07000103,E02004975,2602.39285714,13758.0,4458.5,19.3214285714,16.3928571429,12.3571428571,10.1428571429,8.07142857143,10.6071428571,36.6785714286,80.6785714286,132.5,145.0,152.964285714,169.25,194.107142857,192.285714286,184.535714286,173.964285714,176.357142857,191.285714286,186.821428571,159.571428571,126.5,102.178571429,73.3571428571,47.4642857143,2486.75,2686.5,3269.75,2616.25,2698.75,2487.0,1971.75
