zone_id,area_id,total,daytype_inweek,daytype_weekend,hod_00h,hod_01h,hod_02h,hod_03h,hod_04h,hod_05h,hod_06h,hod_07h,hod_08h,hod_09h,hod_10h,hod_11h,hod_12h,hod_13h,hod_14h,hod_15h,hod_16h,hod_17h,hod_18h,hod_19h,hod_20h,hod_21h,hod_22h,hod_23h,dow_mon,dow_tue,dow_wed,dow_thu,dow_fri,dow_sat,dow_sun
E06000011,E02002698,2950.96428571,15763.0,5163.75,10.1428571429,8.96428571429,7.0,6.03571428571,8.10714285714,24.7142857143,59.75,139.392857143,172.642857143,174.428571429,203.25,217.357142857,216.142857143,206.607142857,194.214285714,199.142857143,228.642857143,237.142857143,191.857142857,149.607142857,113.928571429,85.1071428571,62.4642857143,34.3214285714,2896.75,3054.0,3928.5,2945.75,2938.0,2626.75,2267.0
