zone_id,area_id,total,daytype_inweek,daytype_weekend,hod_00h,hod_01h,hod_02h,hod_03h,hod_04h,hod_05h,hod_06h,hod_07h,hod_08h,hod_09h,hod_10h,hod_11h,hod_12h,hod_13h,hod_14h,hod_15h,hod_16h,hod_17h,hod_18h,hod_19h,hod_20h,hod_21h,hod_22h,hod_23h,dow_mon,dow_tue,dow_wed,dow_thu,dow_fri,dow_sat,dow_sun
W06000016,W02000282,2725.0,14708.75,4690.5,15.8214285714,15.0357142857,11.1071428571,9.75,9.92857142857,20.0714285714,49.0,95.2857142857,135.892857143,162.821428571,187.714285714,177.5,185.714285714,178.857142857,180.107142857,180.25,194.035714286,190.714285714,184.107142857,164.071428571,127.857142857,106.321428571,88.0,55.0357142857,2672.75,2878.25,3720.0,2783.25,2654.5,2348.5,2017.75
