zone_id,area_id,total,daytype_inweek,daytype_weekend,hod_00h,hod_01h,hod_02h,hod_03h,hod_04h,hod_05h,hod_06h,hod_07h,hod_08h,hod_09h,hod_10h,hod_11h,hod_12h,hod_13h,hod_14h,hod_15h,hod_16h,hod_17h,hod_18h,hod_19h,hod_20h,hod_21h,hod_22h,hod_23h,dow_mon,dow_tue,dow_wed,dow_thu,dow_fri,dow_sat,dow_sun
S12000046,S02001959,2125.96428571,11262.5,3838.75,11.4285714286,15.3214285714,9.85714285714,8.89285714286,7.89285714286,11.6785714286,25.1071428571,80.5357142857,145.928571429,122.642857143,113.75,123.892857143,132.428571429,124.642857143,135.464285714,140.035714286,153.785714286,180.607142857,153.214285714,131.071428571,110.642857143,80.0714285714,62.5714285714,44.5,2139.5,2199.0,2763.25,2058.5,2102.25,1920.0,1699.25
