zone_id,area_id,total,daytype_inweek,daytype_weekend,hod_00h,hod_01h,hod_02h,hod_03h,hod_04h,hod_05h,hod_06h,hod_07h,hod_08h,hod_09h,hod_10h,hod_11h,hod_12h,hod_13h,hod_14h,hod_15h,hod_16h,hod_17h,hod_18h,hod_19h,hod_20h,hod_21h,hod_22h,hod_23h,dow_mon,dow_tue,dow_wed,dow_thu,dow_fri,dow_sat,dow_sun
E07000065,E02004414,1834.03571429,10040.25,3092.75,7.03571428571,4.64285714286,3.75,2.64285714286,4.10714285714,11.3928571429,31.9285714286,84.9285714286,123.821428571,110.75,125.464285714,124.107142857,129.5,129.392857143,119.0,121.571428571,135.035714286,149.571428571,122.357142857,96.7857142857,72.0714285714,57.3571428571,44.1428571429,22.6785714286,1832.25,1967.75,2446.25,2015.5,1778.5,1537.5,1260.5
