zone_id,area_id,total,daytype_inweek,daytype_weekend,hod_00h,hod_01h,hod_02h,hod_03h,hod_04h,hod_05h,hod_06h,hod_07h,hod_08h,hod_09h,hod_10h,hod_11h,hod_12h,hod_13h,hod_14h,hod_15h,hod_16h,hod_17h,hod_18h,hod_19h,hod_20h,hod_21h,hod_22h,hod_23h,dow_mon,dow_tue,dow_wed,dow_thu,dow_fri,dow_sat,dow_sun
S12000023,S02002217,366.071428571,1906.75,685.0,0.321428571429,1.35714285714,1.35714285714,1.17857142857,0.928571428571,1.92857142857,5.60714285714,12.6428571429,18.0,22.0357142857,24.3214285714,24.5714285714,25.4642857143,24.7142857143,27.5714285714,28.7857142857,33.5714285714,29.9642857143,24.75,19.6785714286,15.4285714286,12.2857142857,7.14285714286,2.46428571429,386.75,345.75,463.75,356.5,354.0,357.5,298.25
