zone_id,area_id,total,daytype_inweek,daytype_weekend,hod_00h,hod_01h,hod_02h,hod_03h,hod_04h,hod_05h,hod_06h,hod_07h,hod_08h,hod_09h,hod_10h,hod_11h,hod_12h,hod_13h,hod_14h,hod_15h,hod_16h,hod_17h,hod_18h,hod_19h,hod_20h,hod_21h,hod_22h,hod_23h,dow_mon,dow_tue,dow_wed,dow_thu,dow_fri,dow_sat,dow_sun
E08000008,E02001243,3443.21428571,18340.25,5788.75,16.3571428571,20.3571428571,14.8571428571,11.8571428571,10.6071428571,30.3571428571,62.7142857143,125.357142857,167.892857143,171.892857143,196.0,226.25,244.25,243.071428571,242.214285714,233.392857143,242.178571429,256.464285714,239.285714286,210.535714286,178.0,142.0,99.5714285714,57.75,3234.25,3516.25,4517.0,3489.0,3583.75,3207.75,2554.5
