zone_id,area_id,total,daytype_inweek,daytype_weekend,hod_00h,hod_01h,hod_02h,hod_03h,hod_04h,hod_05h,hod_06h,hod_07h,hod_08h,hod_09h,hod_10h,hod_11h,hod_12h,hod_13h,hod_14h,hod_15h,hod_16h,hod_17h,hod_18h,hod_19h,hod_20h,hod_21h,hod_22h,hod_23h,dow_mon,dow_tue,dow_wed,dow_thu,dow_fri,dow_sat,dow_sun
E08000006,E02001160,2134.25,11420.25,3624.25,15.0357142857,11.3928571429,9.25,6.89285714286,8.03571428571,21.2142857143,45.9285714286,73.2857142857,88.3928571429,109.857142857,123.071428571,139.392857143,148.5,143.571428571,145.285714286,154.25,162.107142857,156.642857143,152.678571429,127.892857143,103.071428571,82.6785714286,64.6428571429,41.1785714286,2022.0,2282.75,2781.5,2095.0,2239.0,1917.25,1602.25
