zone_id,area_id,total,daytype_inweek,daytype_weekend,hod_00h,hod_01h,hod_02h,hod_03h,hod_04h,hod_05h,hod_06h,hod_07h,hod_08h,hod_09h,hod_10h,hod_11h,hod_12h,hod_13h,hod_14h,hod_15h,hod_16h,hod_17h,hod_18h,hod_19h,hod_20h,hod_21h,hod_22h,hod_23h,dow_mon,dow_tue,dow_wed,dow_thu,dow_fri,dow_sat,dow_sun
E08000029,E02002095,2337.25,12450.0,4021.5,12.1071428571,10.6785714286,10.5,7.89285714286,11.8928571429,23.25,41.4285714286,73.6428571429,122.571428571,140.428571429,150.5,158.571428571,158.142857143,158.571428571,156.714285714,159.428571429,160.607142857,160.357142857,155.214285714,141.428571429,113.392857143,92.8928571429,69.6071428571,47.4285714286,2260.0,2414.5,3058.5,2376.75,2340.25,2149.25,1761.5
