zone_id,area_id,total,daytype_inweek,daytype_weekend,hod_00h,hod_01h,hod_02h,hod_03h,hod_04h,hod_05h,hod_06h,hod_07h,hod_08h,hod_09h,hod_10h,hod_11h,hod_12h,hod_13h,hod_14h,hod_15h,hod_16h,hod_17h,hod_18h,hod_19h,hod_20h,hod_21h,hod_22h,hod_23h,dow_mon,dow_tue,dow_wed,dow_thu,dow_fri,dow_sat,dow_sun
E06000029,E02003209,2798.89285714,15192.25,4759.75,10.5357142857,10.3928571429,7.71428571429,5.03571428571,6.57142857143,17.3571428571,58.1428571429,113.178571429,139.571428571,159.107142857,180.535714286,194.464285714,196.892857143,192.321428571,187.785714286,193.357142857,205.607142857,219.642857143,189.892857143,159.464285714,128.571428571,101.714285714,78.9285714286,42.1071428571,2804.0,2982.75,3625.0,2920.75,2859.75,2444.25,1955.75
