zone_id,area_id,total,daytype_inweek,daytype_weekend,hod_00h,hod_01h,hod_02h,hod_03h,hod_04h,hod_05h,hod_06h,hod_07h,hod_08h,hod_09h,hod_10h,hod_11h,hod_12h,hod_13h,hod_14h,hod_15h,hod_16h,hod_17h,hod_18h,hod_19h,hod_20h,hod_21h,hod_22h,hod_23h,dow_mon,dow_tue,dow_wed,dow_thu,dow_fri,dow_sat,dow_sun
E06000052,E02003937,8312.96428571,44798.75,15251.75,22.4642857143,14.3214285714,11.9642857143,10.1428571429,12.7142857143,26.7857142857,78.6428571429,195.75,305.75,490.964285714,724.785714286,744.142857143,658.392857143,607.0,599.607142857,656.821428571,710.214285714,687.142857143,539.75,401.964285714,310.285714286,245.035714286,174.785714286,83.5357142857,8724.0,8827.5,11225.75,8485.25,7536.25,6864.25,6527.75
