zone_id,area_id,total,daytype_inweek,daytype_weekend,hod_00h,hod_01h,hod_02h,hod_03h,hod_04h,hod_05h,hod_06h,hod_07h,hod_08h,hod_09h,hod_10h,hod_11h,hod_12h,hod_13h,hod_14h,hod_15h,hod_16h,hod_17h,hod_18h,hod_19h,hod_20h,hod_21h,hod_22h,hod_23h,dow_mon,dow_tue,dow_wed,dow_thu,dow_fri,dow_sat,dow_sun
E07000099,E02004909,720.642857143,3719.75,1231.25,4.64285714286,3.03571428571,3.35714285714,2.78571428571,3.21428571429,9.0,15.1071428571,31.1428571429,39.3571428571,39.5357142857,40.8214285714,46.25,47.9642857143,47.25,47.1428571429,47.9285714286,52.5714285714,52.1428571429,43.4285714286,43.0,34.9285714286,29.8214285714,22.7142857143,13.5,643.75,737.0,923.5,693.25,722.25,737.25,587.5
