zone_id,area_id,total,daytype_inweek,daytype_weekend,hod_00h,hod_01h,hod_02h,hod_03h,hod_04h,hod_05h,hod_06h,hod_07h,hod_08h,hod_09h,hod_10h,hod_11h,hod_12h,hod_13h,hod_14h,hod_15h,hod_16h,hod_17h,hod_18h,hod_19h,hod_20h,hod_21h,hod_22h,hod_23h,dow_mon,dow_tue,dow_wed,dow_thu,dow_fri,dow_sat,dow_sun
E06000042,E02003475,18702.4285714,100918.5,31546.25,92.5714285714,88.6785714286,70.25,68.9642857143,78.3214285714,213.785714286,330.25,700.035714286,1120.57142857,963.392857143,1042.75,1155.60714286,1332.07142857,1376.35714286,1356.35714286,1293.32142857,1390.64285714,1504.03571429,1265.39285714,1036.96428571,815.0,643.214285714,493.214285714,270.678571429,17950.75,19642.0,24966.75,19003.0,19356.0,16403.0,13595.5
