zone_id,area_id,total,daytype_inweek,daytype_weekend,hod_00h,hod_01h,hod_02h,hod_03h,hod_04h,hod_05h,hod_06h,hod_07h,hod_08h,hod_09h,hod_10h,hod_11h,hod_12h,hod_13h,hod_14h,hod_15h,hod_16h,hod_17h,hod_18h,hod_19h,hod_20h,hod_21h,hod_22h,hod_23h,dow_mon,dow_tue,dow_wed,dow_thu,dow_fri,dow_sat,dow_sun
E08000022,E02001747,1415.78571429,7447.0,2503.0,6.46428571429,5.75,4.14285714286,3.5,3.35714285714,5.07142857143,17.0,42.1071428571,69.9642857143,72.6785714286,86.5357142857,99.7857142857,106.892857143,104.357142857,104.285714286,110.214285714,119.714285714,111.678571429,95.75,86.5714285714,64.5714285714,45.75,30.4642857143,19.1785714286,1399.25,1465.75,1766.0,1386.0,1430.0,1359.75,1103.75
