zone_id,area_id,total,daytype_inweek,daytype_weekend,hod_00h,hod_01h,hod_02h,hod_03h,hod_04h,hod_05h,hod_06h,hod_07h,hod_08h,hod_09h,hod_10h,hod_11h,hod_12h,hod_13h,hod_14h,hod_15h,hod_16h,hod_17h,hod_18h,hod_19h,hod_20h,hod_21h,hod_22h,hod_23h,dow_mon,dow_tue,dow_wed,dow_thu,dow_fri,dow_sat,dow_sun
E07000102,E02004961,2844.42857143,15200.75,4871.0,17.5714285714,14.3214285714,11.4642857143,6.21428571429,8.60714285714,14.5,30.5357142857,87.3571428571,133.428571429,166.142857143,190.535714286,193.785714286,214.678571429,205.607142857,192.642857143,189.678571429,199.714285714,212.464285714,189.964285714,181.035714286,143.642857143,108.714285714,85.3928571429,46.4285714286,2732.5,2995.0,3721.5,2799.75,2952.0,2571.75,2138.5
