zone_id,area_id,total,daytype_inweek,daytype_weekend,hod_00h,hod_01h,hod_02h,hod_03h,hod_04h,hod_05h,hod_06h,hod_07h,hod_08h,hod_09h,hod_10h,hod_11h,hod_12h,hod_13h,hod_14h,hod_15h,hod_16h,hod_17h,hod_18h,hod_19h,hod_20h,hod_21h,hod_22h,hod_23h,dow_mon,dow_tue,dow_wed,dow_thu,dow_fri,dow_sat,dow_sun
S12000033,S02001260,3406.39285714,18207.75,5906.5,20.5714285714,26.5357142857,24.4642857143,22.6428571429,19.6071428571,32.2857142857,80.9642857143,148.571428571,183.5,174.678571429,175.821428571,202.214285714,220.107142857,217.535714286,223.821428571,229.678571429,261.821428571,269.964285714,227.75,186.357142857,155.107142857,131.428571429,103.75,67.2142857143,3455.0,3457.75,4355.0,3409.25,3530.75,3185.5,2451.5
