zone_id,area_id,total,daytype_inweek,daytype_weekend,hod_00h,hod_01h,hod_02h,hod_03h,hod_04h,hod_05h,hod_06h,hod_07h,hod_08h,hod_09h,hod_10h,hod_11h,hod_12h,hod_13h,hod_14h,hod_15h,hod_16h,hod_17h,hod_18h,hod_19h,hod_20h,hod_21h,hod_22h,hod_23h,dow_mon,dow_tue,dow_wed,dow_thu,dow_fri,dow_sat,dow_sun
E06000022,E02002990,1652.57142857,9220.5,2699.25,10.0,9.42857142857,7.0,6.28571428571,7.25,9.03571428571,21.25,47.5357142857,84.8571428571,93.8571428571,106.285714286,110.142857143,120.321428571,123.642857143,120.142857143,111.035714286,117.642857143,124.785714286,113.964285714,93.3571428571,73.9642857143,63.0714285714,48.0714285714,29.6428571429,1687.75,1911.0,2275.5,1776.0,1570.25,1336.0,1011.5
