zone_id,area_id,total,daytype_inweek,daytype_weekend,hod_00h,hod_01h,hod_02h,hod_03h,hod_04h,hod_05h,hod_06h,hod_07h,hod_08h,hod_09h,hod_10h,hod_11h,hod_12h,hod_13h,hod_14h,hod_15h,hod_16h,hod_17h,hod_18h,hod_19h,hod_20h,hod_21h,hod_22h,hod_23h,dow_mon,dow_tue,dow_wed,dow_thu,dow_fri,dow_sat,dow_sun
E07000148,E02005590,8922.57142857,47201.0,13944.25,37.7857142857,47.3928571429,35.2142857143,32.9642857143,30.2857142857,43.0,85.6071428571,221.892857143,426.142857143,462.714285714,557.464285714,680.5,780.5,796.285714286,719.392857143,676.714285714,656.571428571,663.071428571,559.607142857,434.785714286,346.25,259.678571429,221.321428571,147.428571429,7891.5,9119.75,11658.75,9243.0,9288.0,9204.25,6052.75
