zone_id,area_id,total,daytype_inweek,daytype_weekend,hod_00h,hod_01h,hod_02h,hod_03h,hod_04h,hod_05h,hod_06h,hod_07h,hod_08h,hod_09h,hod_10h,hod_11h,hod_12h,hod_13h,hod_14h,hod_15h,hod_16h,hod_17h,hod_18h,hod_19h,hod_20h,hod_21h,hod_22h,hod_23h,dow_mon,dow_tue,dow_wed,dow_thu,dow_fri,dow_sat,dow_sun
E07000126,E02005288,1614.42857143,8708.5,2760.75,9.17857142857,8.71428571429,8.28571428571,8.17857142857,6.42857142857,15.0357142857,40.6071428571,62.2142857143,76.0,86.0,94.8571428571,103.607142857,109.642857143,107.75,103.785714286,107.464285714,117.785714286,119.071428571,108.428571429,101.107142857,80.1785714286,62.8571428571,52.0714285714,25.1785714286,1609.75,1763.25,2093.75,1648.75,1593.0,1441.5,1151.0
