zone_id,area_id,total,daytype_inweek,daytype_weekend,hod_00h,hod_01h,hod_02h,hod_03h,hod_04h,hod_05h,hod_06h,hod_07h,hod_08h,hod_09h,hod_10h,hod_11h,hod_12h,hod_13h,hod_14h,hod_15h,hod_16h,hod_17h,hod_18h,hod_19h,hod_20h,hod_21h,hod_22h,hod_23h,dow_mon,dow_tue,dow_wed,dow_thu,dow_fri,dow_sat,dow_sun
S12000008,S02001495,2195.10714286,11853.75,3797.75,7.07142857143,7.46428571429,4.85714285714,4.96428571429,5.92857142857,14.6428571429,37.3214285714,87.3571428571,121.0,120.071428571,142.392857143,152.464285714,164.321428571,163.678571429,158.071428571,166.964285714,169.464285714,159.5,141.071428571,119.607142857,100.571428571,75.0,47.5357142857,23.7857142857,2285.5,2331.5,2873.5,2132.5,2230.75,1999.75,1512.25
