zone_id,area_id,total,daytype_inweek,daytype_weekend,hod_00h,hod_01h,hod_02h,hod_03h,hod_04h,hod_05h,hod_06h,hod_07h,hod_08h,hod_09h,hod_10h,hod_11h,hod_12h,hod_13h,hod_14h,hod_15h,hod_16h,hod_17h,hod_18h,hod_19h,hod_20h,hod_21h,hod_22h,hod_23h,dow_mon,dow_tue,dow_wed,dow_thu,dow_fri,dow_sat,dow_sun
E08000036,E02002442,4630.07142857,24462.0,8017.5,21.0357142857,23.1428571429,15.8928571429,12.7142857143,18.7857142857,50.0357142857,88.1428571429,157.321428571,215.535714286,246.714285714,279.5,315.035714286,349.107142857,354.142857143,345.928571429,331.357142857,339.214285714,349.428571429,302.178571429,255.357142857,211.0,161.071428571,121.107142857,66.3214285714,4407.0,4668.0,5995.0,4503.5,4888.5,4338.0,3610.5
