zone_id,area_id,total,daytype_inweek,daytype_weekend,hod_00h,hod_01h,hod_02h,hod_03h,hod_04h,hod_05h,hod_06h,hod_07h,hod_08h,hod_09h,hod_10h,hod_11h,hod_12h,hod_13h,hod_14h,hod_15h,hod_16h,hod_17h,hod_18h,hod_19h,hod_20h,hod_21h,hod_22h,hod_23h,dow_mon,dow_tue,dow_wed,dow_thu,dow_fri,dow_sat,dow_sun
E07000091,E02004792,4265.92857143,22509.0,7597.75,20.3571428571,15.8214285714,11.8214285714,10.1785714286,18.0357142857,44.1071428571,103.464285714,181.25,211.928571429,228.214285714,267.75,290.928571429,310.857142857,292.321428571,286.75,311.357142857,333.392857143,329.607142857,272.535714286,227.285714286,180.75,143.785714286,109.107142857,64.3214285714,4186.75,4414.75,5354.0,4237.0,4316.5,3941.5,3411.0
