zone_id,area_id,total,daytype_inweek,daytype_weekend,hod_00h,hod_01h,hod_02h,hod_03h,hod_04h,hod_05h,hod_06h,hod_07h,hod_08h,hod_09h,hod_10h,hod_11h,hod_12h,hod_13h,hod_14h,hod_15h,hod_16h,hod_17h,hod_18h,hod_19h,hod_20h,hod_21h,hod_22h,hod_23h,dow_mon,dow_tue,dow_wed,dow_thu,dow_fri,dow_sat,dow_sun
E08000003,E02001051,3137.96428571,16769.75,5402.0,23.9642857143,27.0357142857,19.4642857143,16.8928571429,18.7142857143,31.6785714286,59.8928571429,114.892857143,148.464285714,166.392857143,165.642857143,182.928571429,207.785714286,209.142857143,212.785714286,221.964285714,230.678571429,229.964285714,209.535714286,180.25,160.928571429,133.892857143,98.5714285714,66.5,3049.75,3261.25,4023.0,3119.5,3316.25,2843.75,2352.25
