zone_id,area_id,total,daytype_inweek,daytype_weekend,hod_00h,hod_01h,hod_02h,hod_03h,hod_04h,hod_05h,hod_06h,hod_07h,hod_08h,hod_09h,hod_10h,hod_11h,hod_12h,hod_13h,hod_14h,hod_15h,hod_16h,hod_17h,hod_18h,hod_19h,hod_20h,hod_21h,hod_22h,hod_23h,dow_mon,dow_tue,dow_wed,dow_thu,dow_fri,dow_sat,dow_sun
E07000096,E02004872,2400.71428571,12972.0,4012.75,13.5714285714,12.0357142857,10.1071428571,6.46428571429,9.21428571429,24.6428571429,43.3571428571,87.8571428571,144.785714286,132.428571429,136.392857143,151.321428571,167.285714286,157.964285714,157.142857143,152.678571429,165.607142857,198.535714286,167.571428571,144.5,113.821428571,95.2857142857,69.6071428571,38.5357142857,2288.75,2605.75,3203.25,2447.5,2426.75,2109.0,1724.0
