zone_id,area_id,total,daytype_inweek,daytype_weekend,hod_00h,hod_01h,hod_02h,hod_03h,hod_04h,hod_05h,hod_06h,hod_07h,hod_08h,hod_09h,hod_10h,hod_11h,hod_12h,hod_13h,hod_14h,hod_15h,hod_16h,hod_17h,hod_18h,hod_19h,hod_20h,hod_21h,hod_22h,hod_23h,dow_mon,dow_tue,dow_wed,dow_thu,dow_fri,dow_sat,dow_sun
S12000017,S02001998,14291.9642857,76928.5,24333.0,51.5,47.9642857143,39.9285714286,35.6785714286,37.8571428571,71.1785714286,242.964285714,633.75,874.928571429,840.642857143,896.785714286,967.321428571,1077.64285714,1097.64285714,1115.35714286,1130.17857143,1152.32142857,1186.17857143,893.107142857,637.714285714,492.821428571,375.107142857,256.071428571,137.321428571,14197.0,14556.25,18918.0,14741.25,14516.0,12979.25,10136.0
