zone_id,area_id,total,daytype_inweek,daytype_weekend,hod_00h,hod_01h,hod_02h,hod_03h,hod_04h,hod_05h,hod_06h,hod_07h,hod_08h,hod_09h,hod_10h,hod_11h,hod_12h,hod_13h,hod_14h,hod_15h,hod_16h,hod_17h,hod_18h,hod_19h,hod_20h,hod_21h,hod_22h,hod_23h,dow_mon,dow_tue,dow_wed,dow_thu,dow_fri,dow_sat,dow_sun
E06000033,E02003282,5055.57142857,26495.25,8416.75,23.9642857143,26.5,18.1071428571,16.1785714286,15.3214285714,29.0,65.5357142857,159.821428571,232.428571429,275.321428571,327.214285714,363.714285714,386.0,393.464285714,387.071428571,369.25,372.214285714,375.142857143,320.535714286,272.571428571,228.071428571,179.357142857,135.821428571,82.9642857143,4631.75,5428.75,6566.75,4839.25,5028.75,5108.75,3785.0
