zone_id,area_id,total,daytype_inweek,daytype_weekend,hod_00h,hod_01h,hod_02h,hod_03h,hod_04h,hod_05h,hod_06h,hod_07h,hod_08h,hod_09h,hod_10h,hod_11h,hod_12h,hod_13h,hod_14h,hod_15h,hod_16h,hod_17h,hod_18h,hod_19h,hod_20h,hod_21h,hod_22h,hod_23h,dow_mon,dow_tue,dow_wed,dow_thu,dow_fri,dow_sat,dow_sun
E06000052,E02003914,6946.25,36985.0,12105.5,25.9285714286,22.1428571429,18.4285714286,15.8214285714,13.9642857143,29.5714285714,85.3214285714,238.678571429,325.964285714,383.25,473.714285714,515.857142857,530.178571429,519.642857143,505.321428571,524.571428571,577.571428571,570.25,447.857142857,362.142857143,291.357142857,220.785714286,154.571428571,93.3571428571,6651.25,7166.5,9214.75,6947.75,7004.75,6184.5,5454.25
