zone_id,area_id,total,daytype_inweek,daytype_weekend,hod_00h,hod_01h,hod_02h,hod_03h,hod_04h,hod_05h,hod_06h,hod_07h,hod_08h,hod_09h,hod_10h,hod_11h,hod_12h,hod_13h,hod_14h,hod_15h,hod_16h,hod_17h,hod_18h,hod_19h,hod_20h,hod_21h,hod_22h,hod_23h,dow_mon,dow_tue,dow_wed,dow_thu,dow_fri,dow_sat,dow_sun
E06000018,E02002902,2531.89285714,13642.75,4186.75,12.8928571429,14.8571428571,10.3928571429,8.67857142857,8.67857142857,27.5,45.1428571429,98.6071428571,137.107142857,136.785714286,155.071428571,166.714285714,188.785714286,188.928571429,184.0,176.535714286,188.25,181.607142857,158.928571429,136.857142857,105.5,89.5,69.5,41.0714285714,2383.75,2678.25,3409.25,2593.25,2578.25,2277.5,1803.0
