zone_id,area_id,total,daytype_inweek,daytype_weekend,hod_00h,hod_01h,hod_02h,hod_03h,hod_04h,hod_05h,hod_06h,hod_07h,hod_08h,hod_09h,hod_10h,hod_11h,hod_12h,hod_13h,hod_14h,hod_15h,hod_16h,hod_17h,hod_18h,hod_19h,hod_20h,hod_21h,hod_22h,hod_23h,dow_mon,dow_tue,dow_wed,dow_thu,dow_fri,dow_sat,dow_sun
W06000006,W02000083,3768.21428571,20142.5,6421.25,17.2142857143,17.8928571429,11.5357142857,13.1071428571,15.3571428571,37.8214285714,64.75,150.75,197.107142857,194.178571429,221.392857143,235.285714286,250.25,251.285714286,260.571428571,257.071428571,283.464285714,297.142857143,269.0,226.464285714,181.392857143,146.464285714,103.928571429,64.7857142857,3606.0,3993.75,4966.0,3787.0,3789.75,3419.75,2815.25
