zone_id,area_id,total,daytype_inweek,daytype_weekend,hod_00h,hod_01h,hod_02h,hod_03h,hod_04h,hod_05h,hod_06h,hod_07h,hod_08h,hod_09h,hod_10h,hod_11h,hod_12h,hod_13h,hod_14h,hod_15h,hod_16h,hod_17h,hod_18h,hod_19h,hod_20h,hod_21h,hod_22h,hod_23h,dow_mon,dow_tue,dow_wed,dow_thu,dow_fri,dow_sat,dow_sun
S12000024,S02002219,1112.71428571,5926.75,2065.25,4.39285714286,4.0,2.32142857143,2.60714285714,3.32142857143,6.71428571429,15.6428571429,45.0,77.4285714286,70.3928571429,74.6428571429,75.6428571429,77.2142857143,76.5714285714,78.3214285714,81.2857142857,84.5714285714,79.8214285714,71.1785714286,57.0714285714,45.2857142857,37.3571428571,26.3571428571,15.5714285714,1198.25,1171.0,1418.25,1054.75,1084.5,995.25,867.0
