zone_id,area_id,total,daytype_inweek,daytype_weekend,hod_00h,hod_01h,hod_02h,hod_03h,hod_04h,hod_05h,hod_06h,hod_07h,hod_08h,hod_09h,hod_10h,hod_11h,hod_12h,hod_13h,hod_14h,hod_15h,hod_16h,hod_17h,hod_18h,hod_19h,hod_20h,hod_21h,hod_22h,hod_23h,dow_mon,dow_tue,dow_wed,dow_thu,dow_fri,dow_sat,dow_sun
E06000020,E02002944,3585.21428571,19127.25,6076.75,17.8571428571,16.0357142857,10.75,9.57142857143,11.8571428571,37.9642857143,66.9285714286,141.357142857,202.892857143,176.678571429,206.357142857,226.642857143,243.035714286,251.964285714,249.678571429,245.107142857,275.071428571,296.071428571,241.714285714,194.892857143,159.0,132.178571429,107.642857143,63.9642857143,3436.0,3683.75,4655.75,3537.5,3814.25,3328.5,2640.75
