zone_id,area_id,total,daytype_inweek,daytype_weekend,hod_00h,hod_01h,hod_02h,hod_03h,hod_04h,hod_05h,hod_06h,hod_07h,hod_08h,hod_09h,hod_10h,hod_11h,hod_12h,hod_13h,hod_14h,hod_15h,hod_16h,hod_17h,hod_18h,hod_19h,hod_20h,hod_21h,hod_22h,hod_23h,dow_mon,dow_tue,dow_wed,dow_thu,dow_fri,dow_sat,dow_sun
E07000195,E02006164,3469.96428571,18935.5,5670.0,18.5714285714,17.3928571429,16.5714285714,11.4285714286,11.3928571429,47.75,60.6785714286,125.178571429,177.785714286,196.0,224.392857143,242.392857143,261.607142857,250.142857143,241.464285714,238.964285714,247.892857143,249.714285714,223.821428571,182.642857143,156.107142857,116.214285714,92.0,59.8571428571,3321.0,3653.25,4594.0,3683.25,3684.0,3005.25,2349.0
