zone_id,area_id,total,daytype_inweek,daytype_weekend,hod_00h,hod_01h,hod_02h,hod_03h,hod_04h,hod_05h,hod_06h,hod_07h,hod_08h,hod_09h,hod_10h,hod_11h,hod_12h,hod_13h,hod_14h,hod_15h,hod_16h,hod_17h,hod_18h,hod_19h,hod_20h,hod_21h,hod_22h,hod_23h,dow_mon,dow_tue,dow_wed,dow_thu,dow_fri,dow_sat,dow_sun
E06000056,E02003601,1359.0,7254.0,2351.5,4.82142857143,2.89285714286,3.07142857143,2.75,3.46428571429,9.57142857143,26.4285714286,56.25,71.3571428571,80.1071428571,88.1071428571,93.7857142857,94.7857142857,94.75,92.3214285714,93.6785714286,99.4285714286,103.0,90.7857142857,76.2142857143,61.8214285714,51.3928571429,36.9642857143,21.25,1320.25,1439.0,1747.25,1398.25,1349.25,1227.75,1031.25
