zone_id,area_id,total,daytype_inweek,daytype_weekend,hod_00h,hod_01h,hod_02h,hod_03h,hod_04h,hod_05h,hod_06h,hod_07h,hod_08h,hod_09h,hod_10h,hod_11h,hod_12h,hod_13h,hod_14h,hod_15h,hod_16h,hod_17h,hod_18h,hod_19h,hod_20h,hod_21h,hod_22h,hod_23h,dow_mon,dow_tue,dow_wed,dow_thu,dow_fri,dow_sat,dow_sun
S12000034,S02001326,807.142857143,4307.25,1444.75,2.57142857143,2.75,1.35714285714,1.0,1.71428571429,6.60714285714,20.1071428571,32.8214285714,51.2857142857,46.5,48.4285714286,55.6071428571,61.6785714286,61.1785714286,64.3214285714,68.5714285714,72.25,62.9285714286,46.5357142857,34.6071428571,25.1071428571,19.1071428571,13.5714285714,6.53571428571,826.0,835.5,1051.25,816.25,778.25,724.0,618.75
