zone_id,area_id,total,daytype_inweek,daytype_weekend,hod_00h,hod_01h,hod_02h,hod_03h,hod_04h,hod_05h,hod_06h,hod_07h,hod_08h,hod_09h,hod_10h,hod_11h,hod_12h,hod_13h,hod_14h,hod_15h,hod_16h,hod_17h,hod_18h,hod_19h,hod_20h,hod_21h,hod_22h,hod_23h,dow_mon,dow_tue,dow_wed,dow_thu,dow_fri,dow_sat,dow_sun
E09000030,E02000883,1889.17857143,10127.25,3293.75,35.3928571429,28.8214285714,16.6428571429,11.25,9.85714285714,12.0,23.6785714286,49.6785714286,90.6785714286,103.178571429,103.142857143,109.321428571,123.285714286,114.892857143,113.892857143,108.821428571,115.035714286,126.928571429,130.5,123.964285714,106.071428571,95.3571428571,81.0,55.7857142857,1837.75,1955.0,2510.75,1947.25,1876.5,1641.0,1456.0
