zone_id,area_id,total,daytype_inweek,daytype_weekend,hod_00h,hod_01h,hod_02h,hod_03h,hod_04h,hod_05h,hod_06h,hod_07h,hod_08h,hod_09h,hod_10h,hod_11h,hod_12h,hod_13h,hod_14h,hod_15h,hod_16h,hod_17h,hod_18h,hod_19h,hod_20h,hod_21h,hod_22h,hod_23h,dow_mon,dow_tue,dow_wed,dow_thu,dow_fri,dow_sat,dow_sun
E06000010,E02002669,3434.46428571,18369.5,5837.0,22.5,24.0714285714,19.6785714286,16.6071428571,19.3928571429,47.5,74.0357142857,124.0,158.714285714,168.892857143,186.892857143,210.535714286,226.571428571,228.25,243.392857143,240.035714286,260.142857143,257.214285714,231.178571429,198.142857143,169.928571429,134.392857143,106.178571429,66.2142857143,3269.25,3592.75,4478.5,3498.0,3531.0,3104.0,2567.75
