zone_id,area_id,total,daytype_inweek,daytype_weekend,hod_00h,hod_01h,hod_02h,hod_03h,hod_04h,hod_05h,hod_06h,hod_07h,hod_08h,hod_09h,hod_10h,hod_11h,hod_12h,hod_13h,hod_14h,hod_15h,hod_16h,hod_17h,hod_18h,hod_19h,hod_20h,hod_21h,hod_22h,hod_23h,dow_mon,dow_tue,dow_wed,dow_thu,dow_fri,dow_sat,dow_sun
E08000011,E02001332,1529.0,8139.5,2550.0,9.82142857143,11.8214285714,7.35714285714,5.32142857143,6.71428571429,12.2142857143,21.0714285714,43.5357142857,63.5,70.5714285714,81.3928571429,91.8214285714,104.321428571,110.321428571,110.071428571,112.642857143,118.25,114.321428571,107.5,98.8571428571,84.9642857143,68.6428571429,46.0,27.9642857143,1423.25,1634.75,1948.5,1547.5,1585.5,1436.75,1126.75
