zone_id,area_id,total,daytype_inweek,daytype_weekend,hod_00h,hod_01h,hod_02h,hod_03h,hod_04h,hod_05h,hod_06h,hod_07h,hod_08h,hod_09h,hod_10h,hod_11h,hod_12h,hod_13h,hod_14h,hod_15h,hod_16h,hod_17h,hod_18h,hod_19h,hod_20h,hod_21h,hod_22h,hod_23h,dow_mon,dow_tue,dow_wed,dow_thu,dow_fri,dow_sat,dow_sun
E07000123,E02005254,2797.5,14872.25,4872.0,12.8928571429,10.0714285714,8.39285714286,9.46428571429,11.4642857143,20.2857142857,48.25,109.5,159.142857143,153.464285714,167.75,184.035714286,194.964285714,200.25,194.857142857,196.964285714,200.142857143,214.285714286,185.75,166.5,131.214285714,103.714285714,72.3571428571,41.7857142857,2662.0,2981.25,3635.25,2786.5,2807.25,2500.25,2210.0
