zone_id,area_id,total,daytype_inweek,daytype_weekend,hod_00h,hod_01h,hod_02h,hod_03h,hod_04h,hod_05h,hod_06h,hod_07h,hod_08h,hod_09h,hod_10h,hod_11h,hod_12h,hod_13h,hod_14h,hod_15h,hod_16h,hod_17h,hod_18h,hod_19h,hod_20h,hod_21h,hod_22h,hod_23h,dow_mon,dow_tue,dow_wed,dow_thu,dow_fri,dow_sat,dow_sun
E07000084,E02004682,4948.57142857,26804.25,8022.5,18.7857142857,20.8571428571,12.8928571429,12.3928571429,16.0357142857,42.1071428571,86.7142857143,213.178571429,325.107142857,285.25,306.321428571,328.607142857,372.0,351.964285714,338.464285714,322.285714286,364.714285714,398.178571429,316.75,273.214285714,206.0,156.285714286,116.964285714,63.5,4603.25,5276.25,6558.25,5042.0,5324.5,4416.5,3419.25
