zone_id,area_id,total,daytype_inweek,daytype_weekend,hod_00h,hod_01h,hod_02h,hod_03h,hod_04h,hod_05h,hod_06h,hod_07h,hod_08h,hod_09h,hod_10h,hod_11h,hod_12h,hod_13h,hod_14h,hod_15h,hod_16h,hod_17h,hod_18h,hod_19h,hod_20h,hod_21h,hod_22h,hod_23h,dow_mon,dow_tue,dow_wed,dow_thu,dow_fri,dow_sat,dow_sun
E07000130,E02005366,1527.35714286,8075.25,2735.75,8.14285714286,7.25,4.57142857143,5.07142857143,4.39285714286,12.0714285714,28.25,56.2142857143,80.2142857143,83.3214285714,94.75,96.3928571429,105.607142857,103.857142857,110.0,113.071428571,109.607142857,111.464285714,100.785714286,88.7857142857,72.9285714286,59.2142857143,47.0,24.3928571429,1506.0,1584.25,1976.75,1504.5,1503.75,1386.5,1229.75
