zone_id,area_id,total,daytype_inweek,daytype_weekend,hod_00h,hod_01h,hod_02h,hod_03h,hod_04h,hod_05h,hod_06h,hod_07h,hod_08h,hod_09h,hod_10h,hod_11h,hod_12h,hod_13h,hod_14h,hod_15h,hod_16h,hod_17h,hod_18h,hod_19h,hod_20h,hod_21h,hod_22h,hod_23h,dow_mon,dow_tue,dow_wed,dow_thu,dow_fri,dow_sat,dow_sun
E07000122,E02005252,2268.57142857,12310.0,3867.5,15.3571428571,14.25,9.25,9.92857142857,9.17857142857,21.5,31.6428571429,64.8214285714,104.428571429,108.392857143,128.285714286,147.535714286,152.785714286,162.464285714,170.642857143,165.321428571,170.821428571,176.964285714,150.107142857,129.964285714,110.107142857,93.2142857143,73.8571428571,47.75,2270.75,2428.75,2966.75,2395.5,2248.25,1973.25,1596.75
