zone_id,area_id,total,daytype_inweek,daytype_weekend,hod_00h,hod_01h,hod_02h,hod_03h,hod_04h,hod_05h,hod_06h,hod_07h,hod_08h,hod_09h,hod_10h,hod_11h,hod_12h,hod_13h,hod_14h,hod_15h,hod_16h,hod_17h,hod_18h,hod_19h,hod_20h,hod_21h,hod_22h,hod_23h,dow_mon,dow_tue,dow_wed,dow_thu,dow_fri,dow_sat,dow_sun
E09000030,E02000882,1983.82142857,10692.75,3439.5,36.7857142857,28.9642857143,17.8928571429,11.9642857143,9.82142857143,11.75,18.9285714286,45.1428571429,86.9642857143,95.75,102.857142857,116.214285714,123.178571429,120.714285714,123.821428571,128.928571429,123.571428571,138.392857143,143.535714286,129.5,117.714285714,101.035714286,85.7857142857,64.6071428571,1899.5,2076.0,2661.5,2082.0,1973.75,1654.0,1540.0
