zone_id,area_id,total,daytype_inweek,daytype_weekend,hod_00h,hod_01h,hod_02h,hod_03h,hod_04h,hod_05h,hod_06h,hod_07h,hod_08h,hod_09h,hod_10h,hod_11h,hod_12h,hod_13h,hod_14h,hod_15h,hod_16h,hod_17h,hod_18h,hod_19h,hod_20h,hod_21h,hod_22h,hod_23h,dow_mon,dow_tue,dow_wed,dow_thu,dow_fri,dow_sat,dow_sun
E07000072,E02004529,1690.53571429,8988.25,2908.25,10.0,8.32142857143,6.35714285714,5.57142857143,7.32142857143,12.2142857143,27.4642857143,61.25,90.8571428571,110.392857143,115.75,117.5,116.321428571,110.892857143,107.178571429,107.357142857,112.392857143,116.178571429,106.035714286,100.25,80.0714285714,69.0,57.8214285714,34.0357142857,1657.75,1736.25,2259.0,1703.25,1632.0,1595.0,1250.5
