zone_id,area_id,total,daytype_inweek,daytype_weekend,hod_00h,hod_01h,hod_02h,hod_03h,hod_04h,hod_05h,hod_06h,hod_07h,hod_08h,hod_09h,hod_10h,hod_11h,hod_12h,hod_13h,hod_14h,hod_15h,hod_16h,hod_17h,hod_18h,hod_19h,hod_20h,hod_21h,hod_22h,hod_23h,dow_mon,dow_tue,dow_wed,dow_thu,dow_fri,dow_sat,dow_sun
E07000004,E02003670,4332.0,23296.0,7396.25,22.9285714286,20.7857142857,14.9642857143,15.2142857143,14.5,30.5,76.5357142857,173.642857143,228.892857143,241.25,263.0,274.321428571,291.535714286,295.714285714,297.892857143,298.964285714,311.678571429,319.035714286,291.107142857,252.5,219.285714286,170.928571429,131.25,75.5714285714,4166.25,4608.75,5818.75,4428.0,4274.25,3798.0,3230.0
