zone_id,area_id,total,daytype_inweek,daytype_weekend,hod_00h,hod_01h,hod_02h,hod_03h,hod_04h,hod_05h,hod_06h,hod_07h,hod_08h,hod_09h,hod_10h,hod_11h,hod_12h,hod_13h,hod_14h,hod_15h,hod_16h,hod_17h,hod_18h,hod_19h,hod_20h,hod_21h,hod_22h,hod_23h,dow_mon,dow_tue,dow_wed,dow_thu,dow_fri,dow_sat,dow_sun
S12000029,S02002435,4565.60714286,25025.25,7859.25,19.8928571429,21.2142857143,14.6071428571,14.5,10.9285714286,34.1428571429,73.3571428571,194.214285714,273.071428571,258.178571429,276.678571429,306.642857143,340.357142857,337.357142857,343.035714286,350.571428571,380.964285714,339.357142857,276.464285714,225.428571429,178.142857143,139.214285714,101.071428571,56.2142857143,4744.5,4840.75,6035.75,4758.0,4646.25,3819.25,3114.75
