zone_id,area_id,total,daytype_inweek,daytype_weekend,hod_00h,hod_01h,hod_02h,hod_03h,hod_04h,hod_05h,hod_06h,hod_07h,hod_08h,hod_09h,hod_10h,hod_11h,hod_12h,hod_13h,hod_14h,hod_15h,hod_16h,hod_17h,hod_18h,hod_19h,hod_20h,hod_21h,hod_22h,hod_23h,dow_mon,dow_tue,dow_wed,dow_thu,dow_fri,dow_sat,dow_sun
E07000076,E02004575,3008.71428571,16434.25,5136.0,12.9642857143,9.64285714286,8.21428571429,8.5,11.1428571429,19.8571428571,62.7857142857,123.214285714,163.107142857,170.75,196.035714286,214.464285714,222.821428571,206.821428571,210.357142857,205.178571429,223.428571429,238.321428571,192.892857143,162.357142857,124.5,105.321428571,75.4642857143,40.5714285714,2970.75,3269.5,4106.75,3144.75,2942.5,2461.5,2165.25
