zone_id,area_id,total,daytype_inweek,daytype_weekend,hod_00h,hod_01h,hod_02h,hod_03h,hod_04h,hod_05h,hod_06h,hod_07h,hod_08h,hod_09h,hod_10h,hod_11h,hod_12h,hod_13h,hod_14h,hod_15h,hod_16h,hod_17h,hod_18h,hod_19h,hod_20h,hod_21h,hod_22h,hod_23h,dow_mon,dow_tue,dow_wed,dow_thu,dow_fri,dow_sat,dow_sun
E07000127,E02005305,2126.25,11410.0,3746.25,11.6071428571,10.3928571429,6.85714285714,6.82142857143,7.71428571429,16.3928571429,39.0,74.7142857143,99.9642857143,120.321428571,136.214285714,138.642857143,141.892857143,151.892857143,148.321428571,146.642857143,150.285714286,153.428571429,139.321428571,127.75,105.464285714,84.5714285714,68.1428571429,39.8928571429,2163.75,2278.25,2800.0,2151.0,2017.0,1891.25,1582.5
