zone_id,area_id,total,daytype_inweek,daytype_weekend,hod_00h,hod_01h,hod_02h,hod_03h,hod_04h,hod_05h,hod_06h,hod_07h,hod_08h,hod_09h,hod_10h,hod_11h,hod_12h,hod_13h,hod_14h,hod_15h,hod_16h,hod_17h,hod_18h,hod_19h,hod_20h,hod_21h,hod_22h,hod_23h,dow_mon,dow_tue,dow_wed,dow_thu,dow_fri,dow_sat,dow_sun
E08000035,E02002409,2748.07142857,14763.75,4623.75,12.8214285714,13.1785714286,10.1428571429,8.14285714286,11.25,30.2857142857,65.2857142857,140.75,154.142857143,140.071428571,151.535714286,164.928571429,182.785714286,186.25,189.035714286,189.964285714,213.178571429,223.678571429,190.392857143,156.964285714,121.678571429,92.3571428571,63.3214285714,35.9285714286,2632.0,2855.25,3543.75,2793.5,2939.25,2481.0,1991.75
