zone_id,area_id,total,daytype_inweek,daytype_weekend,hod_00h,hod_01h,hod_02h,hod_03h,hod_04h,hod_05h,hod_06h,hod_07h,hod_08h,hod_09h,hod_10h,hod_11h,hod_12h,hod_13h,hod_14h,hod_15h,hod_16h,hod_17h,hod_18h,hod_19h,hod_20h,hod_21h,hod_22h,hod_23h,dow_mon,dow_tue,dow_wed,dow_thu,dow_fri,dow_sat,dow_sun
S12000046,S02001974,2135.82142857,11559.0,3720.75,13.25,15.3571428571,11.6428571429,8.32142857143,10.3214285714,15.0357142857,35.9285714286,91.3214285714,121.857142857,112.571428571,120.178571429,128.857142857,145.964285714,148.571428571,152.357142857,159.535714286,160.678571429,158.964285714,131.428571429,114.428571429,92.0357142857,81.5,60.9285714286,44.7857142857,2166.0,2285.25,2797.25,2131.0,2179.5,1837.0,1554.75
