zone_id,area_id,total,daytype_inweek,daytype_weekend,hod_00h,hod_01h,hod_02h,hod_03h,hod_04h,hod_05h,hod_06h,hod_07h,hod_08h,hod_09h,hod_10h,hod_11h,hod_12h,hod_13h,hod_14h,hod_15h,hod_16h,hod_17h,hod_18h,hod_19h,hod_20h,hod_21h,hod_22h,hod_23h,dow_mon,dow_tue,dow_wed,dow_thu,dow_fri,dow_sat,dow_sun
E09000017,E02000516,2138.71428571,11106.5,3866.0,20.0714285714,18.75,12.3928571429,11.5714285714,18.0,25.4642857143,40.0714285714,57.1071428571,81.25,99.0,112.892857143,121.428571429,134.357142857,143.857142857,144.321428571,137.607142857,142.892857143,145.607142857,152.75,146.035714286,131.5,112.25,81.8928571429,47.6428571429,2073.75,2161.25,2702.75,2009.5,2159.25,2072.25,1792.25
