zone_id,area_id,total,daytype_inweek,daytype_weekend,hod_00h,hod_01h,hod_02h,hod_03h,hod_04h,hod_05h,hod_06h,hod_07h,hod_08h,hod_09h,hod_10h,hod_11h,hod_12h,hod_13h,hod_14h,hod_15h,hod_16h,hod_17h,hod_18h,hod_19h,hod_20h,hod_21h,hod_22h,hod_23h,dow_mon,dow_tue,dow_wed,dow_thu,dow_fri,dow_sat,dow_sun
E06000011,E02002701,3499.71428571,19054.0,6102.75,12.3928571429,10.5357142857,7.46428571429,7.57142857143,11.8928571429,42.1785714286,89.25,167.642857143,211.0,221.785714286,241.785714286,242.785714286,243.178571429,233.892857143,234.285714286,229.571428571,258.607142857,267.392857143,219.642857143,176.142857143,138.107142857,107.035714286,82.4642857143,43.1071428571,3596.5,3743.0,4674.75,3548.5,3491.25,2937.75,2506.25
