zone_id,area_id,total,daytype_inweek,daytype_weekend,hod_00h,hod_01h,hod_02h,hod_03h,hod_04h,hod_05h,hod_06h,hod_07h,hod_08h,hod_09h,hod_10h,hod_11h,hod_12h,hod_13h,hod_14h,hod_15h,hod_16h,hod_17h,hod_18h,hod_19h,hod_20h,hod_21h,hod_22h,hod_23h,dow_mon,dow_tue,dow_wed,dow_thu,dow_fri,dow_sat,dow_sun
S12000015,S02001821,2279.78571429,12317.0,3994.5,11.7857142857,11.0,8.92857142857,7.71428571429,8.75,19.5,53.5357142857,109.285714286,147.0,127.107142857,125.178571429,137.25,153.0,154.107142857,161.607142857,174.928571429,181.107142857,171.892857143,138.035714286,117.392857143,95.7857142857,86.25,52.4642857143,26.1785714286,2346.25,2394.0,2941.75,2307.75,2327.25,1993.25,1648.25
