zone_id,area_id,total,daytype_inweek,daytype_weekend,hod_00h,hod_01h,hod_02h,hod_03h,hod_04h,hod_05h,hod_06h,hod_07h,hod_08h,hod_09h,hod_10h,hod_11h,hod_12h,hod_13h,hod_14h,hod_15h,hod_16h,hod_17h,hod_18h,hod_19h,hod_20h,hod_21h,hod_22h,hod_23h,dow_mon,dow_tue,dow_wed,dow_thu,dow_fri,dow_sat,dow_sun
E08000012,E02001374,7876.17857143,42412.75,13087.25,64.4642857143,69.3214285714,49.1428571429,38.1785714286,41.8928571429,62.9642857143,120.285714286,266.357142857,376.464285714,410.178571429,462.464285714,502.25,544.357142857,564.071428571,584.0,563.071428571,587.857142857,556.464285714,489.392857143,447.035714286,372.892857143,298.25,235.5,169.321428571,7370.5,8252.5,10498.5,8118.25,8173.0,7003.75,5716.75
