zone_id,area_id,total,daytype_inweek,daytype_weekend,hod_00h,hod_01h,hod_02h,hod_03h,hod_04h,hod_05h,hod_06h,hod_07h,hod_08h,hod_09h,hod_10h,hod_11h,hod_12h,hod_13h,hod_14h,hod_15h,hod_16h,hod_17h,hod_18h,hod_19h,hod_20h,hod_21h,hod_22h,hod_23h,dow_mon,dow_tue,dow_wed,dow_thu,dow_fri,dow_sat,dow_sun
E09000026,E02000768,855.071428571,4377.5,1560.75,8.10714285714,7.64285714286,5.85714285714,3.17857142857,2.60714285714,4.17857142857,7.85714285714,19.8571428571,35.8214285714,46.6071428571,50.0,53.2142857143,54.1428571429,54.7142857143,57.0,57.7142857143,54.6071428571,57.1785714286,56.7142857143,65.1785714286,55.6071428571,41.6071428571,33.2142857143,22.4642857143,812.25,873.0,1081.25,798.75,812.25,859.5,748.5
