zone_id,area_id,total,daytype_inweek,daytype_weekend,hod_00h,hod_01h,hod_02h,hod_03h,hod_04h,hod_05h,hod_06h,hod_07h,hod_08h,hod_09h,hod_10h,hod_11h,hod_12h,hod_13h,hod_14h,hod_15h,hod_16h,hod_17h,hod_18h,hod_19h,hod_20h,hod_21h,hod_22h,hod_23h,dow_mon,dow_tue,dow_wed,dow_thu,dow_fri,dow_sat,dow_sun
E09000005,E02000115,1489.0,7606.75,2738.5,21.3571428571,14.9642857143,10.6428571429,7.53571428571,8.21428571429,10.8571428571,24.5714285714,42.6428571429,56.0,65.25,80.5,90.8571428571,97.1785714286,95.8571428571,100.571428571,104.607142857,97.3928571429,95.8928571429,104.357142857,102.178571429,88.5357142857,71.7142857143,56.7142857143,40.6071428571,1438.0,1463.25,1830.0,1412.25,1463.25,1515.75,1300.5
