zone_id,area_id,total,daytype_inweek,daytype_weekend,hod_00h,hod_01h,hod_02h,hod_03h,hod_04h,hod_05h,hod_06h,hod_07h,hod_08h,hod_09h,hod_10h,hod_11h,hod_12h,hod_13h,hod_14h,hod_15h,hod_16h,hod_17h,hod_18h,hod_19h,hod_20h,hod_21h,hod_22h,hod_23h,dow_mon,dow_tue,dow_wed,dow_thu,dow_fri,dow_sat,dow_sun
E07000219,E02006487,1594.60714286,8497.25,2774.75,10.1785714286,8.67857142857,5.75,6.03571428571,7.5,14.4285714286,24.9642857143,53.2857142857,68.0714285714,81.0714285714,95.6785714286,103.142857143,109.464285714,111.75,115.107142857,113.035714286,118.535714286,117.714285714,107.607142857,96.8571428571,82.75,64.7142857143,52.2857142857,26.0,1552.5,1723.25,2054.5,1555.75,1611.25,1442.75,1222.25
