zone_id,area_id,total,daytype_inweek,daytype_weekend,hod_00h,hod_01h,hod_02h,hod_03h,hod_04h,hod_05h,hod_06h,hod_07h,hod_08h,hod_09h,hod_10h,hod_11h,hod_12h,hod_13h,hod_14h,hod_15h,hod_16h,hod_17h,hod_18h,hod_19h,hod_20h,hod_21h,hod_22h,hod_23h,dow_mon,dow_tue,dow_wed,dow_thu,dow_fri,dow_sat,dow_sun
E07000082,E02004662,798.285714286,4330.0,1343.75,3.78571428571,2.78571428571,2.42857142857,1.85714285714,3.07142857143,5.71428571429,16.7142857143,38.2857142857,42.75,46.5714285714,51.0,52.9285714286,53.6785714286,53.6428571429,49.8214285714,54.1785714286,58.3571428571,60.0357142857,44.2857142857,44.0714285714,34.3928571429,29.6785714286,29.0357142857,19.2142857143,772.75,877.0,1065.5,859.5,755.25,687.0,571.0
