zone_id,area_id,total,daytype_inweek,daytype_weekend,hod_00h,hod_01h,hod_02h,hod_03h,hod_04h,hod_05h,hod_06h,hod_07h,hod_08h,hod_09h,hod_10h,hod_11h,hod_12h,hod_13h,hod_14h,hod_15h,hod_16h,hod_17h,hod_18h,hod_19h,hod_20h,hod_21h,hod_22h,hod_23h,dow_mon,dow_tue,dow_wed,dow_thu,dow_fri,dow_sat,dow_sun
E07000039,E02006920,978.142857143,5124.75,1729.5,5.03571428571,4.57142857143,3.14285714286,2.53571428571,3.03571428571,8.96428571429,16.7857142857,32.0,49.1785714286,51.5,56.2857142857,61.4642857143,65.7142857143,67.0357142857,70.5,71.3214285714,74.0,72.0,70.3571428571,60.4285714286,46.8571428571,35.8928571429,32.9285714286,16.6071428571,917.5,1005.5,1297.75,957.25,946.75,910.25,812.0
