zone_id,area_id,total,daytype_inweek,daytype_weekend,hod_00h,hod_01h,hod_02h,hod_03h,hod_04h,hod_05h,hod_06h,hod_07h,hod_08h,hod_09h,hod_10h,hod_11h,hod_12h,hod_13h,hod_14h,hod_15h,hod_16h,hod_17h,hod_18h,hod_19h,hod_20h,hod_21h,hod_22h,hod_23h,dow_mon,dow_tue,dow_wed,dow_thu,dow_fri,dow_sat,dow_sun
E06000020,E02002934,2652.25,14284.25,4448.25,14.2857142857,14.0357142857,11.9285714286,8.03571428571,8.85714285714,28.25,56.3214285714,104.285714286,139.321428571,133.785714286,153.714285714,170.071428571,179.535714286,189.714285714,189.821428571,184.285714286,199.178571429,202.035714286,177.392857143,152.25,119.714285714,96.3214285714,75.8214285714,43.2857142857,2541.0,2821.25,3527.25,2667.75,2727.0,2374.25,1907.25
