zone_id,area_id,total,daytype_inweek,daytype_weekend,hod_00h,hod_01h,hod_02h,hod_03h,hod_04h,hod_05h,hod_06h,hod_07h,hod_08h,hod_09h,hod_10h,hod_11h,hod_12h,hod_13h,hod_14h,hod_15h,hod_16h,hod_17h,hod_18h,hod_19h,hod_20h,hod_21h,hod_22h,hod_23h,dow_mon,dow_tue,dow_wed,dow_thu,dow_fri,dow_sat,dow_sun
E07000040,E02004142,3539.14285714,19456.75,5956.25,12.4642857143,12.6071428571,8.96428571429,9.57142857143,12.3928571429,22.8214285714,59.0714285714,163.107142857,205.178571429,218.107142857,247.857142857,251.285714286,251.0,253.214285714,239.75,245.964285714,262.785714286,280.535714286,221.285714286,174.5,137.0,120.464285714,84.5357142857,44.6785714286,3520.5,3801.75,4760.0,3823.25,3551.25,2881.5,2435.75
