zone_id,area_id,total,daytype_inweek,daytype_weekend,hod_00h,hod_01h,hod_02h,hod_03h,hod_04h,hod_05h,hod_06h,hod_07h,hod_08h,hod_09h,hod_10h,hod_11h,hod_12h,hod_13h,hod_14h,hod_15h,hod_16h,hod_17h,hod_18h,hod_19h,hod_20h,hod_21h,hod_22h,hod_23h,dow_mon,dow_tue,dow_wed,dow_thu,dow_fri,dow_sat,dow_sun
S12000008,S02001503,1301.64285714,7094.25,2296.75,5.82142857143,6.85714285714,4.96428571429,4.53571428571,4.32142857143,8.46428571429,20.8571428571,44.0,77.0,69.1785714286,67.7142857143,75.8928571429,79.4642857143,81.75,88.5714285714,91.1785714286,94.6071428571,97.7857142857,94.5714285714,88.5,71.8571428571,60.8214285714,39.4642857143,23.4642857143,1353.75,1421.5,1775.5,1312.5,1231.0,1074.25,943.0
