zone_id,area_id,total,daytype_inweek,daytype_weekend,hod_00h,hod_01h,hod_02h,hod_03h,hod_04h,hod_05h,hod_06h,hod_07h,hod_08h,hod_09h,hod_10h,hod_11h,hod_12h,hod_13h,hod_14h,hod_15h,hod_16h,hod_17h,hod_18h,hod_19h,hod_20h,hod_21h,hod_22h,hod_23h,dow_mon,dow_tue,dow_wed,dow_thu,dow_fri,dow_sat,dow_sun
E07000172,E02005862,1105.64285714,5810.5,1925.25,5.0,6.21428571429,2.46428571429,3.42857142857,2.89285714286,8.53571428571,15.9285714286,32.3571428571,46.6428571429,59.6071428571,75.4642857143,74.4642857143,82.75,80.6428571429,79.0,76.4285714286,80.9285714286,79.4642857143,77.6071428571,70.0,58.3214285714,43.1428571429,29.9642857143,14.3928571429,1064.75,1194.0,1391.5,1068.0,1092.25,1068.5,860.5
