zone_id,area_id,total,daytype_inweek,daytype_weekend,hod_00h,hod_01h,hod_02h,hod_03h,hod_04h,hod_05h,hod_06h,hod_07h,hod_08h,hod_09h,hod_10h,hod_11h,hod_12h,hod_13h,hod_14h,hod_15h,hod_16h,hod_17h,hod_18h,hod_19h,hod_20h,hod_21h,hod_22h,hod_23h,dow_mon,dow_tue,dow_wed,dow_thu,dow_fri,dow_sat,dow_sun
E06000027,E02003165,3022.53571429,16072.0,5240.25,14.3214285714,11.8928571429,11.4642857143,11.0,8.75,12.5,36.9642857143,107.142857143,150.785714286,153.785714286,186.607142857,203.071428571,204.392857143,203.392857143,207.142857143,214.928571429,226.5,248.285714286,221.785714286,179.0,152.642857143,114.857142857,88.1785714286,53.1428571429,2939.25,3136.0,3932.5,3089.75,2974.5,2784.75,2301.0
