zone_id,area_id,total,daytype_inweek,daytype_weekend,hod_00h,hod_01h,hod_02h,hod_03h,hod_04h,hod_05h,hod_06h,hod_07h,hod_08h,hod_09h,hod_10h,hod_11h,hod_12h,hod_13h,hod_14h,hod_15h,hod_16h,hod_17h,hod_18h,hod_19h,hod_20h,hod_21h,hod_22h,hod_23h,dow_mon,dow_tue,dow_wed,dow_thu,dow_fri,dow_sat,dow_sun
E08000018,E02001607,1998.5,10761.75,3452.75,9.46428571429,9.53571428571,6.71428571429,5.85714285714,8.0,20.1071428571,39.6071428571,78.75,100.285714286,110.142857143,123.678571429,127.392857143,136.607142857,137.035714286,132.821428571,131.107142857,145.928571429,153.25,137.107142857,120.285714286,102.214285714,79.5357142857,51.0,32.0714285714,2001.75,2142.5,2582.75,1991.75,2043.0,1776.75,1451.0
