zone_id,area_id,total,daytype_inweek,daytype_weekend,hod_00h,hod_01h,hod_02h,hod_03h,hod_04h,hod_05h,hod_06h,hod_07h,hod_08h,hod_09h,hod_10h,hod_11h,hod_12h,hod_13h,hod_14h,hod_15h,hod_16h,hod_17h,hod_18h,hod_19h,hod_20h,hod_21h,hod_22h,hod_23h,dow_mon,dow_tue,dow_wed,dow_thu,dow_fri,dow_sat,dow_sun
E07000119,E02005209,4656.53571429,24808.75,8085.0,23.0357142857,21.6428571429,12.7142857143,11.2857142857,9.64285714286,22.4642857143,71.7857142857,173.607142857,248.0,252.857142857,277.535714286,300.571428571,348.25,335.892857143,328.285714286,337.071428571,358.178571429,360.964285714,306.035714286,268.142857143,208.964285714,161.642857143,134.25,83.7142857143,4544.5,4755.75,5969.75,4862.5,4676.25,4246.5,3540.5
