zone_id,area_id,total,daytype_inweek,daytype_weekend,hod_00h,hod_01h,hod_02h,hod_03h,hod_04h,hod_05h,hod_06h,hod_07h,hod_08h,hod_09h,hod_10h,hod_11h,hod_12h,hod_13h,hod_14h,hod_15h,hod_16h,hod_17h,hod_18h,hod_19h,hod_20h,hod_21h,hod_22h,hod_23h,dow_mon,dow_tue,dow_wed,dow_thu,dow_fri,dow_sat,dow_sun
E08000031,E02002169,3229.5,16847.5,5554.25,18.0,22.8571428571,14.75,12.8214285714,10.1428571429,20.0357142857,43.4642857143,117.107142857,152.392857143,162.321428571,188.214285714,208.607142857,227.464285714,233.25,229.035714286,218.857142857,234.321428571,230.928571429,222.357142857,192.464285714,165.642857143,134.821428571,106.178571429,63.4642857143,2986.25,3316.75,4111.25,3114.5,3318.75,3191.0,2568.0
