zone_id,area_id,total,daytype_inweek,daytype_weekend,hod_00h,hod_01h,hod_02h,hod_03h,hod_04h,hod_05h,hod_06h,hod_07h,hod_08h,hod_09h,hod_10h,hod_11h,hod_12h,hod_13h,hod_14h,hod_15h,hod_16h,hod_17h,hod_18h,hod_19h,hod_20h,hod_21h,hod_22h,hod_23h,dow_mon,dow_tue,dow_wed,dow_thu,dow_fri,dow_sat,dow_sun
E07000006,E02003693,1757.64285714,9009.0,3162.25,9.46428571429,7.21428571429,4.85714285714,4.21428571429,5.17857142857,11.0,20.1785714286,48.7857142857,78.8928571429,107.607142857,122.892857143,128.392857143,141.678571429,139.071428571,136.892857143,134.5,114.178571429,117.571428571,107.571428571,100.928571429,80.2857142857,62.1428571429,45.6428571429,28.5,1695.75,1735.25,2119.75,1652.5,1805.75,1828.0,1466.5
