zone_id,area_id,total,daytype_inweek,daytype_weekend,hod_00h,hod_01h,hod_02h,hod_03h,hod_04h,hod_05h,hod_06h,hod_07h,hod_08h,hod_09h,hod_10h,hod_11h,hod_12h,hod_13h,hod_14h,hod_15h,hod_16h,hod_17h,hod_18h,hod_19h,hod_20h,hod_21h,hod_22h,hod_23h,dow_mon,dow_tue,dow_wed,dow_thu,dow_fri,dow_sat,dow_sun
E07000111,E02005096,3497.64285714,18759.75,5931.75,14.0714285714,11.6785714286,6.57142857143,8.42857142857,7.78571428571,12.2857142857,40.2142857143,119.678571429,188.5,230.392857143,263.535714286,273.892857143,267.821428571,254.178571429,237.321428571,238.0,234.607142857,242.392857143,225.892857143,196.821428571,154.214285714,121.785714286,94.9285714286,52.6428571429,3418.25,3750.25,4643.25,3460.25,3487.75,3210.25,2513.5
