zone_id,area_id,total,daytype_inweek,daytype_weekend,hod_00h,hod_01h,hod_02h,hod_03h,hod_04h,hod_05h,hod_06h,hod_07h,hod_08h,hod_09h,hod_10h,hod_11h,hod_12h,hod_13h,hod_14h,hod_15h,hod_16h,hod_17h,hod_18h,hod_19h,hod_20h,hod_21h,hod_22h,hod_23h,dow_mon,dow_tue,dow_wed,dow_thu,dow_fri,dow_sat,dow_sun
E09000025,E02000749,1455.64285714,7220.0,2604.75,13.4285714286,11.4285714286,7.07142857143,6.0,6.17857142857,14.0714285714,29.0357142857,51.2142857143,69.8928571429,73.1071428571,85.3214285714,90.0714285714,105.071428571,103.5,95.0357142857,96.2142857143,91.4642857143,104.178571429,94.0714285714,83.9642857143,77.8571428571,65.9642857143,49.0357142857,32.4642857143,1257.0,1361.25,1688.75,1354.25,1558.75,1621.75,1347.75
