zone_id,area_id,total,daytype_inweek,daytype_weekend,hod_00h,hod_01h,hod_02h,hod_03h,hod_04h,hod_05h,hod_06h,hod_07h,hod_08h,hod_09h,hod_10h,hod_11h,hod_12h,hod_13h,hod_14h,hod_15h,hod_16h,hod_17h,hod_18h,hod_19h,hod_20h,hod_21h,hod_22h,hod_23h,dow_mon,dow_tue,dow_wed,dow_thu,dow_fri,dow_sat,dow_sun
S12000046,S02001842,2827.53571429,14934.0,4988.5,16.8928571429,16.5714285714,12.2857142857,9.07142857143,10.4642857143,17.9285714286,36.7142857143,100.464285714,161.071428571,138.178571429,149.714285714,172.0,184.0,197.321428571,212.035714286,226.357142857,223.285714286,222.642857143,187.607142857,165.178571429,129.392857143,105.285714286,81.0357142857,52.0357142857,2794.75,2870.25,3558.25,2770.5,2940.25,2665.0,2193.75
