zone_id,area_id,total,daytype_inweek,daytype_weekend,hod_00h,hod_01h,hod_02h,hod_03h,hod_04h,hod_05h,hod_06h,hod_07h,hod_08h,hod_09h,hod_10h,hod_11h,hod_12h,hod_13h,hod_14h,hod_15h,hod_16h,hod_17h,hod_18h,hod_19h,hod_20h,hod_21h,hod_22h,hod_23h,dow_mon,dow_tue,dow_wed,dow_thu,dow_fri,dow_sat,dow_sun
E09000007,E02000172,2437.42857143,13288.5,3979.75,22.1428571429,21.5714285714,16.4285714286,10.0,7.78571428571,9.39285714286,18.3214285714,52.1785714286,114.0,142.357142857,137.642857143,150.642857143,168.321428571,167.142857143,165.25,167.214285714,164.321428571,181.0,186.392857143,159.964285714,132.285714286,100.214285714,80.4642857143,62.3928571429,2260.5,2679.5,3393.25,2486.75,2468.5,2054.25,1719.25
