zone_id,area_id,total,daytype_inweek,daytype_weekend,hod_00h,hod_01h,hod_02h,hod_03h,hod_04h,hod_05h,hod_06h,hod_07h,hod_08h,hod_09h,hod_10h,hod_11h,hod_12h,hod_13h,hod_14h,hod_15h,hod_16h,hod_17h,hod_18h,hod_19h,hod_20h,hod_21h,hod_22h,hod_23h,dow_mon,dow_tue,dow_wed,dow_thu,dow_fri,dow_sat,dow_sun
E08000032,E02002204,5119.35714286,27246.75,8777.5,31.6428571429,33.5357142857,17.7857142857,13.8571428571,16.2142857143,25.0,65.8928571429,196.464285714,274.714285714,265.642857143,298.678571429,321.142857143,346.071428571,349.285714286,352.25,341.714285714,391.571428571,417.857142857,354.0,309.821428571,252.928571429,204.321428571,148.928571429,90.0357142857,4880.5,5351.75,6691.25,5149.75,5173.5,4691.75,3897.0
