zone_id,area_id,total,daytype_inweek,daytype_weekend,hod_00h,hod_01h,hod_02h,hod_03h,hod_04h,hod_05h,hod_06h,hod_07h,hod_08h,hod_09h,hod_10h,hod_11h,hod_12h,hod_13h,hod_14h,hod_15h,hod_16h,hod_17h,hod_18h,hod_19h,hod_20h,hod_21h,hod_22h,hod_23h,dow_mon,dow_tue,dow_wed,dow_thu,dow_fri,dow_sat,dow_sun
E08000035,E02002360,3898.42857143,20690.75,6754.5,24.2857142857,25.8214285714,17.5357142857,12.9642857143,13.7857142857,22.2857142857,56.9285714286,157.107142857,253.964285714,207.178571429,213.142857143,232.464285714,246.678571429,248.928571429,254.142857143,261.535714286,286.642857143,312.464285714,284.571428571,245.571428571,196.428571429,149.964285714,108.321428571,65.7142857143,3738.75,4032.25,4970.75,3957.75,3991.25,3582.5,3015.75
