zone_id,area_id,total,daytype_inweek,daytype_weekend,hod_00h,hod_01h,hod_02h,hod_03h,hod_04h,hod_05h,hod_06h,hod_07h,hod_08h,hod_09h,hod_10h,hod_11h,hod_12h,hod_13h,hod_14h,hod_15h,hod_16h,hod_17h,hod_18h,hod_19h,hod_20h,hod_21h,hod_22h,hod_23h,dow_mon,dow_tue,dow_wed,dow_thu,dow_fri,dow_sat,dow_sun
S12000034,S02001300,1624.10714286,8178.0,2860.0,5.14285714286,4.60714285714,3.17857142857,2.78571428571,3.71428571429,12.9285714286,41.25,69.8928571429,98.9642857143,97.1785714286,112.107142857,117.964285714,111.464285714,114.357142857,119.678571429,128.5,132.964285714,137.035714286,99.1428571429,74.5714285714,54.6071428571,45.6785714286,23.7857142857,12.6071428571,1540.75,1547.5,1981.75,1554.0,1554.0,1871.5,1319.25
