zone_id,area_id,total,daytype_inweek,daytype_weekend,hod_00h,hod_01h,hod_02h,hod_03h,hod_04h,hod_05h,hod_06h,hod_07h,hod_08h,hod_09h,hod_10h,hod_11h,hod_12h,hod_13h,hod_14h,hod_15h,hod_16h,hod_17h,hod_18h,hod_19h,hod_20h,hod_21h,hod_22h,hod_23h,dow_mon,dow_tue,dow_wed,dow_thu,dow_fri,dow_sat,dow_sun
E06000031,E02003241,3572.60714286,19161.0,6012.25,16.6428571429,15.5357142857,11.1785714286,12.4285714286,13.2857142857,36.1428571429,78.4642857143,164.714285714,236.464285714,206.0,214.321428571,227.821428571,233.571428571,236.392857143,226.714285714,240.214285714,257.464285714,285.035714286,241.214285714,204.785714286,156.0,125.428571429,87.75,45.0357142857,3374.75,3786.5,4668.5,3579.5,3751.75,3209.75,2637.5
