zone_id,area_id,total,daytype_inweek,daytype_weekend,hod_00h,hod_01h,hod_02h,hod_03h,hod_04h,hod_05h,hod_06h,hod_07h,hod_08h,hod_09h,hod_10h,hod_11h,hod_12h,hod_13h,hod_14h,hod_15h,hod_16h,hod_17h,hod_18h,hod_19h,hod_20h,hod_21h,hod_22h,hod_23h,dow_mon,dow_tue,dow_wed,dow_thu,dow_fri,dow_sat,dow_sun
W06000012,W02000208,1945.14285714,10597.75,3308.0,8.10714285714,10.3571428571,7.96428571429,6.96428571429,6.96428571429,21.9642857143,37.8928571429,81.75,92.1428571429,103.607142857,124.785714286,127.75,135.75,139.0,132.464285714,135.892857143,146.107142857,148.285714286,131.892857143,102.357142857,90.3928571429,67.1785714286,53.5,32.0714285714,1942.0,2116.75,2572.75,1993.0,1973.25,1652.25,1366.0
