zone_id,area_id,total,daytype_inweek,daytype_weekend,hod_00h,hod_01h,hod_02h,hod_03h,hod_04h,hod_05h,hod_06h,hod_07h,hod_08h,hod_09h,hod_10h,hod_11h,hod_12h,hod_13h,hod_14h,hod_15h,hod_16h,hod_17h,hod_18h,hod_19h,hod_20h,hod_21h,hod_22h,hod_23h,dow_mon,dow_tue,dow_wed,dow_thu,dow_fri,dow_sat,dow_sun
E08000034,E02002327,2579.60714286,13614.75,4582.0,8.39285714286,11.6785714286,7.39285714286,8.10714285714,9.14285714286,20.75,45.5357142857,112.714285714,157.178571429,155.571428571,172.892857143,179.5,182.428571429,175.142857143,178.964285714,177.821428571,193.428571429,198.357142857,164.928571429,135.0,112.821428571,84.7857142857,60.0357142857,27.0357142857,2568.25,2760.5,3380.75,2355.25,2550.0,2428.75,2013.75
