zone_id,area_id,total,daytype_inweek,daytype_weekend,hod_00h,hod_01h,hod_02h,hod_03h,hod_04h,hod_05h,hod_06h,hod_07h,hod_08h,hod_09h,hod_10h,hod_11h,hod_12h,hod_13h,hod_14h,hod_15h,hod_16h,hod_17h,hod_18h,hod_19h,hod_20h,hod_21h,hod_22h,hod_23h,dow_mon,dow_tue,dow_wed,dow_thu,dow_fri,dow_sat,dow_sun
E08000024,E02001813,4791.28571429,25354.75,8040.75,21.8928571429,23.5357142857,17.4642857143,14.75,16.1428571429,35.5,79.6428571429,161.821428571,225.5,266.678571429,310.214285714,355.035714286,368.75,354.214285714,351.392857143,367.678571429,365.142857143,342.071428571,314.857142857,261.178571429,212.214285714,150.785714286,109.964285714,64.8571428571,4394.0,5031.5,6204.75,4735.5,4989.0,4537.5,3646.75
