zone_id,area_id,total,daytype_inweek,daytype_weekend,hod_00h,hod_01h,hod_02h,hod_03h,hod_04h,hod_05h,hod_06h,hod_07h,hod_08h,hod_09h,hod_10h,hod_11h,hod_12h,hod_13h,hod_14h,hod_15h,hod_16h,hod_17h,hod_18h,hod_19h,hod_20h,hod_21h,hod_22h,hod_23h,dow_mon,dow_tue,dow_wed,dow_thu,dow_fri,dow_sat,dow_sun
S12000015,S02001836,1427.53571429,7419.75,2641.75,6.92857142857,7.28571428571,5.32142857143,4.10714285714,4.5,6.42857142857,23.25,51.9285714286,80.5,83.5,92.0714285714,101.25,102.607142857,105.428571429,108.035714286,112.714285714,115.607142857,108.321428571,78.5714285714,69.1785714286,55.8571428571,46.1071428571,36.5714285714,21.4642857143,1455.75,1431.0,1793.0,1381.0,1359.0,1387.0,1186.0
