zone_id,area_id,total,daytype_inweek,daytype_weekend,hod_00h,hod_01h,hod_02h,hod_03h,hod_04h,hod_05h,hod_06h,hod_07h,hod_08h,hod_09h,hod_10h,hod_11h,hod_12h,hod_13h,hod_14h,hod_15h,hod_16h,hod_17h,hod_18h,hod_19h,hod_20h,hod_21h,hod_22h,hod_23h,dow_mon,dow_tue,dow_wed,dow_thu,dow_fri,dow_sat,dow_sun
E07000123,E02005264,7110.92857143,38069.0,12013.75,43.0357142857,51.8571428571,36.1071428571,31.5714285714,28.75,46.8214285714,114.035714286,232.857142857,355.75,349.571428571,395.0,439.535714286,491.321428571,497.178571429,496.892857143,496.285714286,522.035714286,557.785714286,488.428571429,437.714285714,361.0,282.928571429,215.964285714,138.5,6835.25,7536.25,9267.75,7178.25,7251.5,6529.0,5178.5
