zone_id,area_id,total,daytype_inweek,daytype_weekend,hod_00h,hod_01h,hod_02h,hod_03h,hod_04h,hod_05h,hod_06h,hod_07h,hod_08h,hod_09h,hod_10h,hod_11h,hod_12h,hod_13h,hod_14h,hod_15h,hod_16h,hod_17h,hod_18h,hod_19h,hod_20h,hod_21h,hod_22h,hod_23h,dow_mon,dow_tue,dow_wed,dow_thu,dow_fri,dow_sat,dow_sun
E08000037,E02001691,1927.46428571,10473.75,3317.0,11.6428571429,11.8928571429,7.71428571429,8.75,9.28571428571,17.7142857143,27.6428571429,62.7857142857,81.3214285714,100.857142857,116.142857143,131.035714286,140.571428571,135.321428571,138.892857143,138.107142857,142.035714286,140.464285714,132.392857143,110.75,96.1785714286,74.75,57.1428571429,34.0714285714,1917.5,2042.75,2615.0,1942.25,1956.25,1619.0,1399.5
