zone_id,area_id,total,daytype_inweek,daytype_weekend,hod_00h,hod_01h,hod_02h,hod_03h,hod_04h,hod_05h,hod_06h,hod_07h,hod_08h,hod_09h,hod_10h,hod_11h,hod_12h,hod_13h,hod_14h,hod_15h,hod_16h,hod_17h,hod_18h,hod_19h,hod_20h,hod_21h,hod_22h,hod_23h,dow_mon,dow_tue,dow_wed,dow_thu,dow_fri,dow_sat,dow_sun
S12000020,S02002082,1770.46428571,9564.5,3080.0,6.92857142857,6.64285714286,5.46428571429,4.53571428571,4.92857142857,13.5,31.8571428571,75.4285714286,100.178571429,87.7142857143,103.035714286,119.357142857,129.821428571,137.821428571,135.571428571,140.535714286,145.321428571,133.607142857,107.25,87.8571428571,73.4285714286,58.5714285714,39.3571428571,21.75,1794.75,1893.5,2424.75,1817.75,1633.75,1543.5,1285.25
