zone_id,area_id,total,daytype_inweek,daytype_weekend,hod_00h,hod_01h,hod_02h,hod_03h,hod_04h,hod_05h,hod_06h,hod_07h,hod_08h,hod_09h,hod_10h,hod_11h,hod_12h,hod_13h,hod_14h,hod_15h,hod_16h,hod_17h,hod_18h,hod_19h,hod_20h,hod_21h,hod_22h,hod_23h,dow_mon,dow_tue,dow_wed,dow_thu,dow_fri,dow_sat,dow_sun
E09000033,E02000969,3191.39285714,16521.0,8769.5,33.8214285714,26.8214285714,18.6071428571,14.3571428571,10.5357142857,13.25,27.2857142857,65.9642857143,142.678571429,145.964285714,136.142857143,150.785714286,172.642857143,189.392857143,210.5,237.071428571,255.5,281.607142857,292.821428571,251.321428571,193.642857143,139.607142857,104.857142857,76.2142857143,5085.0,2800.75,3474.0,2595.5,2565.75,2134.25,3684.5
