zone_id,area_id,total,daytype_inweek,daytype_weekend,hod_00h,hod_01h,hod_02h,hod_03h,hod_04h,hod_05h,hod_06h,hod_07h,hod_08h,hod_09h,hod_10h,hod_11h,hod_12h,hod_13h,hod_14h,hod_15h,hod_16h,hod_17h,hod_18h,hod_19h,hod_20h,hod_21h,hod_22h,hod_23h,dow_mon,dow_tue,dow_wed,dow_thu,dow_fri,dow_sat,dow_sun
E08000031,E02002170,1469.92857143,7755.75,2561.5,9.71428571429,10.9642857143,12.2142857143,8.71428571429,7.78571428571,19.4285714286,28.5,43.2142857143,57.0357142857,70.6428571429,79.2857142857,88.3214285714,96.9642857143,99.3571428571,98.9285714286,101.571428571,99.7857142857,107.142857143,102.928571429,91.2857142857,83.6785714286,67.5714285714,52.7857142857,32.1071428571,1437.0,1523.75,1853.0,1467.5,1474.5,1409.25,1124.5
