zone_id,area_id,total,daytype_inweek,daytype_weekend,hod_00h,hod_01h,hod_02h,hod_03h,hod_04h,hod_05h,hod_06h,hod_07h,hod_08h,hod_09h,hod_10h,hod_11h,hod_12h,hod_13h,hod_14h,hod_15h,hod_16h,hod_17h,hod_18h,hod_19h,hod_20h,hod_21h,hod_22h,hod_23h,dow_mon,dow_tue,dow_wed,dow_thu,dow_fri,dow_sat,dow_sun
E06000049,E02003837,8893.0,48479.75,15217.25,43.0714285714,36.0357142857,29.2857142857,29.5714285714,36.2857142857,121.785714286,176.464285714,399.321428571,534.642857143,536.392857143,561.821428571,585.464285714,602.0,604.321428571,603.821428571,597.535714286,635.928571429,695.321428571,557.214285714,462.142857143,370.392857143,292.035714286,240.571428571,141.571428571,8908.25,9417.0,12001.5,9356.5,8796.5,7462.25,6309.0
