zone_id,area_id,total,daytype_inweek,daytype_weekend,hod_00h,hod_01h,hod_02h,hod_03h,hod_04h,hod_05h,hod_06h,hod_07h,hod_08h,hod_09h,hod_10h,hod_11h,hod_12h,hod_13h,hod_14h,hod_15h,hod_16h,hod_17h,hod_18h,hod_19h,hod_20h,hod_21h,hod_22h,hod_23h,dow_mon,dow_tue,dow_wed,dow_thu,dow_fri,dow_sat,dow_sun
E07000138,E02005452,3168.14285714,16758.0,5444.25,10.9642857143,11.6071428571,10.9642857143,12.2142857143,11.2142857143,28.6785714286,57.8214285714,132.857142857,174.321428571,174.642857143,195.535714286,212.035714286,227.0,224.642857143,222.0,218.285714286,240.25,238.714285714,214.892857143,179.392857143,143.0,107.571428571,78.6071428571,40.9285714286,2975.25,3180.0,4052.75,3154.5,3395.5,2950.0,2469.0
