zone_id,area_id,total,daytype_inweek,daytype_weekend,hod_00h,hod_01h,hod_02h,hod_03h,hod_04h,hod_05h,hod_06h,hod_07h,hod_08h,hod_09h,hod_10h,hod_11h,hod_12h,hod_13h,hod_14h,hod_15h,hod_16h,hod_17h,hod_18h,hod_19h,hod_20h,hod_21h,hod_22h,hod_23h,dow_mon,dow_tue,dow_wed,dow_thu,dow_fri,dow_sat,dow_sun
E08000032,E02002211,3559.53571429,18611.0,6310.25,48.9285714286,50.1071428571,32.5714285714,21.0714285714,16.1071428571,20.7857142857,31.1785714286,77.1071428571,123.392857143,140.214285714,160.0,180.892857143,204.714285714,224.428571429,231.142857143,252.785714286,257.964285714,269.285714286,265.035714286,254.035714286,223.857142857,203.785714286,166.571428571,103.571428571,3416.0,3746.5,4567.75,3426.75,3454.0,3411.5,2894.25
