zone_id,area_id,total,daytype_inweek,daytype_weekend,hod_00h,hod_01h,hod_02h,hod_03h,hod_04h,hod_05h,hod_06h,hod_07h,hod_08h,hod_09h,hod_10h,hod_11h,hod_12h,hod_13h,hod_14h,hod_15h,hod_16h,hod_17h,hod_18h,hod_19h,hod_20h,hod_21h,hod_22h,hod_23h,dow_mon,dow_tue,dow_wed,dow_thu,dow_fri,dow_sat,dow_sun
E09000030,E02000875,2272.46428571,12125.0,3933.5,37.8928571429,32.6785714286,19.0,13.5714285714,12.9642857143,15.4642857143,29.1428571429,56.5357142857,97.0357142857,116.321428571,114.714285714,126.571428571,143.142857143,148.75,138.892857143,140.928571429,142.821428571,151.964285714,161.142857143,150.928571429,133.321428571,113.0,99.7857142857,75.8928571429,2122.25,2373.75,3000.5,2399.75,2228.75,1971.0,1811.25
