zone_id,area_id,total,daytype_inweek,daytype_weekend,hod_00h,hod_01h,hod_02h,hod_03h,hod_04h,hod_05h,hod_06h,hod_07h,hod_08h,hod_09h,hod_10h,hod_11h,hod_12h,hod_13h,hod_14h,hod_15h,hod_16h,hod_17h,hod_18h,hod_19h,hod_20h,hod_21h,hod_22h,hod_23h,dow_mon,dow_tue,dow_wed,dow_thu,dow_fri,dow_sat,dow_sun
E07000012,E02006874,1841.96428571,10275.25,3064.0,6.60714285714,7.21428571429,5.03571428571,5.35714285714,6.25,12.0357142857,33.3571428571,94.8571428571,117.678571429,109.678571429,109.107142857,120.464285714,116.571428571,115.642857143,110.0,114.607142857,135.428571429,144.035714286,122.392857143,99.0714285714,91.0,69.4642857143,58.6428571429,37.4642857143,1891.5,1989.0,2600.25,1980.0,1814.5,1446.0,1172.5
