zone_id,area_id,total,daytype_inweek,daytype_weekend,hod_00h,hod_01h,hod_02h,hod_03h,hod_04h,hod_05h,hod_06h,hod_07h,hod_08h,hod_09h,hod_10h,hod_11h,hod_12h,hod_13h,hod_14h,hod_15h,hod_16h,hod_17h,hod_18h,hod_19h,hod_20h,hod_21h,hod_22h,hod_23h,dow_mon,dow_tue,dow_wed,dow_thu,dow_fri,dow_sat,dow_sun
E06000050,E02003877,4151.67857143,22281.75,7193.25,19.5,18.9285714286,13.0714285714,11.1071428571,14.5,32.2857142857,86.5714285714,181.5,224.857142857,236.642857143,259.714285714,279.392857143,281.571428571,270.892857143,292.714285714,286.714285714,303.321428571,324.464285714,284.178571429,239.357142857,183.25,133.107142857,105.035714286,69.0,4032.0,4387.25,5472.75,4177.5,4212.25,3618.75,3161.25
