zone_id,area_id,total,daytype_inweek,daytype_weekend,hod_00h,hod_01h,hod_02h,hod_03h,hod_04h,hod_05h,hod_06h,hod_07h,hod_08h,hod_09h,hod_10h,hod_11h,hod_12h,hod_13h,hod_14h,hod_15h,hod_16h,hod_17h,hod_18h,hod_19h,hod_20h,hod_21h,hod_22h,hod_23h,dow_mon,dow_tue,dow_wed,dow_thu,dow_fri,dow_sat,dow_sun
S12000036,S02001648,2573.96428571,13357.25,4621.0,19.6071428571,28.4285714286,19.4285714286,20.0357142857,15.2857142857,22.3928571429,36.5357142857,89.7857142857,147.964285714,133.464285714,125.071428571,130.357142857,151.678571429,154.964285714,156.107142857,166.0,189.035714286,206.785714286,186.964285714,159.5,127.321428571,113.642857143,101.142857143,72.4642857143,2524.5,2534.25,3159.25,2436.25,2703.0,2564.0,2096.5
