zone_id,area_id,total,daytype_inweek,daytype_weekend,hod_00h,hod_01h,hod_02h,hod_03h,hod_04h,hod_05h,hod_06h,hod_07h,hod_08h,hod_09h,hod_10h,hod_11h,hod_12h,hod_13h,hod_14h,hod_15h,hod_16h,hod_17h,hod_18h,hod_19h,hod_20h,hod_21h,hod_22h,hod_23h,dow_mon,dow_tue,dow_wed,dow_thu,dow_fri,dow_sat,dow_sun
E07000202,E02006245,3394.17857143,17969.25,5743.0,14.3214285714,17.5714285714,12.8928571429,10.2857142857,13.7857142857,23.5,57.2142857143,127.107142857,198.857142857,203.071428571,230.607142857,233.142857143,232.392857143,235.535714286,229.785714286,227.464285714,236.642857143,255.607142857,219.642857143,194.642857143,159.392857143,125.678571429,91.9642857143,43.0714285714,3196.0,3561.75,4344.5,3374.5,3492.5,3243.0,2547.0
