zone_id,area_id,total,daytype_inweek,daytype_weekend,hod_00h,hod_01h,hod_02h,hod_03h,hod_04h,hod_05h,hod_06h,hod_07h,hod_08h,hod_09h,hod_10h,hod_11h,hod_12h,hod_13h,hod_14h,hod_15h,hod_16h,hod_17h,hod_18h,hod_19h,hod_20h,hod_21h,hod_22h,hod_23h,dow_mon,dow_tue,dow_wed,dow_thu,dow_fri,dow_sat,dow_sun
E07000240,E02004926,1828.32142857,9835.75,3035.75,13.8928571429,8.89285714286,5.21428571429,5.53571428571,4.42857142857,9.0,20.1071428571,57.1785714286,106.142857143,119.785714286,125.357142857,130.178571429,135.5,135.357142857,130.607142857,132.0,123.142857143,129.392857143,117.964285714,98.6428571429,74.0714285714,60.5714285714,48.8214285714,36.5357142857,1679.0,1968.0,2432.25,1935.5,1821.0,1605.75,1356.75
