zone_id,area_id,total,daytype_inweek,daytype_weekend,hod_00h,hod_01h,hod_02h,hod_03h,hod_04h,hod_05h,hod_06h,hod_07h,hod_08h,hod_09h,hod_10h,hod_11h,hod_12h,hod_13h,hod_14h,hod_15h,hod_16h,hod_17h,hod_18h,hod_19h,hod_20h,hod_21h,hod_22h,hod_23h,dow_mon,dow_tue,dow_wed,dow_thu,dow_fri,dow_sat,dow_sun
S12000046,S02001871,1462.5,7749.5,2597.75,11.4642857143,14.6071428571,9.0,7.21428571429,4.85714285714,9.21428571429,22.0714285714,50.1428571429,93.4285714286,79.6428571429,69.4285714286,76.3571428571,85.8571428571,90.5,91.6071428571,96.1071428571,106.464285714,126.071428571,108.178571429,91.9642857143,75.75,58.5714285714,47.8214285714,36.1785714286,1477.25,1557.75,1839.0,1411.0,1464.5,1367.5,1120.5
