zone_id,area_id,total,daytype_inweek,daytype_weekend,hod_00h,hod_01h,hod_02h,hod_03h,hod_04h,hod_05h,hod_06h,hod_07h,hod_08h,hod_09h,hod_10h,hod_11h,hod_12h,hod_13h,hod_14h,hod_15h,hod_16h,hod_17h,hod_18h,hod_19h,hod_20h,hod_21h,hod_22h,hod_23h,dow_mon,dow_tue,dow_wed,dow_thu,dow_fri,dow_sat,dow_sun
S12000010,S02001544,2454.75,13123.5,4360.25,13.7857142857,10.3928571429,8.21428571429,6.17857142857,6.39285714286,17.1785714286,42.8928571429,118.071428571,141.75,131.964285714,137.75,152.642857143,165.035714286,155.75,152.178571429,170.357142857,190.142857143,189.357142857,175.214285714,153.321428571,127.5,94.3571428571,61.1071428571,33.2142857143,2489.25,2491.75,3243.25,2384.5,2514.75,2188.75,1871.0
