zone_id,area_id,total,daytype_inweek,daytype_weekend,hod_00h,hod_01h,hod_02h,hod_03h,hod_04h,hod_05h,hod_06h,hod_07h,hod_08h,hod_09h,hod_10h,hod_11h,hod_12h,hod_13h,hod_14h,hod_15h,hod_16h,hod_17h,hod_18h,hod_19h,hod_20h,hod_21h,hod_22h,hod_23h,dow_mon,dow_tue,dow_wed,dow_thu,dow_fri,dow_sat,dow_sun
S12000029,S02002396,1951.53571429,10519.75,3394.0,10.1071428571,11.4642857143,8.10714285714,6.96428571429,7.53571428571,13.6785714286,32.7857142857,81.6785714286,130.892857143,102.714285714,105.464285714,112.535714286,125.571428571,123.607142857,134.428571429,142.107142857,156.107142857,148.214285714,133.678571429,112.321428571,93.0,70.1785714286,55.9642857143,32.4285714286,1980.75,2002.5,2500.75,1960.25,2075.5,1727.75,1413.25
