zone_id,area_id,total,daytype_inweek,daytype_weekend,hod_00h,hod_01h,hod_02h,hod_03h,hod_04h,hod_05h,hod_06h,hod_07h,hod_08h,hod_09h,hod_10h,hod_11h,hod_12h,hod_13h,hod_14h,hod_15h,hod_16h,hod_17h,hod_18h,hod_19h,hod_20h,hod_21h,hod_22h,hod_23h,dow_mon,dow_tue,dow_wed,dow_thu,dow_fri,dow_sat,dow_sun
E08000025,E02001952,2699.82142857,14306.75,4509.75,16.6785714286,15.1428571429,12.1071428571,9.35714285714,9.71428571429,24.7857142857,57.9285714286,109.071428571,132.678571429,130.821428571,150.392857143,161.142857143,177.607142857,178.321428571,177.535714286,194.321428571,209.535714286,212.821428571,185.142857143,163.785714286,132.642857143,107.642857143,78.25,52.3928571429,2503.0,2801.0,3491.25,2667.25,2844.25,2585.25,2006.75
