zone_id,area_id,total,daytype_inweek,daytype_weekend,hod_00h,hod_01h,hod_02h,hod_03h,hod_04h,hod_05h,hod_06h,hod_07h,hod_08h,hod_09h,hod_10h,hod_11h,hod_12h,hod_13h,hod_14h,hod_15h,hod_16h,hod_17h,hod_18h,hod_19h,hod_20h,hod_21h,hod_22h,hod_23h,dow_mon,dow_tue,dow_wed,dow_thu,dow_fri,dow_sat,dow_sun
E08000012,E02001385,4283.42857143,22808.0,7290.5,42.2857142857,42.5357142857,30.3928571429,24.5357142857,23.1785714286,28.4285714286,55.0,129.357142857,186.107142857,198.107142857,206.821428571,243.142857143,264.464285714,282.75,299.785714286,308.5,326.107142857,325.0,304.107142857,271.0,235.214285714,193.642857143,155.928571429,107.035714286,4024.0,4424.75,5629.5,4314.25,4415.5,3909.5,3266.5
