zone_id,area_id,total,daytype_inweek,daytype_weekend,hod_00h,hod_01h,hod_02h,hod_03h,hod_04h,hod_05h,hod_06h,hod_07h,hod_08h,hod_09h,hod_10h,hod_11h,hod_12h,hod_13h,hod_14h,hod_15h,hod_16h,hod_17h,hod_18h,hod_19h,hod_20h,hod_21h,hod_22h,hod_23h,dow_mon,dow_tue,dow_wed,dow_thu,dow_fri,dow_sat,dow_sun
E08000025,E02001855,6138.57142857,32856.25,10350.5,48.1071428571,50.6785714286,34.2857142857,30.75,39.8571428571,103.714285714,161.178571429,233.0,281.571428571,295.5,338.607142857,374.5,413.857142857,440.464285714,442.535714286,432.142857143,442.0,434.928571429,387.642857143,340.107142857,286.357142857,229.535714286,177.357142857,119.892857143,5865.25,6413.25,8039.25,6263.0,6275.5,5628.5,4485.25
