zone_id,area_id,total,daytype_inweek,daytype_weekend,hod_00h,hod_01h,hod_02h,hod_03h,hod_04h,hod_05h,hod_06h,hod_07h,hod_08h,hod_09h,hod_10h,hod_11h,hod_12h,hod_13h,hod_14h,hod_15h,hod_16h,hod_17h,hod_18h,hod_19h,hod_20h,hod_21h,hod_22h,hod_23h,dow_mon,dow_tue,dow_wed,dow_thu,dow_fri,dow_sat,dow_sun
E07000008,E02003722,3175.0,16902.75,5181.0,18.1428571429,16.5357142857,14.1071428571,10.6071428571,10.1071428571,21.1071428571,42.5714285714,113.214285714,194.785714286,204.892857143,183.0,187.392857143,210.357142857,210.107142857,205.75,217.178571429,216.071428571,245.107142857,232.785714286,197.214285714,151.928571429,117.5,92.8928571429,61.6428571429,2887.0,3298.5,4131.75,3176.25,3409.25,3028.25,2294.0
