zone_id,area_id,total,daytype_inweek,daytype_weekend,hod_00h,hod_01h,hod_02h,hod_03h,hod_04h,hod_05h,hod_06h,hod_07h,hod_08h,hod_09h,hod_10h,hod_11h,hod_12h,hod_13h,hod_14h,hod_15h,hod_16h,hod_17h,hod_18h,hod_19h,hod_20h,hod_21h,hod_22h,hod_23h,dow_mon,dow_tue,dow_wed,dow_thu,dow_fri,dow_sat,dow_sun
S12000019,S02002063,2624.57142857,13981.75,4649.75,10.9285714286,12.6428571429,8.78571428571,7.5,6.35714285714,12.9642857143,37.5714285714,96.9642857143,145.178571429,150.035714286,171.035714286,183.857142857,194.75,204.142857143,190.428571429,203.035714286,206.642857143,185.857142857,163.285714286,142.821428571,117.321428571,87.25,55.0357142857,30.1785714286,2652.0,2655.75,3418.5,2502.25,2753.25,2392.5,1997.75
