zone_id,area_id,total,daytype_inweek,daytype_weekend,hod_00h,hod_01h,hod_02h,hod_03h,hod_04h,hod_05h,hod_06h,hod_07h,hod_08h,hod_09h,hod_10h,hod_11h,hod_12h,hod_13h,hod_14h,hod_15h,hod_16h,hod_17h,hod_18h,hod_19h,hod_20h,hod_21h,hod_22h,hod_23h,dow_mon,dow_tue,dow_wed,dow_thu,dow_fri,dow_sat,dow_sun
E07000093,E02004825,1440.57142857,7767.25,2486.25,4.67857142857,4.78571428571,3.67857142857,2.46428571429,5.32142857143,7.10714285714,19.8214285714,54.6071428571,81.6428571429,95.0357142857,100.464285714,99.4642857143,98.5714285714,89.0357142857,93.0,100.214285714,103.821428571,114.535714286,96.4642857143,80.8928571429,65.75,52.8928571429,40.9285714286,25.3928571429,1420.25,1640.5,1879.0,1447.25,1380.25,1250.75,1066.0
