zone_id,area_id,total,daytype_inweek,daytype_weekend,hod_00h,hod_01h,hod_02h,hod_03h,hod_04h,hod_05h,hod_06h,hod_07h,hod_08h,hod_09h,hod_10h,hod_11h,hod_12h,hod_13h,hod_14h,hod_15h,hod_16h,hod_17h,hod_18h,hod_19h,hod_20h,hod_21h,hod_22h,hod_23h,dow_mon,dow_tue,dow_wed,dow_thu,dow_fri,dow_sat,dow_sun
E08000009,E02001284,2667.53571429,14196.75,4597.0,13.6071428571,13.6785714286,11.5,9.35714285714,10.7142857143,15.75,29.6785714286,83.5,144.892857143,162.392857143,172.107142857,188.357142857,195.321428571,188.714285714,180.392857143,184.571428571,185.75,195.321428571,175.785714286,163.5,122.571428571,88.0714285714,80.6785714286,51.3214285714,2483.0,2778.0,3563.5,2637.5,2734.75,2362.0,2114.0
