zone_id,area_id,total,daytype_inweek,daytype_weekend,hod_00h,hod_01h,hod_02h,hod_03h,hod_04h,hod_05h,hod_06h,hod_07h,hod_08h,hod_09h,hod_10h,hod_11h,hod_12h,hod_13h,hod_14h,hod_15h,hod_16h,hod_17h,hod_18h,hod_19h,hod_20h,hod_21h,hod_22h,hod_23h,dow_mon,dow_tue,dow_wed,dow_thu,dow_fri,dow_sat,dow_sun
E07000102,E02004959,1310.78571429,7059.0,2242.75,8.82142857143,8.64285714286,4.96428571429,2.14285714286,3.75,6.14285714286,13.4642857143,40.2857142857,68.2142857143,80.0,93.5357142857,92.8214285714,96.8571428571,93.9642857143,89.0,87.8214285714,87.2142857143,90.3928571429,87.8571428571,79.3214285714,61.5,52.0,36.5,25.5714285714,1266.5,1407.75,1768.75,1336.75,1279.25,1140.25,976.25
