zone_id,area_id,total,daytype_inweek,daytype_weekend,hod_00h,hod_01h,hod_02h,hod_03h,hod_04h,hod_05h,hod_06h,hod_07h,hod_08h,hod_09h,hod_10h,hod_11h,hod_12h,hod_13h,hod_14h,hod_15h,hod_16h,hod_17h,hod_18h,hod_19h,hod_20h,hod_21h,hod_22h,hod_23h,dow_mon,dow_tue,dow_wed,dow_thu,dow_fri,dow_sat,dow_sun
E08000008,E02001255,1906.39285714,10065.25,3254.0,12.6428571429,11.8928571429,7.89285714286,7.64285714286,6.53571428571,18.0714285714,30.75,64.2142857143,85.25,93.7857142857,109.428571429,124.142857143,135.214285714,131.178571429,132.25,132.107142857,140.75,141.321428571,132.357142857,117.035714286,99.8214285714,72.7142857143,60.0357142857,39.3571428571,1813.0,1947.25,2470.0,1906.75,1928.25,1838.5,1441.0
