zone_id,area_id,total,daytype_inweek,daytype_weekend,hod_00h,hod_01h,hod_02h,hod_03h,hod_04h,hod_05h,hod_06h,hod_07h,hod_08h,hod_09h,hod_10h,hod_11h,hod_12h,hod_13h,hod_14h,hod_15h,hod_16h,hod_17h,hod_18h,hod_19h,hod_20h,hod_21h,hod_22h,hod_23h,dow_mon,dow_tue,dow_wed,dow_thu,dow_fri,dow_sat,dow_sun
W06000015,W02000402,7510.03571429,39843.5,12594.0,49.3571428571,62.8571428571,51.1785714286,48.3214285714,33.6071428571,45.9642857143,93.5714285714,229.857142857,381.464285714,356.035714286,401.785714286,452.035714286,507.642857143,532.178571429,525.285714286,546.107142857,568.75,607.535714286,533.321428571,436.0,352.714285714,283.035714286,244.392857143,167.035714286,7097.5,7744.25,9613.25,7628.5,7760.0,7230.25,5496.5
