zone_id,area_id,total,daytype_inweek,daytype_weekend,hod_00h,hod_01h,hod_02h,hod_03h,hod_04h,hod_05h,hod_06h,hod_07h,hod_08h,hod_09h,hod_10h,hod_11h,hod_12h,hod_13h,hod_14h,hod_15h,hod_16h,hod_17h,hod_18h,hod_19h,hod_20h,hod_21h,hod_22h,hod_23h,dow_mon,dow_tue,dow_wed,dow_thu,dow_fri,dow_sat,dow_sun
E07000090,E02006822,1958.25,10373.75,3309.5,7.96428571429,7.53571428571,4.89285714286,3.85714285714,5.75,11.9285714286,29.6071428571,80.1428571429,108.178571429,105.464285714,122.107142857,133.821428571,139.142857143,133.0,133.571428571,138.75,155.392857143,150.75,132.214285714,112.321428571,94.8214285714,66.8928571429,49.25,30.8928571429,1848.5,2062.25,2534.0,1932.75,1996.25,1873.0,1461.0
