zone_id,area_id,total,daytype_inweek,daytype_weekend,hod_00h,hod_01h,hod_02h,hod_03h,hod_04h,hod_05h,hod_06h,hod_07h,hod_08h,hod_09h,hod_10h,hod_11h,hod_12h,hod_13h,hod_14h,hod_15h,hod_16h,hod_17h,hod_18h,hod_19h,hod_20h,hod_21h,hod_22h,hod_23h,dow_mon,dow_tue,dow_wed,dow_thu,dow_fri,dow_sat,dow_sun
E07000067,E02004453,2616.07142857,13888.75,4405.0,12.5,10.1785714286,7.71428571429,6.17857142857,7.14285714286,21.0714285714,47.1071428571,103.964285714,144.642857143,150.035714286,173.25,176.285714286,192.607142857,194.928571429,193.5,186.285714286,193.142857143,201.107142857,162.071428571,142.821428571,109.392857143,87.4642857143,59.5714285714,33.1071428571,2459.75,2775.75,3444.0,2639.75,2569.5,2478.5,1945.25
