zone_id,area_id,total,daytype_inweek,daytype_weekend,hod_00h,hod_01h,hod_02h,hod_03h,hod_04h,hod_05h,hod_06h,hod_07h,hod_08h,hod_09h,hod_10h,hod_11h,hod_12h,hod_13h,hod_14h,hod_15h,hod_16h,hod_17h,hod_18h,hod_19h,hod_20h,hod_21h,hod_22h,hod_23h,dow_mon,dow_tue,dow_wed,dow_thu,dow_fri,dow_sat,dow_sun
E07000064,E02004400,2137.78571429,11167.0,3740.0,7.35714285714,7.25,4.96428571429,3.35714285714,5.60714285714,8.28571428571,29.9642857143,73.2857142857,107.607142857,121.392857143,153.892857143,155.428571429,158.892857143,148.785714286,148.428571429,151.321428571,158.107142857,164.857142857,146.285714286,121.821428571,100.107142857,76.2142857143,55.5357142857,29.0357142857,2020.0,2250.0,2730.25,2108.25,2058.5,2077.5,1720.0
