zone_id,area_id,total,daytype_inweek,daytype_weekend,hod_00h,hod_01h,hod_02h,hod_03h,hod_04h,hod_05h,hod_06h,hod_07h,hod_08h,hod_09h,hod_10h,hod_11h,hod_12h,hod_13h,hod_14h,hod_15h,hod_16h,hod_17h,hod_18h,hod_19h,hod_20h,hod_21h,hod_22h,hod_23h,dow_mon,dow_tue,dow_wed,dow_thu,dow_fri,dow_sat,dow_sun
E08000035,E02002405,3040.42857143,16262.0,5080.25,16.8928571429,16.5357142857,12.5,10.25,10.3928571429,30.5,65.0357142857,153.107142857,168.821428571,156.75,172.25,185.214285714,196.642857143,203.428571429,200.071428571,202.464285714,237.0,243.035714286,206.214285714,172.285714286,148.25,113.357142857,74.25,45.1785714286,2868.75,3152.25,3981.25,3061.25,3198.5,2809.5,2211.5
