zone_id,area_id,total,daytype_inweek,daytype_weekend,hod_00h,hod_01h,hod_02h,hod_03h,hod_04h,hod_05h,hod_06h,hod_07h,hod_08h,hod_09h,hod_10h,hod_11h,hod_12h,hod_13h,hod_14h,hod_15h,hod_16h,hod_17h,hod_18h,hod_19h,hod_20h,hod_21h,hod_22h,hod_23h,dow_mon,dow_tue,dow_wed,dow_thu,dow_fri,dow_sat,dow_sun
E06000021,E02002974,2219.07142857,11605.75,3894.25,13.2142857143,12.4642857143,10.0357142857,7.10714285714,10.0,21.1428571429,38.0714285714,84.5357142857,103.035714286,111.678571429,126.5,140.714285714,148.785714286,150.071428571,150.535714286,146.178571429,162.75,166.821428571,150.821428571,133.178571429,112.892857143,97.5714285714,73.7142857143,47.25,2129.25,2195.5,2804.5,2148.75,2327.75,2162.75,1765.0
