zone_id,area_id,total,daytype_inweek,daytype_weekend,hod_00h,hod_01h,hod_02h,hod_03h,hod_04h,hod_05h,hod_06h,hod_07h,hod_08h,hod_09h,hod_10h,hod_11h,hod_12h,hod_13h,hod_14h,hod_15h,hod_16h,hod_17h,hod_18h,hod_19h,hod_20h,hod_21h,hod_22h,hod_23h,dow_mon,dow_tue,dow_wed,dow_thu,dow_fri,dow_sat,dow_sun
E07000195,E02006166,1899.96428571,10196.0,3189.75,10.3928571429,10.8571428571,8.42857142857,6.17857142857,6.57142857143,14.4642857143,26.4642857143,62.9285714286,100.142857143,98.4285714286,113.142857143,123.571428571,137.035714286,134.75,133.535714286,130.642857143,138.0,144.0,130.428571429,106.321428571,92.4642857143,71.2857142857,63.4285714286,36.5,1811.5,1986.25,2494.25,1943.0,1961.0,1725.5,1378.25
