zone_id,area_id,total,daytype_inweek,daytype_weekend,hod_00h,hod_01h,hod_02h,hod_03h,hod_04h,hod_05h,hod_06h,hod_07h,hod_08h,hod_09h,hod_10h,hod_11h,hod_12h,hod_13h,hod_14h,hod_15h,hod_16h,hod_17h,hod_18h,hod_19h,hod_20h,hod_21h,hod_22h,hod_23h,dow_mon,dow_tue,dow_wed,dow_thu,dow_fri,dow_sat,dow_sun
S12000024,S02002246,1330.71428571,7082.75,2325.5,4.60714285714,5.57142857143,3.42857142857,2.53571428571,4.10714285714,9.28571428571,28.8571428571,65.1785714286,84.4642857143,77.25,76.4642857143,84.5714285714,87.1428571429,92.4285714286,88.8928571429,103.821428571,110.642857143,100.892857143,90.8928571429,66.6071428571,55.25,46.6071428571,27.7857142857,13.4285714286,1340.0,1378.5,1707.75,1335.5,1321.0,1246.75,985.5
