zone_id,area_id,total,daytype_inweek,daytype_weekend,hod_00h,hod_01h,hod_02h,hod_03h,hod_04h,hod_05h,hod_06h,hod_07h,hod_08h,hod_09h,hod_10h,hod_11h,hod_12h,hod_13h,hod_14h,hod_15h,hod_16h,hod_17h,hod_18h,hod_19h,hod_20h,hod_21h,hod_22h,hod_23h,dow_mon,dow_tue,dow_wed,dow_thu,dow_fri,dow_sat,dow_sun
E07000234,E02006704,1674.25,9129.5,2808.75,9.57142857143,7.53571428571,5.5,3.78571428571,6.5,17.25,34.9285714286,67.1071428571,86.3571428571,95.75,98.5,105.214285714,120.964285714,114.75,107.75,110.785714286,113.607142857,126.892857143,112.178571429,97.0714285714,85.3214285714,63.8571428571,55.2142857143,27.8571428571,1623.25,1824.25,2212.25,1761.25,1708.5,1404.75,1185.5
