zone_id,area_id,total,daytype_inweek,daytype_weekend,hod_00h,hod_01h,hod_02h,hod_03h,hod_04h,hod_05h,hod_06h,hod_07h,hod_08h,hod_09h,hod_10h,hod_11h,hod_12h,hod_13h,hod_14h,hod_15h,hod_16h,hod_17h,hod_18h,hod_19h,hod_20h,hod_21h,hod_22h,hod_23h,dow_mon,dow_tue,dow_wed,dow_thu,dow_fri,dow_sat,dow_sun
S12000039,S02002460,1036.0,5562.75,1875.25,6.5,8.25,4.57142857143,4.39285714286,4.75,6.5,15.75,31.6071428571,51.7142857143,47.9285714286,54.9285714286,60.6071428571,64.7857142857,64.6071428571,71.3928571429,80.6071428571,82.0,81.1785714286,70.6071428571,66.9642857143,56.7142857143,43.3214285714,34.5714285714,21.75,1095.75,1130.25,1320.25,965.25,1051.25,909.75,779.5
