zone_id,area_id,total,daytype_inweek,daytype_weekend,hod_00h,hod_01h,hod_02h,hod_03h,hod_04h,hod_05h,hod_06h,hod_07h,hod_08h,hod_09h,hod_10h,hod_11h,hod_12h,hod_13h,hod_14h,hod_15h,hod_16h,hod_17h,hod_18h,hod_19h,hod_20h,hod_21h,hod_22h,hod_23h,dow_mon,dow_tue,dow_wed,dow_thu,dow_fri,dow_sat,dow_sun
E07000217,E02006464,2569.25,13511.5,4484.25,16.5714285714,12.75,10.7142857143,8.10714285714,8.17857142857,14.1071428571,34.2142857143,82.0357142857,132.107142857,152.428571429,163.464285714,178.107142857,182.892857143,175.392857143,177.928571429,171.357142857,171.392857143,186.857142857,174.678571429,159.464285714,131.75,94.6428571429,78.3571428571,51.75,2463.25,2631.0,3263.5,2573.5,2580.25,2452.25,2021.0
