zone_id,area_id,total,daytype_inweek,daytype_weekend,hod_00h,hod_01h,hod_02h,hod_03h,hod_04h,hod_05h,hod_06h,hod_07h,hod_08h,hod_09h,hod_10h,hod_11h,hod_12h,hod_13h,hod_14h,hod_15h,hod_16h,hod_17h,hod_18h,hod_19h,hod_20h,hod_21h,hod_22h,hod_23h,dow_mon,dow_tue,dow_wed,dow_thu,dow_fri,dow_sat,dow_sun
S12000040,S02002499,1212.82142857,6571.75,2100.5,4.82142857143,4.82142857143,4.21428571429,3.75,5.14285714286,19.0,36.7142857143,55.5,62.4285714286,56.6071428571,62.6428571429,66.8571428571,79.8214285714,78.1785714286,85.1428571429,91.6071428571,100.5,94.5,82.25,66.1785714286,61.0,47.2857142857,29.0357142857,14.8214285714,1238.25,1258.0,1558.0,1240.75,1276.75,1055.75,862.25
