zone_id,area_id,total,daytype_inweek,daytype_weekend,hod_00h,hod_01h,hod_02h,hod_03h,hod_04h,hod_05h,hod_06h,hod_07h,hod_08h,hod_09h,hod_10h,hod_11h,hod_12h,hod_13h,hod_14h,hod_15h,hod_16h,hod_17h,hod_18h,hod_19h,hod_20h,hod_21h,hod_22h,hod_23h,dow_mon,dow_tue,dow_wed,dow_thu,dow_fri,dow_sat,dow_sun
S12000044,S02002197,1212.21428571,6574.75,2172.25,7.57142857143,7.75,4.96428571429,3.57142857143,4.85714285714,9.42857142857,23.3214285714,53.3571428571,68.9642857143,62.0,65.4285714286,71.25,73.3571428571,74.5714285714,82.3928571429,90.5357142857,93.0,89.3571428571,82.9642857143,73.4285714286,60.0,49.25,37.6071428571,23.2857142857,1304.5,1280.0,1622.25,1183.75,1184.25,1043.0,867.75
