zone_id,area_id,total,daytype_inweek,daytype_weekend,hod_00h,hod_01h,hod_02h,hod_03h,hod_04h,hod_05h,hod_06h,hod_07h,hod_08h,hod_09h,hod_10h,hod_11h,hod_12h,hod_13h,hod_14h,hod_15h,hod_16h,hod_17h,hod_18h,hod_19h,hod_20h,hod_21h,hod_22h,hod_23h,dow_mon,dow_tue,dow_wed,dow_thu,dow_fri,dow_sat,dow_sun
E07000237,E02006743,2711.85714286,14372.5,4668.25,12.1071428571,15.4285714286,10.8571428571,8.03571428571,9.25,15.7857142857,41.4642857143,101.035714286,148.357142857,139.428571429,162.535714286,172.178571429,187.357142857,181.642857143,191.607142857,184.857142857,202.857142857,204.678571429,184.285714286,161.642857143,133.714285714,108.035714286,84.5357142857,50.1785714286,2549.0,2895.5,3503.25,2680.5,2744.25,2491.25,2119.25
