zone_id,area_id,total,daytype_inweek,daytype_weekend,hod_00h,hod_01h,hod_02h,hod_03h,hod_04h,hod_05h,hod_06h,hod_07h,hod_08h,hod_09h,hod_10h,hod_11h,hod_12h,hod_13h,hod_14h,hod_15h,hod_16h,hod_17h,hod_18h,hod_19h,hod_20h,hod_21h,hod_22h,hod_23h,dow_mon,dow_tue,dow_wed,dow_thu,dow_fri,dow_sat,dow_sun
E08000021,E02001727,2883.28571429,15297.25,4885.25,16.1785714286,17.1071428571,14.0357142857,12.3928571429,11.1785714286,20.8928571429,54.1071428571,119.0,150.035714286,154.964285714,171.5,195.892857143,206.107142857,196.107142857,196.321428571,203.714285714,213.035714286,212.678571429,180.607142857,162.607142857,139.035714286,105.714285714,81.2142857143,48.8571428571,2781.75,2917.5,3720.25,2851.0,3026.75,2782.25,2103.5
