zone_id,area_id,total,daytype_inweek,daytype_weekend,hod_00h,hod_01h,hod_02h,hod_03h,hod_04h,hod_05h,hod_06h,hod_07h,hod_08h,hod_09h,hod_10h,hod_11h,hod_12h,hod_13h,hod_14h,hod_15h,hod_16h,hod_17h,hod_18h,hod_19h,hod_20h,hod_21h,hod_22h,hod_23h,dow_mon,dow_tue,dow_wed,dow_thu,dow_fri,dow_sat,dow_sun
E07000170,E02005825,2303.89285714,12652.75,3774.25,9.82142857143,7.67857142857,5.03571428571,4.21428571429,7.32142857143,30.8214285714,44.1428571429,86.1785714286,119.392857143,129.464285714,147.0,152.714285714,170.25,168.892857143,166.964285714,155.285714286,173.214285714,179.214285714,155.571428571,127.285714286,101.678571429,78.4285714286,54.9285714286,28.3928571429,2235.5,2467.0,3100.5,2433.75,2416.0,1935.75,1538.75
