zone_id,area_id,total,daytype_inweek,daytype_weekend,hod_00h,hod_01h,hod_02h,hod_03h,hod_04h,hod_05h,hod_06h,hod_07h,hod_08h,hod_09h,hod_10h,hod_11h,hod_12h,hod_13h,hod_14h,hod_15h,hod_16h,hod_17h,hod_18h,hod_19h,hod_20h,hod_21h,hod_22h,hod_23h,dow_mon,dow_tue,dow_wed,dow_thu,dow_fri,dow_sat,dow_sun
E07000198,E02006212,1161.85714286,6046.75,2135.75,5.0,4.71428571429,4.0,2.53571428571,4.21428571429,9.35714285714,18.3214285714,33.9285714286,47.8214285714,63.6428571429,73.0357142857,78.4642857143,78.0357142857,84.75,80.8928571429,84.6428571429,87.4285714286,78.3928571429,74.9285714286,79.5714285714,63.3928571429,48.5,35.75,20.5357142857,1164.0,1204.25,1464.75,1091.0,1122.75,1114.5,971.75
