zone_id,area_id,total,daytype_inweek,daytype_weekend,hod_00h,hod_01h,hod_02h,hod_03h,hod_04h,hod_05h,hod_06h,hod_07h,hod_08h,hod_09h,hod_10h,hod_11h,hod_12h,hod_13h,hod_14h,hod_15h,hod_16h,hod_17h,hod_18h,hod_19h,hod_20h,hod_21h,hod_22h,hod_23h,dow_mon,dow_tue,dow_wed,dow_thu,dow_fri,dow_sat,dow_sun
E07000062,E02004372,3357.64285714,17626.75,5690.25,13.5357142857,13.3571428571,10.5,9.28571428571,7.5,13.3214285714,40.0,102.892857143,163.071428571,186.071428571,221.928571429,246.892857143,256.0,246.964285714,243.571428571,249.464285714,249.535714286,259.678571429,229.571428571,196.892857143,157.785714286,115.642857143,78.3928571429,45.7857142857,3203.75,3489.0,4226.5,3294.75,3412.75,3390.25,2486.5
