zone_id,area_id,total,daytype_inweek,daytype_weekend,hod_00h,hod_01h,hod_02h,hod_03h,hod_04h,hod_05h,hod_06h,hod_07h,hod_08h,hod_09h,hod_10h,hod_11h,hod_12h,hod_13h,hod_14h,hod_15h,hod_16h,hod_17h,hod_18h,hod_19h,hod_20h,hod_21h,hod_22h,hod_23h,dow_mon,dow_tue,dow_wed,dow_thu,dow_fri,dow_sat,dow_sun
W06000018,W02000301,1013.39285714,5531.5,1654.0,4.57142857143,4.35714285714,2.92857142857,2.42857142857,4.35714285714,11.4285714286,19.1785714286,36.9642857143,53.2857142857,51.9285714286,60.5714285714,68.6428571429,74.8571428571,72.75,75.0714285714,72.1428571429,74.3928571429,73.1071428571,63.6785714286,55.8214285714,44.2857142857,37.0,29.8928571429,19.75,952.5,1108.75,1405.75,1034.5,1030.0,860.75,701.5
