zone_id,area_id,total,daytype_inweek,daytype_weekend,hod_00h,hod_01h,hod_02h,hod_03h,hod_04h,hod_05h,hod_06h,hod_07h,hod_08h,hod_09h,hod_10h,hod_11h,hod_12h,hod_13h,hod_14h,hod_15h,hod_16h,hod_17h,hod_18h,hod_19h,hod_20h,hod_21h,hod_22h,hod_23h,dow_mon,dow_tue,dow_wed,dow_thu,dow_fri,dow_sat,dow_sun
E07000141,E02005489,1308.71428571,6945.5,2233.25,5.0,4.53571428571,4.5,2.78571428571,2.42857142857,5.46428571429,13.3571428571,40.5357142857,71.6428571429,78.2857142857,82.8928571429,88.1071428571,91.0,92.0714285714,88.1071428571,94.5,98.3928571429,105.321428571,90.3571428571,78.5,61.9285714286,52.2857142857,38.6071428571,18.1071428571,1189.5,1333.0,1735.5,1401.25,1286.25,1171.75,1043.75
