zone_id,area_id,total,daytype_inweek,daytype_weekend,hod_00h,hod_01h,hod_02h,hod_03h,hod_04h,hod_05h,hod_06h,hod_07h,hod_08h,hod_09h,hod_10h,hod_11h,hod_12h,hod_13h,hod_14h,hod_15h,hod_16h,hod_17h,hod_18h,hod_19h,hod_20h,hod_21h,hod_22h,hod_23h,dow_mon,dow_tue,dow_wed,dow_thu,dow_fri,dow_sat,dow_sun
E08000007,E02001194,2322.82142857,12175.75,4070.0,18.7142857143,20.1428571429,12.8571428571,10.1428571429,7.67857142857,12.1428571429,28.2142857143,68.3928571429,100.607142857,113.964285714,133.607142857,144.142857143,159.75,162.071428571,161.321428571,164.964285714,163.714285714,168.75,164.678571429,147.321428571,121.285714286,104.607142857,82.3928571429,51.3571428571,2189.0,2394.0,2942.25,2272.0,2378.5,2203.0,1881.0
