zone_id,area_id,total,daytype_inweek,daytype_weekend,hod_00h,hod_01h,hod_02h,hod_03h,hod_04h,hod_05h,hod_06h,hod_07h,hod_08h,hod_09h,hod_10h,hod_11h,hod_12h,hod_13h,hod_14h,hod_15h,hod_16h,hod_17h,hod_18h,hod_19h,hod_20h,hod_21h,hod_22h,hod_23h,dow_mon,dow_tue,dow_wed,dow_thu,dow_fri,dow_sat,dow_sun
S12000029,S02002405,1565.42857143,8249.5,2892.25,9.57142857143,8.89285714286,6.96428571429,5.42857142857,6.67857142857,11.7857142857,25.3571428571,52.2142857143,101.178571429,79.9642857143,82.0,89.3571428571,98.2142857143,100.607142857,103.428571429,120.5,120.0,114.607142857,112.535714286,99.9642857143,82.9285714286,61.5714285714,45.7142857143,25.9642857143,1613.75,1634.25,2009.0,1489.75,1502.75,1430.0,1278.5
