zone_id,area_id,total,daytype_inweek,daytype_weekend,hod_00h,hod_01h,hod_02h,hod_03h,hod_04h,hod_05h,hod_06h,hod_07h,hod_08h,hod_09h,hod_10h,hod_11h,hod_12h,hod_13h,hod_14h,hod_15h,hod_16h,hod_17h,hod_18h,hod_19h,hod_20h,hod_21h,hod_22h,hod_23h,dow_mon,dow_tue,dow_wed,dow_thu,dow_fri,dow_sat,dow_sun
E06000013,E02002753,4627.75,24645.75,7678.5,19.6785714286,17.0,15.5714285714,14.1428571429,22.3571428571,88.0357142857,118.928571429,199.428571429,228.714285714,243.214285714,278.142857143,308.071428571,326.107142857,340.071428571,351.107142857,339.928571429,354.785714286,343.535714286,281.035714286,230.607142857,190.0,147.035714286,113.678571429,56.5714285714,4284.0,4846.5,5989.75,4586.5,4939.0,4354.0,3394.5
