zone_id,area_id,total,daytype_inweek,daytype_weekend,hod_00h,hod_01h,hod_02h,hod_03h,hod_04h,hod_05h,hod_06h,hod_07h,hod_08h,hod_09h,hod_10h,hod_11h,hod_12h,hod_13h,hod_14h,hod_15h,hod_16h,hod_17h,hod_18h,hod_19h,hod_20h,hod_21h,hod_22h,hod_23h,dow_mon,dow_tue,dow_wed,dow_thu,dow_fri,dow_sat,dow_sun
E07000106,E02005019,3503.14285714,18397.75,6072.5,12.2857142857,10.1071428571,8.17857142857,6.10714285714,8.28571428571,19.9285714286,65.75,156.5,207.071428571,208.035714286,244.5,255.75,258.142857143,250.678571429,247.321428571,254.428571429,261.285714286,266.0,223.571428571,181.464285714,142.428571429,103.428571429,70.8928571429,41.0,3261.0,3555.75,4448.25,3513.5,3619.25,3312.75,2811.5
