zone_id,area_id,total,daytype_inweek,daytype_weekend,hod_00h,hod_01h,hod_02h,hod_03h,hod_04h,hod_05h,hod_06h,hod_07h,hod_08h,hod_09h,hod_10h,hod_11h,hod_12h,hod_13h,hod_14h,hod_15h,hod_16h,hod_17h,hod_18h,hod_19h,hod_20h,hod_21h,hod_22h,hod_23h,dow_mon,dow_tue,dow_wed,dow_thu,dow_fri,dow_sat,dow_sun
E07000214,E02006418,1405.28571429,7493.75,2395.5,5.89285714286,5.10714285714,3.71428571429,3.10714285714,3.28571428571,5.82142857143,15.6428571429,41.6785714286,64.1428571429,83.7142857143,96.5357142857,102.071428571,103.25,104.107142857,98.7857142857,97.6785714286,97.7142857143,102.785714286,92.8214285714,86.6785714286,68.8571428571,51.6428571429,42.25,28.0,1372.75,1441.25,1842.25,1462.75,1374.75,1320.5,1022.75
