zone_id,area_id,total,daytype_inweek,daytype_weekend,hod_00h,hod_01h,hod_02h,hod_03h,hod_04h,hod_05h,hod_06h,hod_07h,hod_08h,hod_09h,hod_10h,hod_11h,hod_12h,hod_13h,hod_14h,hod_15h,hod_16h,hod_17h,hod_18h,hod_19h,hod_20h,hod_21h,hod_22h,hod_23h,dow_mon,dow_tue,dow_wed,dow_thu,dow_fri,dow_sat,dow_sun
E08000006,E02001174,2348.71428571,12625.25,3911.75,14.0,12.9285714286,11.8214285714,8.46428571429,11.0,18.8928571429,46.4285714286,85.0,112.035714286,119.178571429,140.5,154.571428571,165.5,165.642857143,156.714285714,169.25,167.071428571,166.107142857,154.214285714,142.25,117.535714286,95.5714285714,71.3928571429,42.6428571429,2192.25,2494.75,3124.75,2402.0,2411.5,2096.25,1719.5
