zone_id,area_id,total,daytype_inweek,daytype_weekend,hod_00h,hod_01h,hod_02h,hod_03h,hod_04h,hod_05h,hod_06h,hod_07h,hod_08h,hod_09h,hod_10h,hod_11h,hod_12h,hod_13h,hod_14h,hod_15h,hod_16h,hod_17h,hod_18h,hod_19h,hod_20h,hod_21h,hod_22h,hod_23h,dow_mon,dow_tue,dow_wed,dow_thu,dow_fri,dow_sat,dow_sun
E07000241,E02004992,1377.35714286,7354.75,2368.5,9.0,10.0357142857,7.03571428571,7.60714285714,7.46428571429,16.6071428571,31.4285714286,40.6071428571,71.2857142857,72.5714285714,77.0714285714,83.5357142857,90.8214285714,95.4285714286,96.0357142857,92.2857142857,94.2142857143,103.964285714,93.0,80.6785714286,68.25,58.75,43.7142857143,25.9642857143,1328.5,1410.5,1799.5,1420.0,1396.25,1246.75,1040.0
