zone_id,area_id,total,daytype_inweek,daytype_weekend,hod_00h,hod_01h,hod_02h,hod_03h,hod_04h,hod_05h,hod_06h,hod_07h,hod_08h,hod_09h,hod_10h,hod_11h,hod_12h,hod_13h,hod_14h,hod_15h,hod_16h,hod_17h,hod_18h,hod_19h,hod_20h,hod_21h,hod_22h,hod_23h,dow_mon,dow_tue,dow_wed,dow_thu,dow_fri,dow_sat,dow_sun
E09000003,E02000031,2416.60714286,13089.75,3994.75,20.6071428571,15.6428571429,9.57142857143,7.28571428571,6.67857142857,10.6785714286,27.9285714286,64.8571428571,114.892857143,142.107142857,161.428571429,169.928571429,174.892857143,175.607142857,165.678571429,161.25,160.5,168.071428571,157.714285714,148.25,122.678571429,99.2142857143,78.8214285714,52.3214285714,2268.25,2745.5,3294.0,2402.75,2379.25,2100.0,1726.5
