area_id,total,daytype_inweek,daytype_weekend,hod_00h,hod_01h,hod_02h,hod_03h,hod_04h,hod_05h,hod_06h,hod_07h,hod_08h,hod_09h,hod_10h,hod_11h,hod_12h,hod_13h,hod_14h,hod_15h,hod_16h,hod_17h,hod_18h,hod_19h,hod_20h,hod_21h,hod_22h,hod_23h,dow_mon,dow_tue,dow_wed,dow_thu,dow_fri,dow_sat,dow_sun
40181,0.892857142857,5.0,1.0,0.0,0.0,0.0,0.0,0.0,0.0,0.214285714286,0.0,0.0714285714286,0.0357142857143,0.0,0.0,0.0357142857143,0.0,0.0357142857143,0.0714285714286,0.0,0.0357142857143,0.178571428571,0.107142857143,0.0714285714286,0.0,0.0,0.0357142857143,0.5,0.75,1.0,1.0,1.75,0.75,0.5
40063,12.0714285714,61.0,28.5,0.0714285714286,0.0357142857143,0.0357142857143,0.0714285714286,0.107142857143,0.0357142857143,0.392857142857,0.392857142857,0.285714285714,0.714285714286,0.857142857143,1.0,0.678571428571,0.785714285714,0.75,0.285714285714,0.428571428571,0.535714285714,1.07142857143,1.17857142857,0.892857142857,0.642857142857,0.571428571429,0.25,15.5,10.75,15.0,7.5,12.25,10.5,13.0
40138,47.3571428571,214.0,100.75,1.0,0.571428571429,1.17857142857,0.678571428571,0.928571428571,0.75,1.14285714286,0.785714285714,0.964285714286,1.46428571429,2.21428571429,2.21428571429,2.57142857143,2.92857142857,2.57142857143,2.78571428571,1.96428571429,2.57142857143,2.35714285714,3.57142857143,3.42857142857,3.17857142857,3.14285714286,2.39285714286,43.0,38.5,51.0,36.5,45.0,59.75,57.75
40194,35.9285714286,199.0,54.5,0.607142857143,0.25,0.25,0.107142857143,0.5,0.25,0.178571428571,0.964285714286,1.0,1.57142857143,1.85714285714,2.5,3.5,3.03571428571,3.28571428571,1.46428571429,2.03571428571,2.17857142857,2.46428571429,2.25,2.0,1.85714285714,1.21428571429,0.607142857143,36.75,39.5,48.25,30.25,44.25,34.75,17.75
total,96.25,479.0,184.75,1.67857142857,0.857142857143,1.46428571429,0.857142857143,1.53571428571,1.03571428571,1.92857142857,2.14285714286,2.32142857143,3.78571428571,4.92857142857,5.71428571429,6.78571428571,6.75,6.64285714286,4.60714285714,4.42857142857,5.32142857143,6.07142857143,7.10714285714,6.39285714286,5.67857142857,4.92857142857,3.28571428571,95.75,89.5,115.25,75.25,103.25,105.75,89.0
