zone_id,area_id,total,daytype_inweek,daytype_weekend,hod_00h,hod_01h,hod_02h,hod_03h,hod_04h,hod_05h,hod_06h,hod_07h,hod_08h,hod_09h,hod_10h,hod_11h,hod_12h,hod_13h,hod_14h,hod_15h,hod_16h,hod_17h,hod_18h,hod_19h,hod_20h,hod_21h,hod_22h,hod_23h,dow_mon,dow_tue,dow_wed,dow_thu,dow_fri,dow_sat,dow_sun
E07000209,E02006359,2104.39285714,11178.75,3644.25,8.92857142857,10.4285714286,7.75,7.03571428571,4.03571428571,7.10714285714,25.8928571429,72.1071428571,120.142857143,131.892857143,135.607142857,147.107142857,152.678571429,159.535714286,143.821428571,147.892857143,149.178571429,154.464285714,134.75,118.0,97.8928571429,68.75,55.5357142857,43.8571428571,2003.75,2235.5,2672.5,2019.25,2247.75,1911.5,1640.5
