zone_id,area_id,total,daytype_inweek,daytype_weekend,hod_00h,hod_01h,hod_02h,hod_03h,hod_04h,hod_05h,hod_06h,hod_07h,hod_08h,hod_09h,hod_10h,hod_11h,hod_12h,hod_13h,hod_14h,hod_15h,hod_16h,hod_17h,hod_18h,hod_19h,hod_20h,hod_21h,hod_22h,hod_23h,dow_mon,dow_tue,dow_wed,dow_thu,dow_fri,dow_sat,dow_sun
E06000057,E02005717,2416.78571429,12709.75,4475.25,10.1785714286,9.42857142857,6.39285714286,5.07142857143,6.14285714286,13.7142857143,34.6071428571,77.1071428571,111.964285714,131.535714286,156.142857143,171.714285714,184.464285714,184.857142857,190.928571429,186.321428571,184.75,179.678571429,158.428571429,137.357142857,97.2857142857,79.3214285714,62.0357142857,37.3571428571,2589.25,2384.25,3013.5,2323.25,2399.5,2321.75,1886.0
