zone_id,area_id,total,daytype_inweek,daytype_weekend,hod_00h,hod_01h,hod_02h,hod_03h,hod_04h,hod_05h,hod_06h,hod_07h,hod_08h,hod_09h,hod_10h,hod_11h,hod_12h,hod_13h,hod_14h,hod_15h,hod_16h,hod_17h,hod_18h,hod_19h,hod_20h,hod_21h,hod_22h,hod_23h,dow_mon,dow_tue,dow_wed,dow_thu,dow_fri,dow_sat,dow_sun
E06000054,E02006645,3287.39285714,18086.5,5490.0,14.3571428571,11.5,8.17857142857,9.10714285714,10.6071428571,22.25,61.9642857143,175.214285714,224.785714286,207.214285714,217.928571429,221.178571429,222.714285714,216.571428571,212.535714286,222.25,244.0,261.785714286,202.535714286,160.928571429,125.321428571,101.142857143,82.7857142857,50.5357142857,3236.75,3640.0,4510.75,3430.5,3268.5,2672.0,2253.25
