zone_id,area_id,total,daytype_inweek,daytype_weekend,hod_00h,hod_01h,hod_02h,hod_03h,hod_04h,hod_05h,hod_06h,hod_07h,hod_08h,hod_09h,hod_10h,hod_11h,hod_12h,hod_13h,hod_14h,hod_15h,hod_16h,hod_17h,hod_18h,hod_19h,hod_20h,hod_21h,hod_22h,hod_23h,dow_mon,dow_tue,dow_wed,dow_thu,dow_fri,dow_sat,dow_sun
E07000053,E02004284,7441.39285714,37769.75,13760.75,28.3928571429,31.3571428571,23.9285714286,19.1071428571,17.6428571429,33.2857142857,68.4642857143,166.785714286,286.0,378.0,518.107142857,579.285714286,595.178571429,569.321428571,572.464285714,558.535714286,574.535714286,577.428571429,492.75,422.892857143,336.892857143,263.642857143,206.535714286,120.857142857,7171.25,7596.25,9128.5,6798.75,7075.0,7730.5,6589.5
