zone_id,area_id,total,daytype_inweek,daytype_weekend,hod_00h,hod_01h,hod_02h,hod_03h,hod_04h,hod_05h,hod_06h,hod_07h,hod_08h,hod_09h,hod_10h,hod_11h,hod_12h,hod_13h,hod_14h,hod_15h,hod_16h,hod_17h,hod_18h,hod_19h,hod_20h,hod_21h,hod_22h,hod_23h,dow_mon,dow_tue,dow_wed,dow_thu,dow_fri,dow_sat,dow_sun
E07000190,E02006106,3997.07142857,21626.25,6768.5,16.6428571429,17.4642857143,11.1428571429,11.0357142857,11.4642857143,21.1071428571,57.5357142857,159.892857143,220.964285714,237.178571429,277.071428571,284.607142857,281.785714286,277.285714286,274.214285714,262.142857143,270.178571429,287.25,261.964285714,226.857142857,181.821428571,149.464285714,122.285714286,75.7142857143,3899.0,4274.5,5473.0,4169.25,3810.5,3483.75,2869.5
