zone_id,area_id,total,daytype_inweek,daytype_weekend,hod_00h,hod_01h,hod_02h,hod_03h,hod_04h,hod_05h,hod_06h,hod_07h,hod_08h,hod_09h,hod_10h,hod_11h,hod_12h,hod_13h,hod_14h,hod_15h,hod_16h,hod_17h,hod_18h,hod_19h,hod_20h,hod_21h,hod_22h,hod_23h,dow_mon,dow_tue,dow_wed,dow_thu,dow_fri,dow_sat,dow_sun
E08000036,E02002469,2364.10714286,12721.75,4062.75,11.3928571429,13.0357142857,8.28571428571,6.64285714286,8.60714285714,28.1428571429,53.0357142857,95.5,122.285714286,134.571428571,139.678571429,155.642857143,161.964285714,170.571428571,166.178571429,164.928571429,173.0,173.928571429,153.678571429,132.857142857,101.428571429,89.1428571429,63.2857142857,36.3214285714,2309.5,2432.25,3266.25,2347.75,2366.0,2073.75,1753.25
