zone_id,area_id,total,daytype_inweek,daytype_weekend,hod_00h,hod_01h,hod_02h,hod_03h,hod_04h,hod_05h,hod_06h,hod_07h,hod_08h,hod_09h,hod_10h,hod_11h,hod_12h,hod_13h,hod_14h,hod_15h,hod_16h,hod_17h,hod_18h,hod_19h,hod_20h,hod_21h,hod_22h,hod_23h,dow_mon,dow_tue,dow_wed,dow_thu,dow_fri,dow_sat,dow_sun
E07000129,E02005341,1726.71428571,9328.0,3031.5,5.89285714286,7.17857142857,4.64285714286,4.0,5.53571428571,12.1071428571,26.1428571429,64.7857142857,104.142857143,102.928571429,107.392857143,111.035714286,122.928571429,118.821428571,112.107142857,116.107142857,120.535714286,137.607142857,123.678571429,110.464285714,82.8928571429,59.0,43.0,23.7857142857,1790.25,1787.25,2303.5,1728.25,1718.75,1517.75,1241.25
