zone_id,area_id,total,daytype_inweek,daytype_weekend,hod_00h,hod_01h,hod_02h,hod_03h,hod_04h,hod_05h,hod_06h,hod_07h,hod_08h,hod_09h,hod_10h,hod_11h,hod_12h,hod_13h,hod_14h,hod_15h,hod_16h,hod_17h,hod_18h,hod_19h,hod_20h,hod_21h,hod_22h,hod_23h,dow_mon,dow_tue,dow_wed,dow_thu,dow_fri,dow_sat,dow_sun
E09000023,E02000670,1181.96428571,6153.5,2034.5,15.5,18.4642857143,9.96428571429,7.96428571429,7.64285714286,7.60714285714,12.9285714286,28.25,50.9285714286,57.3928571429,70.7142857143,68.6428571429,76.5,75.8928571429,72.9285714286,77.1071428571,78.6428571429,85.0,76.1785714286,76.8571428571,65.6071428571,58.1428571429,47.1785714286,35.9285714286,1081.5,1210.25,1541.0,1137.75,1183.0,1167.25,953.0
