zone_id,area_id,total,daytype_inweek,daytype_weekend,hod_00h,hod_01h,hod_02h,hod_03h,hod_04h,hod_05h,hod_06h,hod_07h,hod_08h,hod_09h,hod_10h,hod_11h,hod_12h,hod_13h,hod_14h,hod_15h,hod_16h,hod_17h,hod_18h,hod_19h,hod_20h,hod_21h,hod_22h,hod_23h,dow_mon,dow_tue,dow_wed,dow_thu,dow_fri,dow_sat,dow_sun
E08000002,E02001020,1747.78571429,9233.25,3031.25,10.6785714286,11.1785714286,7.78571428571,6.78571428571,4.35714285714,8.17857142857,22.5,52.9642857143,84.9285714286,99.6785714286,108.5,115.857142857,123.857142857,128.714285714,121.642857143,117.75,127.821428571,130.0,118.071428571,102.0,88.1785714286,67.2857142857,55.3214285714,33.75,1658.5,1862.75,2268.25,1735.75,1708.0,1628.5,1372.75
