zone_id,area_id,total,daytype_inweek,daytype_weekend,hod_00h,hod_01h,hod_02h,hod_03h,hod_04h,hod_05h,hod_06h,hod_07h,hod_08h,hod_09h,hod_10h,hod_11h,hod_12h,hod_13h,hod_14h,hod_15h,hod_16h,hod_17h,hod_18h,hod_19h,hod_20h,hod_21h,hod_22h,hod_23h,dow_mon,dow_tue,dow_wed,dow_thu,dow_fri,dow_sat,dow_sun
E07000110,E02005072,4478.03571429,23311.75,7959.0,17.8571428571,19.5,15.8928571429,13.6785714286,12.75,25.0,60.2857142857,146.964285714,220.25,256.214285714,294.678571429,304.928571429,314.464285714,298.5,302.785714286,305.107142857,320.964285714,332.071428571,329.5,284.25,228.0,179.178571429,128.321428571,66.8928571429,4317.25,4468.0,5655.25,4286.5,4584.75,4392.75,3641.75
