zone_id,area_id,total,daytype_inweek,daytype_weekend,hod_00h,hod_01h,hod_02h,hod_03h,hod_04h,hod_05h,hod_06h,hod_07h,hod_08h,hod_09h,hod_10h,hod_11h,hod_12h,hod_13h,hod_14h,hod_15h,hod_16h,hod_17h,hod_18h,hod_19h,hod_20h,hod_21h,hod_22h,hod_23h,dow_mon,dow_tue,dow_wed,dow_thu,dow_fri,dow_sat,dow_sun
S12000045,S02001524,1432.96428571,7774.75,2500.0,8.89285714286,8.67857142857,5.75,4.39285714286,5.75,10.3214285714,19.7857142857,39.75,76.9285714286,77.6071428571,88.1785714286,93.7142857143,99.2142857143,99.8928571429,103.642857143,105.821428571,104.428571429,100.142857143,93.2142857143,83.1785714286,71.9642857143,55.7857142857,43.5714285714,32.3571428571,1449.25,1527.5,1998.25,1493.0,1306.75,1205.25,1050.75
