zone_id,area_id,total,daytype_inweek,daytype_weekend,hod_00h,hod_01h,hod_02h,hod_03h,hod_04h,hod_05h,hod_06h,hod_07h,hod_08h,hod_09h,hod_10h,hod_11h,hod_12h,hod_13h,hod_14h,hod_15h,hod_16h,hod_17h,hod_18h,hod_19h,hod_20h,hod_21h,hod_22h,hod_23h,dow_mon,dow_tue,dow_wed,dow_thu,dow_fri,dow_sat,dow_sun
E08000007,E02001226,2289.28571429,12153.0,4010.5,15.5,16.3928571429,10.9285714286,13.2142857143,20.9285714286,28.0714285714,49.3928571429,78.3214285714,107.571428571,125.5,134.642857143,142.821428571,155.5,155.107142857,156.892857143,148.892857143,152.0,156.214285714,150.321428571,136.428571429,117.75,90.7142857143,76.3571428571,49.8214285714,2197.25,2330.25,3061.25,2291.0,2273.25,2058.75,1813.25
