zone_id,area_id,total,daytype_inweek,daytype_weekend,hod_00h,hod_01h,hod_02h,hod_03h,hod_04h,hod_05h,hod_06h,hod_07h,hod_08h,hod_09h,hod_10h,hod_11h,hod_12h,hod_13h,hod_14h,hod_15h,hod_16h,hod_17h,hod_18h,hod_19h,hod_20h,hod_21h,hod_22h,hod_23h,dow_mon,dow_tue,dow_wed,dow_thu,dow_fri,dow_sat,dow_sun
S12000015,S02001741,1785.57142857,9617.0,3117.0,10.2857142857,8.53571428571,7.5,4.5,6.39285714286,15.6071428571,44.0714285714,66.5714285714,106.0,95.0,99.1785714286,114.25,122.178571429,115.714285714,119.785714286,128.392857143,135.964285714,139.714285714,118.785714286,96.7857142857,85.2142857143,68.5714285714,48.75,27.8214285714,1813.0,1873.5,2380.5,1813.75,1736.25,1578.0,1304.0
