zone_id,area_id,total,daytype_inweek,daytype_weekend,hod_00h,hod_01h,hod_02h,hod_03h,hod_04h,hod_05h,hod_06h,hod_07h,hod_08h,hod_09h,hod_10h,hod_11h,hod_12h,hod_13h,hod_14h,hod_15h,hod_16h,hod_17h,hod_18h,hod_19h,hod_20h,hod_21h,hod_22h,hod_23h,dow_mon,dow_tue,dow_wed,dow_thu,dow_fri,dow_sat,dow_sun
E09000027,E02000802,1916.03571429,10276.75,3300.0,10.8928571429,8.96428571429,5.32142857143,3.64285714286,4.10714285714,9.57142857143,20.3214285714,58.8214285714,100.75,119.0,131.0,139.178571429,144.678571429,139.464285714,131.464285714,128.785714286,123.464285714,135.928571429,130.607142857,110.321428571,90.4285714286,75.6428571429,57.5,36.1785714286,1852.5,2044.0,2582.25,1901.25,1896.75,1688.0,1447.5
