zone_id,area_id,total,daytype_inweek,daytype_weekend,hod_00h,hod_01h,hod_02h,hod_03h,hod_04h,hod_05h,hod_06h,hod_07h,hod_08h,hod_09h,hod_10h,hod_11h,hod_12h,hod_13h,hod_14h,hod_15h,hod_16h,hod_17h,hod_18h,hod_19h,hod_20h,hod_21h,hod_22h,hod_23h,dow_mon,dow_tue,dow_wed,dow_thu,dow_fri,dow_sat,dow_sun
E07000035,E02004070,1671.25,8716.25,3198.25,4.53571428571,3.96428571429,2.96428571429,2.5,3.0,8.53571428571,17.9285714286,41.1428571429,69.8928571429,93.7857142857,126.714285714,136.035714286,146.464285714,139.357142857,147.821428571,141.285714286,136.75,133.071428571,95.3214285714,68.3928571429,55.2857142857,45.9642857143,32.2857142857,18.25,1752.0,1692.0,2117.75,1580.75,1573.75,1536.25,1446.25
