zone_id,area_id,total,daytype_inweek,daytype_weekend,hod_00h,hod_01h,hod_02h,hod_03h,hod_04h,hod_05h,hod_06h,hod_07h,hod_08h,hod_09h,hod_10h,hod_11h,hod_12h,hod_13h,hod_14h,hod_15h,hod_16h,hod_17h,hod_18h,hod_19h,hod_20h,hod_21h,hod_22h,hod_23h,dow_mon,dow_tue,dow_wed,dow_thu,dow_fri,dow_sat,dow_sun
E08000025,E02001938,3713.14285714,20082.5,6179.75,20.5357142857,22.9642857143,18.5,14.9285714286,15.0,26.25,72.8214285714,159.071428571,224.607142857,212.5,218.107142857,239.571428571,253.678571429,249.035714286,244.857142857,249.75,264.357142857,282.392857143,249.178571429,219.464285714,164.607142857,125.392857143,100.428571429,65.1428571429,3515.25,3963.25,4954.5,3864.0,3785.5,3245.0,2664.5
