zone_id,area_id,total,daytype_inweek,daytype_weekend,hod_00h,hod_01h,hod_02h,hod_03h,hod_04h,hod_05h,hod_06h,hod_07h,hod_08h,hod_09h,hod_10h,hod_11h,hod_12h,hod_13h,hod_14h,hod_15h,hod_16h,hod_17h,hod_18h,hod_19h,hod_20h,hod_21h,hod_22h,hod_23h,dow_mon,dow_tue,dow_wed,dow_thu,dow_fri,dow_sat,dow_sun
E07000106,E02005011,3018.82142857,15325.75,5469.75,7.10714285714,7.64285714286,5.42857142857,4.35714285714,4.71428571429,11.5,39.1428571429,109.964285714,154.428571429,181.642857143,202.178571429,220.607142857,235.607142857,225.678571429,231.25,227.464285714,229.964285714,235.25,202.785714286,166.142857143,122.857142857,90.4642857143,68.1785714286,34.4642857143,2728.5,3018.5,3741.25,2799.25,3038.25,3064.75,2741.25
