zone_id,area_id,total,daytype_inweek,daytype_weekend,hod_00h,hod_01h,hod_02h,hod_03h,hod_04h,hod_05h,hod_06h,hod_07h,hod_08h,hod_09h,hod_10h,hod_11h,hod_12h,hod_13h,hod_14h,hod_15h,hod_16h,hod_17h,hod_18h,hod_19h,hod_20h,hod_21h,hod_22h,hod_23h,dow_mon,dow_tue,dow_wed,dow_thu,dow_fri,dow_sat,dow_sun
E06000045,E02003569,3390.14285714,17830.75,5807.25,19.3928571429,22.1428571429,18.4642857143,16.8571428571,20.4642857143,37.5357142857,70.6785714286,137.321428571,196.25,169.892857143,185.607142857,201.25,230.392857143,223.464285714,236.5,236.071428571,241.392857143,262.678571429,216.928571429,188.75,157.785714286,128.857142857,102.5,68.9642857143,3231.0,3453.5,4313.25,3313.0,3520.0,3324.0,2576.25
