zone_id,area_id,total,daytype_inweek,daytype_weekend,hod_00h,hod_01h,hod_02h,hod_03h,hod_04h,hod_05h,hod_06h,hod_07h,hod_08h,hod_09h,hod_10h,hod_11h,hod_12h,hod_13h,hod_14h,hod_15h,hod_16h,hod_17h,hod_18h,hod_19h,hod_20h,hod_21h,hod_22h,hod_23h,dow_mon,dow_tue,dow_wed,dow_thu,dow_fri,dow_sat,dow_sun
E07000107,E02005034,1762.53571429,9135.0,3147.75,10.0357142857,8.78571428571,4.67857142857,4.89285714286,4.67857142857,9.46428571429,26.3214285714,54.4642857143,86.1785714286,102.857142857,118.0,115.928571429,124.892857143,121.035714286,114.535714286,114.75,119.428571429,130.785714286,126.857142857,109.107142857,89.5714285714,77.8571428571,55.5357142857,31.8928571429,1713.25,1778.25,2178.5,1656.75,1808.25,1768.25,1434.5
