zone_id,area_id,total,daytype_inweek,daytype_weekend,hod_00h,hod_01h,hod_02h,hod_03h,hod_04h,hod_05h,hod_06h,hod_07h,hod_08h,hod_09h,hod_10h,hod_11h,hod_12h,hod_13h,hod_14h,hod_15h,hod_16h,hod_17h,hod_18h,hod_19h,hod_20h,hod_21h,hod_22h,hod_23h,dow_mon,dow_tue,dow_wed,dow_thu,dow_fri,dow_sat,dow_sun
S12000033,S02001281,3298.71428571,17735.0,5779.5,10.5714285714,13.6071428571,10.4642857143,12.9285714286,12.1428571429,28.8571428571,88.75,182.714285714,209.678571429,184.285714286,185.714285714,195.392857143,220.5,225.535714286,222.964285714,231.357142857,245.571428571,262.285714286,227.642857143,178.107142857,137.571428571,110.928571429,68.1071428571,33.0357142857,3367.25,3468.5,4285.5,3197.0,3416.75,2943.75,2412.25
