zone_id,area_id,total,daytype_inweek,daytype_weekend,hod_00h,hod_01h,hod_02h,hod_03h,hod_04h,hod_05h,hod_06h,hod_07h,hod_08h,hod_09h,hod_10h,hod_11h,hod_12h,hod_13h,hod_14h,hod_15h,hod_16h,hod_17h,hod_18h,hod_19h,hod_20h,hod_21h,hod_22h,hod_23h,dow_mon,dow_tue,dow_wed,dow_thu,dow_fri,dow_sat,dow_sun
S12000015,S02001833,1340.64285714,6779.25,2589.0,7.67857142857,6.14285714286,5.21428571429,4.10714285714,5.96428571429,8.85714285714,22.5,49.3214285714,72.4642857143,73.1785714286,91.1428571429,97.0714285714,98.3214285714,99.75,105.75,109.142857143,104.285714286,100.5,77.9285714286,62.9642857143,48.8571428571,40.1785714286,29.6428571429,19.6785714286,1293.25,1272.5,1603.75,1317.0,1292.75,1309.5,1295.75
