zone_id,area_id,total,daytype_inweek,daytype_weekend,hod_00h,hod_01h,hod_02h,hod_03h,hod_04h,hod_05h,hod_06h,hod_07h,hod_08h,hod_09h,hod_10h,hod_11h,hod_12h,hod_13h,hod_14h,hod_15h,hod_16h,hod_17h,hod_18h,hod_19h,hod_20h,hod_21h,hod_22h,hod_23h,dow_mon,dow_tue,dow_wed,dow_thu,dow_fri,dow_sat,dow_sun
E09000011,E02000340,1846.57142857,9754.25,3203.5,16.5357142857,12.1428571429,8.85714285714,6.03571428571,6.14285714286,12.75,25.1428571429,51.8928571429,86.5357142857,97.6785714286,111.285714286,122.428571429,132.142857143,129.892857143,118.357142857,121.535714286,120.357142857,132.75,128.714285714,120.214285714,101.785714286,82.1428571429,62.2142857143,39.0357142857,1728.5,1894.25,2416.0,1882.75,1832.75,1696.75,1475.0
