zone_id,area_id,total,daytype_inweek,daytype_weekend,hod_00h,hod_01h,hod_02h,hod_03h,hod_04h,hod_05h,hod_06h,hod_07h,hod_08h,hod_09h,hod_10h,hod_11h,hod_12h,hod_13h,hod_14h,hod_15h,hod_16h,hod_17h,hod_18h,hod_19h,hod_20h,hod_21h,hod_22h,hod_23h,dow_mon,dow_tue,dow_wed,dow_thu,dow_fri,dow_sat,dow_sun
W06000010,W02000161,1656.46428571,8841.0,2806.75,8.46428571429,6.07142857143,3.85714285714,4.25,5.10714285714,15.75,30.4285714286,54.1785714286,73.5,83.4285714286,103.357142857,118.285714286,122.892857143,130.285714286,128.857142857,130.857142857,130.785714286,125.607142857,106.0,86.0714285714,69.4642857143,57.2142857143,39.6071428571,22.1428571429,1576.25,1719.75,2109.25,1670.5,1765.25,1523.75,1230.5
