zone_id,area_id,total,daytype_inweek,daytype_weekend,hod_00h,hod_01h,hod_02h,hod_03h,hod_04h,hod_05h,hod_06h,hod_07h,hod_08h,hod_09h,hod_10h,hod_11h,hod_12h,hod_13h,hod_14h,hod_15h,hod_16h,hod_17h,hod_18h,hod_19h,hod_20h,hod_21h,hod_22h,hod_23h,dow_mon,dow_tue,dow_wed,dow_thu,dow_fri,dow_sat,dow_sun
E07000112,E02005114,2962.75,15505.75,5397.75,15.4285714286,10.7857142857,9.78571428571,8.67857142857,9.82142857143,21.8214285714,58.7857142857,93.6785714286,124.428571429,146.857142857,184.928571429,212.392857143,225.428571429,218.535714286,219.321428571,224.571428571,231.821428571,221.5,191.035714286,161.357142857,132.678571429,110.428571429,80.2142857143,48.4642857143,2907.5,3376.5,3882.75,2800.25,2538.75,2743.25,2490.25
