zone_id,area_id,total,daytype_inweek,daytype_weekend,hod_00h,hod_01h,hod_02h,hod_03h,hod_04h,hod_05h,hod_06h,hod_07h,hod_08h,hod_09h,hod_10h,hod_11h,hod_12h,hod_13h,hod_14h,hod_15h,hod_16h,hod_17h,hod_18h,hod_19h,hod_20h,hod_21h,hod_22h,hod_23h,dow_mon,dow_tue,dow_wed,dow_thu,dow_fri,dow_sat,dow_sun
E08000034,E02002293,4152.53571429,21852.25,7162.5,30.3928571429,29.4285714286,18.9642857143,13.75,15.8214285714,44.7142857143,73.25,136.107142857,174.392857143,193.857142857,219.892857143,246.607142857,256.5,277.178571429,288.821428571,293.785714286,302.678571429,315.25,297.214285714,266.0,226.5,191.821428571,151.714285714,87.8928571429,3869.75,4156.25,5466.0,4047.5,4312.75,3922.75,3292.75
