zone_id,area_id,total,daytype_inweek,daytype_weekend,hod_00h,hod_01h,hod_02h,hod_03h,hod_04h,hod_05h,hod_06h,hod_07h,hod_08h,hod_09h,hod_10h,hod_11h,hod_12h,hod_13h,hod_14h,hod_15h,hod_16h,hod_17h,hod_18h,hod_19h,hod_20h,hod_21h,hod_22h,hod_23h,dow_mon,dow_tue,dow_wed,dow_thu,dow_fri,dow_sat,dow_sun
E06000050,E02003847,3888.71428571,20646.0,6689.25,14.8214285714,14.75,10.5714285714,10.5357142857,8.39285714286,25.8928571429,72.9642857143,158.285714286,205.785714286,206.642857143,232.857142857,261.714285714,271.035714286,270.357142857,271.178571429,278.821428571,298.428571429,312.214285714,264.285714286,232.178571429,188.392857143,131.285714286,95.1428571429,52.1785714286,3708.5,4007.0,5019.25,3922.0,3989.25,3594.25,2980.75
