zone_id,area_id,total,daytype_inweek,daytype_weekend,hod_00h,hod_01h,hod_02h,hod_03h,hod_04h,hod_05h,hod_06h,hod_07h,hod_08h,hod_09h,hod_10h,hod_11h,hod_12h,hod_13h,hod_14h,hod_15h,hod_16h,hod_17h,hod_18h,hod_19h,hod_20h,hod_21h,hod_22h,hod_23h,dow_mon,dow_tue,dow_wed,dow_thu,dow_fri,dow_sat,dow_sun
E06000035,E02003314,3221.89285714,17446.75,5523.0,20.8928571429,19.7857142857,12.5,13.8928571429,17.75,34.9285714286,77.2857142857,132.75,170.285714286,180.857142857,201.714285714,207.0,217.214285714,214.035714286,211.571428571,215.035714286,228.071428571,236.964285714,204.071428571,183.392857143,155.178571429,121.821428571,88.5,56.3928571429,3192.25,3519.5,4269.5,3231.0,3234.5,2775.75,2330.75
