zone_id,area_id,total,daytype_inweek,daytype_weekend,hod_00h,hod_01h,hod_02h,hod_03h,hod_04h,hod_05h,hod_06h,hod_07h,hod_08h,hod_09h,hod_10h,hod_11h,hod_12h,hod_13h,hod_14h,hod_15h,hod_16h,hod_17h,hod_18h,hod_19h,hod_20h,hod_21h,hod_22h,hod_23h,dow_mon,dow_tue,dow_wed,dow_thu,dow_fri,dow_sat,dow_sun
E08000032,E02002194,2294.35714286,12287.0,3840.5,12.1428571429,12.6071428571,8.82142857143,6.14285714286,8.21428571429,16.8214285714,48.0714285714,88.75,116.678571429,112.535714286,126.857142857,140.5,162.071428571,161.071428571,162.678571429,161.571428571,181.964285714,186.142857143,160.607142857,137.071428571,107.785714286,81.5,60.9285714286,32.8214285714,2203.25,2409.5,3010.25,2253.75,2410.25,2136.25,1637.25
