zone_id,area_id,total,daytype_inweek,daytype_weekend,hod_00h,hod_01h,hod_02h,hod_03h,hod_04h,hod_05h,hod_06h,hod_07h,hod_08h,hod_09h,hod_10h,hod_11h,hod_12h,hod_13h,hod_14h,hod_15h,hod_16h,hod_17h,hod_18h,hod_19h,hod_20h,hod_21h,hod_22h,hod_23h,dow_mon,dow_tue,dow_wed,dow_thu,dow_fri,dow_sat,dow_sun
E07000155,E02005687,2293.0,12157.5,3947.0,9.78571428571,7.71428571429,6.0,4.25,5.21428571429,13.1785714286,44.1428571429,104.392857143,170.214285714,150.107142857,150.107142857,142.035714286,160.857142857,157.892857143,140.035714286,144.714285714,151.892857143,173.357142857,144.142857143,136.607142857,104.428571429,82.3214285714,56.8571428571,32.75,2144.0,2363.0,3018.75,2412.25,2219.5,2090.5,1803.0
