zone_id,area_id,total,daytype_inweek,daytype_weekend,hod_00h,hod_01h,hod_02h,hod_03h,hod_04h,hod_05h,hod_06h,hod_07h,hod_08h,hod_09h,hod_10h,hod_11h,hod_12h,hod_13h,hod_14h,hod_15h,hod_16h,hod_17h,hod_18h,hod_19h,hod_20h,hod_21h,hod_22h,hod_23h,dow_mon,dow_tue,dow_wed,dow_thu,dow_fri,dow_sat,dow_sun
E07000030,E02004014,2045.53571429,11000.5,3549.5,7.60714285714,7.46428571429,5.17857142857,4.32142857143,5.10714285714,13.4285714286,54.0357142857,84.6428571429,114.928571429,118.5,147.392857143,139.964285714,137.964285714,135.821428571,152.75,160.642857143,151.392857143,165.642857143,118.428571429,95.5357142857,82.9285714286,61.6428571429,47.5714285714,32.6428571429,2089.25,2155.5,2612.75,2142.25,2000.75,1858.0,1460.25
