zone_id,area_id,total,daytype_inweek,daytype_weekend,hod_00h,hod_01h,hod_02h,hod_03h,hod_04h,hod_05h,hod_06h,hod_07h,hod_08h,hod_09h,hod_10h,hod_11h,hod_12h,hod_13h,hod_14h,hod_15h,hod_16h,hod_17h,hod_18h,hod_19h,hod_20h,hod_21h,hod_22h,hod_23h,dow_mon,dow_tue,dow_wed,dow_thu,dow_fri,dow_sat,dow_sun
E09000017,E02000494,2329.53571429,12462.5,4075.5,13.3214285714,11.8214285714,7.39285714286,5.25,6.57142857143,15.1071428571,43.25,100.357142857,117.285714286,137.714285714,149.642857143,157.214285714,160.75,159.571428571,160.75,156.535714286,162.535714286,167.464285714,149.678571429,137.75,116.5,90.8214285714,65.8571428571,36.3928571429,2293.5,2453.0,3008.75,2314.0,2393.25,2062.25,1782.0
