zone_id,area_id,total,daytype_inweek,daytype_weekend,hod_00h,hod_01h,hod_02h,hod_03h,hod_04h,hod_05h,hod_06h,hod_07h,hod_08h,hod_09h,hod_10h,hod_11h,hod_12h,hod_13h,hod_14h,hod_15h,hod_16h,hod_17h,hod_18h,hod_19h,hod_20h,hod_21h,hod_22h,hod_23h,dow_mon,dow_tue,dow_wed,dow_thu,dow_fri,dow_sat,dow_sun
S12000033,S02001259,4387.82142857,23290.5,7540.5,19.5357142857,25.6428571429,23.5714285714,19.2142857143,20.3928571429,44.5357142857,105.142857143,194.071428571,233.75,222.107142857,245.5,280.5,305.714285714,310.785714286,315.0,318.928571429,344.214285714,334.357142857,284.107142857,224.892857143,190.142857143,147.892857143,110.214285714,67.6071428571,4345.25,4378.75,5659.25,4310.25,4597.0,4229.0,3195.25
