zone_id,area_id,total,daytype_inweek,daytype_weekend,hod_00h,hod_01h,hod_02h,hod_03h,hod_04h,hod_05h,hod_06h,hod_07h,hod_08h,hod_09h,hod_10h,hod_11h,hod_12h,hod_13h,hod_14h,hod_15h,hod_16h,hod_17h,hod_18h,hod_19h,hod_20h,hod_21h,hod_22h,hod_23h,dow_mon,dow_tue,dow_wed,dow_thu,dow_fri,dow_sat,dow_sun
S12000017,S02001980,2016.07142857,10571.0,3561.25,2.60714285714,3.60714285714,3.03571428571,2.64285714286,4.5,14.2857142857,28.2142857143,59.6071428571,87.4642857143,135.107142857,174.464285714,173.392857143,171.535714286,164.071428571,173.607142857,167.392857143,157.107142857,145.75,117.928571429,85.2142857143,63.7142857143,43.1428571429,26.1428571429,11.5357142857,2013.0,2054.0,2624.25,2062.0,1817.75,1993.25,1548.25
