zone_id,area_id,total,daytype_inweek,daytype_weekend,hod_00h,hod_01h,hod_02h,hod_03h,hod_04h,hod_05h,hod_06h,hod_07h,hod_08h,hod_09h,hod_10h,hod_11h,hod_12h,hod_13h,hod_14h,hod_15h,hod_16h,hod_17h,hod_18h,hod_19h,hod_20h,hod_21h,hod_22h,hod_23h,dow_mon,dow_tue,dow_wed,dow_thu,dow_fri,dow_sat,dow_sun
E07000141,E02005485,871.464285714,4669.5,1477.75,3.57142857143,2.5,2.0,1.35714285714,1.60714285714,5.14285714286,14.4642857143,35.6071428571,52.9642857143,50.0714285714,54.8214285714,57.1428571429,61.4642857143,59.9285714286,63.6428571429,62.7142857143,67.5,71.9642857143,54.6071428571,46.6071428571,37.8928571429,29.8571428571,21.7142857143,12.3214285714,835.0,948.75,1117.0,907.25,861.5,788.0,642.75
