zone_id,area_id,total,daytype_inweek,daytype_weekend,hod_00h,hod_01h,hod_02h,hod_03h,hod_04h,hod_05h,hod_06h,hod_07h,hod_08h,hod_09h,hod_10h,hod_11h,hod_12h,hod_13h,hod_14h,hod_15h,hod_16h,hod_17h,hod_18h,hod_19h,hod_20h,hod_21h,hod_22h,hod_23h,dow_mon,dow_tue,dow_wed,dow_thu,dow_fri,dow_sat,dow_sun
E09000002,E02000020,1878.89285714,9916.5,3459.25,17.3928571429,16.6428571429,12.25,8.89285714286,9.35714285714,22.3571428571,36.7857142857,61.7142857143,84.6785714286,104.178571429,120.214285714,134.285714286,136.75,130.464285714,121.607142857,117.464285714,117.785714286,117.214285714,107.857142857,108.857142857,94.5357142857,85.8571428571,64.8214285714,46.9285714286,1831.75,1939.25,2398.0,1856.25,1891.25,1608.25,1627.5
