zone_id,area_id,total,daytype_inweek,daytype_weekend,hod_00h,hod_01h,hod_02h,hod_03h,hod_04h,hod_05h,hod_06h,hod_07h,hod_08h,hod_09h,hod_10h,hod_11h,hod_12h,hod_13h,hod_14h,hod_15h,hod_16h,hod_17h,hod_18h,hod_19h,hod_20h,hod_21h,hod_22h,hod_23h,dow_mon,dow_tue,dow_wed,dow_thu,dow_fri,dow_sat,dow_sun
E09000031,E02000918,1918.82142857,9868.0,3452.25,25.25,21.5,15.9285714286,11.25,10.3214285714,14.5,26.1071428571,46.0,68.8928571429,94.6785714286,106.714285714,112.107142857,124.0,122.571428571,126.785714286,126.857142857,125.892857143,127.321428571,127.214285714,134.357142857,121.071428571,96.9642857143,76.8928571429,55.6428571429,1803.5,1950.0,2434.5,1796.25,1883.75,1915.0,1648.75
