zone_id,area_id,total,daytype_inweek,daytype_weekend,hod_00h,hod_01h,hod_02h,hod_03h,hod_04h,hod_05h,hod_06h,hod_07h,hod_08h,hod_09h,hod_10h,hod_11h,hod_12h,hod_13h,hod_14h,hod_15h,hod_16h,hod_17h,hod_18h,hod_19h,hod_20h,hod_21h,hod_22h,hod_23h,dow_mon,dow_tue,dow_wed,dow_thu,dow_fri,dow_sat,dow_sun
E09000030,E02006853,1826.0,9806.5,3102.75,27.5714285714,21.5357142857,12.1071428571,8.39285714286,8.39285714286,11.5,21.4642857143,46.3928571429,96.1428571429,100.035714286,92.25,99.8928571429,113.428571429,115.642857143,111.0,108.714285714,110.464285714,130.25,138.214285714,120.321428571,111.892857143,94.2857142857,73.0714285714,53.0357142857,1749.5,1899.0,2442.25,1925.5,1790.25,1622.25,1353.25
