zone_id,area_id,total,daytype_inweek,daytype_weekend,hod_00h,hod_01h,hod_02h,hod_03h,hod_04h,hod_05h,hod_06h,hod_07h,hod_08h,hod_09h,hod_10h,hod_11h,hod_12h,hod_13h,hod_14h,hod_15h,hod_16h,hod_17h,hod_18h,hod_19h,hod_20h,hod_21h,hod_22h,hod_23h,dow_mon,dow_tue,dow_wed,dow_thu,dow_fri,dow_sat,dow_sun
E06000043,E02003519,4165.03571429,21280.0,6982.0,26.8571428571,35.3571428571,35.0714285714,30.4642857143,22.7857142857,29.3571428571,48.0,122.464285714,229.464285714,206.928571429,205.285714286,241.642857143,254.535714286,269.285714286,285.964285714,285.107142857,305.678571429,347.392857143,314.071428571,253.571428571,204.285714286,167.178571429,138.142857143,106.142857143,3793.75,4188.5,5169.75,3972.75,4155.25,4687.0,3188.25
