zone_id,area_id,total,daytype_inweek,daytype_weekend,hod_00h,hod_01h,hod_02h,hod_03h,hod_04h,hod_05h,hod_06h,hod_07h,hod_08h,hod_09h,hod_10h,hod_11h,hod_12h,hod_13h,hod_14h,hod_15h,hod_16h,hod_17h,hod_18h,hod_19h,hod_20h,hod_21h,hod_22h,hod_23h,dow_mon,dow_tue,dow_wed,dow_thu,dow_fri,dow_sat,dow_sun
E08000037,E02001707,2407.82142857,13002.75,4042.75,12.2142857143,11.1071428571,8.17857142857,7.64285714286,8.92857142857,22.0714285714,47.3214285714,97.75,121.0,134.571428571,156.964285714,166.464285714,175.178571429,177.25,173.892857143,174.142857143,170.892857143,182.071428571,148.25,136.321428571,103.571428571,80.2142857143,61.0714285714,30.75,2296.75,2541.25,3240.25,2428.0,2496.5,2106.0,1746.0
