zone_id,area_id,total,daytype_inweek,daytype_weekend,hod_00h,hod_01h,hod_02h,hod_03h,hod_04h,hod_05h,hod_06h,hod_07h,hod_08h,hod_09h,hod_10h,hod_11h,hod_12h,hod_13h,hod_14h,hod_15h,hod_16h,hod_17h,hod_18h,hod_19h,hod_20h,hod_21h,hod_22h,hod_23h,dow_mon,dow_tue,dow_wed,dow_thu,dow_fri,dow_sat,dow_sun
S12000024,S02002252,1844.78571429,9900.25,3193.0,5.85714285714,3.25,2.21428571429,1.92857142857,4.03571428571,8.25,25.8928571429,72.75,105.142857143,114.678571429,140.0,149.0,148.107142857,149.178571429,146.535714286,150.535714286,157.964285714,146.357142857,102.285714286,70.5357142857,52.2142857143,45.0714285714,30.3928571429,12.6071428571,1838.75,1922.0,2419.5,1982.0,1738.0,1659.0,1354.25
