zone_id,area_id,total,daytype_inweek,daytype_weekend,hod_00h,hod_01h,hod_02h,hod_03h,hod_04h,hod_05h,hod_06h,hod_07h,hod_08h,hod_09h,hod_10h,hod_11h,hod_12h,hod_13h,hod_14h,hod_15h,hod_16h,hod_17h,hod_18h,hod_19h,hod_20h,hod_21h,hod_22h,hod_23h,dow_mon,dow_tue,dow_wed,dow_thu,dow_fri,dow_sat,dow_sun
E06000042,E02003485,5067.67857143,27144.75,8557.75,22.6071428571,25.9285714286,20.2857142857,17.6428571429,25.1428571429,58.75,94.9285714286,189.785714286,256.535714286,245.642857143,287.25,321.678571429,344.214285714,368.785714286,368.75,350.535714286,380.607142857,408.321428571,351.678571429,282.821428571,234.392857143,193.571428571,141.142857143,76.6785714286,4881.5,5279.75,6685.75,5182.0,5115.75,4652.75,3676.25
