zone_id,area_id,total,daytype_inweek,daytype_weekend,hod_00h,hod_01h,hod_02h,hod_03h,hod_04h,hod_05h,hod_06h,hod_07h,hod_08h,hod_09h,hod_10h,hod_11h,hod_12h,hod_13h,hod_14h,hod_15h,hod_16h,hod_17h,hod_18h,hod_19h,hod_20h,hod_21h,hod_22h,hod_23h,dow_mon,dow_tue,dow_wed,dow_thu,dow_fri,dow_sat,dow_sun
W06000023,W02000104,1186.35714286,6359.5,1923.75,1.32142857143,3.89285714286,2.82142857143,3.35714285714,5.71428571429,14.3928571429,25.1428571429,53.1071428571,70.2857142857,71.0,77.5357142857,83.1785714286,86.9285714286,90.4285714286,85.3928571429,86.6428571429,90.3928571429,89.9285714286,71.8928571429,55.5,44.6428571429,39.5357142857,23.0714285714,10.25,1091.75,1205.25,1507.25,1252.75,1302.5,1113.0,832.0
