zone_id,area_id,total,daytype_inweek,daytype_weekend,hod_00h,hod_01h,hod_02h,hod_03h,hod_04h,hod_05h,hod_06h,hod_07h,hod_08h,hod_09h,hod_10h,hod_11h,hod_12h,hod_13h,hod_14h,hod_15h,hod_16h,hod_17h,hod_18h,hod_19h,hod_20h,hod_21h,hod_22h,hod_23h,dow_mon,dow_tue,dow_wed,dow_thu,dow_fri,dow_sat,dow_sun
E08000026,E02001962,2543.25,13400.5,4339.25,14.3928571429,14.25,11.0714285714,11.3928571429,11.4642857143,34.3214285714,57.4642857143,83.7142857143,113.964285714,116.5,139.821428571,151.357142857,172.428571429,181.964285714,190.75,178.571428571,185.857142857,187.928571429,176.964285714,153.571428571,135.071428571,105.785714286,75.9642857143,38.6785714286,2399.75,2664.25,3246.0,2459.5,2631.0,2462.75,1939.5
