zone_id,area_id,total,daytype_inweek,daytype_weekend,hod_00h,hod_01h,hod_02h,hod_03h,hod_04h,hod_05h,hod_06h,hod_07h,hod_08h,hod_09h,hod_10h,hod_11h,hod_12h,hod_13h,hod_14h,hod_15h,hod_16h,hod_17h,hod_18h,hod_19h,hod_20h,hod_21h,hod_22h,hod_23h,dow_mon,dow_tue,dow_wed,dow_thu,dow_fri,dow_sat,dow_sun
E06000007,E02002595,3555.03571429,19065.0,5906.25,13.8571428571,14.1071428571,13.0357142857,11.3928571429,14.2857142857,38.7142857143,67.5357142857,134.035714286,176.428571429,187.0,203.785714286,237.178571429,252.821428571,261.75,266.964285714,254.821428571,271.785714286,272.142857143,233.428571429,196.821428571,160.964285714,127.142857143,95.9642857143,49.0714285714,3324.5,3695.5,4646.0,3601.75,3797.25,3238.5,2581.75
