zone_id,area_id,total,daytype_inweek,daytype_weekend,hod_00h,hod_01h,hod_02h,hod_03h,hod_04h,hod_05h,hod_06h,hod_07h,hod_08h,hod_09h,hod_10h,hod_11h,hod_12h,hod_13h,hod_14h,hod_15h,hod_16h,hod_17h,hod_18h,hod_19h,hod_20h,hod_21h,hod_22h,hod_23h,dow_mon,dow_tue,dow_wed,dow_thu,dow_fri,dow_sat,dow_sun
E07000166,E02005783,959.642857143,5298.75,1694.25,2.78571428571,2.14285714286,1.78571428571,1.71428571429,1.46428571429,3.67857142857,12.3571428571,30.8928571429,62.0,56.6071428571,66.6785714286,71.4285714286,79.9642857143,72.7142857143,75.8214285714,73.3571428571,75.0714285714,75.7857142857,59.2857142857,43.6071428571,34.1428571429,27.3214285714,19.6785714286,9.35714285714,1037.0,1048.0,1235.75,1057.25,920.75,761.5,657.25
