zone_id,area_id,total,daytype_inweek,daytype_weekend,hod_00h,hod_01h,hod_02h,hod_03h,hod_04h,hod_05h,hod_06h,hod_07h,hod_08h,hod_09h,hod_10h,hod_11h,hod_12h,hod_13h,hod_14h,hod_15h,hod_16h,hod_17h,hod_18h,hod_19h,hod_20h,hod_21h,hod_22h,hod_23h,dow_mon,dow_tue,dow_wed,dow_thu,dow_fri,dow_sat,dow_sun
E08000028,E02002069,2434.07142857,13140.25,4084.75,13.6428571429,17.1785714286,11.5357142857,10.0,11.1071428571,22.6071428571,43.3928571429,80.7142857143,103.75,124.107142857,141.857142857,153.642857143,165.464285714,171.142857143,159.178571429,169.321428571,178.392857143,184.928571429,172.071428571,149.142857143,125.321428571,101.5,78.5357142857,45.5357142857,2336.25,2573.5,3255.5,2493.25,2481.75,2149.75,1748.5
