zone_id,area_id,total,daytype_inweek,daytype_weekend,hod_00h,hod_01h,hod_02h,hod_03h,hod_04h,hod_05h,hod_06h,hod_07h,hod_08h,hod_09h,hod_10h,hod_11h,hod_12h,hod_13h,hod_14h,hod_15h,hod_16h,hod_17h,hod_18h,hod_19h,hod_20h,hod_21h,hod_22h,hod_23h,dow_mon,dow_tue,dow_wed,dow_thu,dow_fri,dow_sat,dow_sun
E07000204,E02006278,2971.71428571,15958.25,4820.0,9.82142857143,8.46428571429,7.0,8.39285714286,7.39285714286,15.9642857143,42.4285714286,107.5,161.821428571,172.964285714,193.321428571,220.857142857,236.785714286,237.214285714,237.714285714,225.5,226.071428571,223.571428571,179.5,139.321428571,113.142857143,88.8571428571,66.2142857143,41.8928571429,2830.0,3112.25,4030.5,3013.0,2972.5,2853.75,1990.0
