zone_id,area_id,total,daytype_inweek,daytype_weekend,hod_00h,hod_01h,hod_02h,hod_03h,hod_04h,hod_05h,hod_06h,hod_07h,hod_08h,hod_09h,hod_10h,hod_11h,hod_12h,hod_13h,hod_14h,hod_15h,hod_16h,hod_17h,hod_18h,hod_19h,hod_20h,hod_21h,hod_22h,hod_23h,dow_mon,dow_tue,dow_wed,dow_thu,dow_fri,dow_sat,dow_sun
S12000018,S02002043,1669.21428571,9096.75,2836.25,7.60714285714,9.89285714286,8.46428571429,5.89285714286,4.64285714286,7.32142857143,18.1785714286,44.1785714286,79.1428571429,84.6071428571,100.107142857,112.178571429,118.892857143,122.321428571,121.285714286,120.5,115.75,119.321428571,110.357142857,99.5357142857,90.1428571429,75.8928571429,57.2857142857,35.7142857143,1710.75,1895.25,2281.25,1622.25,1587.25,1462.25,1125.5
