zone_id,area_id,total,daytype_inweek,daytype_weekend,hod_00h,hod_01h,hod_02h,hod_03h,hod_04h,hod_05h,hod_06h,hod_07h,hod_08h,hod_09h,hod_10h,hod_11h,hod_12h,hod_13h,hod_14h,hod_15h,hod_16h,hod_17h,hod_18h,hod_19h,hod_20h,hod_21h,hod_22h,hod_23h,dow_mon,dow_tue,dow_wed,dow_thu,dow_fri,dow_sat,dow_sun
S12000044,S02002137,1433.64285714,7750.5,2510.0,8.35714285714,9.10714285714,6.39285714286,5.85714285714,4.96428571429,11.8571428571,31.3214285714,52.9642857143,74.4285714286,69.5714285714,76.5714285714,83.3571428571,92.0,91.1071428571,96.0357142857,97.9642857143,107.142857143,104.571428571,101.428571429,89.3928571429,78.7142857143,67.4285714286,48.9642857143,24.1428571429,1501.75,1521.5,1863.75,1462.0,1401.5,1276.75,1008.25
