zone_id,area_id,total,daytype_inweek,daytype_weekend,hod_00h,hod_01h,hod_02h,hod_03h,hod_04h,hod_05h,hod_06h,hod_07h,hod_08h,hod_09h,hod_10h,hod_11h,hod_12h,hod_13h,hod_14h,hod_15h,hod_16h,hod_17h,hod_18h,hod_19h,hod_20h,hod_21h,hod_22h,hod_23h,dow_mon,dow_tue,dow_wed,dow_thu,dow_fri,dow_sat,dow_sun
E09000011,E02000326,1228.10714286,6238.25,2307.5,10.75,10.5714285714,5.17857142857,4.46428571429,4.78571428571,9.03571428571,16.0714285714,34.9642857143,49.2142857143,59.8928571429,68.6071428571,78.4642857143,81.0714285714,87.75,85.0714285714,84.6071428571,88.6071428571,80.7142857143,89.0,80.8928571429,70.8928571429,56.0714285714,42.9285714286,28.5,1186.0,1182.0,1561.25,1128.25,1180.75,1237.0,1121.5
