zone_id,area_id,total,daytype_inweek,daytype_weekend,hod_00h,hod_01h,hod_02h,hod_03h,hod_04h,hod_05h,hod_06h,hod_07h,hod_08h,hod_09h,hod_10h,hod_11h,hod_12h,hod_13h,hod_14h,hod_15h,hod_16h,hod_17h,hod_18h,hod_19h,hod_20h,hod_21h,hod_22h,hod_23h,dow_mon,dow_tue,dow_wed,dow_thu,dow_fri,dow_sat,dow_sun
E07000065,E02004403,1671.32142857,9001.75,2948.25,8.85714285714,7.85714285714,4.92857142857,4.57142857143,4.71428571429,9.42857142857,24.1428571429,74.3571428571,113.285714286,100.107142857,113.142857143,115.571428571,120.964285714,110.428571429,105.892857143,111.357142857,116.357142857,124.25,99.1785714286,83.2857142857,70.7857142857,57.8571428571,53.1428571429,36.8571428571,1662.0,1823.75,2242.25,1663.25,1610.5,1411.25,1286.25
