zone_id,area_id,total,daytype_inweek,daytype_weekend,hod_00h,hod_01h,hod_02h,hod_03h,hod_04h,hod_05h,hod_06h,hod_07h,hod_08h,hod_09h,hod_10h,hod_11h,hod_12h,hod_13h,hod_14h,hod_15h,hod_16h,hod_17h,hod_18h,hod_19h,hod_20h,hod_21h,hod_22h,hod_23h,dow_mon,dow_tue,dow_wed,dow_thu,dow_fri,dow_sat,dow_sun
E07000193,E02006141,5300.28571429,28740.25,8669.0,24.0714285714,27.0357142857,19.8214285714,19.25,25.8928571429,63.6428571429,99.5714285714,173.964285714,268.357142857,290.464285714,326.642857143,364.5,392.964285714,399.928571429,384.321428571,383.25,375.5,372.964285714,333.821428571,285.964285714,238.785714286,188.0,153.535714286,88.0357142857,5059.0,5573.0,6939.75,5524.0,5644.5,4751.75,3610.0
