zone_id,area_id,total,daytype_inweek,daytype_weekend,hod_00h,hod_01h,hod_02h,hod_03h,hod_04h,hod_05h,hod_06h,hod_07h,hod_08h,hod_09h,hod_10h,hod_11h,hod_12h,hod_13h,hod_14h,hod_15h,hod_16h,hod_17h,hod_18h,hod_19h,hod_20h,hod_21h,hod_22h,hod_23h,dow_mon,dow_tue,dow_wed,dow_thu,dow_fri,dow_sat,dow_sun
E06000043,E02003511,5179.21428571,27818.25,8555.0,27.4285714286,30.4642857143,24.7142857143,23.0,22.5,32.7142857143,68.7857142857,187.285714286,319.357142857,291.392857143,317.035714286,340.714285714,369.607142857,366.892857143,350.464285714,357.0,372.5,419.535714286,356.714285714,288.892857143,229.75,172.214285714,129.785714286,80.4642857143,4838.5,5659.75,6799.5,5119.75,5400.75,4719.75,3716.5
