zone_id,area_id,total,daytype_inweek,daytype_weekend,hod_00h,hod_01h,hod_02h,hod_03h,hod_04h,hod_05h,hod_06h,hod_07h,hod_08h,hod_09h,hod_10h,hod_11h,hod_12h,hod_13h,hod_14h,hod_15h,hod_16h,hod_17h,hod_18h,hod_19h,hod_20h,hod_21h,hod_22h,hod_23h,dow_mon,dow_tue,dow_wed,dow_thu,dow_fri,dow_sat,dow_sun
E07000242,E02004891,1688.82142857,9109.5,2884.0,8.78571428571,8.10714285714,6.35714285714,6.25,5.46428571429,14.2142857143,23.6785714286,61.5714285714,88.6785714286,99.0357142857,106.25,112.892857143,117.464285714,110.464285714,112.464285714,113.428571429,120.928571429,125.357142857,116.714285714,102.5,84.1428571429,64.6428571429,50.0714285714,29.3571428571,1657.25,1782.5,2274.5,1755.5,1639.75,1485.5,1226.75
