zone_id,area_id,total,daytype_inweek,daytype_weekend,hod_00h,hod_01h,hod_02h,hod_03h,hod_04h,hod_05h,hod_06h,hod_07h,hod_08h,hod_09h,hod_10h,hod_11h,hod_12h,hod_13h,hod_14h,hod_15h,hod_16h,hod_17h,hod_18h,hod_19h,hod_20h,hod_21h,hod_22h,hod_23h,dow_mon,dow_tue,dow_wed,dow_thu,dow_fri,dow_sat,dow_sun
E07000168,E02005797,2039.32142857,10668.5,3711.25,4.92857142857,5.07142857143,4.17857142857,2.71428571429,3.03571428571,6.53571428571,14.3214285714,33.9285714286,55.1785714286,112.285714286,169.964285714,183.107142857,171.25,177.785714286,180.0,179.285714286,184.321428571,163.321428571,124.5,87.75,68.0,50.0714285714,38.7142857143,19.0714285714,2031.75,2163.0,2750.0,1901.75,1822.0,1927.25,1679.5
