zone_id,area_id,total,daytype_inweek,daytype_weekend,hod_00h,hod_01h,hod_02h,hod_03h,hod_04h,hod_05h,hod_06h,hod_07h,hod_08h,hod_09h,hod_10h,hod_11h,hod_12h,hod_13h,hod_14h,hod_15h,hod_16h,hod_17h,hod_18h,hod_19h,hod_20h,hod_21h,hod_22h,hod_23h,dow_mon,dow_tue,dow_wed,dow_thu,dow_fri,dow_sat,dow_sun
S12000044,S02002203,1177.28571429,6429.5,2096.25,5.71428571429,6.85714285714,4.85714285714,4.85714285714,4.39285714286,11.3214285714,19.8928571429,42.8928571429,69.7857142857,58.25,61.3214285714,64.3928571429,73.6785714286,75.75,82.1785714286,91.9642857143,92.1428571429,92.0714285714,79.7142857143,74.6428571429,58.8571428571,48.75,33.0,20.0,1263.5,1274.25,1563.5,1160.25,1168.0,978.75,832.75
