zone_id,area_id,total,daytype_inweek,daytype_weekend,hod_00h,hod_01h,hod_02h,hod_03h,hod_04h,hod_05h,hod_06h,hod_07h,hod_08h,hod_09h,hod_10h,hod_11h,hod_12h,hod_13h,hod_14h,hod_15h,hod_16h,hod_17h,hod_18h,hod_19h,hod_20h,hod_21h,hod_22h,hod_23h,dow_mon,dow_tue,dow_wed,dow_thu,dow_fri,dow_sat,dow_sun
E09000006,E02000156,4166.21428571,21859.75,7314.75,26.3928571429,22.1428571429,15.6785714286,9.71428571429,9.28571428571,17.0357142857,51.4642857143,127.214285714,233.785714286,255.642857143,275.821428571,292.5,298.964285714,299.714285714,284.678571429,282.571428571,280.428571429,303.857142857,278.035714286,252.928571429,206.857142857,148.678571429,119.535714286,73.2857142857,3996.5,4234.5,5315.5,4178.5,4134.75,3985.5,3318.25
