zone_id,area_id,total,daytype_inweek,daytype_weekend,hod_00h,hod_01h,hod_02h,hod_03h,hod_04h,hod_05h,hod_06h,hod_07h,hod_08h,hod_09h,hod_10h,hod_11h,hod_12h,hod_13h,hod_14h,hod_15h,hod_16h,hod_17h,hod_18h,hod_19h,hod_20h,hod_21h,hod_22h,hod_23h,dow_mon,dow_tue,dow_wed,dow_thu,dow_fri,dow_sat,dow_sun
E06000051,E02006039,2520.25,13433.75,4465.75,10.7142857143,9.64285714286,7.39285714286,7.82142857143,9.35714285714,18.3214285714,45.7142857143,108.035714286,166.392857143,166.321428571,171.535714286,166.821428571,171.214285714,160.928571429,166.107142857,162.178571429,176.464285714,193.571428571,164.178571429,138.107142857,109.357142857,89.25,64.9642857143,35.8571428571,2552.25,2696.0,3343.25,2485.0,2357.25,2294.5,1913.5
