zone_id,area_id,total,daytype_inweek,daytype_weekend,hod_00h,hod_01h,hod_02h,hod_03h,hod_04h,hod_05h,hod_06h,hod_07h,hod_08h,hod_09h,hod_10h,hod_11h,hod_12h,hod_13h,hod_14h,hod_15h,hod_16h,hod_17h,hod_18h,hod_19h,hod_20h,hod_21h,hod_22h,hod_23h,dow_mon,dow_tue,dow_wed,dow_thu,dow_fri,dow_sat,dow_sun
E07000098,E02004908,1850.64285714,9850.25,3264.75,10.2857142857,9.39285714286,5.82142857143,6.78571428571,5.75,10.0,21.8571428571,49.1785714286,87.6785714286,114.642857143,129.714285714,130.571428571,135.357142857,130.607142857,131.857142857,127.357142857,123.535714286,123.642857143,124.142857143,114.714285714,93.1785714286,73.9642857143,59.5,31.1071428571,1827.75,1911.25,2385.25,1877.0,1849.0,1667.25,1437.0
