zone_id,area_id,total,daytype_inweek,daytype_weekend,hod_00h,hod_01h,hod_02h,hod_03h,hod_04h,hod_05h,hod_06h,hod_07h,hod_08h,hod_09h,hod_10h,hod_11h,hod_12h,hod_13h,hod_14h,hod_15h,hod_16h,hod_17h,hod_18h,hod_19h,hod_20h,hod_21h,hod_22h,hod_23h,dow_mon,dow_tue,dow_wed,dow_thu,dow_fri,dow_sat,dow_sun
E06000044,E02003530,2524.10714286,13317.5,4332.0,11.7142857143,13.8928571429,10.3214285714,6.67857142857,8.35714285714,20.6785714286,54.6785714286,100.357142857,127.892857143,124.964285714,148.357142857,168.857142857,175.428571429,173.214285714,174.571428571,175.428571429,187.75,194.571428571,171.678571429,141.964285714,118.714285714,96.1071428571,69.2142857143,48.7142857143,2356.75,2561.0,3192.25,2507.75,2699.75,2376.0,1975.25
