zone_id,area_id,total,daytype_inweek,daytype_weekend,hod_00h,hod_01h,hod_02h,hod_03h,hod_04h,hod_05h,hod_06h,hod_07h,hod_08h,hod_09h,hod_10h,hod_11h,hod_12h,hod_13h,hod_14h,hod_15h,hod_16h,hod_17h,hod_18h,hod_19h,hod_20h,hod_21h,hod_22h,hod_23h,dow_mon,dow_tue,dow_wed,dow_thu,dow_fri,dow_sat,dow_sun
E08000016,E02001518,3913.28571429,20530.25,6621.0,12.5357142857,19.0357142857,13.6071428571,13.7142857143,16.4642857143,41.5,68.4285714286,134.607142857,188.678571429,220.25,254.464285714,269.285714286,283.464285714,277.214285714,284.142857143,277.464285714,284.5,277.5,250.142857143,228.678571429,187.892857143,146.25,105.035714286,58.4285714286,3650.5,4105.75,5148.5,3583.75,4041.75,3892.25,2970.5
