zone_id,area_id,total,daytype_inweek,daytype_weekend,hod_00h,hod_01h,hod_02h,hod_03h,hod_04h,hod_05h,hod_06h,hod_07h,hod_08h,hod_09h,hod_10h,hod_11h,hod_12h,hod_13h,hod_14h,hod_15h,hod_16h,hod_17h,hod_18h,hod_19h,hod_20h,hod_21h,hod_22h,hod_23h,dow_mon,dow_tue,dow_wed,dow_thu,dow_fri,dow_sat,dow_sun
E09000005,E02000108,1518.46428571,7836.75,2758.5,13.25,14.1785714286,9.96428571429,9.17857142857,9.07142857143,16.8571428571,29.0357142857,48.3571428571,65.1071428571,72.0714285714,80.3928571429,89.3214285714,92.6785714286,93.6428571429,92.8571428571,95.1071428571,98.0714285714,105.642857143,110.107142857,107.785714286,89.1428571429,77.8928571429,60.9285714286,37.8214285714,1479.25,1559.0,1943.25,1381.0,1474.25,1513.25,1279.25
