zone_id,area_id,total,daytype_inweek,daytype_weekend,hod_00h,hod_01h,hod_02h,hod_03h,hod_04h,hod_05h,hod_06h,hod_07h,hod_08h,hod_09h,hod_10h,hod_11h,hod_12h,hod_13h,hod_14h,hod_15h,hod_16h,hod_17h,hod_18h,hod_19h,hod_20h,hod_21h,hod_22h,hod_23h,dow_mon,dow_tue,dow_wed,dow_thu,dow_fri,dow_sat,dow_sun
S12000036,S02001620,29994.7857143,153496.5,53701.0,252.071428571,389.357142857,278.178571429,240.464285714,182.607142857,226.714285714,318.571428571,836.178571429,1659.03571429,1355.21428571,1404.71428571,1602.89285714,1844.28571429,1897.17857143,1894.07142857,1962.53571429,2149.71428571,2514.92857143,2192.0,1762.78571429,1472.25,1285.14285714,1190.67857143,1083.21428571,28872.75,28889.5,35558.75,28362.75,31812.75,31638.75,24828.25
