zone_id,area_id,total,daytype_inweek,daytype_weekend,hod_00h,hod_01h,hod_02h,hod_03h,hod_04h,hod_05h,hod_06h,hod_07h,hod_08h,hod_09h,hod_10h,hod_11h,hod_12h,hod_13h,hod_14h,hod_15h,hod_16h,hod_17h,hod_18h,hod_19h,hod_20h,hod_21h,hod_22h,hod_23h,dow_mon,dow_tue,dow_wed,dow_thu,dow_fri,dow_sat,dow_sun
E07000043,E02004178,4091.42857143,21584.75,7548.0,10.2857142857,9.10714285714,6.60714285714,6.42857142857,6.46428571429,14.8571428571,34.2142857143,86.7857142857,138.785714286,211.5,317.642857143,360.75,339.821428571,303.285714286,312.428571429,319.714285714,343.392857143,349.107142857,285.964285714,214.0,163.464285714,134.107142857,81.4285714286,41.2857142857,4272.0,4329.0,5184.0,3947.0,3852.75,3779.25,3276.0
