zone_id,area_id,total,daytype_inweek,daytype_weekend,hod_00h,hod_01h,hod_02h,hod_03h,hod_04h,hod_05h,hod_06h,hod_07h,hod_08h,hod_09h,hod_10h,hod_11h,hod_12h,hod_13h,hod_14h,hod_15h,hod_16h,hod_17h,hod_18h,hod_19h,hod_20h,hod_21h,hod_22h,hod_23h,dow_mon,dow_tue,dow_wed,dow_thu,dow_fri,dow_sat,dow_sun
E07000192,E02006130,1907.03571429,10149.25,3385.0,10.1428571429,8.21428571429,5.89285714286,4.85714285714,7.85714285714,16.9285714286,31.75,65.2857142857,97.4642857143,99.8214285714,113.642857143,123.892857143,134.5,131.928571429,128.607142857,128.464285714,136.25,144.392857143,134.892857143,119.214285714,95.2142857143,78.0714285714,54.8928571429,34.8571428571,1924.0,1994.5,2434.0,1908.5,1888.25,1739.0,1461.0
