zone_id,area_id,total,daytype_inweek,daytype_weekend,hod_00h,hod_01h,hod_02h,hod_03h,hod_04h,hod_05h,hod_06h,hod_07h,hod_08h,hod_09h,hod_10h,hod_11h,hod_12h,hod_13h,hod_14h,hod_15h,hod_16h,hod_17h,hod_18h,hod_19h,hod_20h,hod_21h,hod_22h,hod_23h,dow_mon,dow_tue,dow_wed,dow_thu,dow_fri,dow_sat,dow_sun
E07000091,E02004785,2914.89285714,14522.5,5711.5,10.8571428571,6.92857142857,3.53571428571,2.89285714286,4.07142857143,13.9285714286,35.4285714286,93.5714285714,136.678571429,159.392857143,209.428571429,233.964285714,244.357142857,244.892857143,239.178571429,234.428571429,237.142857143,226.642857143,172.071428571,134.5,101.821428571,76.8928571429,56.7857142857,35.5,2868.0,2842.25,3519.25,2670.0,2623.0,3038.25,2843.5
