zone_id,area_id,total,daytype_inweek,daytype_weekend,hod_00h,hod_01h,hod_02h,hod_03h,hod_04h,hod_05h,hod_06h,hod_07h,hod_08h,hod_09h,hod_10h,hod_11h,hod_12h,hod_13h,hod_14h,hod_15h,hod_16h,hod_17h,hod_18h,hod_19h,hod_20h,hod_21h,hod_22h,hod_23h,dow_mon,dow_tue,dow_wed,dow_thu,dow_fri,dow_sat,dow_sun
E08000030,E02002138,1383.32142857,7321.0,2365.25,10.8571428571,9.96428571429,6.32142857143,6.21428571429,4.64285714286,13.8571428571,22.9285714286,44.1785714286,58.5,68.5357142857,78.5714285714,82.0714285714,93.2142857143,92.4285714286,94.8571428571,93.8928571429,103.464285714,105.75,97.6428571429,87.1071428571,73.1428571429,61.1785714286,44.4642857143,29.5357142857,1328.0,1412.0,1812.5,1398.0,1370.5,1325.0,1037.25
