zone_id,area_id,total,daytype_inweek,daytype_weekend,hod_00h,hod_01h,hod_02h,hod_03h,hod_04h,hod_05h,hod_06h,hod_07h,hod_08h,hod_09h,hod_10h,hod_11h,hod_12h,hod_13h,hod_14h,hod_15h,hod_16h,hod_17h,hod_18h,hod_19h,hod_20h,hod_21h,hod_22h,hod_23h,dow_mon,dow_tue,dow_wed,dow_thu,dow_fri,dow_sat,dow_sun
E07000039,E02004121,984.071428571,5265.75,1795.75,6.82142857143,7.60714285714,5.35714285714,5.82142857143,6.57142857143,9.46428571429,17.9285714286,37.5357142857,53.1071428571,56.5357142857,58.6071428571,59.9285714286,59.6071428571,59.6785714286,59.6071428571,59.0357142857,63.1785714286,66.6428571429,62.9642857143,59.7142857143,50.5,48.3928571429,42.6071428571,26.8571428571,1005.25,1038.0,1317.0,1015.5,890.0,832.25,790.5
