zone_id,area_id,total,daytype_inweek,daytype_weekend,hod_00h,hod_01h,hod_02h,hod_03h,hod_04h,hod_05h,hod_06h,hod_07h,hod_08h,hod_09h,hod_10h,hod_11h,hod_12h,hod_13h,hod_14h,hod_15h,hod_16h,hod_17h,hod_18h,hod_19h,hod_20h,hod_21h,hod_22h,hod_23h,dow_mon,dow_tue,dow_wed,dow_thu,dow_fri,dow_sat,dow_sun
E06000052,E02003956,7621.78571429,40515.75,13724.25,33.4285714286,25.5,18.6071428571,16.8928571429,30.3214285714,82.4642857143,159.142857143,302.071428571,380.285714286,440.571428571,553.392857143,566.428571429,531.035714286,510.821428571,504.928571429,524.035714286,571.142857143,606.357142857,503.714285714,388.214285714,315.464285714,253.607142857,194.464285714,108.892857143,7647.75,7812.0,9813.5,7854.75,7387.75,6760.25,6076.5
