zone_id,area_id,total,daytype_inweek,daytype_weekend,hod_00h,hod_01h,hod_02h,hod_03h,hod_04h,hod_05h,hod_06h,hod_07h,hod_08h,hod_09h,hod_10h,hod_11h,hod_12h,hod_13h,hod_14h,hod_15h,hod_16h,hod_17h,hod_18h,hod_19h,hod_20h,hod_21h,hod_22h,hod_23h,dow_mon,dow_tue,dow_wed,dow_thu,dow_fri,dow_sat,dow_sun
S12000045,S02001517,671.071428571,3540.75,1235.5,3.03571428571,3.46428571429,2.60714285714,2.17857142857,1.92857142857,3.25,6.92857142857,19.0357142857,36.2142857143,39.8571428571,41.5714285714,43.0357142857,45.75,45.0,48.75,50.1785714286,49.7142857143,49.0714285714,45.2142857143,41.25,36.75,25.2857142857,18.8571428571,12.1428571429,677.5,663.5,875.5,650.25,674.0,598.75,558.0
