zone_id,area_id,total,daytype_inweek,daytype_weekend,hod_00h,hod_01h,hod_02h,hod_03h,hod_04h,hod_05h,hod_06h,hod_07h,hod_08h,hod_09h,hod_10h,hod_11h,hod_12h,hod_13h,hod_14h,hod_15h,hod_16h,hod_17h,hod_18h,hod_19h,hod_20h,hod_21h,hod_22h,hod_23h,dow_mon,dow_tue,dow_wed,dow_thu,dow_fri,dow_sat,dow_sun
E08000023,E02001781,1555.5,8103.75,2730.5,7.14285714286,8.60714285714,5.85714285714,5.17857142857,4.42857142857,8.28571428571,18.7857142857,40.5714285714,63.4642857143,80.3928571429,103.428571429,109.964285714,122.321428571,113.035714286,116.964285714,113.642857143,119.857142857,108.714285714,105.678571429,97.6428571429,77.6785714286,57.7142857143,40.4285714286,25.7142857143,1493.0,1623.75,1932.5,1412.25,1642.25,1547.25,1237.5
