zone_id,area_id,total,daytype_inweek,daytype_weekend,hod_00h,hod_01h,hod_02h,hod_03h,hod_04h,hod_05h,hod_06h,hod_07h,hod_08h,hod_09h,hod_10h,hod_11h,hod_12h,hod_13h,hod_14h,hod_15h,hod_16h,hod_17h,hod_18h,hod_19h,hod_20h,hod_21h,hod_22h,hod_23h,dow_mon,dow_tue,dow_wed,dow_thu,dow_fri,dow_sat,dow_sun
E06000008,E02002625,6975.82142857,38202.75,11280.0,40.3214285714,43.4285714286,32.8571428571,23.1071428571,25.9285714286,68.0357142857,105.75,257.464285714,336.25,350.071428571,392.214285714,434.535714286,503.142857143,515.571428571,534.428571429,505.785714286,532.321428571,537.142857143,443.678571429,398.642857143,324.571428571,256.928571429,194.535714286,119.107142857,6694.75,7440.75,9540.25,7388.25,7138.75,6042.75,4585.25
