zone_id,area_id,total,daytype_inweek,daytype_weekend,hod_00h,hod_01h,hod_02h,hod_03h,hod_04h,hod_05h,hod_06h,hod_07h,hod_08h,hod_09h,hod_10h,hod_11h,hod_12h,hod_13h,hod_14h,hod_15h,hod_16h,hod_17h,hod_18h,hod_19h,hod_20h,hod_21h,hod_22h,hod_23h,dow_mon,dow_tue,dow_wed,dow_thu,dow_fri,dow_sat,dow_sun
E07000044,E02004195,3277.71428571,17140.5,5633.25,8.28571428571,5.96428571429,4.53571428571,4.46428571429,4.39285714286,9.42857142857,26.0,83.3214285714,140.535714286,177.0,244.392857143,262.821428571,269.642857143,244.464285714,244.857142857,256.464285714,278.321428571,277.0,220.464285714,161.25,132.964285714,99.5,78.7142857143,42.9285714286,3098.75,3289.5,4117.75,3320.5,3314.0,3269.0,2534.5
