zone_id,area_id,total,daytype_inweek,daytype_weekend,hod_00h,hod_01h,hod_02h,hod_03h,hod_04h,hod_05h,hod_06h,hod_07h,hod_08h,hod_09h,hod_10h,hod_11h,hod_12h,hod_13h,hod_14h,hod_15h,hod_16h,hod_17h,hod_18h,hod_19h,hod_20h,hod_21h,hod_22h,hod_23h,dow_mon,dow_tue,dow_wed,dow_thu,dow_fri,dow_sat,dow_sun
E08000032,E02002231,5395.39285714,28423.0,9430.5,50.6428571429,54.0,34.5714285714,28.4285714286,24.2857142857,52.1428571429,86.8928571429,186.964285714,232.214285714,249.285714286,268.285714286,300.714285714,328.357142857,352.5,362.75,370.071428571,399.75,407.071428571,382.857142857,354.571428571,300.25,255.892857143,193.178571429,119.714285714,5144.25,5610.0,6907.0,5312.5,5449.25,5058.5,4286.25
