zone_id,area_id,total,daytype_inweek,daytype_weekend,hod_00h,hod_01h,hod_02h,hod_03h,hod_04h,hod_05h,hod_06h,hod_07h,hod_08h,hod_09h,hod_10h,hod_11h,hod_12h,hod_13h,hod_14h,hod_15h,hod_16h,hod_17h,hod_18h,hod_19h,hod_20h,hod_21h,hod_22h,hod_23h,dow_mon,dow_tue,dow_wed,dow_thu,dow_fri,dow_sat,dow_sun
W06000011,W02000181,4464.57142857,23819.75,7389.0,20.3571428571,24.0,19.1785714286,15.8571428571,16.6428571429,32.6428571429,60.7142857143,169.107142857,230.571428571,224.821428571,264.821428571,293.285714286,320.392857143,334.25,332.25,333.75,346.321428571,362.321428571,298.035714286,237.785714286,187.321428571,154.285714286,114.214285714,71.6428571429,4174.5,4675.75,5741.0,4494.5,4734.0,4217.75,3214.5
