zone_id,area_id,total,daytype_inweek,daytype_weekend,hod_00h,hod_01h,hod_02h,hod_03h,hod_04h,hod_05h,hod_06h,hod_07h,hod_08h,hod_09h,hod_10h,hod_11h,hod_12h,hod_13h,hod_14h,hod_15h,hod_16h,hod_17h,hod_18h,hod_19h,hod_20h,hod_21h,hod_22h,hod_23h,dow_mon,dow_tue,dow_wed,dow_thu,dow_fri,dow_sat,dow_sun
W06000015,W02000401,2637.0,14295.75,4419.5,16.8571428571,16.8571428571,12.5714285714,11.8928571429,9.5,19.1428571429,38.7142857143,92.2857142857,140.214285714,149.142857143,157.035714286,167.75,179.892857143,179.535714286,178.357142857,176.678571429,190.857142857,196.678571429,181.321428571,156.214285714,126.285714286,106.607142857,80.9642857143,51.6428571429,2504.75,2798.25,3565.0,2781.0,2646.75,2248.5,1914.75
