zone_id,area_id,total,daytype_inweek,daytype_weekend,hod_00h,hod_01h,hod_02h,hod_03h,hod_04h,hod_05h,hod_06h,hod_07h,hod_08h,hod_09h,hod_10h,hod_11h,hod_12h,hod_13h,hod_14h,hod_15h,hod_16h,hod_17h,hod_18h,hod_19h,hod_20h,hod_21h,hod_22h,hod_23h,dow_mon,dow_tue,dow_wed,dow_thu,dow_fri,dow_sat,dow_sun
E08000034,E02002276,2137.25,11252.25,3665.5,14.3928571429,11.8928571429,9.42857142857,8.46428571429,9.67857142857,23.6428571429,36.3571428571,61.5,88.6785714286,103.571428571,124.25,135.714285714,146.392857143,147.321428571,152.392857143,148.321428571,151.071428571,160.857142857,152.678571429,139.357142857,108.5,95.6785714286,69.7142857143,37.3928571429,2007.25,2148.25,2771.25,2089.5,2236.0,2050.25,1658.25
