zone_id,area_id,total,daytype_inweek,daytype_weekend,hod_00h,hod_01h,hod_02h,hod_03h,hod_04h,hod_05h,hod_06h,hod_07h,hod_08h,hod_09h,hod_10h,hod_11h,hod_12h,hod_13h,hod_14h,hod_15h,hod_16h,hod_17h,hod_18h,hod_19h,hod_20h,hod_21h,hod_22h,hod_23h,dow_mon,dow_tue,dow_wed,dow_thu,dow_fri,dow_sat,dow_sun
E07000131,E02005376,2336.53571429,12812.5,3823.75,15.4642857143,11.7857142857,7.39285714286,7.25,10.9285714286,20.8214285714,41.0714285714,88.3928571429,154.357142857,143.25,152.107142857,157.678571429,167.821428571,157.285714286,157.892857143,161.571428571,165.785714286,172.535714286,144.642857143,117.071428571,99.4285714286,78.5714285714,64.2857142857,39.1428571429,2192.0,2493.5,3305.75,2500.0,2321.25,1911.5,1631.75
