zone_id,area_id,total,daytype_inweek,daytype_weekend,hod_00h,hod_01h,hod_02h,hod_03h,hod_04h,hod_05h,hod_06h,hod_07h,hod_08h,hod_09h,hod_10h,hod_11h,hod_12h,hod_13h,hod_14h,hod_15h,hod_16h,hod_17h,hod_18h,hod_19h,hod_20h,hod_21h,hod_22h,hod_23h,dow_mon,dow_tue,dow_wed,dow_thu,dow_fri,dow_sat,dow_sun
E09000023,E02000678,1553.32142857,8065.5,2754.25,15.8928571429,15.5357142857,9.57142857143,7.28571428571,8.35714285714,9.96428571429,19.0,38.2142857143,68.5357142857,86.3928571429,86.0714285714,96.3214285714,103.535714286,98.7142857143,104.392857143,95.8928571429,98.75,106.035714286,105.678571429,102.785714286,91.7142857143,81.1071428571,64.0357142857,39.5357142857,1495.75,1573.5,2000.25,1478.25,1517.75,1549.25,1258.5
