zone_id,area_id,total,daytype_inweek,daytype_weekend,hod_00h,hod_01h,hod_02h,hod_03h,hod_04h,hod_05h,hod_06h,hod_07h,hod_08h,hod_09h,hod_10h,hod_11h,hod_12h,hod_13h,hod_14h,hod_15h,hod_16h,hod_17h,hod_18h,hod_19h,hod_20h,hod_21h,hod_22h,hod_23h,dow_mon,dow_tue,dow_wed,dow_thu,dow_fri,dow_sat,dow_sun
E09000013,E02000395,1450.53571429,7848.25,2372.0,14.3571428571,12.1071428571,10.2142857143,6.14285714286,5.35714285714,4.10714285714,14.5,33.8214285714,69.6785714286,79.3214285714,83.8928571429,94.1428571429,103.357142857,108.785714286,99.9642857143,91.6785714286,89.6428571429,100.214285714,104.678571429,97.75,76.2857142857,64.0357142857,50.4285714286,36.0714285714,1341.25,1541.75,1991.25,1505.25,1468.75,1274.75,1030.75
