zone_id,area_id,total,daytype_inweek,daytype_weekend,hod_00h,hod_01h,hod_02h,hod_03h,hod_04h,hod_05h,hod_06h,hod_07h,hod_08h,hod_09h,hod_10h,hod_11h,hod_12h,hod_13h,hod_14h,hod_15h,hod_16h,hod_17h,hod_18h,hod_19h,hod_20h,hod_21h,hod_22h,hod_23h,dow_mon,dow_tue,dow_wed,dow_thu,dow_fri,dow_sat,dow_sun
E08000004,E02001121,5466.67857143,29395.5,9197.0,59.0,60.6071428571,38.9285714286,32.0357142857,30.2142857143,39.5357142857,72.6071428571,145.392857143,222.928571429,263.785714286,313.392857143,356.535714286,403.464285714,423.107142857,429.428571429,423.321428571,392.464285714,383.964285714,329.678571429,287.892857143,252.821428571,211.178571429,174.714285714,119.678571429,5268.75,5718.5,7416.75,5479.0,5512.5,4943.0,3928.25
