zone_id,area_id,total,daytype_inweek,daytype_weekend,hod_00h,hod_01h,hod_02h,hod_03h,hod_04h,hod_05h,hod_06h,hod_07h,hod_08h,hod_09h,hod_10h,hod_11h,hod_12h,hod_13h,hod_14h,hod_15h,hod_16h,hod_17h,hod_18h,hod_19h,hod_20h,hod_21h,hod_22h,hod_23h,dow_mon,dow_tue,dow_wed,dow_thu,dow_fri,dow_sat,dow_sun
E07000172,E02005860,1978.60714286,10916.75,3248.5,9.35714285714,7.0,5.28571428571,5.25,7.60714285714,15.8571428571,29.6071428571,57.4285714286,84.3214285714,117.107142857,131.857142857,141.678571429,156.178571429,154.035714286,143.357142857,141.714285714,141.357142857,135.428571429,128.821428571,115.785714286,91.5714285714,75.0714285714,54.0,28.9285714286,1924.75,2189.5,2694.75,2036.5,2071.25,1609.75,1323.75
