zone_id,area_id,total,daytype_inweek,daytype_weekend,hod_00h,hod_01h,hod_02h,hod_03h,hod_04h,hod_05h,hod_06h,hod_07h,hod_08h,hod_09h,hod_10h,hod_11h,hod_12h,hod_13h,hod_14h,hod_15h,hod_16h,hod_17h,hod_18h,hod_19h,hod_20h,hod_21h,hod_22h,hod_23h,dow_mon,dow_tue,dow_wed,dow_thu,dow_fri,dow_sat,dow_sun
E06000034,E02003308,1515.32142857,8066.0,2508.5,6.92857142857,6.03571428571,4.5,4.71428571429,5.85714285714,19.0714285714,30.3214285714,52.3214285714,73.3571428571,85.0357142857,94.3928571429,102.5,101.75,106.071428571,101.964285714,100.428571429,104.785714286,111.821428571,102.357142857,88.5357142857,73.4285714286,64.5714285714,49.3928571429,25.1785714286,1409.25,1545.0,1999.75,1540.25,1571.75,1442.0,1099.25
