zone_id,area_id,total,daytype_inweek,daytype_weekend,hod_00h,hod_01h,hod_02h,hod_03h,hod_04h,hod_05h,hod_06h,hod_07h,hod_08h,hod_09h,hod_10h,hod_11h,hod_12h,hod_13h,hod_14h,hod_15h,hod_16h,hod_17h,hod_18h,hod_19h,hod_20h,hod_21h,hod_22h,hod_23h,dow_mon,dow_tue,dow_wed,dow_thu,dow_fri,dow_sat,dow_sun
E06000011,E02002717,2897.35714286,15522.0,5054.5,11.75,11.3571428571,6.71428571429,7.60714285714,7.35714285714,21.0,60.75,123.464285714,168.964285714,164.964285714,188.0,195.642857143,215.285714286,209.821428571,203.892857143,202.857142857,212.535714286,236.5,184.678571429,152.285714286,116.107142857,89.0714285714,68.3214285714,38.4285714286,2820.25,2936.25,3748.5,3018.0,2999.0,2525.25,2234.25
