zone_id,area_id,total,daytype_inweek,daytype_weekend,hod_00h,hod_01h,hod_02h,hod_03h,hod_04h,hod_05h,hod_06h,hod_07h,hod_08h,hod_09h,hod_10h,hod_11h,hod_12h,hod_13h,hod_14h,hod_15h,hod_16h,hod_17h,hod_18h,hod_19h,hod_20h,hod_21h,hod_22h,hod_23h,dow_mon,dow_tue,dow_wed,dow_thu,dow_fri,dow_sat,dow_sun
E08000030,E02002139,7749.17857143,40822.25,12986.5,46.2142857143,50.7857142857,40.3928571429,33.3928571429,33.7857142857,55.0,108.5,210.178571429,317.357142857,381.535714286,465.071428571,537.428571429,593.857142857,618.642857143,603.892857143,576.821428571,583.5,569.892857143,498.821428571,430.857142857,356.25,279.285714286,217.392857143,140.321428571,7226.75,8164.0,9985.25,7600.75,7845.5,7662.25,5759.75
