zone_id,area_id,total,daytype_inweek,daytype_weekend,hod_00h,hod_01h,hod_02h,hod_03h,hod_04h,hod_05h,hod_06h,hod_07h,hod_08h,hod_09h,hod_10h,hod_11h,hod_12h,hod_13h,hod_14h,hod_15h,hod_16h,hod_17h,hod_18h,hod_19h,hod_20h,hod_21h,hod_22h,hod_23h,dow_mon,dow_tue,dow_wed,dow_thu,dow_fri,dow_sat,dow_sun
E09000016,E02000479,4034.35714286,20533.5,7189.75,23.3571428571,27.2857142857,18.1428571429,14.3928571429,13.7857142857,24.1785714286,46.6428571429,110.214285714,182.928571429,229.571428571,269.214285714,285.357142857,295.428571429,292.071428571,288.892857143,272.357142857,278.392857143,270.25,267.857142857,260.178571429,211.5,158.25,121.464285714,72.6428571429,3753.75,3850.5,5099.5,3755.0,4074.75,4271.0,3436.0
