zone_id,area_id,total,daytype_inweek,daytype_weekend,hod_00h,hod_01h,hod_02h,hod_03h,hod_04h,hod_05h,hod_06h,hod_07h,hod_08h,hod_09h,hod_10h,hod_11h,hod_12h,hod_13h,hod_14h,hod_15h,hod_16h,hod_17h,hod_18h,hod_19h,hod_20h,hod_21h,hod_22h,hod_23h,dow_mon,dow_tue,dow_wed,dow_thu,dow_fri,dow_sat,dow_sun
E06000056,E02003645,2037.75,10908.25,3517.0,9.53571428571,10.7142857143,8.53571428571,7.10714285714,8.17857142857,15.7142857143,32.0,83.75,105.821428571,109.25,120.142857143,135.642857143,145.321428571,138.321428571,139.571428571,140.892857143,151.25,154.071428571,141.892857143,117.25,95.8571428571,75.7857142857,57.5357142857,33.6071428571,1984.25,2134.5,2718.5,2033.0,2038.0,1823.25,1532.75
