zone_id,area_id,total,daytype_inweek,daytype_weekend,hod_00h,hod_01h,hod_02h,hod_03h,hod_04h,hod_05h,hod_06h,hod_07h,hod_08h,hod_09h,hod_10h,hod_11h,hod_12h,hod_13h,hod_14h,hod_15h,hod_16h,hod_17h,hod_18h,hod_19h,hod_20h,hod_21h,hod_22h,hod_23h,dow_mon,dow_tue,dow_wed,dow_thu,dow_fri,dow_sat,dow_sun
E07000187,E02006052,3677.5,19568.25,6150.5,12.7142857143,11.4642857143,9.14285714286,9.42857142857,12.1785714286,28.7142857143,60.2857142857,142.571428571,220.0,215.214285714,240.678571429,262.928571429,261.714285714,258.785714286,273.464285714,266.25,276.107142857,292.928571429,221.928571429,181.785714286,142.928571429,129.178571429,95.6071428571,51.5,3392.25,3736.0,4976.0,3738.0,3726.0,3416.0,2758.25
