zone_id,area_id,total,daytype_inweek,daytype_weekend,hod_00h,hod_01h,hod_02h,hod_03h,hod_04h,hod_05h,hod_06h,hod_07h,hod_08h,hod_09h,hod_10h,hod_11h,hod_12h,hod_13h,hod_14h,hod_15h,hod_16h,hod_17h,hod_18h,hod_19h,hod_20h,hod_21h,hod_22h,hod_23h,dow_mon,dow_tue,dow_wed,dow_thu,dow_fri,dow_sat,dow_sun
E07000175,E02005893,1848.07142857,9730.0,3295.25,7.64285714286,5.07142857143,2.96428571429,2.96428571429,7.14285714286,22.1785714286,45.6428571429,76.3571428571,106.107142857,112.392857143,114.964285714,125.285714286,132.071428571,134.392857143,141.607142857,141.928571429,141.464285714,136.642857143,111.071428571,89.6428571429,68.3214285714,58.3571428571,38.2142857143,25.6428571429,1738.75,1752.25,2526.25,1806.75,1906.0,1650.0,1556.5
