zone_id,area_id,total,daytype_inweek,daytype_weekend,hod_00h,hod_01h,hod_02h,hod_03h,hod_04h,hod_05h,hod_06h,hod_07h,hod_08h,hod_09h,hod_10h,hod_11h,hod_12h,hod_13h,hod_14h,hod_15h,hod_16h,hod_17h,hod_18h,hod_19h,hod_20h,hod_21h,hod_22h,hod_23h,dow_mon,dow_tue,dow_wed,dow_thu,dow_fri,dow_sat,dow_sun
E06000040,E02003426,3006.0,16049.5,5335.0,21.2857142857,18.1071428571,13.6785714286,9.96428571429,8.67857142857,17.1428571429,38.5357142857,103.714285714,170.678571429,179.928571429,191.714285714,194.178571429,205.5,192.892857143,194.0,195.0,197.642857143,222.357142857,211.964285714,190.25,159.464285714,121.5,91.3571428571,56.4642857143,3002.75,3098.5,3877.0,3027.0,3044.25,2660.25,2332.25
