zone_id,area_id,total,daytype_inweek,daytype_weekend,hod_00h,hod_01h,hod_02h,hod_03h,hod_04h,hod_05h,hod_06h,hod_07h,hod_08h,hod_09h,hod_10h,hod_11h,hod_12h,hod_13h,hod_14h,hod_15h,hod_16h,hod_17h,hod_18h,hod_19h,hod_20h,hod_21h,hod_22h,hod_23h,dow_mon,dow_tue,dow_wed,dow_thu,dow_fri,dow_sat,dow_sun
E09000009,E02000265,3381.0,17696.5,6010.25,31.1785714286,30.75,17.9285714286,14.3571428571,13.8571428571,16.3214285714,35.6428571429,90.75,147.892857143,174.892857143,191.0,217.607142857,231.25,235.428571429,244.214285714,241.321428571,235.607142857,246.75,234.928571429,211.392857143,184.607142857,143.964285714,112.178571429,77.1785714286,3199.75,3625.75,4239.75,3241.25,3390.0,3160.0,2810.5
