zone_id,area_id,total,daytype_inweek,daytype_weekend,hod_00h,hod_01h,hod_02h,hod_03h,hod_04h,hod_05h,hod_06h,hod_07h,hod_08h,hod_09h,hod_10h,hod_11h,hod_12h,hod_13h,hod_14h,hod_15h,hod_16h,hod_17h,hod_18h,hod_19h,hod_20h,hod_21h,hod_22h,hod_23h,dow_mon,dow_tue,dow_wed,dow_thu,dow_fri,dow_sat,dow_sun
E09000017,E02000518,3840.39285714,20463.0,6552.0,26.1428571429,23.9642857143,18.9285714286,15.1428571429,22.9285714286,42.4642857143,77.25,148.821428571,190.857142857,198.178571429,217.821428571,236.964285714,259.285714286,264.928571429,247.678571429,261.714285714,265.642857143,282.535714286,258.142857143,227.464285714,196.142857143,161.321428571,121.678571429,74.3928571429,3650.75,4106.75,4957.0,3762.75,3985.75,3518.5,2901.25
