zone_id,area_id,total,daytype_inweek,daytype_weekend,hod_00h,hod_01h,hod_02h,hod_03h,hod_04h,hod_05h,hod_06h,hod_07h,hod_08h,hod_09h,hod_10h,hod_11h,hod_12h,hod_13h,hod_14h,hod_15h,hod_16h,hod_17h,hod_18h,hod_19h,hod_20h,hod_21h,hod_22h,hod_23h,dow_mon,dow_tue,dow_wed,dow_thu,dow_fri,dow_sat,dow_sun
E06000056,E02003602,1799.46428571,9643.25,3145.75,7.03571428571,6.75,5.07142857143,3.96428571429,5.14285714286,12.8928571429,36.7857142857,81.3214285714,99.4285714286,100.714285714,116.178571429,125.142857143,129.035714286,133.285714286,120.785714286,123.035714286,132.392857143,131.214285714,115.214285714,96.7142857143,78.75,64.1428571429,46.8214285714,27.6428571429,1724.25,1871.75,2361.25,1879.75,1806.25,1531.5,1421.5
