zone_id,area_id,total,daytype_inweek,daytype_weekend,hod_00h,hod_01h,hod_02h,hod_03h,hod_04h,hod_05h,hod_06h,hod_07h,hod_08h,hod_09h,hod_10h,hod_11h,hod_12h,hod_13h,hod_14h,hod_15h,hod_16h,hod_17h,hod_18h,hod_19h,hod_20h,hod_21h,hod_22h,hod_23h,dow_mon,dow_tue,dow_wed,dow_thu,dow_fri,dow_sat,dow_sun
E07000139,E02005453,2001.42857143,10582.75,3433.75,7.28571428571,8.0,11.5714285714,6.92857142857,12.3214285714,19.8571428571,47.7857142857,102.357142857,107.107142857,102.607142857,116.0,123.357142857,129.285714286,123.964285714,129.678571429,134.928571429,147.071428571,147.535714286,134.785714286,117.25,99.0714285714,77.7142857143,59.6428571429,35.3214285714,1861.25,2027.75,2571.25,2047.0,2075.5,1854.75,1572.5
