zone_id,area_id,total,daytype_inweek,daytype_weekend,hod_00h,hod_01h,hod_02h,hod_03h,hod_04h,hod_05h,hod_06h,hod_07h,hod_08h,hod_09h,hod_10h,hod_11h,hod_12h,hod_13h,hod_14h,hod_15h,hod_16h,hod_17h,hod_18h,hod_19h,hod_20h,hod_21h,hod_22h,hod_23h,dow_mon,dow_tue,dow_wed,dow_thu,dow_fri,dow_sat,dow_sun
E07000234,E02006707,934.892857143,5078.25,1628.25,4.89285714286,4.32142857143,2.85714285714,2.39285714286,2.21428571429,5.03571428571,14.7142857143,27.3214285714,45.9642857143,52.4642857143,59.1428571429,62.0714285714,62.9642857143,57.3214285714,60.3928571429,64.8571428571,66.7857142857,70.4285714286,65.3928571429,61.5714285714,50.3571428571,39.8928571429,33.0,18.5357142857,929.0,1015.25,1256.25,984.75,893.0,766.75,699.25
