zone_id,area_id,total,daytype_inweek,daytype_weekend,hod_00h,hod_01h,hod_02h,hod_03h,hod_04h,hod_05h,hod_06h,hod_07h,hod_08h,hod_09h,hod_10h,hod_11h,hod_12h,hod_13h,hod_14h,hod_15h,hod_16h,hod_17h,hod_18h,hod_19h,hod_20h,hod_21h,hod_22h,hod_23h,dow_mon,dow_tue,dow_wed,dow_thu,dow_fri,dow_sat,dow_sun
E08000030,E02002112,1187.96428571,6339.0,2004.5,4.75,4.53571428571,3.64285714286,3.14285714286,5.42857142857,10.6071428571,23.75,43.4285714286,55.6071428571,60.3571428571,70.8928571429,77.2857142857,80.6785714286,83.5357142857,81.4285714286,83.3928571429,87.8928571429,90.8928571429,86.1428571429,72.9285714286,56.9285714286,46.2857142857,33.1428571429,21.2857142857,1128.25,1259.5,1514.0,1210.25,1227.0,1100.5,876.25
