zone_id,area_id,total,daytype_inweek,daytype_weekend,hod_00h,hod_01h,hod_02h,hod_03h,hod_04h,hod_05h,hod_06h,hod_07h,hod_08h,hod_09h,hod_10h,hod_11h,hod_12h,hod_13h,hod_14h,hod_15h,hod_16h,hod_17h,hod_18h,hod_19h,hod_20h,hod_21h,hod_22h,hod_23h,dow_mon,dow_tue,dow_wed,dow_thu,dow_fri,dow_sat,dow_sun
E07000192,E02006120,1276.53571429,6808.25,2203.25,4.85714285714,4.39285714286,2.71428571429,3.03571428571,4.25,17.4642857143,24.8214285714,53.9642857143,67.8214285714,62.75,72.1071428571,78.1071428571,84.6428571429,86.7857142857,84.7857142857,86.4642857143,92.7142857143,100.0,91.6785714286,77.7142857143,60.6428571429,51.0,39.6785714286,24.1428571429,1213.0,1296.5,1683.75,1351.25,1263.75,1137.25,990.25
