zone_id,area_id,total,daytype_inweek,daytype_weekend,hod_00h,hod_01h,hod_02h,hod_03h,hod_04h,hod_05h,hod_06h,hod_07h,hod_08h,hod_09h,hod_10h,hod_11h,hod_12h,hod_13h,hod_14h,hod_15h,hod_16h,hod_17h,hod_18h,hod_19h,hod_20h,hod_21h,hod_22h,hod_23h,dow_mon,dow_tue,dow_wed,dow_thu,dow_fri,dow_sat,dow_sun
E07000154,E02005674,13475.4285714,72473.25,21458.75,68.0714285714,69.6071428571,59.3214285714,55.0,72.6428571429,137.464285714,251.285714286,551.428571429,718.392857143,720.321428571,784.642857143,875.928571429,997.785714286,1032.21428571,977.642857143,945.857142857,985.571428571,1013.71428571,862.5,720.785714286,587.464285714,453.642857143,344.107142857,190.035714286,12232.75,14399.25,18086.5,13585.75,14169.0,12628.75,9226.0
