zone_id,area_id,total,daytype_inweek,daytype_weekend,hod_00h,hod_01h,hod_02h,hod_03h,hod_04h,hod_05h,hod_06h,hod_07h,hod_08h,hod_09h,hod_10h,hod_11h,hod_12h,hod_13h,hod_14h,hod_15h,hod_16h,hod_17h,hod_18h,hod_19h,hod_20h,hod_21h,hod_22h,hod_23h,dow_mon,dow_tue,dow_wed,dow_thu,dow_fri,dow_sat,dow_sun
E08000036,E02002477,1913.32142857,10324.25,3320.25,13.1785714286,12.8214285714,9.57142857143,7.07142857143,12.2857142857,21.6428571429,36.6071428571,68.1785714286,91.0,101.821428571,117.892857143,129.464285714,133.392857143,138.214285714,132.357142857,130.785714286,134.857142857,134.392857143,124.75,109.642857143,94.3571428571,73.9285714286,54.4285714286,30.6785714286,1921.75,2064.75,2564.0,1921.0,1852.75,1670.5,1398.5
