zone_id,area_id,total,daytype_inweek,daytype_weekend,hod_00h,hod_01h,hod_02h,hod_03h,hod_04h,hod_05h,hod_06h,hod_07h,hod_08h,hod_09h,hod_10h,hod_11h,hod_12h,hod_13h,hod_14h,hod_15h,hod_16h,hod_17h,hod_18h,hod_19h,hod_20h,hod_21h,hod_22h,hod_23h,dow_mon,dow_tue,dow_wed,dow_thu,dow_fri,dow_sat,dow_sun
S12000044,S02002192,1668.21428571,8965.5,2949.75,9.71428571429,11.8214285714,9.03571428571,5.28571428571,5.39285714286,11.0714285714,26.1428571429,60.1428571429,89.1428571429,82.5,82.7857142857,96.5714285714,103.285714286,107.178571429,108.357142857,122.928571429,135.642857143,127.357142857,121.214285714,110.035714286,90.6428571429,73.3571428571,50.1071428571,28.5,1736.25,1752.0,2271.0,1613.75,1592.5,1498.5,1213.5
