zone_id,area_id,total,daytype_inweek,daytype_weekend,hod_00h,hod_01h,hod_02h,hod_03h,hod_04h,hod_05h,hod_06h,hod_07h,hod_08h,hod_09h,hod_10h,hod_11h,hod_12h,hod_13h,hod_14h,hod_15h,hod_16h,hod_17h,hod_18h,hod_19h,hod_20h,hod_21h,hod_22h,hod_23h,dow_mon,dow_tue,dow_wed,dow_thu,dow_fri,dow_sat,dow_sun
E08000036,E02002449,3061.92857143,16303.25,5218.75,13.2142857143,12.4285714286,10.6071428571,9.10714285714,14.4642857143,42.8928571429,73.6428571429,127.678571429,148.928571429,163.321428571,187.642857143,210.714285714,214.678571429,212.214285714,215.785714286,206.321428571,216.75,245.535714286,209.964285714,173.285714286,138.642857143,106.214285714,72.0714285714,35.8214285714,2907.5,3128.5,4032.0,3014.0,3221.25,2819.0,2311.25
