zone_id,area_id,total,daytype_inweek,daytype_weekend,hod_00h,hod_01h,hod_02h,hod_03h,hod_04h,hod_05h,hod_06h,hod_07h,hod_08h,hod_09h,hod_10h,hod_11h,hod_12h,hod_13h,hod_14h,hod_15h,hod_16h,hod_17h,hod_18h,hod_19h,hod_20h,hod_21h,hod_22h,hod_23h,dow_mon,dow_tue,dow_wed,dow_thu,dow_fri,dow_sat,dow_sun
E07000099,E02004916,2366.71428571,12678.5,3981.0,9.96428571429,11.1785714286,8.64285714286,7.28571428571,6.5,16.3928571429,36.7142857143,83.7857142857,119.75,139.5,158.607142857,165.857142857,175.214285714,169.464285714,167.107142857,159.678571429,161.0,174.857142857,148.428571429,141.464285714,110.714285714,91.1071428571,65.9285714286,37.5714285714,2273.25,2552.5,3130.75,2370.5,2351.5,2180.75,1707.75
