zone_id,area_id,total,daytype_inweek,daytype_weekend,hod_00h,hod_01h,hod_02h,hod_03h,hod_04h,hod_05h,hod_06h,hod_07h,hod_08h,hod_09h,hod_10h,hod_11h,hod_12h,hod_13h,hod_14h,hod_15h,hod_16h,hod_17h,hod_18h,hod_19h,hod_20h,hod_21h,hod_22h,hod_23h,dow_mon,dow_tue,dow_wed,dow_thu,dow_fri,dow_sat,dow_sun
E07000090,E02004770,1850.85714286,9666.75,3124.75,6.67857142857,6.78571428571,3.57142857143,2.75,3.46428571429,9.21428571429,27.8928571429,70.0,94.1428571429,98.4285714286,122.714285714,128.892857143,141.928571429,135.392857143,133.857142857,131.107142857,137.607142857,142.5,124.357142857,110.178571429,85.3214285714,66.4642857143,41.6071428571,26.0,1708.0,1874.0,2356.0,1818.25,1910.5,1872.5,1416.75
