zone_id,area_id,total,daytype_inweek,daytype_weekend,hod_00h,hod_01h,hod_02h,hod_03h,hod_04h,hod_05h,hod_06h,hod_07h,hod_08h,hod_09h,hod_10h,hod_11h,hod_12h,hod_13h,hod_14h,hod_15h,hod_16h,hod_17h,hod_18h,hod_19h,hod_20h,hod_21h,hod_22h,hod_23h,dow_mon,dow_tue,dow_wed,dow_thu,dow_fri,dow_sat,dow_sun
E07000111,E02005097,2045.10714286,10998.5,3521.5,10.2142857143,7.96428571429,5.46428571429,5.10714285714,5.25,11.0714285714,27.3214285714,67.1428571429,115.892857143,134.678571429,142.035714286,147.178571429,147.357142857,144.035714286,140.571428571,134.142857143,145.642857143,147.892857143,126.75,114.857142857,95.6428571429,76.1785714286,57.25,35.4642857143,2024.0,2231.75,2747.75,2013.25,1981.75,1819.75,1497.5
