zone_id,area_id,total,daytype_inweek,daytype_weekend,hod_00h,hod_01h,hod_02h,hod_03h,hod_04h,hod_05h,hod_06h,hod_07h,hod_08h,hod_09h,hod_10h,hod_11h,hod_12h,hod_13h,hod_14h,hod_15h,hod_16h,hod_17h,hod_18h,hod_19h,hod_20h,hod_21h,hod_22h,hod_23h,dow_mon,dow_tue,dow_wed,dow_thu,dow_fri,dow_sat,dow_sun
S12000015,S02001781,839.321428571,4528.25,1479.0,3.78571428571,3.60714285714,2.39285714286,1.42857142857,1.82142857143,6.10714285714,27.5357142857,42.7857142857,47.9642857143,43.8214285714,45.8214285714,51.8928571429,55.9285714286,59.7857142857,58.7142857143,61.9642857143,69.3571428571,70.1071428571,55.8571428571,44.0,34.8928571429,26.5357142857,14.9642857143,8.25,851.0,890.5,1092.5,851.0,843.25,719.0,628.0
