zone_id,area_id,total,daytype_inweek,daytype_weekend,hod_00h,hod_01h,hod_02h,hod_03h,hod_04h,hod_05h,hod_06h,hod_07h,hod_08h,hod_09h,hod_10h,hod_11h,hod_12h,hod_13h,hod_14h,hod_15h,hod_16h,hod_17h,hod_18h,hod_19h,hod_20h,hod_21h,hod_22h,hod_23h,dow_mon,dow_tue,dow_wed,dow_thu,dow_fri,dow_sat,dow_sun
S12000026,S02002292,2088.46428571,10938.75,3898.5,12.4642857143,15.2142857143,6.53571428571,4.64285714286,5.85714285714,12.5357142857,60.2142857143,92.3214285714,149.678571429,130.214285714,138.035714286,137.607142857,143.642857143,147.535714286,139.035714286,160.035714286,166.357142857,143.25,117.214285714,96.8214285714,79.7857142857,62.5357142857,44.9285714286,22.0,2082.25,2183.25,2638.0,2047.5,1987.75,1864.25,1816.25
