zone_id,area_id,total,daytype_inweek,daytype_weekend,hod_00h,hod_01h,hod_02h,hod_03h,hod_04h,hod_05h,hod_06h,hod_07h,hod_08h,hod_09h,hod_10h,hod_11h,hod_12h,hod_13h,hod_14h,hod_15h,hod_16h,hod_17h,hod_18h,hod_19h,hod_20h,hod_21h,hod_22h,hod_23h,dow_mon,dow_tue,dow_wed,dow_thu,dow_fri,dow_sat,dow_sun
E06000027,E02003170,6155.42857143,32308.5,10967.25,26.1785714286,22.1785714286,15.5,15.9285714286,16.2142857143,25.75,60.7142857143,179.642857143,266.0,331.571428571,427.428571429,457.928571429,465.678571429,432.714285714,432.535714286,456.178571429,479.785714286,479.214285714,415.5,349.821428571,291.785714286,223.107142857,183.071428571,101.0,5958.25,6353.25,7835.5,6287.25,5874.25,5770.5,5009.0
