zone_id,area_id,total,daytype_inweek,daytype_weekend,hod_00h,hod_01h,hod_02h,hod_03h,hod_04h,hod_05h,hod_06h,hod_07h,hod_08h,hod_09h,hod_10h,hod_11h,hod_12h,hod_13h,hod_14h,hod_15h,hod_16h,hod_17h,hod_18h,hod_19h,hod_20h,hod_21h,hod_22h,hod_23h,dow_mon,dow_tue,dow_wed,dow_thu,dow_fri,dow_sat,dow_sun
E08000019,E02001621,2563.89285714,13493.5,4432.5,14.75,17.8928571429,12.0357142857,8.78571428571,12.1785714286,34.1785714286,49.6428571429,94.9642857143,120.25,126.464285714,145.964285714,158.107142857,174.285714286,174.607142857,176.5,176.785714286,189.892857143,198.428571429,176.857142857,157.428571429,131.214285714,101.0,68.3571428571,43.3214285714,2428.75,2639.5,3237.25,2498.0,2690.0,2450.0,2003.75
