zone_id,area_id,total,daytype_inweek,daytype_weekend,hod_00h,hod_01h,hod_02h,hod_03h,hod_04h,hod_05h,hod_06h,hod_07h,hod_08h,hod_09h,hod_10h,hod_11h,hod_12h,hod_13h,hod_14h,hod_15h,hod_16h,hod_17h,hod_18h,hod_19h,hod_20h,hod_21h,hod_22h,hod_23h,dow_mon,dow_tue,dow_wed,dow_thu,dow_fri,dow_sat,dow_sun
E06000047,E02004301,2504.39285714,13429.0,4256.25,12.8571428571,12.1428571429,9.42857142857,7.85714285714,8.14285714286,25.5357142857,46.75,87.2142857143,115.928571429,136.285714286,161.357142857,174.392857143,181.214285714,177.75,189.357142857,181.857142857,183.892857143,182.535714286,160.75,139.535714286,115.357142857,92.4285714286,62.2857142857,39.5357142857,2400.75,2646.75,3332.5,2506.5,2542.5,2246.25,1855.5
