zone_id,area_id,total,daytype_inweek,daytype_weekend,hod_00h,hod_01h,hod_02h,hod_03h,hod_04h,hod_05h,hod_06h,hod_07h,hod_08h,hod_09h,hod_10h,hod_11h,hod_12h,hod_13h,hod_14h,hod_15h,hod_16h,hod_17h,hod_18h,hod_19h,hod_20h,hod_21h,hod_22h,hod_23h,dow_mon,dow_tue,dow_wed,dow_thu,dow_fri,dow_sat,dow_sun
E06000019,E02002924,576.642857143,3153.75,992.0,1.28571428571,1.21428571429,0.964285714286,1.14285714286,1.85714285714,7.67857142857,19.7857142857,25.9285714286,27.6785714286,32.9285714286,40.0357142857,41.6785714286,42.0357142857,40.6071428571,45.7857142857,43.8928571429,49.2142857143,47.7142857143,29.75,26.1785714286,18.3214285714,15.5,10.6071428571,4.85714285714,586.0,635.5,777.75,618.25,536.25,476.75,406.0
