zone_id,area_id,total,daytype_inweek,daytype_weekend,hod_00h,hod_01h,hod_02h,hod_03h,hod_04h,hod_05h,hod_06h,hod_07h,hod_08h,hod_09h,hod_10h,hod_11h,hod_12h,hod_13h,hod_14h,hod_15h,hod_16h,hod_17h,hod_18h,hod_19h,hod_20h,hod_21h,hod_22h,hod_23h,dow_mon,dow_tue,dow_wed,dow_thu,dow_fri,dow_sat,dow_sun
E08000036,E02002438,2699.82142857,14384.0,4657.75,11.3571428571,16.5357142857,10.5714285714,9.57142857143,13.6071428571,34.3214285714,59.0714285714,93.5714285714,122.392857143,140.928571429,168.25,177.964285714,188.392857143,196.285714286,193.464285714,190.392857143,185.821428571,200.535714286,179.357142857,158.857142857,128.321428571,105.0,73.8214285714,41.4285714286,2654.75,2784.0,3506.0,2630.0,2809.25,2511.75,2003.0
