zone_id,area_id,total,daytype_inweek,daytype_weekend,hod_00h,hod_01h,hod_02h,hod_03h,hod_04h,hod_05h,hod_06h,hod_07h,hod_08h,hod_09h,hod_10h,hod_11h,hod_12h,hod_13h,hod_14h,hod_15h,hod_16h,hod_17h,hod_18h,hod_19h,hod_20h,hod_21h,hod_22h,hod_23h,dow_mon,dow_tue,dow_wed,dow_thu,dow_fri,dow_sat,dow_sun
E08000028,E02002079,1738.82142857,9073.0,3040.75,11.8928571429,11.9285714286,8.57142857143,4.78571428571,7.67857142857,16.3928571429,28.0,50.5357142857,87.1071428571,86.0,99.9285714286,111.857142857,119.321428571,117.035714286,115.607142857,116.285714286,120.107142857,130.464285714,127.071428571,114.821428571,95.5357142857,71.3214285714,51.5714285714,35.0,1647.5,1712.75,2198.5,1731.25,1783.0,1705.5,1393.25
