zone_id,area_id,total,daytype_inweek,daytype_weekend,hod_00h,hod_01h,hod_02h,hod_03h,hod_04h,hod_05h,hod_06h,hod_07h,hod_08h,hod_09h,hod_10h,hod_11h,hod_12h,hod_13h,hod_14h,hod_15h,hod_16h,hod_17h,hod_18h,hod_19h,hod_20h,hod_21h,hod_22h,hod_23h,dow_mon,dow_tue,dow_wed,dow_thu,dow_fri,dow_sat,dow_sun
E06000052,E02003907,8186.03571429,43308.0,14682.75,29.8571428571,26.6428571429,19.8214285714,15.8928571429,14.4642857143,30.6071428571,78.7142857143,231.392857143,339.642857143,466.464285714,653.964285714,694.607142857,604.928571429,555.75,552.535714286,588.107142857,667.857142857,696.5,571.75,442.428571429,351.321428571,271.714285714,183.321428571,97.75,8088.75,8510.0,10595.5,8395.0,7718.75,7400.25,6594.0
