zone_id,area_id,total,daytype_inweek,daytype_weekend,hod_00h,hod_01h,hod_02h,hod_03h,hod_04h,hod_05h,hod_06h,hod_07h,hod_08h,hod_09h,hod_10h,hod_11h,hod_12h,hod_13h,hod_14h,hod_15h,hod_16h,hod_17h,hod_18h,hod_19h,hod_20h,hod_21h,hod_22h,hod_23h,dow_mon,dow_tue,dow_wed,dow_thu,dow_fri,dow_sat,dow_sun
E07000189,E02006085,3125.32142857,16876.5,5111.0,10.0357142857,11.5714285714,11.2142857143,7.32142857143,9.75,30.0714285714,57.3214285714,131.642857143,177.5,172.821428571,201.821428571,214.535714286,218.0,223.107142857,223.5,221.035714286,229.0,232.642857143,198.678571429,170.821428571,136.5,108.714285714,85.0714285714,42.6428571429,2910.5,3289.75,4129.0,3213.5,3333.75,2800.25,2200.5
