zone_id,area_id,total,daytype_inweek,daytype_weekend,hod_00h,hod_01h,hod_02h,hod_03h,hod_04h,hod_05h,hod_06h,hod_07h,hod_08h,hod_09h,hod_10h,hod_11h,hod_12h,hod_13h,hod_14h,hod_15h,hod_16h,hod_17h,hod_18h,hod_19h,hod_20h,hod_21h,hod_22h,hod_23h,dow_mon,dow_tue,dow_wed,dow_thu,dow_fri,dow_sat,dow_sun
E07000116,E02005171,2066.07142857,10994.25,3434.75,7.92857142857,8.53571428571,6.82142857143,5.14285714286,4.39285714286,8.07142857143,27.9285714286,73.1071428571,111.214285714,118.928571429,145.321428571,143.464285714,162.178571429,146.142857143,146.892857143,148.035714286,144.142857143,152.678571429,136.5,114.071428571,89.8928571429,73.75,58.75,32.1785714286,1951.25,2177.5,2710.0,2081.25,2074.25,1984.75,1483.5
