zone_id,area_id,total,daytype_inweek,daytype_weekend,hod_00h,hod_01h,hod_02h,hod_03h,hod_04h,hod_05h,hod_06h,hod_07h,hod_08h,hod_09h,hod_10h,hod_11h,hod_12h,hod_13h,hod_14h,hod_15h,hod_16h,hod_17h,hod_18h,hod_19h,hod_20h,hod_21h,hod_22h,hod_23h,dow_mon,dow_tue,dow_wed,dow_thu,dow_fri,dow_sat,dow_sun
E09000003,E02000060,3024.42857143,16276.0,5524.75,27.4642857143,23.0,14.4285714286,9.10714285714,8.28571428571,11.6071428571,28.0,68.6785714286,121.678571429,153.107142857,170.821428571,196.428571429,216.571428571,219.928571429,230.857142857,224.75,212.285714286,220.857142857,213.5,195.357142857,164.357142857,128.428571429,99.4642857143,65.4642857143,3015.0,3196.75,4169.0,2976.25,2919.0,2385.25,2509.75
