zone_id,area_id,total,daytype_inweek,daytype_weekend,hod_00h,hod_01h,hod_02h,hod_03h,hod_04h,hod_05h,hod_06h,hod_07h,hod_08h,hod_09h,hod_10h,hod_11h,hod_12h,hod_13h,hod_14h,hod_15h,hod_16h,hod_17h,hod_18h,hod_19h,hod_20h,hod_21h,hod_22h,hod_23h,dow_mon,dow_tue,dow_wed,dow_thu,dow_fri,dow_sat,dow_sun
E09000024,E02000702,1489.92857143,7930.5,2577.0,14.5,14.5714285714,7.67857142857,7.39285714286,7.28571428571,10.1785714286,23.8928571429,43.25,62.8214285714,74.9285714286,87.6428571429,89.4642857143,97.4642857143,96.2857142857,89.5,94.75,97.3571428571,103.107142857,100.892857143,104.857142857,84.8928571429,81.2142857143,58.6071428571,37.3928571429,1463.0,1536.75,1959.75,1525.0,1446.0,1385.0,1114.0
