zone_id,area_id,total,daytype_inweek,daytype_weekend,hod_00h,hod_01h,hod_02h,hod_03h,hod_04h,hod_05h,hod_06h,hod_07h,hod_08h,hod_09h,hod_10h,hod_11h,hod_12h,hod_13h,hod_14h,hod_15h,hod_16h,hod_17h,hod_18h,hod_19h,hod_20h,hod_21h,hod_22h,hod_23h,dow_mon,dow_tue,dow_wed,dow_thu,dow_fri,dow_sat,dow_sun
E09000012,E02000353,1563.28571429,8013.75,2779.25,19.3571428571,22.7142857143,16.4642857143,11.2142857143,7.5,7.07142857143,14.0714285714,31.8571428571,61.1785714286,77.9642857143,84.8928571429,90.7857142857,95.6071428571,105.25,100.964285714,99.25,93.6428571429,97.1428571429,110.714285714,110.607142857,94.6071428571,80.6071428571,69.9642857143,59.8571428571,1452.25,1555.0,1956.0,1497.25,1553.25,1602.25,1327.0
