zone_id,area_id,total,daytype_inweek,daytype_weekend,hod_00h,hod_01h,hod_02h,hod_03h,hod_04h,hod_05h,hod_06h,hod_07h,hod_08h,hod_09h,hod_10h,hod_11h,hod_12h,hod_13h,hod_14h,hod_15h,hod_16h,hod_17h,hod_18h,hod_19h,hod_20h,hod_21h,hod_22h,hod_23h,dow_mon,dow_tue,dow_wed,dow_thu,dow_fri,dow_sat,dow_sun
E06000044,E02003532,2011.14285714,10396.5,3513.75,9.53571428571,11.6785714286,8.0,6.42857142857,5.10714285714,13.9642857143,32.8214285714,70.3214285714,100.607142857,98.5,121.571428571,134.357142857,148.678571429,146.964285714,150.142857143,145.321428571,151.892857143,153.214285714,133.964285714,111.607142857,95.3928571429,72.6071428571,50.6785714286,37.7857142857,1860.25,2030.75,2539.0,1930.0,2036.5,2028.0,1653.5
