zone_id,area_id,total,daytype_inweek,daytype_weekend,hod_00h,hod_01h,hod_02h,hod_03h,hod_04h,hod_05h,hod_06h,hod_07h,hod_08h,hod_09h,hod_10h,hod_11h,hod_12h,hod_13h,hod_14h,hod_15h,hod_16h,hod_17h,hod_18h,hod_19h,hod_20h,hod_21h,hod_22h,hod_23h,dow_mon,dow_tue,dow_wed,dow_thu,dow_fri,dow_sat,dow_sun
E07000144,E02005520,1179.28571429,6248.25,2199.75,4.0,3.21428571429,2.25,2.60714285714,3.82142857143,8.03571428571,18.6785714286,48.7142857143,66.4285714286,70.9642857143,88.7857142857,85.1785714286,88.4285714286,85.3571428571,84.9642857143,86.8571428571,89.0357142857,85.25,69.25,57.2142857143,45.7857142857,37.3571428571,28.9285714286,18.1785714286,1299.0,1182.25,1463.5,1176.0,1127.5,1106.0,900.75
