zone_id,area_id,total,daytype_inweek,daytype_weekend,hod_00h,hod_01h,hod_02h,hod_03h,hod_04h,hod_05h,hod_06h,hod_07h,hod_08h,hod_09h,hod_10h,hod_11h,hod_12h,hod_13h,hod_14h,hod_15h,hod_16h,hod_17h,hod_18h,hod_19h,hod_20h,hod_21h,hod_22h,hod_23h,dow_mon,dow_tue,dow_wed,dow_thu,dow_fri,dow_sat,dow_sun
E08000015,E02001493,4519.82142857,23974.75,7606.75,20.6071428571,22.2857142857,17.75,13.6428571429,14.1071428571,26.2142857143,56.1071428571,166.357142857,229.285714286,221.892857143,263.357142857,291.464285714,331.357142857,335.071428571,324.464285714,331.785714286,351.857142857,351.285714286,300.0,266.285714286,218.321428571,165.392857143,123.821428571,77.1071428571,4163.75,4628.5,5925.75,4478.75,4778.0,4221.0,3443.0
