zone_id,area_id,total,daytype_inweek,daytype_weekend,hod_00h,hod_01h,hod_02h,hod_03h,hod_04h,hod_05h,hod_06h,hod_07h,hod_08h,hod_09h,hod_10h,hod_11h,hod_12h,hod_13h,hod_14h,hod_15h,hod_16h,hod_17h,hod_18h,hod_19h,hod_20h,hod_21h,hod_22h,hod_23h,dow_mon,dow_tue,dow_wed,dow_thu,dow_fri,dow_sat,dow_sun
E08000035,E02002388,3802.82142857,20332.25,6530.75,25.3571428571,29.6071428571,20.8928571429,13.1785714286,15.8928571429,34.1071428571,79.2142857143,164.785714286,207.464285714,194.714285714,208.75,227.357142857,241.607142857,244.464285714,242.071428571,261.928571429,287.535714286,303.214285714,270.464285714,223.035714286,184.571428571,148.178571429,108.892857143,65.5357142857,3643.0,3921.25,4955.25,3768.25,4044.5,3399.75,2887.75
