zone_id,area_id,total,daytype_inweek,daytype_weekend,hod_00h,hod_01h,hod_02h,hod_03h,hod_04h,hod_05h,hod_06h,hod_07h,hod_08h,hod_09h,hod_10h,hod_11h,hod_12h,hod_13h,hod_14h,hod_15h,hod_16h,hod_17h,hod_18h,hod_19h,hod_20h,hod_21h,hod_22h,hod_23h,dow_mon,dow_tue,dow_wed,dow_thu,dow_fri,dow_sat,dow_sun
S12000044,S02002185,3581.78571429,19620.25,6137.0,21.0,24.0,16.0,14.0,13.25,24.1428571429,60.8571428571,136.535714286,213.178571429,192.5,204.25,217.035714286,236.071428571,236.857142857,249.25,258.607142857,268.821428571,271.892857143,248.428571429,214.857142857,167.285714286,135.357142857,95.9642857143,61.6428571429,3683.25,3779.5,4749.25,3719.75,3688.5,2998.5,2453.75
