zone_id,area_id,total,daytype_inweek,daytype_weekend,hod_00h,hod_01h,hod_02h,hod_03h,hod_04h,hod_05h,hod_06h,hod_07h,hod_08h,hod_09h,hod_10h,hod_11h,hod_12h,hod_13h,hod_14h,hod_15h,hod_16h,hod_17h,hod_18h,hod_19h,hod_20h,hod_21h,hod_22h,hod_23h,dow_mon,dow_tue,dow_wed,dow_thu,dow_fri,dow_sat,dow_sun
E08000014,E02001451,2586.32142857,13570.5,4495.0,12.8928571429,14.9642857143,10.8928571429,9.28571428571,9.78571428571,19.1071428571,34.4642857143,82.1428571429,123.071428571,134.285714286,146.285714286,166.0,181.071428571,180.785714286,183.035714286,191.214285714,190.285714286,196.0,174.464285714,161.107142857,141.357142857,108.642857143,74.0714285714,41.1071428571,2426.25,2637.75,3286.75,2524.75,2695.0,2465.0,2068.75
