zone_id,area_id,total,daytype_inweek,daytype_weekend,hod_00h,hod_01h,hod_02h,hod_03h,hod_04h,hod_05h,hod_06h,hod_07h,hod_08h,hod_09h,hod_10h,hod_11h,hod_12h,hod_13h,hod_14h,hod_15h,hod_16h,hod_17h,hod_18h,hod_19h,hod_20h,hod_21h,hod_22h,hod_23h,dow_mon,dow_tue,dow_wed,dow_thu,dow_fri,dow_sat,dow_sun
E07000075,E02004569,2002.32142857,10468.0,3511.0,12.25,10.4285714286,7.85714285714,6.0,7.21428571429,12.2857142857,28.3214285714,67.4642857143,99.7142857143,118.25,129.75,142.964285714,147.964285714,142.928571429,137.535714286,129.571428571,137.25,142.142857143,131.142857143,121.428571429,93.6428571429,76.8214285714,59.7857142857,39.6071428571,1911.75,2068.0,2546.5,1970.5,1971.25,1949.0,1599.25
