zone_id,area_id,total,daytype_inweek,daytype_weekend,hod_00h,hod_01h,hod_02h,hod_03h,hod_04h,hod_05h,hod_06h,hod_07h,hod_08h,hod_09h,hod_10h,hod_11h,hod_12h,hod_13h,hod_14h,hod_15h,hod_16h,hod_17h,hod_18h,hod_19h,hod_20h,hod_21h,hod_22h,hod_23h,dow_mon,dow_tue,dow_wed,dow_thu,dow_fri,dow_sat,dow_sun
E07000066,E02004431,1891.89285714,10089.75,3209.0,8.5,8.14285714286,6.5,3.85714285714,5.82142857143,13.5357142857,33.1785714286,72.6428571429,96.6785714286,105.178571429,115.892857143,122.392857143,134.142857143,133.821428571,129.0,129.5,136.285714286,145.464285714,128.75,110.464285714,92.5,78.5357142857,52.2857142857,28.8214285714,1799.25,1941.5,2495.5,1902.5,1951.0,1743.75,1409.75
