zone_id,area_id,total,daytype_inweek,daytype_weekend,hod_00h,hod_01h,hod_02h,hod_03h,hod_04h,hod_05h,hod_06h,hod_07h,hod_08h,hod_09h,hod_10h,hod_11h,hod_12h,hod_13h,hod_14h,hod_15h,hod_16h,hod_17h,hod_18h,hod_19h,hod_20h,hod_21h,hod_22h,hod_23h,dow_mon,dow_tue,dow_wed,dow_thu,dow_fri,dow_sat,dow_sun
E07000207,E02006321,1612.5,8597.5,2701.5,8.89285714286,7.71428571429,4.92857142857,3.32142857143,2.78571428571,6.5,15.3214285714,48.3214285714,83.6071428571,104.107142857,112.25,113.964285714,115.428571429,119.0,107.464285714,107.785714286,112.464285714,124.428571429,109.964285714,95.0714285714,73.1071428571,58.2857142857,45.5357142857,32.25,1506.75,1660.0,2034.25,1767.5,1629.0,1495.25,1194.75
