zone_id,area_id,total,daytype_inweek,daytype_weekend,hod_00h,hod_01h,hod_02h,hod_03h,hod_04h,hod_05h,hod_06h,hod_07h,hod_08h,hod_09h,hod_10h,hod_11h,hod_12h,hod_13h,hod_14h,hod_15h,hod_16h,hod_17h,hod_18h,hod_19h,hod_20h,hod_21h,hod_22h,hod_23h,dow_mon,dow_tue,dow_wed,dow_thu,dow_fri,dow_sat,dow_sun
E08000026,E02001991,4039.21428571,21551.0,6809.5,24.5357142857,25.2857142857,22.1071428571,18.0,16.2142857143,36.5714285714,72.7142857143,148.892857143,222.321428571,215.321428571,235.285714286,251.321428571,279.178571429,291.0,284.535714286,284.357142857,299.714285714,316.964285714,261.964285714,222.071428571,192.857142857,146.142857143,106.785714286,65.0714285714,3789.5,4218.75,5296.0,4038.0,4208.75,3703.5,3020.0
