zone_id,area_id,total,daytype_inweek,daytype_weekend,hod_00h,hod_01h,hod_02h,hod_03h,hod_04h,hod_05h,hod_06h,hod_07h,hod_08h,hod_09h,hod_10h,hod_11h,hod_12h,hod_13h,hod_14h,hod_15h,hod_16h,hod_17h,hod_18h,hod_19h,hod_20h,hod_21h,hod_22h,hod_23h,dow_mon,dow_tue,dow_wed,dow_thu,dow_fri,dow_sat,dow_sun
E06000057,E02005720,4148.89285714,22362.5,7429.75,13.0,11.6428571429,10.5714285714,9.35714285714,9.67857142857,25.8571428571,81.2857142857,170.035714286,201.928571429,235.285714286,282.178571429,315.357142857,320.785714286,322.285714286,320.642857143,331.75,353.428571429,309.392857143,245.714285714,194.75,150.0,113.821428571,77.6785714286,42.4642857143,4445.0,4414.5,5413.0,4179.25,3910.75,3695.0,2984.75
