zone_id,area_id,total,daytype_inweek,daytype_weekend,hod_00h,hod_01h,hod_02h,hod_03h,hod_04h,hod_05h,hod_06h,hod_07h,hod_08h,hod_09h,hod_10h,hod_11h,hod_12h,hod_13h,hod_14h,hod_15h,hod_16h,hod_17h,hod_18h,hod_19h,hod_20h,hod_21h,hod_22h,hod_23h,dow_mon,dow_tue,dow_wed,dow_thu,dow_fri,dow_sat,dow_sun
E07000153,E02005640,3448.60714286,18508.75,5770.5,14.8214285714,13.25,10.4285714286,8.96428571429,10.6071428571,33.1428571429,60.3214285714,136.428571429,178.25,190.142857143,211.035714286,215.642857143,227.357142857,227.0,225.25,234.821428571,259.464285714,275.75,242.678571429,206.321428571,167.071428571,136.0,106.071428571,57.7857142857,3288.25,3535.75,4535.25,3664.25,3485.25,3149.25,2482.25
