zone_id,area_id,total,daytype_inweek,daytype_weekend,hod_00h,hod_01h,hod_02h,hod_03h,hod_04h,hod_05h,hod_06h,hod_07h,hod_08h,hod_09h,hod_10h,hod_11h,hod_12h,hod_13h,hod_14h,hod_15h,hod_16h,hod_17h,hod_18h,hod_19h,hod_20h,hod_21h,hod_22h,hod_23h,dow_mon,dow_tue,dow_wed,dow_thu,dow_fri,dow_sat,dow_sun
E07000028,E02003993,4907.57142857,26573.75,8468.0,20.5357142857,22.5357142857,20.7142857143,21.2142857143,25.25,47.1785714286,88.5714285714,203.678571429,285.464285714,283.928571429,326.785714286,335.214285714,331.0,337.785714286,338.142857143,330.107142857,349.071428571,355.285714286,318.285714286,263.214285714,214.178571429,177.892857143,132.821428571,78.7142857143,4919.0,5249.0,6583.25,5089.0,4733.5,4230.25,3549.0
