zone_id,area_id,total,daytype_inweek,daytype_weekend,hod_00h,hod_01h,hod_02h,hod_03h,hod_04h,hod_05h,hod_06h,hod_07h,hod_08h,hod_09h,hod_10h,hod_11h,hod_12h,hod_13h,hod_14h,hod_15h,hod_16h,hod_17h,hod_18h,hod_19h,hod_20h,hod_21h,hod_22h,hod_23h,dow_mon,dow_tue,dow_wed,dow_thu,dow_fri,dow_sat,dow_sun
E07000064,E02004397,3504.21428571,18572.5,6072.75,16.1071428571,12.9642857143,9.25,8.17857142857,9.5,20.25,50.1428571429,142.571428571,204.071428571,223.428571429,238.25,252.428571429,254.964285714,237.142857143,243.428571429,244.678571429,261.035714286,273.357142857,226.75,188.678571429,150.0,110.857142857,83.75,42.4285714286,3328.75,3702.25,4535.5,3551.75,3454.25,3213.0,2744.0
