zone_id,area_id,total,daytype_inweek,daytype_weekend,hod_00h,hod_01h,hod_02h,hod_03h,hod_04h,hod_05h,hod_06h,hod_07h,hod_08h,hod_09h,hod_10h,hod_11h,hod_12h,hod_13h,hod_14h,hod_15h,hod_16h,hod_17h,hod_18h,hod_19h,hod_20h,hod_21h,hod_22h,hod_23h,dow_mon,dow_tue,dow_wed,dow_thu,dow_fri,dow_sat,dow_sun
E08000032,E02002199,2745.46428571,14437.5,4881.0,16.9285714286,16.1428571429,10.1071428571,8.89285714286,13.4642857143,24.8928571429,48.6071428571,104.928571429,141.5,144.392857143,159.607142857,177.607142857,189.428571429,193.214285714,192.428571429,195.964285714,208.107142857,218.714285714,184.607142857,156.928571429,123.857142857,96.6428571429,72.2857142857,46.2142857143,2663.5,2844.25,3527.0,2664.25,2738.5,2563.25,2217.5
