zone_id,area_id,total,daytype_inweek,daytype_weekend,hod_00h,hod_01h,hod_02h,hod_03h,hod_04h,hod_05h,hod_06h,hod_07h,hod_08h,hod_09h,hod_10h,hod_11h,hod_12h,hod_13h,hod_14h,hod_15h,hod_16h,hod_17h,hod_18h,hod_19h,hod_20h,hod_21h,hod_22h,hod_23h,dow_mon,dow_tue,dow_wed,dow_thu,dow_fri,dow_sat,dow_sun
S12000029,S02002354,1720.5,9572.5,2978.0,12.25,8.32142857143,3.53571428571,3.35714285714,7.25,17.4642857143,68.6785714286,99.1785714286,135.821428571,115.892857143,114.571428571,113.464285714,113.821428571,110.714285714,110.892857143,122.5,119.285714286,106.035714286,93.8928571429,73.6785714286,58.3214285714,50.3214285714,35.2142857143,26.0357142857,1806.75,1887.0,2324.75,1829.25,1724.75,1299.75,1171.25
