zone_id,area_id,total,daytype_inweek,daytype_weekend,hod_00h,hod_01h,hod_02h,hod_03h,hod_04h,hod_05h,hod_06h,hod_07h,hod_08h,hod_09h,hod_10h,hod_11h,hod_12h,hod_13h,hod_14h,hod_15h,hod_16h,hod_17h,hod_18h,hod_19h,hod_20h,hod_21h,hod_22h,hod_23h,dow_mon,dow_tue,dow_wed,dow_thu,dow_fri,dow_sat,dow_sun
E07000227,E02006592,3259.92857143,17330.25,5696.25,17.0,15.75,11.4285714286,9.53571428571,9.75,22.0714285714,49.9642857143,132.75,202.75,207.642857143,229.892857143,225.785714286,237.714285714,224.75,212.75,212.464285714,224.071428571,251.428571429,210.285714286,173.107142857,137.178571429,101.107142857,85.1785714286,55.5714285714,3210.0,3401.5,4194.5,3300.75,3223.5,3003.0,2486.25
