zone_id,area_id,total,daytype_inweek,daytype_weekend,hod_00h,hod_01h,hod_02h,hod_03h,hod_04h,hod_05h,hod_06h,hod_07h,hod_08h,hod_09h,hod_10h,hod_11h,hod_12h,hod_13h,hod_14h,hod_15h,hod_16h,hod_17h,hod_18h,hod_19h,hod_20h,hod_21h,hod_22h,hod_23h,dow_mon,dow_tue,dow_wed,dow_thu,dow_fri,dow_sat,dow_sun
E07000236,E02006722,2189.57142857,11808.0,3675.0,11.4642857143,11.9642857143,9.17857142857,7.14285714286,11.6785714286,36.2142857143,54.9642857143,79.6785714286,106.035714286,108.821428571,118.178571429,128.678571429,149.571428571,154.464285714,149.678571429,145.642857143,153.25,173.928571429,147.071428571,126.035714286,106.928571429,84.7857142857,75.5714285714,38.6428571429,2096.25,2369.5,2861.0,2223.0,2258.25,1940.25,1578.75
