zone_id,area_id,total,daytype_inweek,daytype_weekend,hod_00h,hod_01h,hod_02h,hod_03h,hod_04h,hod_05h,hod_06h,hod_07h,hod_08h,hod_09h,hod_10h,hod_11h,hod_12h,hod_13h,hod_14h,hod_15h,hod_16h,hod_17h,hod_18h,hod_19h,hod_20h,hod_21h,hod_22h,hod_23h,dow_mon,dow_tue,dow_wed,dow_thu,dow_fri,dow_sat,dow_sun
E07000005,E02003678,1457.17857143,7811.5,2477.5,7.25,5.0,3.5,2.64285714286,1.92857142857,6.53571428571,19.3214285714,59.8928571429,80.8571428571,90.5714285714,96.7857142857,99.3928571429,105.035714286,98.2857142857,101.857142857,93.1785714286,102.535714286,105.25,97.8928571429,90.0357142857,68.5714285714,50.1785714286,43.4285714286,27.25,1402.0,1574.0,1916.0,1448.75,1470.75,1313.25,1075.5
