zone_id,area_id,total,daytype_inweek,daytype_weekend,hod_00h,hod_01h,hod_02h,hod_03h,hod_04h,hod_05h,hod_06h,hod_07h,hod_08h,hod_09h,hod_10h,hod_11h,hod_12h,hod_13h,hod_14h,hod_15h,hod_16h,hod_17h,hod_18h,hod_19h,hod_20h,hod_21h,hod_22h,hod_23h,dow_mon,dow_tue,dow_wed,dow_thu,dow_fri,dow_sat,dow_sun
E09000007,E02000177,1630.92857143,8757.75,2783.25,14.6071428571,15.5,9.5,8.0,5.28571428571,8.75,13.1071428571,34.3571428571,78.3928571429,83.1785714286,88.6785714286,100.821428571,114.464285714,124.464285714,117.392857143,108.357142857,112.464285714,122.392857143,121.642857143,100.892857143,84.7857142857,69.1071428571,55.75,39.0357142857,1581.25,1703.0,2260.5,1638.0,1575.0,1456.75,1202.0
