zone_id,area_id,total,daytype_inweek,daytype_weekend,hod_00h,hod_01h,hod_02h,hod_03h,hod_04h,hod_05h,hod_06h,hod_07h,hod_08h,hod_09h,hod_10h,hod_11h,hod_12h,hod_13h,hod_14h,hod_15h,hod_16h,hod_17h,hod_18h,hod_19h,hod_20h,hod_21h,hod_22h,hod_23h,dow_mon,dow_tue,dow_wed,dow_thu,dow_fri,dow_sat,dow_sun
E07000119,E02005205,1979.75,10703.25,3420.25,10.7142857143,10.75,8.25,5.96428571429,5.96428571429,12.5714285714,32.2857142857,81.8214285714,104.857142857,113.642857143,123.821428571,128.714285714,144.321428571,136.25,130.5,131.75,145.964285714,154.142857143,135.785714286,112.321428571,89.7142857143,69.3571428571,58.1785714286,32.1071428571,1947.25,2136.5,2633.75,2028.0,1957.75,1682.0,1473.0
