zone_id,area_id,total,daytype_inweek,daytype_weekend,hod_00h,hod_01h,hod_02h,hod_03h,hod_04h,hod_05h,hod_06h,hod_07h,hod_08h,hod_09h,hod_10h,hod_11h,hod_12h,hod_13h,hod_14h,hod_15h,hod_16h,hod_17h,hod_18h,hod_19h,hod_20h,hod_21h,hod_22h,hod_23h,dow_mon,dow_tue,dow_wed,dow_thu,dow_fri,dow_sat,dow_sun
W06000011,W02000175,3353.42857143,17939.0,5585.75,16.7142857143,18.6785714286,12.7142857143,10.25,10.25,25.1428571429,53.1071428571,119.285714286,162.285714286,174.535714286,204.321428571,225.107142857,240.928571429,249.178571429,244.607142857,248.428571429,257.821428571,254.035714286,223.892857143,180.428571429,149.107142857,121.285714286,92.3571428571,58.9642857143,3170.0,3514.5,4364.75,3350.0,3539.75,3119.25,2415.75
