zone_id,area_id,total,daytype_inweek,daytype_weekend,hod_00h,hod_01h,hod_02h,hod_03h,hod_04h,hod_05h,hod_06h,hod_07h,hod_08h,hod_09h,hod_10h,hod_11h,hod_12h,hod_13h,hod_14h,hod_15h,hod_16h,hod_17h,hod_18h,hod_19h,hod_20h,hod_21h,hod_22h,hod_23h,dow_mon,dow_tue,dow_wed,dow_thu,dow_fri,dow_sat,dow_sun
E06000021,E02002965,13535.9285714,70964.0,22445.5,76.5,89.0,69.3214285714,59.0,61.6071428571,112.714285714,176.428571429,430.357142857,670.535714286,691.321428571,834.964285714,964.035714286,1051.5,1073.85714286,1048.32142857,1027.25,1004.82142857,995.5,803.892857143,676.0,557.071428571,459.75,371.357142857,230.821428571,12343.5,13535.5,17270.25,13350.25,14464.5,13685.5,10102.0
