zone_id,area_id,total,daytype_inweek,daytype_weekend,hod_00h,hod_01h,hod_02h,hod_03h,hod_04h,hod_05h,hod_06h,hod_07h,hod_08h,hod_09h,hod_10h,hod_11h,hod_12h,hod_13h,hod_14h,hod_15h,hod_16h,hod_17h,hod_18h,hod_19h,hod_20h,hod_21h,hod_22h,hod_23h,dow_mon,dow_tue,dow_wed,dow_thu,dow_fri,dow_sat,dow_sun
E07000005,E02003679,2516.32142857,13572.5,4222.0,15.1785714286,9.89285714286,6.10714285714,5.89285714286,4.92857142857,9.17857142857,33.75,85.75,147.964285714,156.785714286,169.428571429,174.035714286,185.678571429,182.535714286,175.571428571,173.392857143,180.357142857,177.285714286,155.142857143,143.285714286,111.428571429,90.8214285714,73.5714285714,48.3571428571,2432.5,2649.25,3352.25,2580.0,2558.5,2252.25,1789.5
