zone_id,area_id,total,daytype_inweek,daytype_weekend,hod_00h,hod_01h,hod_02h,hod_03h,hod_04h,hod_05h,hod_06h,hod_07h,hod_08h,hod_09h,hod_10h,hod_11h,hod_12h,hod_13h,hod_14h,hod_15h,hod_16h,hod_17h,hod_18h,hod_19h,hod_20h,hod_21h,hod_22h,hod_23h,dow_mon,dow_tue,dow_wed,dow_thu,dow_fri,dow_sat,dow_sun
W06000011,W02000171,3084.25,16552.75,5212.25,17.5,18.6428571429,12.75,10.1785714286,11.1071428571,26.0357142857,52.5357142857,116.071428571,156.035714286,160.142857143,183.392857143,198.214285714,206.214285714,216.857142857,210.821428571,215.107142857,229.571428571,241.428571429,207.678571429,173.571428571,147.678571429,119.75,94.1428571429,58.8214285714,2917.5,3264.5,4119.0,3157.75,3094.0,2742.25,2294.75
