zone_id,area_id,total,daytype_inweek,daytype_weekend,hod_00h,hod_01h,hod_02h,hod_03h,hod_04h,hod_05h,hod_06h,hod_07h,hod_08h,hod_09h,hod_10h,hod_11h,hod_12h,hod_13h,hod_14h,hod_15h,hod_16h,hod_17h,hod_18h,hod_19h,hod_20h,hod_21h,hod_22h,hod_23h,dow_mon,dow_tue,dow_wed,dow_thu,dow_fri,dow_sat,dow_sun
E07000126,E02005293,1692.17857143,8865.5,2944.5,7.75,7.78571428571,8.46428571429,5.25,6.89285714286,13.25,27.75,59.9285714286,84.1071428571,90.25,101.035714286,113.678571429,125.035714286,123.107142857,119.071428571,114.678571429,127.928571429,133.142857143,114.75,99.0357142857,77.1071428571,62.0357142857,46.3571428571,23.7857142857,1623.0,1710.75,2162.75,1637.0,1732.0,1658.25,1321.5
