zone_id,area_id,total,daytype_inweek,daytype_weekend,hod_00h,hod_01h,hod_02h,hod_03h,hod_04h,hod_05h,hod_06h,hod_07h,hod_08h,hod_09h,hod_10h,hod_11h,hod_12h,hod_13h,hod_14h,hod_15h,hod_16h,hod_17h,hod_18h,hod_19h,hod_20h,hod_21h,hod_22h,hod_23h,dow_mon,dow_tue,dow_wed,dow_thu,dow_fri,dow_sat,dow_sun
S12000028,S02002349,1833.92857143,9884.0,3239.5,8.32142857143,8.75,6.42857142857,5.28571428571,5.17857142857,14.0357142857,31.0714285714,78.6428571429,114.678571429,99.25,103.75,115.857142857,123.285714286,126.25,126.5,131.964285714,140.892857143,142.75,118.071428571,97.6785714286,84.8571428571,69.3571428571,51.3928571429,29.6785714286,1881.25,1994.5,2396.5,1837.0,1774.75,1595.25,1358.25
