zone_id,area_id,total,daytype_inweek,daytype_weekend,hod_00h,hod_01h,hod_02h,hod_03h,hod_04h,hod_05h,hod_06h,hod_07h,hod_08h,hod_09h,hod_10h,hod_11h,hod_12h,hod_13h,hod_14h,hod_15h,hod_16h,hod_17h,hod_18h,hod_19h,hod_20h,hod_21h,hod_22h,hod_23h,dow_mon,dow_tue,dow_wed,dow_thu,dow_fri,dow_sat,dow_sun
E07000011,E02003753,3111.71428571,16921.75,5646.75,21.9642857143,20.2142857143,16.8214285714,11.75,13.0714285714,26.9285714286,62.5714285714,129.178571429,175.678571429,165.642857143,181.464285714,178.571428571,191.857142857,178.75,181.892857143,180.785714286,211.285714286,234.107142857,221.392857143,198.214285714,170.178571429,148.178571429,123.035714286,68.1785714286,3298.5,3393.75,4215.0,3202.0,2812.5,2512.0,2348.25
