zone_id,area_id,total,daytype_inweek,daytype_weekend,hod_00h,hod_01h,hod_02h,hod_03h,hod_04h,hod_05h,hod_06h,hod_07h,hod_08h,hod_09h,hod_10h,hod_11h,hod_12h,hod_13h,hod_14h,hod_15h,hod_16h,hod_17h,hod_18h,hod_19h,hod_20h,hod_21h,hod_22h,hod_23h,dow_mon,dow_tue,dow_wed,dow_thu,dow_fri,dow_sat,dow_sun
S12000038,S02002255,1484.53571429,7861.5,2722.0,8.03571428571,7.96428571429,5.75,5.96428571429,6.96428571429,12.7142857143,27.5714285714,59.75,78.7142857143,77.2142857143,86.0,88.6785714286,98.6785714286,102.142857143,101.642857143,109.0,111.214285714,110.642857143,102.535714286,87.4642857143,72.8571428571,56.8571428571,42.0714285714,24.1071428571,1511.0,1529.25,1928.75,1431.0,1461.5,1319.25,1211.0
