zone_id,area_id,total,daytype_inweek,daytype_weekend,hod_00h,hod_01h,hod_02h,hod_03h,hod_04h,hod_05h,hod_06h,hod_07h,hod_08h,hod_09h,hod_10h,hod_11h,hod_12h,hod_13h,hod_14h,hod_15h,hod_16h,hod_17h,hod_18h,hod_19h,hod_20h,hod_21h,hod_22h,hod_23h,dow_mon,dow_tue,dow_wed,dow_thu,dow_fri,dow_sat,dow_sun
E08000004,E02001105,2316.39285714,12477.75,3935.0,17.3928571429,18.6071428571,11.6428571429,10.0357142857,9.96428571429,17.9642857143,38.0714285714,82.1785714286,112.5,119.857142857,141.714285714,148.892857143,161.642857143,169.678571429,171.107142857,168.321428571,172.071428571,171.821428571,147.857142857,129.857142857,109.285714286,82.5714285714,63.9285714286,39.4285714286,2271.5,2408.0,3118.0,2357.25,2323.0,2073.5,1663.5
