zone_id,area_id,total,daytype_inweek,daytype_weekend,hod_00h,hod_01h,hod_02h,hod_03h,hod_04h,hod_05h,hod_06h,hod_07h,hod_08h,hod_09h,hod_10h,hod_11h,hod_12h,hod_13h,hod_14h,hod_15h,hod_16h,hod_17h,hod_18h,hod_19h,hod_20h,hod_21h,hod_22h,hod_23h,dow_mon,dow_tue,dow_wed,dow_thu,dow_fri,dow_sat,dow_sun
E07000028,E02003996,6521.64285714,35314.0,10639.0,27.5,28.7857142857,25.4642857143,25.1428571429,27.8928571429,73.8214285714,115.678571429,237.25,354.607142857,351.178571429,384.785714286,422.785714286,469.25,480.892857143,487.071428571,472.857142857,497.535714286,505.785714286,436.035714286,343.035714286,275.857142857,227.142857143,159.5,91.7857142857,6177.0,6764.5,8635.0,6830.75,6906.75,5875.5,4462.0
