zone_id,area_id,total,daytype_inweek,daytype_weekend,hod_00h,hod_01h,hod_02h,hod_03h,hod_04h,hod_05h,hod_06h,hod_07h,hod_08h,hod_09h,hod_10h,hod_11h,hod_12h,hod_13h,hod_14h,hod_15h,hod_16h,hod_17h,hod_18h,hod_19h,hod_20h,hod_21h,hod_22h,hod_23h,dow_mon,dow_tue,dow_wed,dow_thu,dow_fri,dow_sat,dow_sun
E07000011,E02003762,5967.57142857,33113.5,10002.0,25.1785714286,24.0714285714,18.75,20.1428571429,27.4642857143,66.8928571429,143.107142857,309.0,368.607142857,347.357142857,373.892857143,388.464285714,420.285714286,407.357142857,397.321428571,392.857142857,434.964285714,464.5,361.714285714,312.035714286,249.464285714,195.25,141.678571429,77.2142857143,6008.5,6557.0,8266.75,6396.25,5885.0,4666.0,3993.5
