zone_id,area_id,total,daytype_inweek,daytype_weekend,hod_00h,hod_01h,hod_02h,hod_03h,hod_04h,hod_05h,hod_06h,hod_07h,hod_08h,hod_09h,hod_10h,hod_11h,hod_12h,hod_13h,hod_14h,hod_15h,hod_16h,hod_17h,hod_18h,hod_19h,hod_20h,hod_21h,hod_22h,hod_23h,dow_mon,dow_tue,dow_wed,dow_thu,dow_fri,dow_sat,dow_sun
E06000019,E02002926,2280.53571429,11842.25,4048.25,9.07142857143,7.28571428571,4.35714285714,4.92857142857,6.96428571429,15.8214285714,37.1071428571,94.1071428571,130.571428571,141.5,164.571428571,175.142857143,167.607142857,161.892857143,169.357142857,167.5,175.964285714,178.321428571,136.107142857,104.571428571,86.4285714286,64.3571428571,46.9285714286,30.0714285714,2144.25,2352.75,2933.25,2273.0,2139.0,2217.5,1904.0
