zone_id,area_id,total,daytype_inweek,daytype_weekend,hod_00h,hod_01h,hod_02h,hod_03h,hod_04h,hod_05h,hod_06h,hod_07h,hod_08h,hod_09h,hod_10h,hod_11h,hod_12h,hod_13h,hod_14h,hod_15h,hod_16h,hod_17h,hod_18h,hod_19h,hod_20h,hod_21h,hod_22h,hod_23h,dow_mon,dow_tue,dow_wed,dow_thu,dow_fri,dow_sat,dow_sun
E06000014,E02002781,7213.39285714,38052.75,12397.0,28.6428571429,37.5714285714,27.9642857143,29.6071428571,28.6785714286,49.5714285714,122.357142857,257.464285714,387.464285714,391.607142857,432.821428571,482.928571429,540.607142857,534.714285714,533.285714286,530.928571429,546.75,562.607142857,481.0,388.892857143,310.428571429,239.392857143,165.142857143,102.964285714,6839.0,7340.75,9296.75,7108.25,7468.0,6883.0,5558.0
