zone_id,area_id,total,daytype_inweek,daytype_weekend,hod_00h,hod_01h,hod_02h,hod_03h,hod_04h,hod_05h,hod_06h,hod_07h,hod_08h,hod_09h,hod_10h,hod_11h,hod_12h,hod_13h,hod_14h,hod_15h,hod_16h,hod_17h,hod_18h,hod_19h,hod_20h,hod_21h,hod_22h,hod_23h,dow_mon,dow_tue,dow_wed,dow_thu,dow_fri,dow_sat,dow_sun
E07000179,E02005964,1608.0,8879.5,2708.0,7.96428571429,5.57142857143,5.21428571429,4.71428571429,4.89285714286,9.57142857143,28.1071428571,69.2142857143,94.25,98.0,105.857142857,108.214285714,112.142857143,103.821428571,101.785714286,110.928571429,111.321428571,112.678571429,102.928571429,85.2857142857,72.1785714286,63.3214285714,53.4285714286,36.6071428571,1630.75,1829.5,2207.0,1689.5,1522.75,1299.25,1077.25
