zone_id,area_id,total,daytype_inweek,daytype_weekend,hod_00h,hod_01h,hod_02h,hod_03h,hod_04h,hod_05h,hod_06h,hod_07h,hod_08h,hod_09h,hod_10h,hod_11h,hod_12h,hod_13h,hod_14h,hod_15h,hod_16h,hod_17h,hod_18h,hod_19h,hod_20h,hod_21h,hod_22h,hod_23h,dow_mon,dow_tue,dow_wed,dow_thu,dow_fri,dow_sat,dow_sun
E08000019,E02006803,3042.21428571,15957.25,5287.75,12.75,13.8928571429,8.57142857143,7.21428571429,10.7857142857,31.7857142857,69.6785714286,146.285714286,157.071428571,165.428571429,178.571428571,193.214285714,202.321428571,208.714285714,201.75,218.321428571,237.25,247.214285714,210.892857143,174.535714286,141.035714286,103.142857143,64.6071428571,37.1785714286,2907.0,3086.25,3941.75,2950.0,3072.25,2957.5,2380.75
