zone_id,area_id,total,daytype_inweek,daytype_weekend,hod_00h,hod_01h,hod_02h,hod_03h,hod_04h,hod_05h,hod_06h,hod_07h,hod_08h,hod_09h,hod_10h,hod_11h,hod_12h,hod_13h,hod_14h,hod_15h,hod_16h,hod_17h,hod_18h,hod_19h,hod_20h,hod_21h,hod_22h,hod_23h,dow_mon,dow_tue,dow_wed,dow_thu,dow_fri,dow_sat,dow_sun
E06000055,E02003618,3640.71428571,19303.25,6356.0,16.9642857143,14.75,11.8214285714,10.2142857143,12.1428571429,31.8928571429,59.2857142857,144.142857143,218.857142857,238.857142857,245.464285714,252.964285714,268.392857143,262.928571429,245.25,245.035714286,259.5,266.035714286,226.321428571,193.321428571,155.428571429,121.821428571,86.8571428571,52.4642857143,3591.25,3708.0,4759.25,3638.75,3606.0,3417.0,2764.75
