zone_id,area_id,total,daytype_inweek,daytype_weekend,hod_00h,hod_01h,hod_02h,hod_03h,hod_04h,hod_05h,hod_06h,hod_07h,hod_08h,hod_09h,hod_10h,hod_11h,hod_12h,hod_13h,hod_14h,hod_15h,hod_16h,hod_17h,hod_18h,hod_19h,hod_20h,hod_21h,hod_22h,hod_23h,dow_mon,dow_tue,dow_wed,dow_thu,dow_fri,dow_sat,dow_sun
E08000028,E02002066,4165.60714286,22404.25,7032.0,32.5,32.2857142857,26.0357142857,18.8928571429,21.5,48.6071428571,86.7857142857,126.107142857,176.75,207.75,239.892857143,267.571428571,291.857142857,297.357142857,290.392857143,291.428571429,299.107142857,309.428571429,271.714285714,243.607142857,205.392857143,169.678571429,128.5,82.4642857143,4002.5,4346.25,5511.0,4322.75,4221.75,3725.5,3029.5
