zone_id,area_id,total,daytype_inweek,daytype_weekend,hod_00h,hod_01h,hod_02h,hod_03h,hod_04h,hod_05h,hod_06h,hod_07h,hod_08h,hod_09h,hod_10h,hod_11h,hod_12h,hod_13h,hod_14h,hod_15h,hod_16h,hod_17h,hod_18h,hod_19h,hod_20h,hod_21h,hod_22h,hod_23h,dow_mon,dow_tue,dow_wed,dow_thu,dow_fri,dow_sat,dow_sun
E07000148,E02005596,3347.46428571,17871.0,5602.75,15.0714285714,17.0357142857,13.8571428571,11.7142857143,12.6785714286,22.2857142857,50.7142857143,122.785714286,186.964285714,196.214285714,213.0,228.857142857,236.392857143,248.892857143,226.785714286,234.142857143,246.035714286,250.964285714,220.607142857,181.892857143,145.071428571,121.571428571,91.2142857143,52.7142857143,3130.75,3483.5,4450.0,3403.5,3403.25,3089.25,2472.0
