zone_id,area_id,total,daytype_inweek,daytype_weekend,hod_00h,hod_01h,hod_02h,hod_03h,hod_04h,hod_05h,hod_06h,hod_07h,hod_08h,hod_09h,hod_10h,hod_11h,hod_12h,hod_13h,hod_14h,hod_15h,hod_16h,hod_17h,hod_18h,hod_19h,hod_20h,hod_21h,hod_22h,hod_23h,dow_mon,dow_tue,dow_wed,dow_thu,dow_fri,dow_sat,dow_sun
E07000221,E02006517,2320.46428571,12613.5,3996.5,9.35714285714,7.71428571429,6.39285714286,5.85714285714,8.64285714286,19.5714285714,37.5,87.1428571429,135.535714286,149.75,159.785714286,161.535714286,171.357142857,163.214285714,159.5,156.035714286,163.142857143,175.321428571,146.642857143,118.464285714,93.3571428571,76.9642857143,66.6785714286,41.0,2417.25,2490.5,3057.25,2449.25,2199.25,2050.5,1579.25
