zone_id,area_id,total,daytype_inweek,daytype_weekend,hod_00h,hod_01h,hod_02h,hod_03h,hod_04h,hod_05h,hod_06h,hod_07h,hod_08h,hod_09h,hod_10h,hod_11h,hod_12h,hod_13h,hod_14h,hod_15h,hod_16h,hod_17h,hod_18h,hod_19h,hod_20h,hod_21h,hod_22h,hod_23h,dow_mon,dow_tue,dow_wed,dow_thu,dow_fri,dow_sat,dow_sun
E08000003,E02001065,2644.64285714,14164.0,4444.5,17.8214285714,21.8571428571,17.9285714286,14.3571428571,14.7857142857,36.0,64.9285714286,113.75,128.678571429,123.964285714,137.178571429,152.464285714,164.928571429,172.75,175.5,188.25,191.464285714,195.678571429,174.607142857,153.857142857,137.035714286,110.75,80.75,55.3571428571,2470.75,2720.0,3469.5,2676.5,2827.25,2374.75,1973.75
