zone_id,area_id,total,daytype_inweek,daytype_weekend,hod_00h,hod_01h,hod_02h,hod_03h,hod_04h,hod_05h,hod_06h,hod_07h,hod_08h,hod_09h,hod_10h,hod_11h,hod_12h,hod_13h,hod_14h,hod_15h,hod_16h,hod_17h,hod_18h,hod_19h,hod_20h,hod_21h,hod_22h,hod_23h,dow_mon,dow_tue,dow_wed,dow_thu,dow_fri,dow_sat,dow_sun
E06000022,E02003001,2804.42857143,15569.5,4571.25,13.3214285714,12.9642857143,12.4285714286,9.35714285714,8.57142857143,15.4285714286,35.2142857143,100.178571429,166.714285714,174.0,177.428571429,182.678571429,203.964285714,207.857142857,198.714285714,190.285714286,200.928571429,214.142857143,188.642857143,153.892857143,120.107142857,95.8571428571,75.6071428571,46.1428571429,2784.25,3089.75,3925.5,3022.0,2748.0,2274.5,1787.0
