zone_id,area_id,total,daytype_inweek,daytype_weekend,hod_00h,hod_01h,hod_02h,hod_03h,hod_04h,hod_05h,hod_06h,hod_07h,hod_08h,hod_09h,hod_10h,hod_11h,hod_12h,hod_13h,hod_14h,hod_15h,hod_16h,hod_17h,hod_18h,hod_19h,hod_20h,hod_21h,hod_22h,hod_23h,dow_mon,dow_tue,dow_wed,dow_thu,dow_fri,dow_sat,dow_sun
E06000052,E02003939,7119.96428571,38001.75,12705.75,20.2142857143,14.0714285714,12.3928571429,10.6071428571,11.75,39.6071428571,77.1785714286,215.357142857,308.892857143,416.821428571,555.107142857,584.535714286,543.357142857,520.5,529.928571429,548.821428571,584.535714286,603.928571429,452.857142857,346.928571429,267.607142857,214.178571429,160.071428571,80.7142857143,7143.75,7570.0,9291.75,7257.25,6739.0,6276.0,5562.0
