zone_id,area_id,total,daytype_inweek,daytype_weekend,hod_00h,hod_01h,hod_02h,hod_03h,hod_04h,hod_05h,hod_06h,hod_07h,hod_08h,hod_09h,hod_10h,hod_11h,hod_12h,hod_13h,hod_14h,hod_15h,hod_16h,hod_17h,hod_18h,hod_19h,hod_20h,hod_21h,hod_22h,hod_23h,dow_mon,dow_tue,dow_wed,dow_thu,dow_fri,dow_sat,dow_sun
E07000028,E02003995,4719.25,25409.0,7819.25,13.7142857143,17.1071428571,15.25,13.9642857143,20.2857142857,44.6785714286,71.1071428571,161.785714286,245.5,270.892857143,295.535714286,346.0,347.5,358.321428571,355.571428571,348.428571429,362.714285714,354.642857143,300.5,248.964285714,191.0,158.071428571,113.928571429,63.7857142857,4536.5,4919.0,6207.0,4836.25,4910.25,4343.0,3282.75
