zone_id,area_id,total,daytype_inweek,daytype_weekend,hod_00h,hod_01h,hod_02h,hod_03h,hod_04h,hod_05h,hod_06h,hod_07h,hod_08h,hod_09h,hod_10h,hod_11h,hod_12h,hod_13h,hod_14h,hod_15h,hod_16h,hod_17h,hod_18h,hod_19h,hod_20h,hod_21h,hod_22h,hod_23h,dow_mon,dow_tue,dow_wed,dow_thu,dow_fri,dow_sat,dow_sun
E08000022,E02001739,2291.35714286,12301.5,3927.0,8.75,8.03571428571,6.0,4.35714285714,5.57142857143,18.1428571429,40.8928571429,89.5,110.142857143,128.321428571,144.392857143,167.75,170.964285714,166.892857143,172.535714286,174.75,177.357142857,172.571428571,152.5,124.0,96.6071428571,70.4642857143,49.1785714286,31.6785714286,2281.5,2373.0,2957.0,2306.75,2383.25,2092.5,1645.5
