zone_id,area_id,total,daytype_inweek,daytype_weekend,hod_00h,hod_01h,hod_02h,hod_03h,hod_04h,hod_05h,hod_06h,hod_07h,hod_08h,hod_09h,hod_10h,hod_11h,hod_12h,hod_13h,hod_14h,hod_15h,hod_16h,hod_17h,hod_18h,hod_19h,hod_20h,hod_21h,hod_22h,hod_23h,dow_mon,dow_tue,dow_wed,dow_thu,dow_fri,dow_sat,dow_sun
S12000008,S02001501,2081.5,11105.0,3597.75,8.71428571429,12.5357142857,7.14285714286,6.0,7.0,15.6071428571,33.8214285714,83.4285714286,127.285714286,116.642857143,119.071428571,132.214285714,137.214285714,140.714285714,140.321428571,152.928571429,154.785714286,149.428571429,137.178571429,125.321428571,105.821428571,81.25,56.8928571429,30.1785714286,2072.25,2203.5,2694.25,1974.0,2161.0,1940.0,1525.5
