zone_id,area_id,total,daytype_inweek,daytype_weekend,hod_00h,hod_01h,hod_02h,hod_03h,hod_04h,hod_05h,hod_06h,hod_07h,hod_08h,hod_09h,hod_10h,hod_11h,hod_12h,hod_13h,hod_14h,hod_15h,hod_16h,hod_17h,hod_18h,hod_19h,hod_20h,hod_21h,hod_22h,hod_23h,dow_mon,dow_tue,dow_wed,dow_thu,dow_fri,dow_sat,dow_sun
E07000192,E02006128,2456.75,12951.25,4304.25,11.75,10.9285714286,10.7142857143,7.0,8.92857142857,18.0357142857,34.9285714286,70.5,115.0,125.535714286,151.964285714,160.75,183.285714286,180.178571429,172.25,169.964285714,172.714285714,186.0,164.071428571,154.535714286,129.678571429,98.0357142857,74.7142857143,45.2857142857,2378.5,2502.5,3192.5,2423.75,2454.0,2320.25,1925.75
