zone_id,area_id,total,daytype_inweek,daytype_weekend,hod_00h,hod_01h,hod_02h,hod_03h,hod_04h,hod_05h,hod_06h,hod_07h,hod_08h,hod_09h,hod_10h,hod_11h,hod_12h,hod_13h,hod_14h,hod_15h,hod_16h,hod_17h,hod_18h,hod_19h,hod_20h,hod_21h,hod_22h,hod_23h,dow_mon,dow_tue,dow_wed,dow_thu,dow_fri,dow_sat,dow_sun
E09000009,E02000263,3030.82142857,15973.0,5449.5,30.9642857143,29.5,20.3571428571,14.6785714286,19.0357142857,39.4285714286,53.25,90.3571428571,126.035714286,132.321428571,151.321428571,169.142857143,184.821428571,193.892857143,196.821428571,189.25,194.928571429,211.464285714,214.25,216.428571429,196.535714286,161.928571429,120.821428571,73.2857142857,3024.5,3128.25,3777.75,3007.25,3035.25,2817.75,2425.0
