zone_id,area_id,total,daytype_inweek,daytype_weekend,hod_00h,hod_01h,hod_02h,hod_03h,hod_04h,hod_05h,hod_06h,hod_07h,hod_08h,hod_09h,hod_10h,hod_11h,hod_12h,hod_13h,hod_14h,hod_15h,hod_16h,hod_17h,hod_18h,hod_19h,hod_20h,hod_21h,hod_22h,hod_23h,dow_mon,dow_tue,dow_wed,dow_thu,dow_fri,dow_sat,dow_sun
E08000035,E02002435,4609.57142857,24604.75,7969.75,23.2142857143,24.1071428571,10.6428571429,12.0357142857,13.0,41.8928571429,102.821428571,229.892857143,262.607142857,221.571428571,243.142857143,274.785714286,311.464285714,322.035714286,314.5,326.321428571,365.892857143,395.5,335.214285714,258.642857143,195.464285714,161.821428571,105.178571429,57.8214285714,4448.0,4772.75,6050.0,4504.25,4829.75,4140.5,3521.75
