zone_id,area_id,total,daytype_inweek,daytype_weekend,hod_00h,hod_01h,hod_02h,hod_03h,hod_04h,hod_05h,hod_06h,hod_07h,hod_08h,hod_09h,hod_10h,hod_11h,hod_12h,hod_13h,hod_14h,hod_15h,hod_16h,hod_17h,hod_18h,hod_19h,hod_20h,hod_21h,hod_22h,hod_23h,dow_mon,dow_tue,dow_wed,dow_thu,dow_fri,dow_sat,dow_sun
E09000009,E02000274,3455.25,18314.0,6067.25,36.7142857143,34.5,26.8214285714,21.9642857143,23.3214285714,44.8571428571,69.7142857143,111.25,142.5,159.607142857,178.857142857,199.25,218.678571429,222.821428571,222.607142857,217.821428571,223.571428571,235.642857143,238.642857143,228.357142857,207.178571429,176.428571429,132.25,81.8928571429,3398.75,3596.5,4464.5,3352.5,3501.75,3204.25,2668.5
