zone_id,area_id,total,daytype_inweek,daytype_weekend,hod_00h,hod_01h,hod_02h,hod_03h,hod_04h,hod_05h,hod_06h,hod_07h,hod_08h,hod_09h,hod_10h,hod_11h,hod_12h,hod_13h,hod_14h,hod_15h,hod_16h,hod_17h,hod_18h,hod_19h,hod_20h,hod_21h,hod_22h,hod_23h,dow_mon,dow_tue,dow_wed,dow_thu,dow_fri,dow_sat,dow_sun
E07000008,E02003724,4175.07142857,22027.75,6953.25,18.8928571429,23.0714285714,15.3571428571,13.9642857143,19.5,32.2857142857,73.8928571429,163.428571429,247.464285714,248.321428571,249.214285714,269.321428571,293.714285714,289.857142857,280.285714286,278.321428571,291.642857143,311.714285714,296.357142857,244.892857143,189.357142857,147.5,108.857142857,67.8571428571,3839.0,4289.75,5393.5,4105.5,4400.0,4083.5,3114.25
