zone_id,area_id,total,daytype_inweek,daytype_weekend,hod_00h,hod_01h,hod_02h,hod_03h,hod_04h,hod_05h,hod_06h,hod_07h,hod_08h,hod_09h,hod_10h,hod_11h,hod_12h,hod_13h,hod_14h,hod_15h,hod_16h,hod_17h,hod_18h,hod_19h,hod_20h,hod_21h,hod_22h,hod_23h,dow_mon,dow_tue,dow_wed,dow_thu,dow_fri,dow_sat,dow_sun
E06000012,E02002732,5933.67857143,31131.5,10508.0,20.4285714286,22.25,17.9642857143,18.0357142857,32.2142857143,79.9285714286,122.571428571,225.571428571,285.464285714,308.0,363.035714286,408.071428571,436.214285714,449.035714286,447.428571429,438.821428571,486.392857143,463.107142857,378.035714286,306.928571429,244.642857143,175.035714286,132.678571429,71.8214285714,5706.0,5990.0,7461.75,5776.25,6197.5,5602.25,4802.0
