zone_id,area_id,total,daytype_inweek,daytype_weekend,hod_00h,hod_01h,hod_02h,hod_03h,hod_04h,hod_05h,hod_06h,hod_07h,hod_08h,hod_09h,hod_10h,hod_11h,hod_12h,hod_13h,hod_14h,hod_15h,hod_16h,hod_17h,hod_18h,hod_19h,hod_20h,hod_21h,hod_22h,hod_23h,dow_mon,dow_tue,dow_wed,dow_thu,dow_fri,dow_sat,dow_sun
E06000025,E02003106,10221.1428571,56995.75,16744.75,47.0714285714,48.1071428571,33.6785714286,31.9285714286,38.8928571429,95.6071428571,281.142857143,500.75,569.5,590.642857143,626.5,657.464285714,739.857142857,707.464285714,667.464285714,706.285714286,757.142857143,734.285714286,645.107142857,547.071428571,446.964285714,351.214285714,248.607142857,148.392857143,9968.0,11358.5,14394.0,10926.0,10349.25,7775.5,6776.75
