zone_id,area_id,total,daytype_inweek,daytype_weekend,hod_00h,hod_01h,hod_02h,hod_03h,hod_04h,hod_05h,hod_06h,hod_07h,hod_08h,hod_09h,hod_10h,hod_11h,hod_12h,hod_13h,hod_14h,hod_15h,hod_16h,hod_17h,hod_18h,hod_19h,hod_20h,hod_21h,hod_22h,hod_23h,dow_mon,dow_tue,dow_wed,dow_thu,dow_fri,dow_sat,dow_sun
E08000002,E02001034,3673.57142857,19271.5,6372.5,25.6071428571,23.8928571429,14.6785714286,12.6785714286,11.2142857143,20.8571428571,46.3928571429,120.392857143,176.107142857,194.678571429,216.214285714,240.178571429,252.678571429,254.5,244.75,251.5,266.214285714,276.75,251.857142857,233.035714286,196.321428571,152.75,117.214285714,73.1071428571,3475.5,3706.75,4714.75,3545.5,3829.0,3546.5,2897.0
