zone_id,area_id,total,daytype_inweek,daytype_weekend,hod_00h,hod_01h,hod_02h,hod_03h,hod_04h,hod_05h,hod_06h,hod_07h,hod_08h,hod_09h,hod_10h,hod_11h,hod_12h,hod_13h,hod_14h,hod_15h,hod_16h,hod_17h,hod_18h,hod_19h,hod_20h,hod_21h,hod_22h,hod_23h,dow_mon,dow_tue,dow_wed,dow_thu,dow_fri,dow_sat,dow_sun
E07000193,E02006145,1374.71428571,7676.5,2294.0,6.14285714286,5.71428571429,4.14285714286,5.60714285714,8.46428571429,23.8928571429,38.5714285714,56.0,71.3928571429,78.4285714286,83.3928571429,90.4642857143,93.2857142857,102.285714286,104.142857143,97.5714285714,97.1071428571,98.6071428571,77.6071428571,63.9642857143,54.0714285714,48.0357142857,41.7142857143,24.1071428571,1387.5,1519.5,1930.75,1553.0,1285.75,1040.0,906.5
