zone_id,area_id,total,daytype_inweek,daytype_weekend,hod_00h,hod_01h,hod_02h,hod_03h,hod_04h,hod_05h,hod_06h,hod_07h,hod_08h,hod_09h,hod_10h,hod_11h,hod_12h,hod_13h,hod_14h,hod_15h,hod_16h,hod_17h,hod_18h,hod_19h,hod_20h,hod_21h,hod_22h,hod_23h,dow_mon,dow_tue,dow_wed,dow_thu,dow_fri,dow_sat,dow_sun
E08000024,E02001817,2806.78571429,14778.75,4924.5,13.6785714286,12.7142857143,9.28571428571,8.82142857143,9.17857142857,19.5,53.25,103.107142857,149.571428571,162.25,185.785714286,198.642857143,212.464285714,203.5,207.178571429,206.071428571,213.642857143,207.642857143,176.571428571,151.535714286,126.0,86.3928571429,59.0,31.0,2679.75,2922.25,3617.0,2655.0,2904.75,2624.0,2244.75
