zone_id,area_id,total,daytype_inweek,daytype_weekend,hod_00h,hod_01h,hod_02h,hod_03h,hod_04h,hod_05h,hod_06h,hod_07h,hod_08h,hod_09h,hod_10h,hod_11h,hod_12h,hod_13h,hod_14h,hod_15h,hod_16h,hod_17h,hod_18h,hod_19h,hod_20h,hod_21h,hod_22h,hod_23h,dow_mon,dow_tue,dow_wed,dow_thu,dow_fri,dow_sat,dow_sun
E09000026,E02000752,1776.75,9322.75,3180.75,16.0714285714,13.3214285714,8.28571428571,6.71428571429,6.35714285714,11.75,24.7142857143,51.75,83.1071428571,95.7857142857,108.357142857,115.75,125.214285714,124.535714286,121.357142857,117.392857143,120.107142857,127.785714286,117.357142857,109.321428571,97.0714285714,75.25,59.1071428571,40.2857142857,1725.25,1796.75,2260.0,1795.5,1745.25,1659.0,1455.5
