zone_id,area_id,total,daytype_inweek,daytype_weekend,hod_00h,hod_01h,hod_02h,hod_03h,hod_04h,hod_05h,hod_06h,hod_07h,hod_08h,hod_09h,hod_10h,hod_11h,hod_12h,hod_13h,hod_14h,hod_15h,hod_16h,hod_17h,hod_18h,hod_19h,hod_20h,hod_21h,hod_22h,hod_23h,dow_mon,dow_tue,dow_wed,dow_thu,dow_fri,dow_sat,dow_sun
E07000010,E02003749,1323.53571429,7082.5,2336.75,9.75,7.46428571429,6.03571428571,5.85714285714,8.0,18.7857142857,31.5,57.8571428571,70.1785714286,77.0714285714,81.0714285714,85.4285714286,81.7142857143,84.5714285714,77.9285714286,81.2857142857,86.4642857143,94.6071428571,88.6785714286,73.7857142857,63.4285714286,56.0714285714,47.3214285714,28.6785714286,1334.75,1433.75,1678.75,1350.5,1284.75,1180.25,1002.0
