zone_id,area_id,total,daytype_inweek,daytype_weekend,hod_00h,hod_01h,hod_02h,hod_03h,hod_04h,hod_05h,hod_06h,hod_07h,hod_08h,hod_09h,hod_10h,hod_11h,hod_12h,hod_13h,hod_14h,hod_15h,hod_16h,hod_17h,hod_18h,hod_19h,hod_20h,hod_21h,hod_22h,hod_23h,dow_mon,dow_tue,dow_wed,dow_thu,dow_fri,dow_sat,dow_sun
E07000241,E02004986,2724.75,14653.25,4519.25,12.7857142857,12.3928571429,7.75,6.78571428571,8.60714285714,17.1428571429,31.9642857143,83.1071428571,156.571428571,145.964285714,172.678571429,184.214285714,197.5,201.892857143,186.25,191.142857143,206.535714286,229.678571429,188.25,157.464285714,122.178571429,93.0714285714,71.1071428571,39.7142857143,2599.5,2941.0,3673.0,2724.75,2715.0,2500.25,1919.75
