zone_id,area_id,total,daytype_inweek,daytype_weekend,hod_00h,hod_01h,hod_02h,hod_03h,hod_04h,hod_05h,hod_06h,hod_07h,hod_08h,hod_09h,hod_10h,hod_11h,hod_12h,hod_13h,hod_14h,hod_15h,hod_16h,hod_17h,hod_18h,hod_19h,hod_20h,hod_21h,hod_22h,hod_23h,dow_mon,dow_tue,dow_wed,dow_thu,dow_fri,dow_sat,dow_sun
E08000006,E02001172,3189.85714286,17400.75,5385.25,25.2857142857,25.3928571429,16.7857142857,11.6785714286,16.3928571429,26.2857142857,61.2857142857,95.6071428571,139.464285714,160.321428571,179.142857143,212.25,238.107142857,237.071428571,228.214285714,234.928571429,231.357142857,217.178571429,217.178571429,186.392857143,152.142857143,121.392857143,92.8214285714,63.1785714286,3108.5,3409.75,4342.25,3263.0,3277.25,2651.5,2276.75
