zone_id,area_id,total,daytype_inweek,daytype_weekend,hod_00h,hod_01h,hod_02h,hod_03h,hod_04h,hod_05h,hod_06h,hod_07h,hod_08h,hod_09h,hod_10h,hod_11h,hod_12h,hod_13h,hod_14h,hod_15h,hod_16h,hod_17h,hod_18h,hod_19h,hod_20h,hod_21h,hod_22h,hod_23h,dow_mon,dow_tue,dow_wed,dow_thu,dow_fri,dow_sat,dow_sun
E07000118,E02005200,2361.03571429,12474.75,4178.25,10.5714285714,10.3928571429,8.46428571429,8.32142857143,7.85714285714,14.5714285714,30.2857142857,75.5357142857,116.214285714,127.928571429,137.214285714,147.928571429,156.785714286,163.214285714,160.142857143,164.642857143,172.892857143,183.785714286,172.428571429,154.321428571,124.678571429,103.214285714,71.2142857143,38.4285714286,2284.75,2537.25,2975.0,2342.5,2335.25,2159.0,1893.5
