zone_id,area_id,total,daytype_inweek,daytype_weekend,hod_00h,hod_01h,hod_02h,hod_03h,hod_04h,hod_05h,hod_06h,hod_07h,hod_08h,hod_09h,hod_10h,hod_11h,hod_12h,hod_13h,hod_14h,hod_15h,hod_16h,hod_17h,hod_18h,hod_19h,hod_20h,hod_21h,hod_22h,hod_23h,dow_mon,dow_tue,dow_wed,dow_thu,dow_fri,dow_sat,dow_sun
E06000056,E02003610,3170.75,17073.25,5862.5,16.8928571429,13.9285714286,9.46428571429,7.71428571429,8.89285714286,17.75,45.6785714286,107.964285714,169.5,197.285714286,226.678571429,209.035714286,218.107142857,212.178571429,212.607142857,223.178571429,226.75,239.892857143,204.535714286,178.714285714,142.214285714,120.107142857,97.6071428571,64.0714285714,3343.5,3304.25,4107.5,3095.25,3222.75,2603.0,2519.0
