zone_id,area_id,total,daytype_inweek,daytype_weekend,hod_00h,hod_01h,hod_02h,hod_03h,hod_04h,hod_05h,hod_06h,hod_07h,hod_08h,hod_09h,hod_10h,hod_11h,hod_12h,hod_13h,hod_14h,hod_15h,hod_16h,hod_17h,hod_18h,hod_19h,hod_20h,hod_21h,hod_22h,hod_23h,dow_mon,dow_tue,dow_wed,dow_thu,dow_fri,dow_sat,dow_sun
E06000033,E02003295,3855.10714286,19869.25,6729.0,19.7142857143,21.2857142857,16.8928571429,11.9642857143,15.2142857143,23.7142857143,48.1785714286,113.607142857,202.964285714,210.392857143,238.392857143,264.607142857,282.964285714,273.071428571,272.642857143,269.678571429,274.285714286,289.214285714,257.714285714,232.0,189.107142857,146.535714286,113.857142857,67.1071428571,3620.25,3811.0,4836.5,3694.5,3907.0,4007.75,3108.75
