zone_id,area_id,total,daytype_inweek,daytype_weekend,hod_00h,hod_01h,hod_02h,hod_03h,hod_04h,hod_05h,hod_06h,hod_07h,hod_08h,hod_09h,hod_10h,hod_11h,hod_12h,hod_13h,hod_14h,hod_15h,hod_16h,hod_17h,hod_18h,hod_19h,hod_20h,hod_21h,hod_22h,hod_23h,dow_mon,dow_tue,dow_wed,dow_thu,dow_fri,dow_sat,dow_sun
E07000166,E02005785,2091.35714286,11420.0,3625.25,10.5,8.53571428571,5.0,4.53571428571,6.17857142857,14.2857142857,32.4285714286,77.7142857143,105.392857143,127.035714286,141.357142857,150.5,155.428571429,163.785714286,160.571428571,148.464285714,147.857142857,149.214285714,123.214285714,109.142857143,84.4285714286,72.0714285714,58.8571428571,34.8571428571,2113.5,2287.75,2796.25,2250.0,1972.5,1707.75,1511.75
