zone_id,area_id,total,daytype_inweek,daytype_weekend,hod_00h,hod_01h,hod_02h,hod_03h,hod_04h,hod_05h,hod_06h,hod_07h,hod_08h,hod_09h,hod_10h,hod_11h,hod_12h,hod_13h,hod_14h,hod_15h,hod_16h,hod_17h,hod_18h,hod_19h,hod_20h,hod_21h,hod_22h,hod_23h,dow_mon,dow_tue,dow_wed,dow_thu,dow_fri,dow_sat,dow_sun
E08000032,E02002202,7180.28571429,38377.75,12140.25,50.5357142857,54.75,33.0357142857,26.3214285714,25.8928571429,53.9285714286,118.25,269.821428571,384.857142857,372.392857143,390.785714286,443.607142857,481.392857143,489.607142857,500.642857143,489.857142857,535.392857143,574.285714286,483.821428571,413.571428571,350.357142857,276.285714286,217.607142857,143.285714286,6811.0,7439.0,9432.75,7195.5,7499.5,6555.0,5329.25
