zone_id,area_id,total,daytype_inweek,daytype_weekend,hod_00h,hod_01h,hod_02h,hod_03h,hod_04h,hod_05h,hod_06h,hod_07h,hod_08h,hod_09h,hod_10h,hod_11h,hod_12h,hod_13h,hod_14h,hod_15h,hod_16h,hod_17h,hod_18h,hod_19h,hod_20h,hod_21h,hod_22h,hod_23h,dow_mon,dow_tue,dow_wed,dow_thu,dow_fri,dow_sat,dow_sun
S12000008,S02001487,926.428571429,5084.75,1610.0,3.46428571429,3.39285714286,2.28571428571,1.85714285714,1.85714285714,5.78571428571,18.4285714286,39.8214285714,61.0714285714,51.8214285714,51.3214285714,56.3214285714,61.5357142857,61.1071428571,65.25,67.8928571429,73.6071428571,71.7142857143,62.6428571429,50.1785714286,41.2142857143,35.5,25.1071428571,13.25,965.25,1005.5,1213.25,953.0,947.75,755.5,644.75
