zone_id,area_id,total,daytype_inweek,daytype_weekend,hod_00h,hod_01h,hod_02h,hod_03h,hod_04h,hod_05h,hod_06h,hod_07h,hod_08h,hod_09h,hod_10h,hod_11h,hod_12h,hod_13h,hod_14h,hod_15h,hod_16h,hod_17h,hod_18h,hod_19h,hod_20h,hod_21h,hod_22h,hod_23h,dow_mon,dow_tue,dow_wed,dow_thu,dow_fri,dow_sat,dow_sun
E07000192,E02006123,1396.10714286,7373.25,2407.25,5.82142857143,4.89285714286,3.71428571429,3.25,3.92857142857,11.0714285714,23.3928571429,44.8571428571,65.4285714286,71.1785714286,89.2142857143,93.3928571429,98.6428571429,100.607142857,99.8214285714,96.75,100.285714286,108.821428571,97.0357142857,87.1071428571,69.8214285714,53.7857142857,37.6071428571,25.6785714286,1322.0,1431.0,1777.5,1393.25,1449.5,1314.25,1085.25
