zone_id,area_id,total,daytype_inweek,daytype_weekend,hod_00h,hod_01h,hod_02h,hod_03h,hod_04h,hod_05h,hod_06h,hod_07h,hod_08h,hod_09h,hod_10h,hod_11h,hod_12h,hod_13h,hod_14h,hod_15h,hod_16h,hod_17h,hod_18h,hod_19h,hod_20h,hod_21h,hod_22h,hod_23h,dow_mon,dow_tue,dow_wed,dow_thu,dow_fri,dow_sat,dow_sun
E06000031,E02003253,6693.32142857,35525.25,11418.0,30.5,32.7142857143,24.4285714286,23.75,34.6071428571,120.571428571,147.214285714,265.321428571,345.25,324.892857143,354.714285714,388.142857143,445.321428571,464.392857143,456.071428571,445.107142857,479.357142857,514.821428571,510.857142857,399.0,323.071428571,265.142857143,202.75,95.3214285714,6276.75,7000.0,8532.25,6647.25,7069.0,6186.75,5141.25
