zone_id,area_id,total,daytype_inweek,daytype_weekend,hod_00h,hod_01h,hod_02h,hod_03h,hod_04h,hod_05h,hod_06h,hod_07h,hod_08h,hod_09h,hod_10h,hod_11h,hod_12h,hod_13h,hod_14h,hod_15h,hod_16h,hod_17h,hod_18h,hod_19h,hod_20h,hod_21h,hod_22h,hod_23h,dow_mon,dow_tue,dow_wed,dow_thu,dow_fri,dow_sat,dow_sun
E07000237,E02006745,2282.67857143,12006.25,3916.25,9.57142857143,11.1428571429,7.64285714286,8.5,8.35714285714,14.0714285714,34.8214285714,78.4642857143,123.75,121.964285714,137.964285714,148.035714286,160.392857143,157.5,158.464285714,156.214285714,169.142857143,173.25,158.071428571,135.321428571,109.107142857,86.5357142857,72.2857142857,42.1071428571,2132.0,2332.75,2995.75,2265.25,2280.5,2188.25,1784.25
