zone_id,area_id,total,daytype_inweek,daytype_weekend,hod_00h,hod_01h,hod_02h,hod_03h,hod_04h,hod_05h,hod_06h,hod_07h,hod_08h,hod_09h,hod_10h,hod_11h,hod_12h,hod_13h,hod_14h,hod_15h,hod_16h,hod_17h,hod_18h,hod_19h,hod_20h,hod_21h,hod_22h,hod_23h,dow_mon,dow_tue,dow_wed,dow_thu,dow_fri,dow_sat,dow_sun
E07000028,E02003994,5564.75,29910.25,9130.5,22.5,24.1071428571,18.1785714286,16.9285714286,22.75,56.0714285714,78.9285714286,189.75,298.75,293.571428571,351.571428571,384.928571429,419.25,421.107142857,430.678571429,418.571428571,419.785714286,421.464285714,353.321428571,286.785714286,227.071428571,190.714285714,137.428571429,80.5357142857,5209.5,5777.25,7303.75,5722.75,5897.0,5122.0,3921.0
