zone_id,area_id,total,daytype_inweek,daytype_weekend,hod_00h,hod_01h,hod_02h,hod_03h,hod_04h,hod_05h,hod_06h,hod_07h,hod_08h,hod_09h,hod_10h,hod_11h,hod_12h,hod_13h,hod_14h,hod_15h,hod_16h,hod_17h,hod_18h,hod_19h,hod_20h,hod_21h,hod_22h,hod_23h,dow_mon,dow_tue,dow_wed,dow_thu,dow_fri,dow_sat,dow_sun
E07000070,E02004496,4626.39285714,16718.25,9746.0,31.3214285714,35.9285714286,31.3571428571,14.1785714286,14.2142857143,23.3571428571,44.5357142857,107.035714286,192.642857143,217.821428571,242.25,270.821428571,310.392857143,326.392857143,320.607142857,307.214285714,336.0,320.285714286,293.607142857,267.678571429,224.714285714,190.321428571,213.285714286,290.428571429,3147.0,2790.75,3469.75,2753.0,4557.75,9067.5,6599.0
