zone_id,area_id,total,daytype_inweek,daytype_weekend,hod_00h,hod_01h,hod_02h,hod_03h,hod_04h,hod_05h,hod_06h,hod_07h,hod_08h,hod_09h,hod_10h,hod_11h,hod_12h,hod_13h,hod_14h,hod_15h,hod_16h,hod_17h,hod_18h,hod_19h,hod_20h,hod_21h,hod_22h,hod_23h,dow_mon,dow_tue,dow_wed,dow_thu,dow_fri,dow_sat,dow_sun
E07000179,E02005972,1767.67857143,9543.5,3034.75,7.67857142857,7.0,4.53571428571,5.67857142857,6.07142857143,11.5,31.0357142857,73.9642857143,98.2857142857,99.9642857143,108.214285714,117.25,119.0,119.535714286,123.607142857,123.0,131.928571429,137.321428571,117.5,100.607142857,75.1428571429,64.6071428571,53.3214285714,30.9285714286,1698.75,1892.25,2385.5,1827.25,1739.75,1494.25,1336.0
