zone_id,area_id,total,daytype_inweek,daytype_weekend,hod_00h,hod_01h,hod_02h,hod_03h,hod_04h,hod_05h,hod_06h,hod_07h,hod_08h,hod_09h,hod_10h,hod_11h,hod_12h,hod_13h,hod_14h,hod_15h,hod_16h,hod_17h,hod_18h,hod_19h,hod_20h,hod_21h,hod_22h,hod_23h,dow_mon,dow_tue,dow_wed,dow_thu,dow_fri,dow_sat,dow_sun
W06000005,W02000073,9094.14285714,48811.0,14861.25,43.6428571429,42.3214285714,27.6428571429,19.1428571429,23.5,78.2142857143,138.357142857,341.178571429,499.464285714,493.357142857,547.321428571,610.821428571,652.857142857,644.642857143,631.821428571,629.178571429,678.178571429,730.964285714,601.214285714,509.642857143,423.107142857,331.571428571,239.821428571,156.178571429,8469.75,9387.5,12242.75,9351.25,9359.75,8456.5,6391.5
