zone_id,area_id,total,daytype_inweek,daytype_weekend,hod_00h,hod_01h,hod_02h,hod_03h,hod_04h,hod_05h,hod_06h,hod_07h,hod_08h,hod_09h,hod_10h,hod_11h,hod_12h,hod_13h,hod_14h,hod_15h,hod_16h,hod_17h,hod_18h,hod_19h,hod_20h,hod_21h,hod_22h,hod_23h,dow_mon,dow_tue,dow_wed,dow_thu,dow_fri,dow_sat,dow_sun
E06000023,E02003054,3068.75,16468.5,5133.0,14.9642857143,19.1785714286,14.9642857143,11.5714285714,14.8571428571,24.8928571429,63.25,123.928571429,181.607142857,176.821428571,185.607142857,192.678571429,195.964285714,197.357142857,196.107142857,196.964285714,216.535714286,235.892857143,209.821428571,178.571428571,143.892857143,123.535714286,95.0,54.7857142857,2903.25,3253.5,4058.0,3184.5,3069.25,2783.0,2229.75
