zone_id,area_id,total,daytype_inweek,daytype_weekend,hod_00h,hod_01h,hod_02h,hod_03h,hod_04h,hod_05h,hod_06h,hod_07h,hod_08h,hod_09h,hod_10h,hod_11h,hod_12h,hod_13h,hod_14h,hod_15h,hod_16h,hod_17h,hod_18h,hod_19h,hod_20h,hod_21h,hod_22h,hod_23h,dow_mon,dow_tue,dow_wed,dow_thu,dow_fri,dow_sat,dow_sun
E08000004,E02001102,2496.82142857,13185.0,4214.25,15.9642857143,18.1071428571,12.25,11.3571428571,10.4285714286,18.6428571429,41.3571428571,86.6428571429,117.75,125.714285714,145.821428571,155.285714286,178.071428571,186.214285714,177.535714286,173.642857143,184.0,187.571428571,169.357142857,146.285714286,124.821428571,96.6071428571,71.6071428571,41.7857142857,2330.0,2559.5,3222.0,2450.0,2623.5,2408.5,1884.25
