zone_id,area_id,total,daytype_inweek,daytype_weekend,hod_00h,hod_01h,hod_02h,hod_03h,hod_04h,hod_05h,hod_06h,hod_07h,hod_08h,hod_09h,hod_10h,hod_11h,hod_12h,hod_13h,hod_14h,hod_15h,hod_16h,hod_17h,hod_18h,hod_19h,hod_20h,hod_21h,hod_22h,hod_23h,dow_mon,dow_tue,dow_wed,dow_thu,dow_fri,dow_sat,dow_sun
E07000139,E02006867,2428.64285714,13162.0,4060.5,7.07142857143,5.96428571429,5.57142857143,5.07142857143,7.82142857143,20.4642857143,46.1785714286,120.357142857,142.928571429,134.642857143,152.392857143,158.964285714,172.678571429,167.928571429,161.321428571,166.785714286,186.642857143,192.214285714,164.0,132.178571429,107.464285714,78.8214285714,62.0357142857,29.1428571429,2304.5,2564.25,3227.75,2529.5,2536.0,2082.5,1756.0
