zone_id,area_id,total,daytype_inweek,daytype_weekend,hod_00h,hod_01h,hod_02h,hod_03h,hod_04h,hod_05h,hod_06h,hod_07h,hod_08h,hod_09h,hod_10h,hod_11h,hod_12h,hod_13h,hod_14h,hod_15h,hod_16h,hod_17h,hod_18h,hod_19h,hod_20h,hod_21h,hod_22h,hod_23h,dow_mon,dow_tue,dow_wed,dow_thu,dow_fri,dow_sat,dow_sun
S12000046,S02001943,2884.0,15570.0,4949.75,16.75,20.3928571429,17.1428571429,15.0714285714,15.6785714286,23.9642857143,59.1428571429,118.821428571,185.071428571,152.392857143,161.214285714,165.285714286,187.0,191.892857143,195.25,207.821428571,216.964285714,221.285714286,188.464285714,157.928571429,129.642857143,110.178571429,80.1785714286,46.4642857143,2859.25,3001.75,3796.25,2848.75,3064.0,2527.5,2090.5
