zone_id,area_id,total,daytype_inweek,daytype_weekend,hod_00h,hod_01h,hod_02h,hod_03h,hod_04h,hod_05h,hod_06h,hod_07h,hod_08h,hod_09h,hod_10h,hod_11h,hod_12h,hod_13h,hod_14h,hod_15h,hod_16h,hod_17h,hod_18h,hod_19h,hod_20h,hod_21h,hod_22h,hod_23h,dow_mon,dow_tue,dow_wed,dow_thu,dow_fri,dow_sat,dow_sun
E09000026,E02000767,1474.42857143,7583.75,2666.75,15.1428571429,13.9642857143,9.60714285714,6.71428571429,6.03571428571,8.71428571429,12.1071428571,25.9285714286,53.9285714286,71.9285714286,87.7142857143,99.0357142857,105.964285714,103.892857143,100.214285714,94.3928571429,94.7857142857,101.178571429,101.607142857,101.357142857,88.2857142857,75.5714285714,58.2857142857,38.0714285714,1413.25,1508.25,1838.25,1405.75,1418.25,1483.75,1253.5
