zone_id,area_id,total,daytype_inweek,daytype_weekend,hod_00h,hod_01h,hod_02h,hod_03h,hod_04h,hod_05h,hod_06h,hod_07h,hod_08h,hod_09h,hod_10h,hod_11h,hod_12h,hod_13h,hod_14h,hod_15h,hod_16h,hod_17h,hod_18h,hod_19h,hod_20h,hod_21h,hod_22h,hod_23h,dow_mon,dow_tue,dow_wed,dow_thu,dow_fri,dow_sat,dow_sun
W06000015,W02000408,4374.35714286,23397.0,7373.0,36.1071428571,41.75,28.25,26.6428571429,22.7857142857,35.6785714286,56.1785714286,116.785714286,212.357142857,227.857142857,230.857142857,259.285714286,293.5,306.107142857,302.357142857,305.75,316.607142857,341.714285714,301.821428571,256.75,215.107142857,178.714285714,154.321428571,107.071428571,4120.5,4550.5,5799.75,4490.25,4436.0,3971.0,3252.5
