zone_id,area_id,total,daytype_inweek,daytype_weekend,hod_00h,hod_01h,hod_02h,hod_03h,hod_04h,hod_05h,hod_06h,hod_07h,hod_08h,hod_09h,hod_10h,hod_11h,hod_12h,hod_13h,hod_14h,hod_15h,hod_16h,hod_17h,hod_18h,hod_19h,hod_20h,hod_21h,hod_22h,hod_23h,dow_mon,dow_tue,dow_wed,dow_thu,dow_fri,dow_sat,dow_sun
E07000040,E02004145,1570.71428571,8444.5,2690.5,4.46428571429,3.14285714286,2.67857142857,2.10714285714,2.14285714286,4.14285714286,15.9285714286,50.0357142857,76.6071428571,86.5,105.464285714,117.107142857,123.964285714,114.75,119.071428571,126.0,123.928571429,130.571428571,107.714285714,84.3928571429,65.3214285714,49.5357142857,36.1428571429,19.0,1566.5,1658.0,2067.75,1599.0,1553.25,1426.5,1124.0
