zone_id,origin_area_id,destination_area_id,total,daytype_inweek,daytype_weekend,hod_00h,hod_01h,hod_02h,hod_03h,hod_04h,hod_05h,hod_06h,hod_07h,hod_08h,hod_09h,hod_10h,hod_11h,hod_12h,hod_13h,hod_14h,hod_15h,hod_16h,hod_17h,hod_18h,hod_19h,hod_20h,hod_21h,hod_22h,hod_23h,dow_mon,dow_tue,dow_wed,dow_thu,dow_fri,dow_sat,dow_sun
E07000191,E02006113,E02006115,183.178571429,975.75,331.25,0.5,0.892857142857,0.357142857143,0.428571428571,0.107142857143,0.642857142857,1.46428571429,5.75,5.21428571429,7.60714285714,10.8571428571,11.0357142857,12.75,12.0714285714,14.5357142857,16.4642857143,17.6428571429,18.4642857143,11.9642857143,11.2142857143,7.96428571429,7.07142857143,5.14285714286,3.03571428571,187.25,201.75,239.5,180.5,166.75,162.5,144.0
E07000191,E02006114,E02006115,85.3214285714,458.25,149.25,0.25,0.214285714286,0.25,0.25,0.178571428571,0.0714285714286,0.392857142857,1.89285714286,3.39285714286,3.85714285714,5.53571428571,6.89285714286,6.28571428571,6.14285714286,7.21428571429,7.71428571429,7.60714285714,7.32142857143,6.07142857143,3.85714285714,3.03571428571,3.5,2.07142857143,1.32142857143,84.5,96.75,113.25,86.25,77.5,74.25,64.75
E07000191,E02006116,E02006115,58.0714285714,319.0,103.5,0.25,0.392857142857,0.142857142857,0.178571428571,0.107142857143,0.142857142857,0.607142857143,1.46428571429,2.53571428571,3.57142857143,3.89285714286,4.25,3.64285714286,4.03571428571,4.39285714286,4.17857142857,4.92857142857,3.92857142857,3.39285714286,2.89285714286,3.21428571429,3.46428571429,1.39285714286,1.07142857143,58.75,62.25,77.75,60.5,59.75,42.75,44.75
E07000191,E02006117,E02006115,42.1071428571,225.0,77.75,0.285714285714,0.142857142857,0.142857142857,0.0357142857143,0.0714285714286,0.357142857143,0.714285714286,1.67857142857,1.32142857143,2.60714285714,2.14285714286,2.42857142857,3.0,3.0,3.53571428571,3.75,3.42857142857,4.42857142857,2.71428571429,2.21428571429,1.75,1.10714285714,0.714285714286,0.535714285714,42.75,45.0,56.0,36.5,44.75,34.75,35.0
E07000191,E02006115,E02006115,337.714285714,1793.0,607.75,1.82142857143,1.64285714286,1.67857142857,1.35714285714,1.28571428571,1.39285714286,2.64285714286,11.0357142857,15.5,17.0714285714,21.0714285714,23.9285714286,22.1071428571,22.7857142857,22.8214285714,25.4642857143,24.9285714286,23.6428571429,22.0,18.75,16.8928571429,16.5,13.0,8.39285714286,350.0,365.75,444.25,338.0,295.0,313.25,257.75
