zone_id,area_id,total,daytype_inweek,daytype_weekend,hod_00h,hod_01h,hod_02h,hod_03h,hod_04h,hod_05h,hod_06h,hod_07h,hod_08h,hod_09h,hod_10h,hod_11h,hod_12h,hod_13h,hod_14h,hod_15h,hod_16h,hod_17h,hod_18h,hod_19h,hod_20h,hod_21h,hod_22h,hod_23h,dow_mon,dow_tue,dow_wed,dow_thu,dow_fri,dow_sat,dow_sun
W06000004,W02000047,1990.10714286,10193.0,3691.0,8.03571428571,9.57142857143,6.5,5.21428571429,5.5,7.25,19.8928571429,49.0,83.8928571429,98.6785714286,120.892857143,140.357142857,150.821428571,160.571428571,162.464285714,156.857142857,160.607142857,166.428571429,129.928571429,106.214285714,90.6071428571,66.7142857143,51.8214285714,32.2857142857,1851.25,2055.0,2510.75,1895.25,1880.75,1898.0,1839.75
