zone_id,area_id,total,daytype_inweek,daytype_weekend,hod_00h,hod_01h,hod_02h,hod_03h,hod_04h,hod_05h,hod_06h,hod_07h,hod_08h,hod_09h,hod_10h,hod_11h,hod_12h,hod_13h,hod_14h,hod_15h,hod_16h,hod_17h,hod_18h,hod_19h,hod_20h,hod_21h,hod_22h,hod_23h,dow_mon,dow_tue,dow_wed,dow_thu,dow_fri,dow_sat,dow_sun
S12000046,S02001940,2541.17857143,13563.5,4413.25,16.4642857143,20.75,16.75,14.2142857143,12.8928571429,19.5714285714,36.2142857143,96.5714285714,159.071428571,136.678571429,133.642857143,141.821428571,161.892857143,162.321428571,172.75,184.964285714,176.785714286,193.928571429,164.857142857,144.392857143,122.035714286,104.178571429,90.4642857143,57.9642857143,2532.0,2632.75,3293.5,2518.25,2587.0,2343.5,1881.25
