zone_id,area_id,total,daytype_inweek,daytype_weekend,hod_00h,hod_01h,hod_02h,hod_03h,hod_04h,hod_05h,hod_06h,hod_07h,hod_08h,hod_09h,hod_10h,hod_11h,hod_12h,hod_13h,hod_14h,hod_15h,hod_16h,hod_17h,hod_18h,hod_19h,hod_20h,hod_21h,hod_22h,hod_23h,dow_mon,dow_tue,dow_wed,dow_thu,dow_fri,dow_sat,dow_sun
E07000242,E02004892,1084.46428571,5849.75,1909.5,6.10714285714,6.07142857143,5.10714285714,4.14285714286,4.17857142857,6.85714285714,18.3928571429,41.3928571429,65.4285714286,68.5,72.8571428571,71.7857142857,66.2142857143,65.4285714286,64.8928571429,68.3928571429,73.1785714286,79.5,75.5357142857,65.3214285714,53.1071428571,46.3214285714,35.2857142857,20.4642857143,1101.0,1150.25,1450.25,1115.25,1033.0,933.0,808.5
