zone_id,area_id,total,daytype_inweek,daytype_weekend,hod_00h,hod_01h,hod_02h,hod_03h,hod_04h,hod_05h,hod_06h,hod_07h,hod_08h,hod_09h,hod_10h,hod_11h,hod_12h,hod_13h,hod_14h,hod_15h,hod_16h,hod_17h,hod_18h,hod_19h,hod_20h,hod_21h,hod_22h,hod_23h,dow_mon,dow_tue,dow_wed,dow_thu,dow_fri,dow_sat,dow_sun
E07000165,E02005775,7075.71428571,37920.25,11811.0,26.5714285714,27.6428571429,20.75,16.25,22.6785714286,43.2142857143,92.6785714286,263.571428571,415.892857143,422.571428571,470.25,521.642857143,563.535714286,552.5,516.428571429,514.571428571,526.892857143,573.857142857,446.607142857,348.285714286,263.571428571,199.071428571,140.642857143,86.0357142857,6753.0,7209.25,9291.0,7496.0,7171.0,6551.75,5058.0
