zone_id,area_id,total,daytype_inweek,daytype_weekend,hod_00h,hod_01h,hod_02h,hod_03h,hod_04h,hod_05h,hod_06h,hod_07h,hod_08h,hod_09h,hod_10h,hod_11h,hod_12h,hod_13h,hod_14h,hod_15h,hod_16h,hod_17h,hod_18h,hod_19h,hod_20h,hod_21h,hod_22h,hod_23h,dow_mon,dow_tue,dow_wed,dow_thu,dow_fri,dow_sat,dow_sun
S12000010,S02001549,2266.35714286,12464.0,3957.5,8.03571428571,6.67857142857,3.10714285714,2.92857142857,4.21428571429,15.1785714286,52.8928571429,127.107142857,157.821428571,132.75,144.142857143,157.214285714,161.821428571,157.285714286,157.464285714,167.535714286,197.0,172.607142857,134.714285714,102.785714286,83.3214285714,63.0357142857,35.6071428571,21.1071428571,2379.5,2428.75,3008.5,2314.5,2332.75,1822.5,1578.0
