zone_id,area_id,total,daytype_inweek,daytype_weekend,hod_00h,hod_01h,hod_02h,hod_03h,hod_04h,hod_05h,hod_06h,hod_07h,hod_08h,hod_09h,hod_10h,hod_11h,hod_12h,hod_13h,hod_14h,hod_15h,hod_16h,hod_17h,hod_18h,hod_19h,hod_20h,hod_21h,hod_22h,hod_23h,dow_mon,dow_tue,dow_wed,dow_thu,dow_fri,dow_sat,dow_sun
E06000049,E02003813,2210.67857143,11893.0,3590.25,9.78571428571,9.14285714286,7.14285714286,6.21428571429,8.57142857143,27.9642857143,53.0357142857,112.321428571,132.607142857,125.178571429,130.214285714,136.607142857,145.464285714,145.392857143,150.357142857,155.071428571,170.892857143,173.535714286,140.285714286,114.0,93.0357142857,74.7857142857,54.3928571429,34.6785714286,1976.75,2388.5,2917.25,2326.25,2284.25,1968.25,1613.5
