zone_id,area_id,total,daytype_inweek,daytype_weekend,hod_00h,hod_01h,hod_02h,hod_03h,hod_04h,hod_05h,hod_06h,hod_07h,hod_08h,hod_09h,hod_10h,hod_11h,hod_12h,hod_13h,hod_14h,hod_15h,hod_16h,hod_17h,hod_18h,hod_19h,hod_20h,hod_21h,hod_22h,hod_23h,dow_mon,dow_tue,dow_wed,dow_thu,dow_fri,dow_sat,dow_sun
E07000004,E02003665,2526.92857143,13589.25,4340.0,13.0357142857,11.75,7.53571428571,8.67857142857,9.32142857143,20.5714285714,42.6071428571,104.0,131.857142857,145.178571429,148.357142857,165.964285714,174.178571429,173.535714286,174.321428571,174.928571429,178.428571429,183.321428571,172.678571429,150.75,126.714285714,96.0357142857,73.75,39.4285714286,2476.0,2679.75,3344.75,2551.25,2537.5,2235.25,1864.0
