zone_id,area_id,total,daytype_inweek,daytype_weekend,hod_00h,hod_01h,hod_02h,hod_03h,hod_04h,hod_05h,hod_06h,hod_07h,hod_08h,hod_09h,hod_10h,hod_11h,hod_12h,hod_13h,hod_14h,hod_15h,hod_16h,hod_17h,hod_18h,hod_19h,hod_20h,hod_21h,hod_22h,hod_23h,dow_mon,dow_tue,dow_wed,dow_thu,dow_fri,dow_sat,dow_sun
E09000031,E02000907,2531.42857143,13077.0,4463.75,29.6071428571,27.9285714286,18.75,14.1785714286,13.5357142857,16.5,32.3214285714,55.8214285714,97.5357142857,123.857142857,149.285714286,157.178571429,171.178571429,170.5,169.392857143,170.25,167.5,178.5,166.285714286,166.392857143,146.142857143,126.285714286,97.8571428571,64.6428571429,2320.5,2551.25,3284.75,2382.0,2538.5,2499.75,2143.25
