zone_id,area_id,total,daytype_inweek,daytype_weekend,hod_00h,hod_01h,hod_02h,hod_03h,hod_04h,hod_05h,hod_06h,hod_07h,hod_08h,hod_09h,hod_10h,hod_11h,hod_12h,hod_13h,hod_14h,hod_15h,hod_16h,hod_17h,hod_18h,hod_19h,hod_20h,hod_21h,hod_22h,hod_23h,dow_mon,dow_tue,dow_wed,dow_thu,dow_fri,dow_sat,dow_sun
E06000035,E02003325,3980.10714286,21233.25,6794.25,21.4642857143,20.3928571429,14.8571428571,14.8214285714,14.3214285714,35.75,72.6785714286,137.785714286,185.714285714,213.071428571,239.964285714,269.928571429,288.071428571,290.607142857,287.892857143,280.357142857,288.642857143,296.107142857,265.0,237.214285714,188.392857143,152.571428571,103.5,61.0,3907.5,4199.75,5111.25,3948.25,4066.5,3740.75,2886.75
