zone_id,area_id,total,daytype_inweek,daytype_weekend,hod_00h,hod_01h,hod_02h,hod_03h,hod_04h,hod_05h,hod_06h,hod_07h,hod_08h,hod_09h,hod_10h,hod_11h,hod_12h,hod_13h,hod_14h,hod_15h,hod_16h,hod_17h,hod_18h,hod_19h,hod_20h,hod_21h,hod_22h,hod_23h,dow_mon,dow_tue,dow_wed,dow_thu,dow_fri,dow_sat,dow_sun
E07000082,E02004655,3306.89285714,17915.25,5538.25,13.7857142857,11.7142857143,8.67857142857,8.21428571429,9.21428571429,30.5357142857,69.6071428571,152.107142857,181.214285714,193.821428571,214.321428571,227.642857143,230.0,231.071428571,225.892857143,223.178571429,241.0,244.107142857,208.357142857,179.535714286,137.214285714,116.035714286,94.9642857143,54.6785714286,3185.75,3533.0,4511.5,3491.25,3193.75,2880.5,2352.5
