zone_id,area_id,total,daytype_inweek,daytype_weekend,hod_00h,hod_01h,hod_02h,hod_03h,hod_04h,hod_05h,hod_06h,hod_07h,hod_08h,hod_09h,hod_10h,hod_11h,hod_12h,hod_13h,hod_14h,hod_15h,hod_16h,hod_17h,hod_18h,hod_19h,hod_20h,hod_21h,hod_22h,hod_23h,dow_mon,dow_tue,dow_wed,dow_thu,dow_fri,dow_sat,dow_sun
E07000190,E02006104,3079.32142857,16871.75,5098.0,12.7142857143,10.6428571429,8.14285714286,9.07142857143,10.3928571429,16.5357142857,48.4642857143,131.071428571,192.821428571,182.928571429,206.321428571,223.642857143,219.428571429,220.142857143,215.785714286,209.821428571,212.821428571,226.285714286,201.821428571,170.535714286,134.5,97.6428571429,73.2142857143,44.5714285714,3056.25,3324.75,4191.5,3350.75,2948.5,2641.75,2041.75
