zone_id,area_id,total,daytype_inweek,daytype_weekend,hod_00h,hod_01h,hod_02h,hod_03h,hod_04h,hod_05h,hod_06h,hod_07h,hod_08h,hod_09h,hod_10h,hod_11h,hod_12h,hod_13h,hod_14h,hod_15h,hod_16h,hod_17h,hod_18h,hod_19h,hod_20h,hod_21h,hod_22h,hod_23h,dow_mon,dow_tue,dow_wed,dow_thu,dow_fri,dow_sat,dow_sun
E07000128,E02005329,4117.25,21854.0,7015.5,16.4285714286,18.3571428571,12.9285714286,9.82142857143,11.4642857143,16.0357142857,50.4285714286,108.357142857,194.392857143,231.428571429,272.285714286,297.321428571,321.071428571,311.035714286,305.785714286,309.392857143,312.964285714,304.678571429,263.964285714,235.107142857,189.214285714,145.714285714,111.25,67.8214285714,3854.25,4311.25,5354.0,4207.5,4127.0,3805.5,3161.25
