zone_id,area_id,total,daytype_inweek,daytype_weekend,hod_00h,hod_01h,hod_02h,hod_03h,hod_04h,hod_05h,hod_06h,hod_07h,hod_08h,hod_09h,hod_10h,hod_11h,hod_12h,hod_13h,hod_14h,hod_15h,hod_16h,hod_17h,hod_18h,hod_19h,hod_20h,hod_21h,hod_22h,hod_23h,dow_mon,dow_tue,dow_wed,dow_thu,dow_fri,dow_sat,dow_sun
S12000015,S02001761,1475.10714286,8124.5,2506.5,7.82142857143,5.85714285714,4.75,3.60714285714,7.28571428571,16.75,45.3571428571,80.8571428571,97.0357142857,71.6428571429,74.6428571429,80.1071428571,96.0714285714,96.3571428571,93.3928571429,102.678571429,117.964285714,128.785714286,103.714285714,76.5714285714,65.8928571429,47.0357142857,30.2857142857,20.6428571429,1531.75,1622.25,2018.5,1499.75,1452.25,1226.5,974.75
