zone_id,area_id,total,daytype_inweek,daytype_weekend,hod_00h,hod_01h,hod_02h,hod_03h,hod_04h,hod_05h,hod_06h,hod_07h,hod_08h,hod_09h,hod_10h,hod_11h,hod_12h,hod_13h,hod_14h,hod_15h,hod_16h,hod_17h,hod_18h,hod_19h,hod_20h,hod_21h,hod_22h,hod_23h,dow_mon,dow_tue,dow_wed,dow_thu,dow_fri,dow_sat,dow_sun
S12000008,S02001492,1937.78571429,10662.75,3380.25,6.67857142857,6.21428571429,4.85714285714,4.71428571429,5.32142857143,13.0357142857,29.1785714286,76.9642857143,114.642857143,111.785714286,107.607142857,117.0,128.428571429,127.714285714,132.821428571,144.821428571,145.321428571,143.035714286,129.142857143,116.214285714,104.571428571,85.25,53.8928571429,28.5714285714,2052.5,2107.75,2684.25,1911.25,1907.0,1574.0,1327.75
