zone_id,area_id,total,daytype_inweek,daytype_weekend,hod_00h,hod_01h,hod_02h,hod_03h,hod_04h,hod_05h,hod_06h,hod_07h,hod_08h,hod_09h,hod_10h,hod_11h,hod_12h,hod_13h,hod_14h,hod_15h,hod_16h,hod_17h,hod_18h,hod_19h,hod_20h,hod_21h,hod_22h,hod_23h,dow_mon,dow_tue,dow_wed,dow_thu,dow_fri,dow_sat,dow_sun
S12000024,S02002233,3800.85714286,20219.5,6571.0,13.7857142857,14.5357142857,12.25,6.32142857143,8.78571428571,23.75,66.4285714286,155.642857143,238.642857143,222.714285714,238.821428571,275.428571429,276.071428571,272.535714286,289.035714286,292.892857143,299.357142857,292.535714286,224.0,186.821428571,144.821428571,112.142857143,84.6428571429,48.8928571429,3708.25,3901.75,4891.25,3713.0,4005.25,3523.75,2862.75
