zone_id,area_id,total,daytype_inweek,daytype_weekend,hod_00h,hod_01h,hod_02h,hod_03h,hod_04h,hod_05h,hod_06h,hod_07h,hod_08h,hod_09h,hod_10h,hod_11h,hod_12h,hod_13h,hod_14h,hod_15h,hod_16h,hod_17h,hod_18h,hod_19h,hod_20h,hod_21h,hod_22h,hod_23h,dow_mon,dow_tue,dow_wed,dow_thu,dow_fri,dow_sat,dow_sun
E07000078,E02004607,3518.71428571,18727.75,5947.25,18.5,21.5,14.9285714286,15.2142857143,14.2857142857,20.3928571429,46.4642857143,120.892857143,205.0,203.607142857,208.25,233.214285714,246.642857143,252.428571429,239.464285714,239.0,250.357142857,271.428571429,236.821428571,208.857142857,155.178571429,126.642857143,101.714285714,67.9285714286,3298.0,3747.5,4610.0,3421.0,3651.25,3254.0,2649.25
