zone_id,area_id,total,daytype_inweek,daytype_weekend,hod_00h,hod_01h,hod_02h,hod_03h,hod_04h,hod_05h,hod_06h,hod_07h,hod_08h,hod_09h,hod_10h,hod_11h,hod_12h,hod_13h,hod_14h,hod_15h,hod_16h,hod_17h,hod_18h,hod_19h,hod_20h,hod_21h,hod_22h,hod_23h,dow_mon,dow_tue,dow_wed,dow_thu,dow_fri,dow_sat,dow_sun
E07000208,E02006837,2496.75,13100.75,4470.0,15.9642857143,14.3928571429,11.5357142857,8.57142857143,7.71428571429,11.0714285714,26.7857142857,67.1785714286,125.464285714,144.035714286,156.892857143,173.428571429,179.392857143,171.75,168.071428571,168.857142857,164.285714286,174.071428571,165.964285714,161.678571429,135.892857143,111.392857143,80.8571428571,51.5,2460.75,2524.25,3226.25,2463.5,2426.0,2367.25,2009.25
