zone_id,area_id,total,daytype_inweek,daytype_weekend,hod_00h,hod_01h,hod_02h,hod_03h,hod_04h,hod_05h,hod_06h,hod_07h,hod_08h,hod_09h,hod_10h,hod_11h,hod_12h,hod_13h,hod_14h,hod_15h,hod_16h,hod_17h,hod_18h,hod_19h,hod_20h,hod_21h,hod_22h,hod_23h,dow_mon,dow_tue,dow_wed,dow_thu,dow_fri,dow_sat,dow_sun
E08000032,E02002210,3928.75,20845.75,6895.5,42.6428571429,43.6071428571,28.0357142857,16.75,19.75,30.75,59.7857142857,111.714285714,159.678571429,172.785714286,201.571428571,220.5,251.071428571,273.642857143,273.785714286,283.857142857,284.678571429,291.607142857,265.142857143,247.535714286,218.178571429,184.678571429,147.535714286,99.4642857143,3858.25,4145.5,5067.5,3816.5,3958.0,3618.25,3037.25
