zone_id,area_id,total,daytype_inweek,daytype_weekend,hod_00h,hod_01h,hod_02h,hod_03h,hod_04h,hod_05h,hod_06h,hod_07h,hod_08h,hod_09h,hod_10h,hod_11h,hod_12h,hod_13h,hod_14h,hod_15h,hod_16h,hod_17h,hod_18h,hod_19h,hod_20h,hod_21h,hod_22h,hod_23h,dow_mon,dow_tue,dow_wed,dow_thu,dow_fri,dow_sat,dow_sun
S12000036,S02001634,1846.14285714,9729.0,3293.0,10.7857142857,14.8214285714,9.46428571429,9.17857142857,8.67857142857,15.25,29.9642857143,83.0357142857,121.178571429,95.25,100.392857143,105.678571429,116.5,116.785714286,118.571428571,123.75,141.821428571,146.785714286,128.428571429,105.821428571,84.1428571429,70.8928571429,53.75,35.2142857143,1860.0,1903.25,2312.0,1754.5,1899.25,1761.0,1433.0
