zone_id,area_id,total,daytype_inweek,daytype_weekend,hod_00h,hod_01h,hod_02h,hod_03h,hod_04h,hod_05h,hod_06h,hod_07h,hod_08h,hod_09h,hod_10h,hod_11h,hod_12h,hod_13h,hod_14h,hod_15h,hod_16h,hod_17h,hod_18h,hod_19h,hod_20h,hod_21h,hod_22h,hod_23h,dow_mon,dow_tue,dow_wed,dow_thu,dow_fri,dow_sat,dow_sun
S12000044,S02002144,1003.21428571,5478.5,1719.75,4.82142857143,5.96428571429,5.03571428571,4.96428571429,4.42857142857,8.89285714286,21.0714285714,42.8928571429,59.2142857143,51.2857142857,53.5714285714,53.9642857143,58.5357142857,59.9285714286,60.8571428571,68.4285714286,75.2142857143,69.7857142857,71.8214285714,63.2142857143,56.0714285714,47.3214285714,36.7142857143,19.2142857143,1029.5,1090.0,1358.0,989.0,1012.0,853.75,690.25
