zone_id,area_id,total,daytype_inweek,daytype_weekend,hod_00h,hod_01h,hod_02h,hod_03h,hod_04h,hod_05h,hod_06h,hod_07h,hod_08h,hod_09h,hod_10h,hod_11h,hod_12h,hod_13h,hod_14h,hod_15h,hod_16h,hod_17h,hod_18h,hod_19h,hod_20h,hod_21h,hod_22h,hod_23h,dow_mon,dow_tue,dow_wed,dow_thu,dow_fri,dow_sat,dow_sun
E08000011,E02001329,2191.32142857,11956.25,3626.5,15.25,15.0,10.7142857143,8.21428571429,9.32142857143,26.2857142857,36.1785714286,77.2142857143,98.9642857143,105.285714286,119.571428571,117.0,143.571428571,153.571428571,159.107142857,156.214285714,166.142857143,165.107142857,155.035714286,138.428571429,112.928571429,93.5357142857,67.3928571429,41.2857142857,2108.0,2347.5,2894.5,2282.75,2323.5,1864.5,1518.5
