zone_id,area_id,total,daytype_inweek,daytype_weekend,hod_00h,hod_01h,hod_02h,hod_03h,hod_04h,hod_05h,hod_06h,hod_07h,hod_08h,hod_09h,hod_10h,hod_11h,hod_12h,hod_13h,hod_14h,hod_15h,hod_16h,hod_17h,hod_18h,hod_19h,hod_20h,hod_21h,hod_22h,hod_23h,dow_mon,dow_tue,dow_wed,dow_thu,dow_fri,dow_sat,dow_sun
E07000006,E02003692,2363.75,12424.75,4223.0,16.5357142857,12.5714285714,13.2142857143,5.82142857143,7.32142857143,12.4642857143,37.6428571429,74.0357142857,114.285714286,133.857142857,149.928571429,159.392857143,171.785714286,164.357142857,165.964285714,157.428571429,163.571428571,159.821428571,155.678571429,154.178571429,124.535714286,94.8928571429,72.4285714286,42.0357142857,2305.25,2522.75,2999.75,2255.75,2341.25,2203.75,1917.75
