zone_id,area_id,total,daytype_inweek,daytype_weekend,hod_00h,hod_01h,hod_02h,hod_03h,hod_04h,hod_05h,hod_06h,hod_07h,hod_08h,hod_09h,hod_10h,hod_11h,hod_12h,hod_13h,hod_14h,hod_15h,hod_16h,hod_17h,hod_18h,hod_19h,hod_20h,hod_21h,hod_22h,hod_23h,dow_mon,dow_tue,dow_wed,dow_thu,dow_fri,dow_sat,dow_sun
E07000033,E02004047,819.107142857,4362.25,1471.25,5.39285714286,3.96428571429,3.92857142857,3.60714285714,3.17857142857,7.53571428571,10.6428571429,27.3928571429,35.1785714286,45.25,54.8571428571,56.9642857143,60.3928571429,58.4642857143,57.3571428571,55.7142857143,59.75,58.0357142857,53.6071428571,46.9642857143,40.5,32.3571428571,24.75,13.3214285714,834.25,852.25,1017.5,833.5,824.75,734.5,637.0
