zone_id,area_id,total,daytype_inweek,daytype_weekend,hod_00h,hod_01h,hod_02h,hod_03h,hod_04h,hod_05h,hod_06h,hod_07h,hod_08h,hod_09h,hod_10h,hod_11h,hod_12h,hod_13h,hod_14h,hod_15h,hod_16h,hod_17h,hod_18h,hod_19h,hod_20h,hod_21h,hod_22h,hod_23h,dow_mon,dow_tue,dow_wed,dow_thu,dow_fri,dow_sat,dow_sun
E06000049,E02003861,2234.07142857,11575.5,4384.75,10.3214285714,9.35714285714,7.10714285714,4.96428571429,6.5,11.9285714286,31.8928571429,81.7857142857,121.285714286,131.857142857,139.535714286,157.285714286,174.071428571,171.571428571,181.0,171.142857143,171.178571429,170.75,130.821428571,109.285714286,84.0,67.7142857143,54.1428571429,34.5714285714,2211.25,2247.25,2874.75,2189.25,2053.0,1889.5,2173.5
