zone_id,area_id,total,daytype_inweek,daytype_weekend,hod_00h,hod_01h,hod_02h,hod_03h,hod_04h,hod_05h,hod_06h,hod_07h,hod_08h,hod_09h,hod_10h,hod_11h,hod_12h,hod_13h,hod_14h,hod_15h,hod_16h,hod_17h,hod_18h,hod_19h,hod_20h,hod_21h,hod_22h,hod_23h,dow_mon,dow_tue,dow_wed,dow_thu,dow_fri,dow_sat,dow_sun
S12000015,S02001783,2351.21428571,12475.25,4120.0,14.3214285714,11.9285714286,10.7857142857,8.07142857143,10.2857142857,21.6785714286,52.4285714286,94.0357142857,126.785714286,129.75,129.714285714,147.928571429,166.857142857,169.25,168.285714286,174.464285714,179.821428571,179.821428571,159.142857143,126.357142857,100.857142857,81.25,56.2857142857,31.1071428571,2311.25,2409.5,3030.75,2363.5,2360.25,2174.5,1808.75
