zone_id,area_id,total,daytype_inweek,daytype_weekend,hod_00h,hod_01h,hod_02h,hod_03h,hod_04h,hod_05h,hod_06h,hod_07h,hod_08h,hod_09h,hod_10h,hod_11h,hod_12h,hod_13h,hod_14h,hod_15h,hod_16h,hod_17h,hod_18h,hod_19h,hod_20h,hod_21h,hod_22h,hod_23h,dow_mon,dow_tue,dow_wed,dow_thu,dow_fri,dow_sat,dow_sun
E07000075,E02004568,1080.60714286,5703.75,1873.5,6.39285714286,4.89285714286,4.17857142857,3.17857142857,2.92857142857,5.17857142857,16.6785714286,38.3928571429,53.7142857143,60.8928571429,68.5,71.4642857143,76.9642857143,76.1428571429,72.3571428571,73.6071428571,71.75,77.8571428571,72.2857142857,66.8928571429,53.6071428571,47.1785714286,34.7142857143,20.8571428571,1016.75,1141.0,1423.75,1074.0,1048.25,1003.75,856.75
