zone_id,area_id,total,daytype_inweek,daytype_weekend,hod_00h,hod_01h,hod_02h,hod_03h,hod_04h,hod_05h,hod_06h,hod_07h,hod_08h,hod_09h,hod_10h,hod_11h,hod_12h,hod_13h,hod_14h,hod_15h,hod_16h,hod_17h,hod_18h,hod_19h,hod_20h,hod_21h,hod_22h,hod_23h,dow_mon,dow_tue,dow_wed,dow_thu,dow_fri,dow_sat,dow_sun
S12000029,S02002382,1142.10714286,6101.75,2028.75,5.53571428571,7.46428571429,4.14285714286,3.85714285714,3.21428571429,7.35714285714,17.1785714286,42.4642857143,64.9642857143,59.8928571429,64.8928571429,66.3928571429,74.4285714286,75.3928571429,82.9642857143,86.3214285714,92.9285714286,80.2857142857,76.5714285714,67.5,55.0714285714,47.6071428571,33.3571428571,22.3214285714,1179.0,1189.0,1467.75,1100.75,1165.25,1043.25,849.75
