zone_id,area_id,total,daytype_inweek,daytype_weekend,hod_00h,hod_01h,hod_02h,hod_03h,hod_04h,hod_05h,hod_06h,hod_07h,hod_08h,hod_09h,hod_10h,hod_11h,hod_12h,hod_13h,hod_14h,hod_15h,hod_16h,hod_17h,hod_18h,hod_19h,hod_20h,hod_21h,hod_22h,hod_23h,dow_mon,dow_tue,dow_wed,dow_thu,dow_fri,dow_sat,dow_sun
E07000174,E02005880,1380.96428571,7375.0,2269.0,6.5,5.5,4.03571428571,4.10714285714,4.89285714286,11.5,21.8928571429,49.6071428571,65.8214285714,75.5357142857,91.9285714286,96.3928571429,103.678571429,108.178571429,104.285714286,98.6428571429,103.607142857,101.107142857,90.5357142857,74.2857142857,59.75,46.7857142857,33.9642857143,18.4285714286,1289.5,1422.75,1816.25,1414.5,1432.0,1312.25,979.5
