zone_id,area_id,total,daytype_inweek,daytype_weekend,hod_00h,hod_01h,hod_02h,hod_03h,hod_04h,hod_05h,hod_06h,hod_07h,hod_08h,hod_09h,hod_10h,hod_11h,hod_12h,hod_13h,hod_14h,hod_15h,hod_16h,hod_17h,hod_18h,hod_19h,hod_20h,hod_21h,hod_22h,hod_23h,dow_mon,dow_tue,dow_wed,dow_thu,dow_fri,dow_sat,dow_sun
E07000034,E02004062,2193.25,11607.75,3698.25,9.85714285714,10.7857142857,8.5,7.21428571429,8.03571428571,12.9285714286,24.5,61.3571428571,105.071428571,120.75,144.0,149.678571429,156.5,153.678571429,162.214285714,159.428571429,167.678571429,170.178571429,150.642857143,135.571428571,107.214285714,80.9285714286,54.75,31.7857142857,2079.75,2307.5,2755.5,2236.75,2228.25,2126.5,1618.5
