zone_id,area_id,total,daytype_inweek,daytype_weekend,hod_00h,hod_01h,hod_02h,hod_03h,hod_04h,hod_05h,hod_06h,hod_07h,hod_08h,hod_09h,hod_10h,hod_11h,hod_12h,hod_13h,hod_14h,hod_15h,hod_16h,hod_17h,hod_18h,hod_19h,hod_20h,hod_21h,hod_22h,hod_23h,dow_mon,dow_tue,dow_wed,dow_thu,dow_fri,dow_sat,dow_sun
E07000082,E02004663,1923.89285714,10243.25,3291.25,6.96428571429,4.35714285714,4.07142857143,3.60714285714,3.5,10.6071428571,36.0714285714,69.3214285714,113.678571429,115.821428571,131.321428571,132.535714286,138.428571429,133.714285714,134.285714286,140.035714286,163.928571429,149.25,121.607142857,103.857142857,71.5357142857,59.7857142857,48.1071428571,27.5,1856.75,2024.75,2460.5,1960.25,1941.0,1789.5,1434.5
