zone_id,area_id,total,daytype_inweek,daytype_weekend,hod_00h,hod_01h,hod_02h,hod_03h,hod_04h,hod_05h,hod_06h,hod_07h,hod_08h,hod_09h,hod_10h,hod_11h,hod_12h,hod_13h,hod_14h,hod_15h,hod_16h,hod_17h,hod_18h,hod_19h,hod_20h,hod_21h,hod_22h,hod_23h,dow_mon,dow_tue,dow_wed,dow_thu,dow_fri,dow_sat,dow_sun
E08000004,E02001124,2165.5,11505.0,3705.75,16.7142857143,15.2857142857,11.4642857143,10.0357142857,9.75,20.2857142857,34.75,68.25,94.0357142857,104.071428571,118.785714286,135.071428571,147.821428571,148.357142857,158.214285714,155.821428571,158.071428571,166.464285714,148.285714286,132.571428571,110.0,88.0714285714,69.7857142857,43.5357142857,2073.5,2286.75,2809.75,2130.5,2204.5,2021.25,1632.25
