zone_id,area_id,total,daytype_inweek,daytype_weekend,hod_00h,hod_01h,hod_02h,hod_03h,hod_04h,hod_05h,hod_06h,hod_07h,hod_08h,hod_09h,hod_10h,hod_11h,hod_12h,hod_13h,hod_14h,hod_15h,hod_16h,hod_17h,hod_18h,hod_19h,hod_20h,hod_21h,hod_22h,hod_23h,dow_mon,dow_tue,dow_wed,dow_thu,dow_fri,dow_sat,dow_sun
S12000046,S02001947,1313.71428571,7055.5,2339.25,6.17857142857,6.35714285714,7.10714285714,5.85714285714,6.75,12.2142857143,28.6785714286,53.1785714286,84.5357142857,74.0,63.2857142857,73.4642857143,81.5,81.7857142857,89.1785714286,100.214285714,98.1071428571,103.392857143,91.3214285714,75.3571428571,62.9642857143,49.25,38.25,20.7857142857,1371.0,1380.75,1663.5,1283.0,1357.25,1172.25,968.25
