zone_id,area_id,total,daytype_inweek,daytype_weekend,hod_00h,hod_01h,hod_02h,hod_03h,hod_04h,hod_05h,hod_06h,hod_07h,hod_08h,hod_09h,hod_10h,hod_11h,hod_12h,hod_13h,hod_14h,hod_15h,hod_16h,hod_17h,hod_18h,hod_19h,hod_20h,hod_21h,hod_22h,hod_23h,dow_mon,dow_tue,dow_wed,dow_thu,dow_fri,dow_sat,dow_sun
S12000023,S02002214,520.142857143,2740.75,1027.75,1.17857142857,1.92857142857,2.71428571429,2.82142857143,2.25,4.85714285714,9.10714285714,21.5,32.7857142857,35.0357142857,33.1071428571,36.5357142857,32.0,35.7142857143,36.1785714286,39.3928571429,43.5714285714,39.9642857143,30.9285714286,26.4285714286,21.6071428571,17.1785714286,9.96428571429,3.39285714286,596.0,504.25,660.75,472.25,507.5,468.5,431.75
