zone_id,area_id,total,daytype_inweek,daytype_weekend,hod_00h,hod_01h,hod_02h,hod_03h,hod_04h,hod_05h,hod_06h,hod_07h,hod_08h,hod_09h,hod_10h,hod_11h,hod_12h,hod_13h,hod_14h,hod_15h,hod_16h,hod_17h,hod_18h,hod_19h,hod_20h,hod_21h,hod_22h,hod_23h,dow_mon,dow_tue,dow_wed,dow_thu,dow_fri,dow_sat,dow_sun
E06000023,E02003015,3881.57142857,21204.0,6386.0,20.7142857143,22.1428571429,17.2142857143,14.7857142857,15.6785714286,31.6785714286,91.25,195.785714286,223.607142857,199.75,218.071428571,232.285714286,250.214285714,258.678571429,260.892857143,262.25,275.107142857,293.428571429,268.642857143,223.178571429,186.964285714,143.75,113.178571429,62.3214285714,3675.25,4157.0,5326.25,4074.0,3971.5,3256.25,2710.75
