zone_id,area_id,total,daytype_inweek,daytype_weekend,hod_00h,hod_01h,hod_02h,hod_03h,hod_04h,hod_05h,hod_06h,hod_07h,hod_08h,hod_09h,hod_10h,hod_11h,hod_12h,hod_13h,hod_14h,hod_15h,hod_16h,hod_17h,hod_18h,hod_19h,hod_20h,hod_21h,hod_22h,hod_23h,dow_mon,dow_tue,dow_wed,dow_thu,dow_fri,dow_sat,dow_sun
E09000002,E02000023,1280.89285714,6737.5,2261.5,11.6785714286,12.25,9.28571428571,7.32142857143,7.17857142857,15.5,23.8214285714,39.7857142857,50.1785714286,65.7857142857,75.5714285714,81.0,89.0357142857,87.6071428571,85.5714285714,84.4285714286,82.1785714286,77.8571428571,81.2857142857,78.2857142857,73.2857142857,60.0357142857,50.3571428571,31.6071428571,1224.5,1305.75,1632.5,1273.25,1301.5,1191.75,1037.0
