zone_id,area_id,total,daytype_inweek,daytype_weekend,hod_00h,hod_01h,hod_02h,hod_03h,hod_04h,hod_05h,hod_06h,hod_07h,hod_08h,hod_09h,hod_10h,hod_11h,hod_12h,hod_13h,hod_14h,hod_15h,hod_16h,hod_17h,hod_18h,hod_19h,hod_20h,hod_21h,hod_22h,hod_23h,dow_mon,dow_tue,dow_wed,dow_thu,dow_fri,dow_sat,dow_sun
E06000046,E02003589,9031.42857143,48097.5,15084.75,34.6428571429,34.75,22.7142857143,16.3214285714,13.2142857143,38.2857142857,105.821428571,317.5,452.428571429,515.535714286,656.642857143,710.0,716.25,712.857142857,721.464285714,702.892857143,721.071428571,700.464285714,541.428571429,411.892857143,326.035714286,267.607142857,185.392857143,106.214285714,8489.0,9267.75,11835.75,9333.25,9171.75,8526.75,6595.75
