zone_id,area_id,total,daytype_inweek,daytype_weekend,hod_00h,hod_01h,hod_02h,hod_03h,hod_04h,hod_05h,hod_06h,hod_07h,hod_08h,hod_09h,hod_10h,hod_11h,hod_12h,hod_13h,hod_14h,hod_15h,hod_16h,hod_17h,hod_18h,hod_19h,hod_20h,hod_21h,hod_22h,hod_23h,dow_mon,dow_tue,dow_wed,dow_thu,dow_fri,dow_sat,dow_sun
E06000034,E02003303,2117.35714286,11087.0,3524.5,9.96428571429,10.75,6.82142857143,8.17857142857,10.5,35.6785714286,44.7142857143,70.6071428571,98.9642857143,114.642857143,133.357142857,148.464285714,149.464285714,154.964285714,150.285714286,145.5,138.821428571,147.392857143,144.214285714,123.642857143,98.7142857143,80.8571428571,61.6071428571,29.25,1949.5,2123.0,2771.25,1983.5,2259.75,2159.5,1575.0
