zone_id,area_id,total,daytype_inweek,daytype_weekend,hod_00h,hod_01h,hod_02h,hod_03h,hod_04h,hod_05h,hod_06h,hod_07h,hod_08h,hod_09h,hod_10h,hod_11h,hod_12h,hod_13h,hod_14h,hod_15h,hod_16h,hod_17h,hod_18h,hod_19h,hod_20h,hod_21h,hod_22h,hod_23h,dow_mon,dow_tue,dow_wed,dow_thu,dow_fri,dow_sat,dow_sun
E07000105,E02004998,2854.96428571,14803.75,5052.5,10.5714285714,10.8571428571,6.78571428571,5.64285714286,9.53571428571,25.1071428571,44.9642857143,106.0,155.785714286,154.0,178.75,186.535714286,200.5,196.178571429,200.214285714,196.285714286,205.321428571,219.964285714,200.464285714,177.357142857,141.035714286,104.607142857,79.9285714286,38.5714285714,2667.75,2907.5,3580.25,2703.0,2945.25,2796.25,2384.75
