zone_id,area_id,total,daytype_inweek,daytype_weekend,hod_00h,hod_01h,hod_02h,hod_03h,hod_04h,hod_05h,hod_06h,hod_07h,hod_08h,hod_09h,hod_10h,hod_11h,hod_12h,hod_13h,hod_14h,hod_15h,hod_16h,hod_17h,hod_18h,hod_19h,hod_20h,hod_21h,hod_22h,hod_23h,dow_mon,dow_tue,dow_wed,dow_thu,dow_fri,dow_sat,dow_sun
E07000078,E02004611,3238.32142857,17363.0,5651.25,15.3571428571,14.7142857143,12.8928571429,10.5357142857,12.75,17.3928571429,40.0714285714,116.142857143,189.642857143,188.0,208.75,221.714285714,224.821428571,223.964285714,218.892857143,220.964285714,233.071428571,237.357142857,212.535714286,188.107142857,149.785714286,119.071428571,101.892857143,59.8928571429,3172.25,3395.5,4283.25,3254.75,3257.25,2826.25,2479.0
