zone_id,area_id,total,daytype_inweek,daytype_weekend,hod_00h,hod_01h,hod_02h,hod_03h,hod_04h,hod_05h,hod_06h,hod_07h,hod_08h,hod_09h,hod_10h,hod_11h,hod_12h,hod_13h,hod_14h,hod_15h,hod_16h,hod_17h,hod_18h,hod_19h,hod_20h,hod_21h,hod_22h,hod_23h,dow_mon,dow_tue,dow_wed,dow_thu,dow_fri,dow_sat,dow_sun
E07000224,E02006554,2687.53571429,13916.5,4758.75,12.2857142857,10.0714285714,6.89285714286,6.67857142857,9.57142857143,19.7142857143,43.1785714286,97.5714285714,141.214285714,155.857142857,194.75,192.25,196.535714286,184.107142857,184.321428571,186.035714286,193.0,197.107142857,172.178571429,151.607142857,121.285714286,92.2857142857,76.4285714286,42.6071428571,2506.0,2721.5,3373.25,2660.5,2655.25,2643.5,2252.75
