zone_id,area_id,total,daytype_inweek,daytype_weekend,hod_00h,hod_01h,hod_02h,hod_03h,hod_04h,hod_05h,hod_06h,hod_07h,hod_08h,hod_09h,hod_10h,hod_11h,hod_12h,hod_13h,hod_14h,hod_15h,hod_16h,hod_17h,hod_18h,hod_19h,hod_20h,hod_21h,hod_22h,hod_23h,dow_mon,dow_tue,dow_wed,dow_thu,dow_fri,dow_sat,dow_sun
E08000010,E02001295,3975.03571429,21067.25,6712.25,21.4285714286,25.8928571429,17.7857142857,14.75,17.1428571429,31.7142857143,67.4642857143,142.678571429,181.107142857,203.928571429,231.464285714,259.357142857,283.5,286.785714286,287.571428571,279.035714286,294.035714286,301.75,270.892857143,233.785714286,194.214285714,144.142857143,115.857142857,68.75,3741.5,4080.75,5126.75,3934.75,4183.5,3787.25,2970.75
