zone_id,area_id,total,daytype_inweek,daytype_weekend,hod_00h,hod_01h,hod_02h,hod_03h,hod_04h,hod_05h,hod_06h,hod_07h,hod_08h,hod_09h,hod_10h,hod_11h,hod_12h,hod_13h,hod_14h,hod_15h,hod_16h,hod_17h,hod_18h,hod_19h,hod_20h,hod_21h,hod_22h,hod_23h,dow_mon,dow_tue,dow_wed,dow_thu,dow_fri,dow_sat,dow_sun
W06000005,W02000058,944.321428571,5059.75,1751.75,4.0,4.35714285714,3.03571428571,2.60714285714,2.89285714286,7.96428571429,16.1428571429,29.0357142857,38.1071428571,43.75,50.5,56.8928571429,68.4285714286,68.25,72.3214285714,71.8928571429,78.9642857143,74.75,63.75,51.6785714286,45.4285714286,38.1785714286,29.5357142857,21.8571428571,1039.5,1063.25,1185.75,884.5,886.75,838.25,712.25
