zone_id,area_id,total,daytype_inweek,daytype_weekend,hod_00h,hod_01h,hod_02h,hod_03h,hod_04h,hod_05h,hod_06h,hod_07h,hod_08h,hod_09h,hod_10h,hod_11h,hod_12h,hod_13h,hod_14h,hod_15h,hod_16h,hod_17h,hod_18h,hod_19h,hod_20h,hod_21h,hod_22h,hod_23h,dow_mon,dow_tue,dow_wed,dow_thu,dow_fri,dow_sat,dow_sun
S12000036,S02001680,1202.03571429,6364.25,2129.5,5.64285714286,7.92857142857,6.0,5.0,6.03571428571,10.3928571429,22.8928571429,54.8571428571,84.2142857143,62.2857142857,63.1071428571,67.8928571429,79.2857142857,79.3571428571,78.7142857143,83.1071428571,88.6071428571,98.4285714286,81.8214285714,69.7857142857,54.9285714286,41.3571428571,29.9642857143,20.4285714286,1185.75,1259.0,1509.5,1152.25,1257.75,1106.25,943.75
