zone_id,area_id,total,daytype_inweek,daytype_weekend,hod_00h,hod_01h,hod_02h,hod_03h,hod_04h,hod_05h,hod_06h,hod_07h,hod_08h,hod_09h,hod_10h,hod_11h,hod_12h,hod_13h,hod_14h,hod_15h,hod_16h,hod_17h,hod_18h,hod_19h,hod_20h,hod_21h,hod_22h,hod_23h,dow_mon,dow_tue,dow_wed,dow_thu,dow_fri,dow_sat,dow_sun
E06000043,E02003502,3002.53571429,16039.5,4976.0,16.75,16.8928571429,11.8214285714,11.8214285714,10.3571428571,20.8928571429,46.1785714286,117.857142857,169.428571429,165.642857143,183.178571429,205.785714286,214.357142857,207.25,200.5,212.178571429,223.392857143,232.25,206.428571429,172.75,133.535714286,103.821428571,76.9642857143,42.5,2815.5,3211.75,3991.25,2948.0,3073.0,2817.75,2160.5
