zone_id,area_id,total,daytype_inweek,daytype_weekend,hod_00h,hod_01h,hod_02h,hod_03h,hod_04h,hod_05h,hod_06h,hod_07h,hod_08h,hod_09h,hod_10h,hod_11h,hod_12h,hod_13h,hod_14h,hod_15h,hod_16h,hod_17h,hod_18h,hod_19h,hod_20h,hod_21h,hod_22h,hod_23h,dow_mon,dow_tue,dow_wed,dow_thu,dow_fri,dow_sat,dow_sun
W06000013,W02000236,1977.42857143,10338.0,3523.0,8.92857142857,7.32142857143,4.82142857143,3.67857142857,2.64285714286,7.89285714286,20.9642857143,51.4285714286,92.9642857143,104.357142857,123.607142857,137.178571429,144.892857143,147.892857143,151.321428571,151.964285714,159.285714286,155.678571429,128.75,114.678571429,87.4642857143,75.8214285714,58.8928571429,35.0,1928.0,2090.25,2431.0,1867.0,2021.75,1909.0,1595.0
