zone_id,area_id,total,daytype_inweek,daytype_weekend,hod_00h,hod_01h,hod_02h,hod_03h,hod_04h,hod_05h,hod_06h,hod_07h,hod_08h,hod_09h,hod_10h,hod_11h,hod_12h,hod_13h,hod_14h,hod_15h,hod_16h,hod_17h,hod_18h,hod_19h,hod_20h,hod_21h,hod_22h,hod_23h,dow_mon,dow_tue,dow_wed,dow_thu,dow_fri,dow_sat,dow_sun
S12000028,S02002350,1470.28571429,8152.25,2536.25,7.96428571429,7.5,6.25,6.64285714286,6.60714285714,10.8928571429,22.4285714286,57.9285714286,78.4285714286,81.0714285714,85.3214285714,96.2142857143,99.9642857143,104.321428571,104.142857143,111.607142857,120.071428571,110.0,90.8571428571,78.9285714286,64.2142857143,53.1428571429,41.5,24.2857142857,1563.25,1661.25,2004.5,1544.25,1379.0,1166.75,973.0
