zone_id,area_id,total,daytype_inweek,daytype_weekend,hod_00h,hod_01h,hod_02h,hod_03h,hod_04h,hod_05h,hod_06h,hod_07h,hod_08h,hod_09h,hod_10h,hod_11h,hod_12h,hod_13h,hod_14h,hod_15h,hod_16h,hod_17h,hod_18h,hod_19h,hod_20h,hod_21h,hod_22h,hod_23h,dow_mon,dow_tue,dow_wed,dow_thu,dow_fri,dow_sat,dow_sun
S12000036,S02001615,5518.89285714,28983.5,9893.25,32.9642857143,47.1071428571,29.6428571429,24.7857142857,21.6071428571,30.3928571429,71.2857142857,201.071428571,369.714285714,302.035714286,314.857142857,344.464285714,371.214285714,364.25,362.714285714,372.321428571,406.25,420.25,372.071428571,308.0,252.714285714,202.178571429,169.892857143,127.107142857,5475.75,5471.0,6848.0,5295.25,5893.5,5231.25,4417.5
