zone_id,area_id,total,daytype_inweek,daytype_weekend,hod_00h,hod_01h,hod_02h,hod_03h,hod_04h,hod_05h,hod_06h,hod_07h,hod_08h,hod_09h,hod_10h,hod_11h,hod_12h,hod_13h,hod_14h,hod_15h,hod_16h,hod_17h,hod_18h,hod_19h,hod_20h,hod_21h,hod_22h,hod_23h,dow_mon,dow_tue,dow_wed,dow_thu,dow_fri,dow_sat,dow_sun
E07000214,E02006416,1968.96428571,10534.75,3394.5,12.4642857143,10.1785714286,6.67857142857,4.96428571429,7.25,10.9285714286,29.2142857143,63.75,105.714285714,130.857142857,137.607142857,138.25,146.607142857,137.464285714,140.178571429,138.892857143,132.0,135.0,119.214285714,112.107142857,92.25,63.8214285714,52.2857142857,41.2857142857,1878.0,2083.0,2542.0,2035.25,1996.5,1731.5,1516.5
