zone_id,area_id,total,daytype_inweek,daytype_weekend,hod_00h,hod_01h,hod_02h,hod_03h,hod_04h,hod_05h,hod_06h,hod_07h,hod_08h,hod_09h,hod_10h,hod_11h,hod_12h,hod_13h,hod_14h,hod_15h,hod_16h,hod_17h,hod_18h,hod_19h,hod_20h,hod_21h,hod_22h,hod_23h,dow_mon,dow_tue,dow_wed,dow_thu,dow_fri,dow_sat,dow_sun
E09000014,E02000421,1795.64285714,9320.0,3205.75,21.4285714286,22.4285714286,15.4642857143,11.1071428571,10.9285714286,11.5714285714,23.2857142857,46.5714285714,70.9285714286,79.7142857143,94.1785714286,105.928571429,120.571428571,120.714285714,120.964285714,123.071428571,121.214285714,123.0,123.892857143,116.785714286,101.964285714,88.2142857143,68.6785714286,53.0357142857,1744.25,1846.5,2262.25,1719.75,1747.25,1788.0,1461.5
