zone_id,area_id,total,daytype_inweek,daytype_weekend,hod_00h,hod_01h,hod_02h,hod_03h,hod_04h,hod_05h,hod_06h,hod_07h,hod_08h,hod_09h,hod_10h,hod_11h,hod_12h,hod_13h,hod_14h,hod_15h,hod_16h,hod_17h,hod_18h,hod_19h,hod_20h,hod_21h,hod_22h,hod_23h,dow_mon,dow_tue,dow_wed,dow_thu,dow_fri,dow_sat,dow_sun
E07000195,E02006160,1819.07142857,9821.75,3102.25,11.6785714286,9.14285714286,6.78571428571,6.92857142857,9.21428571429,23.8214285714,37.5357142857,75.1428571429,89.9642857143,101.75,103.428571429,114.642857143,119.714285714,118.642857143,119.857142857,117.357142857,129.857142857,135.107142857,124.178571429,105.285714286,87.5714285714,74.9642857143,60.6428571429,35.8571428571,1815.5,1932.5,2287.5,1870.0,1916.25,1625.0,1286.75
