zone_id,area_id,total,daytype_inweek,daytype_weekend,hod_00h,hod_01h,hod_02h,hod_03h,hod_04h,hod_05h,hod_06h,hod_07h,hod_08h,hod_09h,hod_10h,hod_11h,hod_12h,hod_13h,hod_14h,hod_15h,hod_16h,hod_17h,hod_18h,hod_19h,hod_20h,hod_21h,hod_22h,hod_23h,dow_mon,dow_tue,dow_wed,dow_thu,dow_fri,dow_sat,dow_sun
E07000199,E02006222,1607.32142857,8491.25,2756.75,6.92857142857,7.46428571429,6.35714285714,6.35714285714,7.0,14.1785714286,24.5714285714,46.0714285714,79.6428571429,86.1071428571,95.3571428571,107.714285714,115.428571429,118.75,112.785714286,115.642857143,115.571428571,123.464285714,117.607142857,96.8928571429,78.0357142857,61.2142857143,41.7857142857,22.3928571429,1579.0,1704.75,1989.75,1567.75,1650.0,1582.25,1177.75
