zone_id,area_id,total,daytype_inweek,daytype_weekend,hod_00h,hod_01h,hod_02h,hod_03h,hod_04h,hod_05h,hod_06h,hod_07h,hod_08h,hod_09h,hod_10h,hod_11h,hod_12h,hod_13h,hod_14h,hod_15h,hod_16h,hod_17h,hod_18h,hod_19h,hod_20h,hod_21h,hod_22h,hod_23h,dow_mon,dow_tue,dow_wed,dow_thu,dow_fri,dow_sat,dow_sun
E08000029,E02002085,937.75,5052.25,1586.0,5.89285714286,5.89285714286,4.89285714286,3.60714285714,3.78571428571,11.5714285714,22.4642857143,33.5,34.9642857143,42.8571428571,47.9285714286,57.6785714286,65.5357142857,66.75,69.3928571429,68.0357142857,66.9285714286,68.3928571429,61.5,56.6071428571,50.1428571429,43.3928571429,29.3571428571,16.6785714286,890.0,1013.25,1225.25,970.5,953.25,816.0,696.0
