zone_id,area_id,total,daytype_inweek,daytype_weekend,hod_00h,hod_01h,hod_02h,hod_03h,hod_04h,hod_05h,hod_06h,hod_07h,hod_08h,hod_09h,hod_10h,hod_11h,hod_12h,hod_13h,hod_14h,hod_15h,hod_16h,hod_17h,hod_18h,hod_19h,hod_20h,hod_21h,hod_22h,hod_23h,dow_mon,dow_tue,dow_wed,dow_thu,dow_fri,dow_sat,dow_sun
E08000035,E02002415,4001.57142857,21544.25,6700.0,32.0,33.1785714286,22.6071428571,17.9285714286,19.75,45.5,74.0714285714,149.321428571,192.0,191.142857143,206.428571429,235.178571429,275.035714286,271.428571429,287.0,283.392857143,300.428571429,312.964285714,273.714285714,228.071428571,191.142857143,162.142857143,117.357142857,79.7857142857,3825.75,4290.5,5172.75,4088.25,4167.0,3592.5,2874.25
