zone_id,area_id,total,daytype_inweek,daytype_weekend,hod_00h,hod_01h,hod_02h,hod_03h,hod_04h,hod_05h,hod_06h,hod_07h,hod_08h,hod_09h,hod_10h,hod_11h,hod_12h,hod_13h,hod_14h,hod_15h,hod_16h,hod_17h,hod_18h,hod_19h,hod_20h,hod_21h,hod_22h,hod_23h,dow_mon,dow_tue,dow_wed,dow_thu,dow_fri,dow_sat,dow_sun
E06000052,E02003957,9594.46428571,51009.25,16797.25,48.6785714286,34.1785714286,24.9642857143,20.9285714286,34.9642857143,84.1428571429,164.892857143,375.535714286,479.357142857,572.5,700.678571429,709.178571429,690.642857143,683.857142857,680.035714286,699.035714286,738.357142857,753.714285714,602.107142857,473.428571429,372.964285714,296.071428571,221.535714286,132.714285714,9424.5,9656.25,12627.0,9837.5,9464.0,8779.25,7372.75
