zone_id,area_id,total,daytype_inweek,daytype_weekend,hod_00h,hod_01h,hod_02h,hod_03h,hod_04h,hod_05h,hod_06h,hod_07h,hod_08h,hod_09h,hod_10h,hod_11h,hod_12h,hod_13h,hod_14h,hod_15h,hod_16h,hod_17h,hod_18h,hod_19h,hod_20h,hod_21h,hod_22h,hod_23h,dow_mon,dow_tue,dow_wed,dow_thu,dow_fri,dow_sat,dow_sun
W06000015,W02000379,2386.92857143,12765.25,4091.75,14.4285714286,12.7857142857,9.10714285714,8.10714285714,10.4642857143,19.6071428571,42.75,93.1785714286,120.821428571,123.321428571,139.25,151.642857143,154.678571429,163.714285714,155.071428571,159.785714286,179.75,187.464285714,170.214285714,142.178571429,119.428571429,94.5,71.3214285714,43.3571428571,2314.5,2502.75,3077.5,2429.25,2441.25,2166.0,1777.25
