zone_id,area_id,total,daytype_inweek,daytype_weekend,hod_00h,hod_01h,hod_02h,hod_03h,hod_04h,hod_05h,hod_06h,hod_07h,hod_08h,hod_09h,hod_10h,hod_11h,hod_12h,hod_13h,hod_14h,hod_15h,hod_16h,hod_17h,hod_18h,hod_19h,hod_20h,hod_21h,hod_22h,hod_23h,dow_mon,dow_tue,dow_wed,dow_thu,dow_fri,dow_sat,dow_sun
E09000008,E02000217,5906.5,31247.5,10013.0,38.8928571429,35.0714285714,22.4642857143,21.8928571429,23.1071428571,39.8214285714,84.5714285714,174.75,286.571428571,314.428571429,345.607142857,398.0,442.75,444.928571429,435.964285714,414.678571429,425.857142857,453.178571429,406.535714286,343.392857143,276.607142857,216.285714286,160.357142857,100.785714286,5617.0,5985.0,7638.0,5886.75,6120.75,5702.0,4396.0
