zone_id,area_id,total,daytype_inweek,daytype_weekend,hod_00h,hod_01h,hod_02h,hod_03h,hod_04h,hod_05h,hod_06h,hod_07h,hod_08h,hod_09h,hod_10h,hod_11h,hod_12h,hod_13h,hod_14h,hod_15h,hod_16h,hod_17h,hod_18h,hod_19h,hod_20h,hod_21h,hod_22h,hod_23h,dow_mon,dow_tue,dow_wed,dow_thu,dow_fri,dow_sat,dow_sun
E07000062,E02004369,6540.78571429,34193.25,11160.0,26.3928571429,32.0,22.5,21.0714285714,21.0357142857,33.2142857143,86.0,213.107142857,317.0,344.678571429,411.857142857,455.25,482.321428571,487.571428571,472.571428571,473.071428571,485.857142857,506.142857143,442.785714286,385.571428571,315.25,242.857142857,164.178571429,98.5,6119.5,6757.25,8459.0,6276.25,6581.25,6551.75,5040.5
