zone_id,area_id,total,daytype_inweek,daytype_weekend,hod_00h,hod_01h,hod_02h,hod_03h,hod_04h,hod_05h,hod_06h,hod_07h,hod_08h,hod_09h,hod_10h,hod_11h,hod_12h,hod_13h,hod_14h,hod_15h,hod_16h,hod_17h,hod_18h,hod_19h,hod_20h,hod_21h,hod_22h,hod_23h,dow_mon,dow_tue,dow_wed,dow_thu,dow_fri,dow_sat,dow_sun
E06000046,E02003583,3111.5,16584.75,5290.25,11.9642857143,9.75,6.78571428571,4.64285714286,6.07142857143,17.3571428571,43.8928571429,151.75,166.642857143,173.535714286,205.607142857,217.642857143,231.964285714,225.071428571,228.107142857,233.857142857,245.5,252.214285714,196.321428571,148.071428571,120.75,97.0357142857,76.2857142857,40.6785714286,3002.5,3212.0,3936.0,3132.25,3302.0,2908.0,2287.75
