zone_id,area_id,total,daytype_inweek,daytype_weekend,hod_00h,hod_01h,hod_02h,hod_03h,hod_04h,hod_05h,hod_06h,hod_07h,hod_08h,hod_09h,hod_10h,hod_11h,hod_12h,hod_13h,hod_14h,hod_15h,hod_16h,hod_17h,hod_18h,hod_19h,hod_20h,hod_21h,hod_22h,hod_23h,dow_mon,dow_tue,dow_wed,dow_thu,dow_fri,dow_sat,dow_sun
W06000016,W02000268,2614.46428571,13994.25,4327.0,12.5357142857,10.1071428571,5.96428571429,7.75,6.39285714286,18.0357142857,43.0,85.5357142857,121.571428571,138.857142857,162.5,182.285714286,194.392857143,195.25,193.0,191.821428571,200.0,188.0,177.678571429,155.892857143,126.714285714,93.9285714286,63.1071428571,40.1428571429,2417.5,2755.25,3465.25,2651.5,2704.75,2397.5,1909.5
