zone_id,area_id,total,daytype_inweek,daytype_weekend,hod_00h,hod_01h,hod_02h,hod_03h,hod_04h,hod_05h,hod_06h,hod_07h,hod_08h,hod_09h,hod_10h,hod_11h,hod_12h,hod_13h,hod_14h,hod_15h,hod_16h,hod_17h,hod_18h,hod_19h,hod_20h,hod_21h,hod_22h,hod_23h,dow_mon,dow_tue,dow_wed,dow_thu,dow_fri,dow_sat,dow_sun
S12000035,S02001388,214.285714286,1176.5,391.25,0.285714285714,0.75,0.857142857143,0.678571428571,1.42857142857,1.53571428571,5.03571428571,9.85714285714,13.3214285714,10.7142857143,13.0,13.7857142857,14.6428571429,13.7142857143,12.4642857143,14.2142857143,16.75,17.1785714286,13.0714285714,13.0357142857,9.53571428571,8.78571428571,6.5,3.14285714286,233.25,213.0,299.0,215.5,215.75,165.5,158.0
