zone_id,area_id,total,daytype_inweek,daytype_weekend,hod_00h,hod_01h,hod_02h,hod_03h,hod_04h,hod_05h,hod_06h,hod_07h,hod_08h,hod_09h,hod_10h,hod_11h,hod_12h,hod_13h,hod_14h,hod_15h,hod_16h,hod_17h,hod_18h,hod_19h,hod_20h,hod_21h,hod_22h,hod_23h,dow_mon,dow_tue,dow_wed,dow_thu,dow_fri,dow_sat,dow_sun
E09000029,E02000856,2508.75,13425.25,4348.5,15.7142857143,16.3928571429,9.5,7.07142857143,7.10714285714,15.6071428571,33.2142857143,84.2857142857,131.928571429,138.392857143,153.071428571,165.357142857,174.892857143,177.928571429,171.071428571,169.928571429,174.25,186.714285714,168.035714286,153.035714286,129.428571429,101.071428571,78.5357142857,46.2142857143,2476.75,2619.25,3299.5,2493.0,2536.75,2264.25,1871.75
