zone_id,area_id,total,daytype_inweek,daytype_weekend,hod_00h,hod_01h,hod_02h,hod_03h,hod_04h,hod_05h,hod_06h,hod_07h,hod_08h,hod_09h,hod_10h,hod_11h,hod_12h,hod_13h,hod_14h,hod_15h,hod_16h,hod_17h,hod_18h,hod_19h,hod_20h,hod_21h,hod_22h,hod_23h,dow_mon,dow_tue,dow_wed,dow_thu,dow_fri,dow_sat,dow_sun
E07000152,E02005633,2175.64285714,11897.75,3586.75,8.92857142857,8.28571428571,7.53571428571,7.10714285714,10.0357142857,24.7857142857,38.4285714286,88.9285714286,134.142857143,124.678571429,133.5,136.821428571,144.571428571,146.75,141.0,143.75,152.428571429,157.428571429,145.785714286,128.75,105.321428571,84.1785714286,65.3928571429,37.1071428571,2035.25,2321.25,2878.5,2556.25,2106.5,1780.25,1551.5
