zone_id,area_id,total,daytype_inweek,daytype_weekend,hod_00h,hod_01h,hod_02h,hod_03h,hod_04h,hod_05h,hod_06h,hod_07h,hod_08h,hod_09h,hod_10h,hod_11h,hod_12h,hod_13h,hod_14h,hod_15h,hod_16h,hod_17h,hod_18h,hod_19h,hod_20h,hod_21h,hod_22h,hod_23h,dow_mon,dow_tue,dow_wed,dow_thu,dow_fri,dow_sat,dow_sun
E07000068,E02004469,2175.25,11494.25,3780.75,13.3214285714,11.1071428571,7.35714285714,7.03571428571,6.32142857143,14.3928571429,27.0357142857,68.6428571429,114.464285714,135.0,146.035714286,149.571428571,153.857142857,153.071428571,154.892857143,145.821428571,146.178571429,154.535714286,144.571428571,130.892857143,105.214285714,80.1071428571,66.8571428571,38.9642857143,2061.25,2275.5,2812.25,2121.25,2224.0,2013.0,1719.5
