zone_id,area_id,total,daytype_inweek,daytype_weekend,hod_00h,hod_01h,hod_02h,hod_03h,hod_04h,hod_05h,hod_06h,hod_07h,hod_08h,hod_09h,hod_10h,hod_11h,hod_12h,hod_13h,hod_14h,hod_15h,hod_16h,hod_17h,hod_18h,hod_19h,hod_20h,hod_21h,hod_22h,hod_23h,dow_mon,dow_tue,dow_wed,dow_thu,dow_fri,dow_sat,dow_sun
E06000056,E02003609,2749.78571429,14656.25,4809.25,16.9642857143,10.9642857143,8.57142857143,7.21428571429,8.78571428571,19.5,54.4285714286,112.75,158.428571429,161.178571429,178.142857143,185.25,195.321428571,187.678571429,180.25,181.0,200.75,202.392857143,172.428571429,154.785714286,118.285714286,96.5714285714,84.0357142857,54.1071428571,2664.0,2927.25,3584.0,2870.25,2610.75,2447.0,2145.25
