zone_id,area_id,total,daytype_inweek,daytype_weekend,hod_00h,hod_01h,hod_02h,hod_03h,hod_04h,hod_05h,hod_06h,hod_07h,hod_08h,hod_09h,hod_10h,hod_11h,hod_12h,hod_13h,hod_14h,hod_15h,hod_16h,hod_17h,hod_18h,hod_19h,hod_20h,hod_21h,hod_22h,hod_23h,dow_mon,dow_tue,dow_wed,dow_thu,dow_fri,dow_sat,dow_sun
E08000036,E02002451,4484.57142857,24675.5,7438.0,22.6071428571,26.7142857143,20.4285714286,18.2857142857,30.4642857143,65.7142857143,117.285714286,198.535714286,248.071428571,247.678571429,271.857142857,280.142857143,303.785714286,295.142857143,319.142857143,300.392857143,324.75,330.571428571,294.285714286,244.857142857,202.214285714,147.857142857,110.571428571,63.2142857143,4375.5,4821.5,6141.75,4684.75,4652.0,3654.0,3062.5
