zone_id,area_id,total,daytype_inweek,daytype_weekend,hod_00h,hod_01h,hod_02h,hod_03h,hod_04h,hod_05h,hod_06h,hod_07h,hod_08h,hod_09h,hod_10h,hod_11h,hod_12h,hod_13h,hod_14h,hod_15h,hod_16h,hod_17h,hod_18h,hod_19h,hod_20h,hod_21h,hod_22h,hod_23h,dow_mon,dow_tue,dow_wed,dow_thu,dow_fri,dow_sat,dow_sun
E07000038,E02004105,1156.85714286,6116.25,2051.5,7.53571428571,7.32142857143,3.82142857143,3.64285714286,4.42857142857,11.8214285714,18.9642857143,34.8571428571,54.7857142857,62.9642857143,70.3928571429,76.3214285714,77.6428571429,72.4642857143,80.75,81.8571428571,80.2142857143,89.6428571429,86.4285714286,71.8928571429,58.8928571429,45.75,35.3928571429,19.0714285714,1102.75,1198.0,1500.75,1174.25,1140.5,1033.0,948.75
