zone_id,area_id,total,daytype_inweek,daytype_weekend,hod_00h,hod_01h,hod_02h,hod_03h,hod_04h,hod_05h,hod_06h,hod_07h,hod_08h,hod_09h,hod_10h,hod_11h,hod_12h,hod_13h,hod_14h,hod_15h,hod_16h,hod_17h,hod_18h,hod_19h,hod_20h,hod_21h,hod_22h,hod_23h,dow_mon,dow_tue,dow_wed,dow_thu,dow_fri,dow_sat,dow_sun
E08000001,E02001009,2521.28571429,13331.25,4315.75,18.8928571429,16.3214285714,10.8214285714,10.0357142857,10.6428571429,20.3571428571,37.4285714286,86.5,117.571428571,125.714285714,139.142857143,158.25,168.178571429,173.607142857,172.642857143,181.642857143,185.25,191.25,180.25,153.321428571,131.535714286,101.357142857,79.5,51.0714285714,2362.0,2584.75,3247.75,2506.25,2630.5,2364.0,1953.75
