zone_id,area_id,total,daytype_inweek,daytype_weekend,hod_00h,hod_01h,hod_02h,hod_03h,hod_04h,hod_05h,hod_06h,hod_07h,hod_08h,hod_09h,hod_10h,hod_11h,hod_12h,hod_13h,hod_14h,hod_15h,hod_16h,hod_17h,hod_18h,hod_19h,hod_20h,hod_21h,hod_22h,hod_23h,dow_mon,dow_tue,dow_wed,dow_thu,dow_fri,dow_sat,dow_sun
S12000024,S02002249,2403.64285714,13019.5,4134.0,7.32142857143,7.92857142857,5.85714285714,3.07142857143,5.60714285714,15.0714285714,43.0357142857,121.0,157.392857143,140.678571429,155.178571429,157.428571429,164.428571429,170.678571429,172.821428571,186.964285714,198.321428571,192.607142857,149.214285714,113.142857143,94.6428571429,75.6428571429,42.8571428571,22.75,2429.0,2501.75,3140.5,2541.25,2407.0,2101.0,1705.0
