zone_id,area_id,total,daytype_inweek,daytype_weekend,hod_00h,hod_01h,hod_02h,hod_03h,hod_04h,hod_05h,hod_06h,hod_07h,hod_08h,hod_09h,hod_10h,hod_11h,hod_12h,hod_13h,hod_14h,hod_15h,hod_16h,hod_17h,hod_18h,hod_19h,hod_20h,hod_21h,hod_22h,hod_23h,dow_mon,dow_tue,dow_wed,dow_thu,dow_fri,dow_sat,dow_sun
E07000068,E02004468,2588.14285714,13798.5,4433.0,16.8928571429,15.3928571429,10.3214285714,10.0714285714,9.85714285714,16.6071428571,33.0357142857,84.9285714286,140.392857143,166.857142857,175.071428571,182.785714286,174.464285714,169.464285714,170.571428571,166.714285714,168.857142857,166.892857143,167.75,154.214285714,135.607142857,111.5,84.2142857143,55.6785714286,2486.75,2736.0,3356.0,2615.5,2604.25,2372.25,1946.25
