zone_id,area_id,total,daytype_inweek,daytype_weekend,hod_00h,hod_01h,hod_02h,hod_03h,hod_04h,hod_05h,hod_06h,hod_07h,hod_08h,hod_09h,hod_10h,hod_11h,hod_12h,hod_13h,hod_14h,hod_15h,hod_16h,hod_17h,hod_18h,hod_19h,hod_20h,hod_21h,hod_22h,hod_23h,dow_mon,dow_tue,dow_wed,dow_thu,dow_fri,dow_sat,dow_sun
E08000009,E02001273,5013.39285714,26751.75,8437.5,26.7857142857,30.5,20.2142857143,15.3571428571,11.0714285714,22.5357142857,56.8928571429,155.928571429,267.392857143,285.428571429,305.535714286,335.821428571,365.75,366.821428571,350.75,349.178571429,361.392857143,385.678571429,348.964285714,303.857142857,241.464285714,176.928571429,142.75,86.3928571429,4693.25,5197.25,6599.75,5075.25,5186.25,4597.75,3744.25
