zone_id,area_id,total,daytype_inweek,daytype_weekend,hod_00h,hod_01h,hod_02h,hod_03h,hod_04h,hod_05h,hod_06h,hod_07h,hod_08h,hod_09h,hod_10h,hod_11h,hod_12h,hod_13h,hod_14h,hod_15h,hod_16h,hod_17h,hod_18h,hod_19h,hod_20h,hod_21h,hod_22h,hod_23h,dow_mon,dow_tue,dow_wed,dow_thu,dow_fri,dow_sat,dow_sun
E09000024,E02000696,1837.5,9761.25,3188.25,18.25,17.1428571429,12.5357142857,8.85714285714,8.25,13.6785714286,23.5714285714,48.0714285714,75.6785714286,87.8928571429,96.5357142857,109.428571429,118.0,120.428571429,119.071428571,114.642857143,117.107142857,134.928571429,132.535714286,129.214285714,113.714285714,94.5,71.8928571429,51.5714285714,1786.25,1932.0,2425.75,1851.5,1765.75,1699.25,1402.0
