zone_id,area_id,total,daytype_inweek,daytype_weekend,hod_00h,hod_01h,hod_02h,hod_03h,hod_04h,hod_05h,hod_06h,hod_07h,hod_08h,hod_09h,hod_10h,hod_11h,hod_12h,hod_13h,hod_14h,hod_15h,hod_16h,hod_17h,hod_18h,hod_19h,hod_20h,hod_21h,hod_22h,hod_23h,dow_mon,dow_tue,dow_wed,dow_thu,dow_fri,dow_sat,dow_sun
E09000023,E02000660,2067.64285714,10531.25,3732.5,26.3214285714,24.5714285714,15.5,12.8571428571,9.07142857143,11.9285714286,20.8571428571,48.1428571429,80.4285714286,99.8214285714,111.392857143,123.821428571,132.142857143,141.571428571,142.464285714,143.142857143,143.928571429,142.392857143,144.321428571,132.107142857,119.607142857,100.714285714,81.5357142857,59.0,1926.25,2098.75,2521.25,1933.25,2051.75,2136.0,1806.25
