zone_id,area_id,total,daytype_inweek,daytype_weekend,hod_00h,hod_01h,hod_02h,hod_03h,hod_04h,hod_05h,hod_06h,hod_07h,hod_08h,hod_09h,hod_10h,hod_11h,hod_12h,hod_13h,hod_14h,hod_15h,hod_16h,hod_17h,hod_18h,hod_19h,hod_20h,hod_21h,hod_22h,hod_23h,dow_mon,dow_tue,dow_wed,dow_thu,dow_fri,dow_sat,dow_sun
E06000040,E02003427,2805.89285714,15054.5,4872.5,17.25,13.5357142857,12.0,7.28571428571,8.67857142857,12.0,34.9285714286,98.4642857143,169.892857143,166.821428571,176.142857143,177.571428571,195.607142857,189.214285714,182.428571429,182.321428571,190.285714286,217.428571429,194.928571429,177.285714286,144.428571429,109.071428571,80.8214285714,47.5,2762.25,2905.25,3644.25,2850.0,2892.75,2476.5,2110.25
