zone_id,area_id,total,daytype_inweek,daytype_weekend,hod_00h,hod_01h,hod_02h,hod_03h,hod_04h,hod_05h,hod_06h,hod_07h,hod_08h,hod_09h,hod_10h,hod_11h,hod_12h,hod_13h,hod_14h,hod_15h,hod_16h,hod_17h,hod_18h,hod_19h,hod_20h,hod_21h,hod_22h,hod_23h,dow_mon,dow_tue,dow_wed,dow_thu,dow_fri,dow_sat,dow_sun
S12000019,S02002068,906.214285714,4817.75,1666.75,3.39285714286,4.32142857143,3.25,2.25,2.32142857143,4.35714285714,9.46428571429,30.2857142857,54.8571428571,46.2142857143,52.4285714286,60.4642857143,69.25,66.75,63.75,70.75,71.7142857143,65.6071428571,58.75,53.3928571429,45.0,33.5357142857,22.8571428571,11.25,958.75,929.0,1161.5,838.0,930.5,817.75,708.0
