zone_id,area_id,total,daytype_inweek,daytype_weekend,hod_00h,hod_01h,hod_02h,hod_03h,hod_04h,hod_05h,hod_06h,hod_07h,hod_08h,hod_09h,hod_10h,hod_11h,hod_12h,hod_13h,hod_14h,hod_15h,hod_16h,hod_17h,hod_18h,hod_19h,hod_20h,hod_21h,hod_22h,hod_23h,dow_mon,dow_tue,dow_wed,dow_thu,dow_fri,dow_sat,dow_sun
E06000007,E02002603,6327.21428571,33971.75,10665.25,31.6071428571,31.0714285714,22.3928571429,22.6428571429,26.75,73.0,106.392857143,249.464285714,352.642857143,349.392857143,370.892857143,405.821428571,447.0,453.5,445.642857143,431.821428571,470.321428571,486.107142857,411.071428571,353.071428571,292.5,219.785714286,172.857142857,101.464285714,5956.25,6564.25,8367.25,6502.25,6581.75,5609.75,4709.0
