zone_id,area_id,total,daytype_inweek,daytype_weekend,hod_00h,hod_01h,hod_02h,hod_03h,hod_04h,hod_05h,hod_06h,hod_07h,hod_08h,hod_09h,hod_10h,hod_11h,hod_12h,hod_13h,hod_14h,hod_15h,hod_16h,hod_17h,hod_18h,hod_19h,hod_20h,hod_21h,hod_22h,hod_23h,dow_mon,dow_tue,dow_wed,dow_thu,dow_fri,dow_sat,dow_sun
E09000014,E02000419,1772.35714286,8968.75,3326.5,20.2142857143,22.7857142857,12.4285714286,8.0,10.6071428571,15.8214285714,19.7142857143,38.5714285714,59.2857142857,79.0714285714,90.6071428571,97.0,113.5,115.428571429,124.464285714,123.535714286,128.357142857,123.642857143,128.75,119.714285714,111.5,86.3214285714,69.8214285714,53.2142857143,1701.5,1859.5,2156.5,1599.5,1651.75,1812.75,1625.0
