zone_id,area_id,total,daytype_inweek,daytype_weekend,hod_00h,hod_01h,hod_02h,hod_03h,hod_04h,hod_05h,hod_06h,hod_07h,hod_08h,hod_09h,hod_10h,hod_11h,hod_12h,hod_13h,hod_14h,hod_15h,hod_16h,hod_17h,hod_18h,hod_19h,hod_20h,hod_21h,hod_22h,hod_23h,dow_mon,dow_tue,dow_wed,dow_thu,dow_fri,dow_sat,dow_sun
E07000010,E02003747,1931.21428571,10422.25,3259.0,14.0357142857,10.8928571429,5.75,7.96428571429,7.92857142857,26.9642857143,47.8928571429,89.0,116.642857143,112.928571429,121.571428571,115.107142857,119.285714286,121.178571429,116.142857143,118.285714286,136.785714286,142.071428571,134.464285714,113.464285714,89.6071428571,74.7142857143,57.2857142857,31.25,1859.5,2078.0,2475.0,2051.25,1958.5,1696.75,1399.5
