zone_id,area_id,total,daytype_inweek,daytype_weekend,hod_00h,hod_01h,hod_02h,hod_03h,hod_04h,hod_05h,hod_06h,hod_07h,hod_08h,hod_09h,hod_10h,hod_11h,hod_12h,hod_13h,hod_14h,hod_15h,hod_16h,hod_17h,hod_18h,hod_19h,hod_20h,hod_21h,hod_22h,hod_23h,dow_mon,dow_tue,dow_wed,dow_thu,dow_fri,dow_sat,dow_sun
E08000025,E02001827,1511.07142857,8133.75,2520.25,6.89285714286,6.21428571429,4.78571428571,3.5,3.57142857143,7.32142857143,25.7857142857,59.4642857143,84.1071428571,82.2857142857,101.178571429,94.2857142857,104.357142857,99.5714285714,106.071428571,107.928571429,114.5,114.714285714,99.1785714286,86.5,72.6071428571,55.1785714286,45.6785714286,25.3928571429,1416.0,1580.5,2022.0,1598.0,1517.25,1339.5,1104.25
