zone_id,area_id,total,daytype_inweek,daytype_weekend,hod_00h,hod_01h,hod_02h,hod_03h,hod_04h,hod_05h,hod_06h,hod_07h,hod_08h,hod_09h,hod_10h,hod_11h,hod_12h,hod_13h,hod_14h,hod_15h,hod_16h,hod_17h,hod_18h,hod_19h,hod_20h,hod_21h,hod_22h,hod_23h,dow_mon,dow_tue,dow_wed,dow_thu,dow_fri,dow_sat,dow_sun
E07000031,E02004022,2967.35714286,14961.5,5755.25,4.5,3.60714285714,3.25,3.39285714286,3.78571428571,7.17857142857,20.0357142857,56.0714285714,99.4642857143,151.0,242.642857143,266.035714286,265.392857143,258.964285714,264.785714286,272.035714286,269.5,249.357142857,173.75,127.428571429,88.3571428571,69.5357142857,44.1428571429,23.1428571429,2983.25,2986.25,3628.0,2814.75,2549.25,3038.0,2772.0
