zone_id,area_id,total,daytype_inweek,daytype_weekend,hod_00h,hod_01h,hod_02h,hod_03h,hod_04h,hod_05h,hod_06h,hod_07h,hod_08h,hod_09h,hod_10h,hod_11h,hod_12h,hod_13h,hod_14h,hod_15h,hod_16h,hod_17h,hod_18h,hod_19h,hod_20h,hod_21h,hod_22h,hod_23h,dow_mon,dow_tue,dow_wed,dow_thu,dow_fri,dow_sat,dow_sun
E06000021,E02002978,2345.64285714,12251.5,4101.25,10.6785714286,8.07142857143,7.5,5.64285714286,8.07142857143,21.9285714286,52.3214285714,90.5357142857,113.357142857,118.285714286,137.642857143,151.964285714,159.071428571,161.035714286,161.428571429,161.964285714,169.821428571,172.464285714,150.142857143,136.892857143,122.928571429,102.25,75.4642857143,46.1785714286,2229.0,2374.75,2939.75,2255.75,2452.25,2295.75,1872.25
