zone_id,area_id,total,daytype_inweek,daytype_weekend,hod_00h,hod_01h,hod_02h,hod_03h,hod_04h,hod_05h,hod_06h,hod_07h,hod_08h,hod_09h,hod_10h,hod_11h,hod_12h,hod_13h,hod_14h,hod_15h,hod_16h,hod_17h,hod_18h,hod_19h,hod_20h,hod_21h,hod_22h,hod_23h,dow_mon,dow_tue,dow_wed,dow_thu,dow_fri,dow_sat,dow_sun
E07000146,E02005568,1745.5,9572.0,2877.75,5.64285714286,5.10714285714,4.89285714286,5.17857142857,8.75,24.4642857143,81.1785714286,96.8928571429,95.6785714286,90.3928571429,101.214285714,104.25,104.642857143,110.357142857,112.607142857,125.785714286,152.75,143.142857143,104.821428571,84.4285714286,65.6071428571,56.6428571429,41.6428571429,19.4285714286,1727.25,1878.0,2324.5,1889.75,1752.5,1496.0,1150.5
