zone_id,area_id,total,daytype_inweek,daytype_weekend,hod_00h,hod_01h,hod_02h,hod_03h,hod_04h,hod_05h,hod_06h,hod_07h,hod_08h,hod_09h,hod_10h,hod_11h,hod_12h,hod_13h,hod_14h,hod_15h,hod_16h,hod_17h,hod_18h,hod_19h,hod_20h,hod_21h,hod_22h,hod_23h,dow_mon,dow_tue,dow_wed,dow_thu,dow_fri,dow_sat,dow_sun
E08000031,E02002175,2673.67857143,14368.0,4525.75,21.5714285714,23.5357142857,16.7142857143,14.3214285714,18.1785714286,38.3214285714,55.5714285714,93.5714285714,116.035714286,134.428571429,152.285714286,159.535714286,176.714285714,188.178571429,180.357142857,182.642857143,192.0,183.357142857,177.071428571,153.142857143,134.714285714,109.714285714,93.3214285714,58.3928571429,2628.25,2817.25,3513.0,2719.0,2690.5,2450.25,1897.5
