zone_id,area_id,total,daytype_inweek,daytype_weekend,hod_00h,hod_01h,hod_02h,hod_03h,hod_04h,hod_05h,hod_06h,hod_07h,hod_08h,hod_09h,hod_10h,hod_11h,hod_12h,hod_13h,hod_14h,hod_15h,hod_16h,hod_17h,hod_18h,hod_19h,hod_20h,hod_21h,hod_22h,hod_23h,dow_mon,dow_tue,dow_wed,dow_thu,dow_fri,dow_sat,dow_sun
E07000189,E02006087,3357.85714286,18046.75,5511.75,12.0357142857,9.78571428571,11.3214285714,7.60714285714,11.2857142857,31.8214285714,55.4642857143,158.0,189.25,186.464285714,204.857142857,231.571428571,232.142857143,236.214285714,232.035714286,236.642857143,250.035714286,272.428571429,225.107142857,179.107142857,145.107142857,108.678571429,84.3214285714,46.5714285714,3132.5,3571.5,4460.25,3334.5,3548.0,3079.0,2379.25
