zone_id,area_id,total,daytype_inweek,daytype_weekend,hod_00h,hod_01h,hod_02h,hod_03h,hod_04h,hod_05h,hod_06h,hod_07h,hod_08h,hod_09h,hod_10h,hod_11h,hod_12h,hod_13h,hod_14h,hod_15h,hod_16h,hod_17h,hod_18h,hod_19h,hod_20h,hod_21h,hod_22h,hod_23h,dow_mon,dow_tue,dow_wed,dow_thu,dow_fri,dow_sat,dow_sun
S12000044,S02002155,6825.10714286,36655.0,11749.25,40.5357142857,44.6071428571,31.25,26.4642857143,28.4285714286,44.8571428571,102.321428571,232.821428571,389.107142857,365.107142857,396.321428571,442.75,489.214285714,497.464285714,502.857142857,520.821428571,518.857142857,482.607142857,428.428571429,383.25,311.571428571,256.428571429,176.857142857,112.178571429,6869.5,7209.0,8774.0,6766.75,7035.75,6241.0,4879.75
