zone_id,area_id,total,daytype_inweek,daytype_weekend,hod_00h,hod_01h,hod_02h,hod_03h,hod_04h,hod_05h,hod_06h,hod_07h,hod_08h,hod_09h,hod_10h,hod_11h,hod_12h,hod_13h,hod_14h,hod_15h,hod_16h,hod_17h,hod_18h,hod_19h,hod_20h,hod_21h,hod_22h,hod_23h,dow_mon,dow_tue,dow_wed,dow_thu,dow_fri,dow_sat,dow_sun
E06000052,E02003961,8997.35714286,48096.75,15786.75,29.9285714286,21.3214285714,19.1071428571,13.8571428571,19.9285714286,43.5,121.607142857,294.5,406.928571429,539.821428571,683.678571429,699.428571429,658.428571429,644.642857143,649.285714286,694.428571429,773.821428571,766.25,591.107142857,438.75,339.535714286,255.107142857,189.107142857,103.285714286,8800.75,9050.75,12263.0,9341.5,8640.75,7898.75,6986.0
