zone_id,area_id,total,daytype_inweek,daytype_weekend,hod_00h,hod_01h,hod_02h,hod_03h,hod_04h,hod_05h,hod_06h,hod_07h,hod_08h,hod_09h,hod_10h,hod_11h,hod_12h,hod_13h,hod_14h,hod_15h,hod_16h,hod_17h,hod_18h,hod_19h,hod_20h,hod_21h,hod_22h,hod_23h,dow_mon,dow_tue,dow_wed,dow_thu,dow_fri,dow_sat,dow_sun
E07000138,E02005445,4546.5,23629.25,7799.0,18.1071428571,25.9642857143,19.3214285714,21.9642857143,20.5,35.1785714286,80.8214285714,180.25,237.928571429,232.535714286,264.928571429,306.607142857,333.714285714,336.464285714,330.5,340.25,336.714285714,335.75,289.714285714,252.857142857,197.75,154.785714286,121.642857143,72.25,4199.25,4463.0,5672.75,4347.0,4947.25,4596.5,3599.75
