zone_id,area_id,total,daytype_inweek,daytype_weekend,hod_00h,hod_01h,hod_02h,hod_03h,hod_04h,hod_05h,hod_06h,hod_07h,hod_08h,hod_09h,hod_10h,hod_11h,hod_12h,hod_13h,hod_14h,hod_15h,hod_16h,hod_17h,hod_18h,hod_19h,hod_20h,hod_21h,hod_22h,hod_23h,dow_mon,dow_tue,dow_wed,dow_thu,dow_fri,dow_sat,dow_sun
E06000035,E02003317,5477.78571429,29628.0,9227.5,29.6785714286,24.7857142857,21.1785714286,18.3571428571,20.25,47.5357142857,88.2857142857,229.785714286,308.214285714,302.785714286,335.214285714,354.5,383.464285714,372.142857143,366.964285714,369.857142857,406.75,426.214285714,364.178571429,305.892857143,255.964285714,200.857142857,152.107142857,92.8214285714,5319.5,5821.5,7339.25,5472.0,5675.75,4808.5,3908.0
