zone_id,area_id,total,daytype_inweek,daytype_weekend,hod_00h,hod_01h,hod_02h,hod_03h,hod_04h,hod_05h,hod_06h,hod_07h,hod_08h,hod_09h,hod_10h,hod_11h,hod_12h,hod_13h,hod_14h,hod_15h,hod_16h,hod_17h,hod_18h,hod_19h,hod_20h,hod_21h,hod_22h,hod_23h,dow_mon,dow_tue,dow_wed,dow_thu,dow_fri,dow_sat,dow_sun
E06000042,E02003480,7555.67857143,40442.0,12910.25,36.7142857143,39.9285714286,33.5,27.8571428571,34.1071428571,74.9285714286,142.607142857,286.571428571,470.571428571,380.607142857,425.285714286,466.107142857,542.821428571,547.964285714,532.357142857,507.785714286,537.642857143,625.178571429,524.25,426.035714286,333.892857143,261.5,185.357142857,112.107142857,7253.25,7986.25,9908.25,7481.5,7812.75,6790.75,5657.0
