zone_id,area_id,total,daytype_inweek,daytype_weekend,hod_00h,hod_01h,hod_02h,hod_03h,hod_04h,hod_05h,hod_06h,hod_07h,hod_08h,hod_09h,hod_10h,hod_11h,hod_12h,hod_13h,hod_14h,hod_15h,hod_16h,hod_17h,hod_18h,hod_19h,hod_20h,hod_21h,hod_22h,hod_23h,dow_mon,dow_tue,dow_wed,dow_thu,dow_fri,dow_sat,dow_sun
E07000030,E02004009,2327.07142857,12487.5,4034.25,10.9642857143,9.60714285714,6.14285714286,10.8571428571,11.4285714286,23.0714285714,43.9285714286,87.3571428571,131.5,140.5,160.821428571,161.321428571,169.464285714,165.107142857,159.035714286,156.571428571,161.0,167.642857143,154.321428571,120.535714286,103.464285714,79.1785714286,56.9285714286,36.3214285714,2329.0,2398.5,3051.75,2451.5,2256.75,2096.75,1705.25
