zone_id,area_id,total,daytype_inweek,daytype_weekend,hod_00h,hod_01h,hod_02h,hod_03h,hod_04h,hod_05h,hod_06h,hod_07h,hod_08h,hod_09h,hod_10h,hod_11h,hod_12h,hod_13h,hod_14h,hod_15h,hod_16h,hod_17h,hod_18h,hod_19h,hod_20h,hod_21h,hod_22h,hod_23h,dow_mon,dow_tue,dow_wed,dow_thu,dow_fri,dow_sat,dow_sun
E07000177,E02005932,1785.10714286,9556.75,3036.75,7.32142857143,6.03571428571,5.21428571429,3.75,4.46428571429,9.71428571429,34.4642857143,80.9642857143,103.607142857,105.607142857,110.75,114.892857143,122.571428571,124.214285714,120.857142857,119.464285714,126.321428571,141.392857143,123.321428571,106.464285714,82.75,64.9285714286,44.8928571429,21.1428571429,1712.75,1838.0,2316.25,1859.25,1830.5,1615.0,1324.0
