zone_id,area_id,total,daytype_inweek,daytype_weekend,hod_00h,hod_01h,hod_02h,hod_03h,hod_04h,hod_05h,hod_06h,hod_07h,hod_08h,hod_09h,hod_10h,hod_11h,hod_12h,hod_13h,hod_14h,hod_15h,hod_16h,hod_17h,hod_18h,hod_19h,hod_20h,hod_21h,hod_22h,hod_23h,dow_mon,dow_tue,dow_wed,dow_thu,dow_fri,dow_sat,dow_sun
S12000030,S02002450,2177.0,11773.0,3757.5,6.75,7.89285714286,7.39285714286,4.75,4.46428571429,10.2142857143,26.0714285714,72.1785714286,137.107142857,120.607142857,126.25,141.035714286,183.464285714,182.964285714,167.071428571,164.785714286,177.392857143,183.0,134.678571429,109.5,82.3928571429,64.1428571429,41.0,21.8928571429,2177.5,2319.75,2928.0,2142.25,2205.5,1886.0,1580.0
