zone_id,area_id,total,daytype_inweek,daytype_weekend,hod_00h,hod_01h,hod_02h,hod_03h,hod_04h,hod_05h,hod_06h,hod_07h,hod_08h,hod_09h,hod_10h,hod_11h,hod_12h,hod_13h,hod_14h,hod_15h,hod_16h,hod_17h,hod_18h,hod_19h,hod_20h,hod_21h,hod_22h,hod_23h,dow_mon,dow_tue,dow_wed,dow_thu,dow_fri,dow_sat,dow_sun
E09000014,E02000413,1124.85714286,5750.0,2089.25,8.46428571429,8.57142857143,5.75,5.03571428571,4.17857142857,4.03571428571,9.39285714286,25.0,42.8214285714,58.0714285714,73.2857142857,76.6785714286,83.2857142857,81.1785714286,78.3928571429,84.3571428571,79.0,74.3928571429,78.0,74.8928571429,60.7857142857,48.0714285714,35.5,25.7142857143,1082.25,1185.5,1394.0,1019.0,1069.25,1117.0,1007.0
