zone_id,area_id,total,daytype_inweek,daytype_weekend,hod_00h,hod_01h,hod_02h,hod_03h,hod_04h,hod_05h,hod_06h,hod_07h,hod_08h,hod_09h,hod_10h,hod_11h,hod_12h,hod_13h,hod_14h,hod_15h,hod_16h,hod_17h,hod_18h,hod_19h,hod_20h,hod_21h,hod_22h,hod_23h,dow_mon,dow_tue,dow_wed,dow_thu,dow_fri,dow_sat,dow_sun
E09000033,E02000980,3690.60714286,21031.75,5712.0,31.9285714286,31.75,22.5,16.8928571429,16.5357142857,19.1428571429,36.5714285714,93.8928571429,199.357142857,214.357142857,206.178571429,230.928571429,273.142857143,284.214285714,256.071428571,236.714285714,235.0,284.75,284.928571429,208.785714286,167.571428571,129.178571429,113.285714286,96.9285714286,3539.5,4046.5,5375.25,4178.25,3892.25,2630.0,2172.5
