zone_id,area_id,total,daytype_inweek,daytype_weekend,hod_00h,hod_01h,hod_02h,hod_03h,hod_04h,hod_05h,hod_06h,hod_07h,hod_08h,hod_09h,hod_10h,hod_11h,hod_12h,hod_13h,hod_14h,hod_15h,hod_16h,hod_17h,hod_18h,hod_19h,hod_20h,hod_21h,hod_22h,hod_23h,dow_mon,dow_tue,dow_wed,dow_thu,dow_fri,dow_sat,dow_sun
E07000128,E02005327,1607.07142857,8432.25,2939.75,8.07142857143,6.57142857143,7.10714285714,6.35714285714,6.10714285714,11.0714285714,24.0714285714,55.5714285714,78.2142857143,90.7142857143,112.5,114.107142857,122.107142857,119.321428571,118.428571429,111.642857143,107.75,114.5,101.785714286,89.6071428571,75.5714285714,53.5,45.8214285714,26.5714285714,1634.5,1644.5,2055.0,1589.25,1509.0,1512.0,1305.25
