zone_id,area_id,total,daytype_inweek,daytype_weekend,hod_00h,hod_01h,hod_02h,hod_03h,hod_04h,hod_05h,hod_06h,hod_07h,hod_08h,hod_09h,hod_10h,hod_11h,hod_12h,hod_13h,hod_14h,hod_15h,hod_16h,hod_17h,hod_18h,hod_19h,hod_20h,hod_21h,hod_22h,hod_23h,dow_mon,dow_tue,dow_wed,dow_thu,dow_fri,dow_sat,dow_sun
E09000019,E02000567,1698.64285714,8927.5,2972.75,17.9285714286,19.9285714286,11.2857142857,10.1071428571,6.25,9.0,20.5,39.6785714286,85.9285714286,103.357142857,90.2857142857,90.0714285714,102.964285714,108.642857143,106.714285714,105.964285714,110.678571429,108.75,126.642857143,121.25,101.035714286,80.9285714286,69.3571428571,51.3928571429,1604.75,1731.5,2168.75,1626.75,1795.75,1595.0,1368.0
