zone_id,area_id,total,daytype_inweek,daytype_weekend,hod_00h,hod_01h,hod_02h,hod_03h,hod_04h,hod_05h,hod_06h,hod_07h,hod_08h,hod_09h,hod_10h,hod_11h,hod_12h,hod_13h,hod_14h,hod_15h,hod_16h,hod_17h,hod_18h,hod_19h,hod_20h,hod_21h,hod_22h,hod_23h,dow_mon,dow_tue,dow_wed,dow_thu,dow_fri,dow_sat,dow_sun
E06000012,E02002726,4549.92857143,24991.75,7306.75,16.4642857143,19.6785714286,17.4285714286,20.75,35.7142857143,95.0,165.321428571,239.392857143,241.857142857,233.785714286,261.607142857,287.571428571,304.571428571,319.392857143,319.285714286,311.107142857,364.928571429,377.964285714,289.25,208.25,160.5,124.785714286,86.6071428571,48.7142857143,4196.75,4966.25,6107.75,4767.5,4953.5,3747.75,3110.0
