zone_id,area_id,total,daytype_inweek,daytype_weekend,hod_00h,hod_01h,hod_02h,hod_03h,hod_04h,hod_05h,hod_06h,hod_07h,hod_08h,hod_09h,hod_10h,hod_11h,hod_12h,hod_13h,hod_14h,hod_15h,hod_16h,hod_17h,hod_18h,hod_19h,hod_20h,hod_21h,hod_22h,hod_23h,dow_mon,dow_tue,dow_wed,dow_thu,dow_fri,dow_sat,dow_sun
S12000038,S02002281,1603.5,8613.75,2798.5,7.5,8.5,6.42857142857,5.96428571429,6.10714285714,12.5357142857,25.9285714286,67.9642857143,96.3571428571,81.75,82.9642857143,93.1785714286,103.535714286,105.25,107.142857143,120.214285714,123.571428571,130.071428571,114.392857143,99.9642857143,74.5357142857,57.0357142857,44.0357142857,28.5714285714,1594.0,1673.25,2082.0,1614.25,1650.25,1406.25,1204.5
