zone_id,area_id,total,daytype_inweek,daytype_weekend,hod_00h,hod_01h,hod_02h,hod_03h,hod_04h,hod_05h,hod_06h,hod_07h,hod_08h,hod_09h,hod_10h,hod_11h,hod_12h,hod_13h,hod_14h,hod_15h,hod_16h,hod_17h,hod_18h,hod_19h,hod_20h,hod_21h,hod_22h,hod_23h,dow_mon,dow_tue,dow_wed,dow_thu,dow_fri,dow_sat,dow_sun
E06000023,E02003041,2977.92857143,16134.5,4715.75,12.8571428571,16.1428571429,14.1428571429,9.92857142857,11.8571428571,17.4285714286,44.0,113.142857143,193.464285714,172.428571429,161.714285714,169.357142857,188.607142857,196.928571429,194.392857143,189.142857143,211.857142857,251.214285714,223.142857143,184.178571429,138.642857143,105.285714286,96.4285714286,61.6428571429,2717.5,3123.0,3972.0,3216.0,3106.0,2712.75,1998.25
