zone_id,area_id,total,daytype_inweek,daytype_weekend,hod_00h,hod_01h,hod_02h,hod_03h,hod_04h,hod_05h,hod_06h,hod_07h,hod_08h,hod_09h,hod_10h,hod_11h,hod_12h,hod_13h,hod_14h,hod_15h,hod_16h,hod_17h,hod_18h,hod_19h,hod_20h,hod_21h,hod_22h,hod_23h,dow_mon,dow_tue,dow_wed,dow_thu,dow_fri,dow_sat,dow_sun
E09000018,E02000528,3438.89285714,17997.25,6042.25,21.75,20.4642857143,13.6071428571,9.89285714286,8.5,20.5357142857,52.5,102.071428571,170.142857143,178.357142857,195.392857143,227.964285714,264.75,282.678571429,274.892857143,267.178571429,254.107142857,252.107142857,226.285714286,186.321428571,145.571428571,115.428571429,88.3928571429,60.0,3285.5,3586.5,4378.25,3355.0,3392.0,3318.25,2756.75
