zone_id,area_id,total,daytype_inweek,daytype_weekend,hod_00h,hod_01h,hod_02h,hod_03h,hod_04h,hod_05h,hod_06h,hod_07h,hod_08h,hod_09h,hod_10h,hod_11h,hod_12h,hod_13h,hod_14h,hod_15h,hod_16h,hod_17h,hod_18h,hod_19h,hod_20h,hod_21h,hod_22h,hod_23h,dow_mon,dow_tue,dow_wed,dow_thu,dow_fri,dow_sat,dow_sun
E09000017,E02000497,2272.35714286,11924.25,4011.0,15.3571428571,12.2857142857,7.67857142857,6.28571428571,7.42857142857,13.4642857143,32.6071428571,68.8571428571,109.035714286,130.035714286,150.5,151.535714286,159.25,149.392857143,143.357142857,151.821428571,152.107142857,157.107142857,153.428571429,147.892857143,128.928571429,104.571428571,73.5714285714,45.8571428571,2181.25,2284.0,2926.5,2178.75,2353.75,2152.5,1829.75
