zone_id,area_id,total,daytype_inweek,daytype_weekend,hod_00h,hod_01h,hod_02h,hod_03h,hod_04h,hod_05h,hod_06h,hod_07h,hod_08h,hod_09h,hod_10h,hod_11h,hod_12h,hod_13h,hod_14h,hod_15h,hod_16h,hod_17h,hod_18h,hod_19h,hod_20h,hod_21h,hod_22h,hod_23h,dow_mon,dow_tue,dow_wed,dow_thu,dow_fri,dow_sat,dow_sun
E06000044,E02003539,12204.0357143,60640.75,22023.5,54.8571428571,68.5,61.3928571429,41.9642857143,40.2142857143,66.8214285714,173.25,355.107142857,526.535714286,573.642857143,702.642857143,869.178571429,994.285714286,1008.10714286,997.892857143,956.321428571,929.357142857,875.0,735.535714286,608.464285714,497.928571429,421.75,340.5,304.785714286,10792.25,11863.25,14425.0,11092.0,12468.25,13556.25,11231.25
