zone_id,area_id,total,daytype_inweek,daytype_weekend,hod_00h,hod_01h,hod_02h,hod_03h,hod_04h,hod_05h,hod_06h,hod_07h,hod_08h,hod_09h,hod_10h,hod_11h,hod_12h,hod_13h,hod_14h,hod_15h,hod_16h,hod_17h,hod_18h,hod_19h,hod_20h,hod_21h,hod_22h,hod_23h,dow_mon,dow_tue,dow_wed,dow_thu,dow_fri,dow_sat,dow_sun
E07000069,E02004482,1151.14285714,6223.75,1980.25,6.53571428571,7.07142857143,3.17857142857,3.25,3.85714285714,8.03571428571,16.3214285714,33.1428571429,46.6785714286,57.7857142857,70.5357142857,78.9642857143,87.4285714286,80.9642857143,84.5714285714,82.1428571429,85.0714285714,84.0,79.1428571429,74.7857142857,60.5,43.7142857143,33.9642857143,19.5,1143.25,1188.0,1571.75,1133.5,1187.25,997.25,837.0
