zone_id,area_id,total,daytype_inweek,daytype_weekend,hod_00h,hod_01h,hod_02h,hod_03h,hod_04h,hod_05h,hod_06h,hod_07h,hod_08h,hod_09h,hod_10h,hod_11h,hod_12h,hod_13h,hod_14h,hod_15h,hod_16h,hod_17h,hod_18h,hod_19h,hod_20h,hod_21h,hod_22h,hod_23h,dow_mon,dow_tue,dow_wed,dow_thu,dow_fri,dow_sat,dow_sun
E06000049,E02003827,4392.10714286,23638.25,7481.5,20.8214285714,26.0,20.2142857143,15.9285714286,20.5714285714,89.6071428571,114.357142857,191.428571429,223.964285714,228.964285714,248.714285714,267.214285714,279.357142857,290.392857143,298.678571429,311.607142857,319.0,342.178571429,290.678571429,238.607142857,203.142857143,163.714285714,117.857142857,69.1071428571,4201.25,4653.75,5841.5,4413.75,4528.0,3826.25,3280.25
