zone_id,area_id,total,daytype_inweek,daytype_weekend,hod_00h,hod_01h,hod_02h,hod_03h,hod_04h,hod_05h,hod_06h,hod_07h,hod_08h,hod_09h,hod_10h,hod_11h,hod_12h,hod_13h,hod_14h,hod_15h,hod_16h,hod_17h,hod_18h,hod_19h,hod_20h,hod_21h,hod_22h,hod_23h,dow_mon,dow_tue,dow_wed,dow_thu,dow_fri,dow_sat,dow_sun
E08000034,E02002307,2083.32142857,10882.0,3586.0,10.4642857143,12.0,7.82142857143,6.82142857143,6.39285714286,18.0357142857,48.5714285714,77.0714285714,106.964285714,107.642857143,114.535714286,126.714285714,137.857142857,136.892857143,147.285714286,145.107142857,150.0,164.928571429,142.107142857,124.928571429,105.928571429,88.0,65.1428571429,32.1071428571,1955.5,2201.75,2651.0,1982.75,2091.0,2070.75,1630.5
