zone_id,area_id,total,daytype_inweek,daytype_weekend,hod_00h,hod_01h,hod_02h,hod_03h,hod_04h,hod_05h,hod_06h,hod_07h,hod_08h,hod_09h,hod_10h,hod_11h,hod_12h,hod_13h,hod_14h,hod_15h,hod_16h,hod_17h,hod_18h,hod_19h,hod_20h,hod_21h,hod_22h,hod_23h,dow_mon,dow_tue,dow_wed,dow_thu,dow_fri,dow_sat,dow_sun
E07000188,E02006069,4680.75,24994.25,7907.75,21.0357142857,22.9285714286,18.25,18.25,17.4642857143,41.1071428571,98.9642857143,201.107142857,235.785714286,264.142857143,292.857142857,310.357142857,315.642857143,320.392857143,317.5,320.571428571,331.821428571,332.607142857,314.5,263.964285714,221.142857143,175.392857143,137.464285714,87.5,4464.5,4914.0,6158.5,4631.5,4825.75,4327.75,3443.25
