zone_id,area_id,total,daytype_inweek,daytype_weekend,hod_00h,hod_01h,hod_02h,hod_03h,hod_04h,hod_05h,hod_06h,hod_07h,hod_08h,hod_09h,hod_10h,hod_11h,hod_12h,hod_13h,hod_14h,hod_15h,hod_16h,hod_17h,hod_18h,hod_19h,hod_20h,hod_21h,hod_22h,hod_23h,dow_mon,dow_tue,dow_wed,dow_thu,dow_fri,dow_sat,dow_sun
E07000177,E02005924,6325.85714286,34028.0,10057.5,28.5,27.2142857143,22.3928571429,22.7857142857,21.7142857143,51.9285714286,105.107142857,246.821428571,334.214285714,348.964285714,415.0,449.964285714,477.214285714,477.642857143,470.285714286,452.428571429,455.857142857,463.607142857,390.642857143,323.857142857,266.571428571,208.571428571,161.464285714,103.107142857,5748.75,6313.25,8009.0,7409.5,6547.5,5944.25,4308.75
