zone_id,area_id,total,daytype_inweek,daytype_weekend,hod_00h,hod_01h,hod_02h,hod_03h,hod_04h,hod_05h,hod_06h,hod_07h,hod_08h,hod_09h,hod_10h,hod_11h,hod_12h,hod_13h,hod_14h,hod_15h,hod_16h,hod_17h,hod_18h,hod_19h,hod_20h,hod_21h,hod_22h,hod_23h,dow_mon,dow_tue,dow_wed,dow_thu,dow_fri,dow_sat,dow_sun
E09000007,E02000168,2244.78571429,12288.25,3706.5,20.7142857143,18.8214285714,15.4642857143,10.3214285714,9.07142857143,11.0,18.8571428571,53.8214285714,106.321428571,126.178571429,121.357142857,130.428571429,145.107142857,160.571428571,154.178571429,151.392857143,147.25,166.75,172.0,143.964285714,122.285714286,95.2857142857,80.5714285714,63.0714285714,2144.75,2420.25,3167.75,2282.75,2272.75,1863.5,1561.75
