zone_id,area_id,total,daytype_inweek,daytype_weekend,hod_00h,hod_01h,hod_02h,hod_03h,hod_04h,hod_05h,hod_06h,hod_07h,hod_08h,hod_09h,hod_10h,hod_11h,hod_12h,hod_13h,hod_14h,hod_15h,hod_16h,hod_17h,hod_18h,hod_19h,hod_20h,hod_21h,hod_22h,hod_23h,dow_mon,dow_tue,dow_wed,dow_thu,dow_fri,dow_sat,dow_sun
E07000134,E02005408,1380.89285714,7412.75,2376.0,5.46428571429,4.57142857143,5.35714285714,4.71428571429,8.25,18.3928571429,32.4285714286,58.75,81.3928571429,75.2857142857,78.8571428571,85.6428571429,85.8214285714,90.1785714286,93.1785714286,94.4642857143,90.7142857143,100.642857143,87.0357142857,74.7142857143,63.7857142857,62.1428571429,48.7857142857,30.3214285714,1355.75,1489.5,1883.75,1390.5,1293.25,1233.25,1020.25
