zone_id,area_id,total,daytype_inweek,daytype_weekend,hod_00h,hod_01h,hod_02h,hod_03h,hod_04h,hod_05h,hod_06h,hod_07h,hod_08h,hod_09h,hod_10h,hod_11h,hod_12h,hod_13h,hod_14h,hod_15h,hod_16h,hod_17h,hod_18h,hod_19h,hod_20h,hod_21h,hod_22h,hod_23h,dow_mon,dow_tue,dow_wed,dow_thu,dow_fri,dow_sat,dow_sun
E07000172,E02005859,1457.67857143,7720.0,2570.25,4.71428571429,8.42857142857,4.07142857143,3.85714285714,5.0,10.1428571429,20.0357142857,47.3928571429,72.4642857143,83.0714285714,97.0,102.571428571,107.071428571,98.8214285714,97.2142857143,105.25,104.178571429,103.785714286,99.2857142857,91.5,76.2142857143,54.9285714286,40.2142857143,20.4642857143,1445.0,1507.0,1870.0,1435.0,1463.0,1358.5,1125.25
