zone_id,area_id,total,daytype_inweek,daytype_weekend,hod_00h,hod_01h,hod_02h,hod_03h,hod_04h,hod_05h,hod_06h,hod_07h,hod_08h,hod_09h,hod_10h,hod_11h,hod_12h,hod_13h,hod_14h,hod_15h,hod_16h,hod_17h,hod_18h,hod_19h,hod_20h,hod_21h,hod_22h,hod_23h,dow_mon,dow_tue,dow_wed,dow_thu,dow_fri,dow_sat,dow_sun
E09000031,E02000916,2493.35714286,12933.5,4462.0,34.6428571429,28.9285714286,19.4285714286,15.0714285714,15.0714285714,21.4285714286,39.0714285714,66.25,97.9285714286,120.25,137.464285714,151.392857143,165.357142857,166.0,161.357142857,168.857142857,165.321428571,165.142857143,158.0,159.178571429,145.535714286,120.214285714,97.4642857143,74.0,2343.25,2575.5,3174.5,2342.5,2497.75,2401.25,2118.75
