zone_id,area_id,total,daytype_inweek,daytype_weekend,hod_00h,hod_01h,hod_02h,hod_03h,hod_04h,hod_05h,hod_06h,hod_07h,hod_08h,hod_09h,hod_10h,hod_11h,hod_12h,hod_13h,hod_14h,hod_15h,hod_16h,hod_17h,hod_18h,hod_19h,hod_20h,hod_21h,hod_22h,hod_23h,dow_mon,dow_tue,dow_wed,dow_thu,dow_fri,dow_sat,dow_sun
S12000036,S02001576,2623.82142857,14115.0,4674.75,18.5357142857,16.5357142857,10.6071428571,10.5714285714,12.1428571429,26.7142857143,53.6071428571,142.357142857,185.214285714,152.714285714,150.678571429,155.071428571,161.25,157.0,162.535714286,182.75,190.142857143,201.285714286,174.357142857,137.821428571,108.357142857,93.0,74.5,46.0714285714,2706.5,2722.25,3471.75,2600.5,2614.0,2283.5,1968.25
