zone_id,area_id,total,daytype_inweek,daytype_weekend,hod_00h,hod_01h,hod_02h,hod_03h,hod_04h,hod_05h,hod_06h,hod_07h,hod_08h,hod_09h,hod_10h,hod_11h,hod_12h,hod_13h,hod_14h,hod_15h,hod_16h,hod_17h,hod_18h,hod_19h,hod_20h,hod_21h,hod_22h,hod_23h,dow_mon,dow_tue,dow_wed,dow_thu,dow_fri,dow_sat,dow_sun
E07000206,E02006311,2332.85714286,12072.25,4194.25,7.82142857143,5.64285714286,3.82142857143,4.39285714286,6.5,17.4285714286,32.7142857143,75.4285714286,112.392857143,138.892857143,161.821428571,173.571428571,177.285714286,177.75,178.857142857,180.357142857,179.821428571,185.25,153.321428571,114.464285714,87.9642857143,73.3214285714,52.6428571429,31.3928571429,2290.0,2367.25,2945.25,2236.5,2233.25,2353.5,1904.25
