zone_id,area_id,total,daytype_inweek,daytype_weekend,hod_00h,hod_01h,hod_02h,hod_03h,hod_04h,hod_05h,hod_06h,hod_07h,hod_08h,hod_09h,hod_10h,hod_11h,hod_12h,hod_13h,hod_14h,hod_15h,hod_16h,hod_17h,hod_18h,hod_19h,hod_20h,hod_21h,hod_22h,hod_23h,dow_mon,dow_tue,dow_wed,dow_thu,dow_fri,dow_sat,dow_sun
E08000035,E02002354,4733.5,25192.75,8102.75,32.0357142857,29.0,19.2142857143,15.5357142857,17.9642857143,28.9285714286,70.8214285714,210.714285714,268.392857143,255.071428571,269.642857143,304.25,316.892857143,308.785714286,320.75,318.75,342.071428571,368.607142857,329.0,287.321428571,232.321428571,176.857142857,130.785714286,79.7857142857,4531.0,4794.0,6189.75,4753.0,4925.0,4370.0,3571.75
