zone_id,area_id,total,daytype_inweek,daytype_weekend,hod_00h,hod_01h,hod_02h,hod_03h,hod_04h,hod_05h,hod_06h,hod_07h,hod_08h,hod_09h,hod_10h,hod_11h,hod_12h,hod_13h,hod_14h,hod_15h,hod_16h,hod_17h,hod_18h,hod_19h,hod_20h,hod_21h,hod_22h,hod_23h,dow_mon,dow_tue,dow_wed,dow_thu,dow_fri,dow_sat,dow_sun
E06000021,E02002971,2332.60714286,12327.5,3882.75,14.8214285714,13.5,10.6428571429,8.32142857143,10.9285714286,24.6785714286,43.3928571429,85.8214285714,111.571428571,123.464285714,134.964285714,149.5,162.75,161.0,164.107142857,160.285714286,179.285714286,177.785714286,147.642857143,129.928571429,111.071428571,91.1785714286,72.7857142857,43.1785714286,2149.25,2370.5,3088.25,2332.5,2387.0,2267.25,1733.5
