zone_id,area_id,total,daytype_inweek,daytype_weekend,hod_00h,hod_01h,hod_02h,hod_03h,hod_04h,hod_05h,hod_06h,hod_07h,hod_08h,hod_09h,hod_10h,hod_11h,hod_12h,hod_13h,hod_14h,hod_15h,hod_16h,hod_17h,hod_18h,hod_19h,hod_20h,hod_21h,hod_22h,hod_23h,dow_mon,dow_tue,dow_wed,dow_thu,dow_fri,dow_sat,dow_sun
E07000009,E02003734,2120.03571429,11610.75,3434.25,6.82142857143,7.25,6.10714285714,6.25,5.0,16.5,34.0,89.0714285714,110.571428571,114.428571429,135.142857143,139.071428571,144.642857143,139.357142857,141.321428571,145.428571429,158.821428571,163.357142857,153.321428571,123.321428571,99.3928571429,86.3214285714,61.5357142857,33.0,2041.25,2432.75,2786.75,2210.75,2139.25,1836.5,1393.0
