zone_id,area_id,total,daytype_inweek,daytype_weekend,hod_00h,hod_01h,hod_02h,hod_03h,hod_04h,hod_05h,hod_06h,hod_07h,hod_08h,hod_09h,hod_10h,hod_11h,hod_12h,hod_13h,hod_14h,hod_15h,hod_16h,hod_17h,hod_18h,hod_19h,hod_20h,hod_21h,hod_22h,hod_23h,dow_mon,dow_tue,dow_wed,dow_thu,dow_fri,dow_sat,dow_sun
S12000021,S02002102,1012.03571429,5512.75,1751.25,3.57142857143,4.03571428571,2.67857142857,1.75,1.60714285714,7.10714285714,8.96428571429,38.9285714286,61.9642857143,53.5,53.2857142857,64.3214285714,67.3214285714,70.6785714286,74.3928571429,80.0714285714,81.25,77.0,73.0,65.7142857143,47.6785714286,36.6071428571,25.0714285714,11.5357142857,1056.75,1048.75,1331.75,1046.25,1029.25,877.0,694.5
