zone_id,area_id,total,daytype_inweek,daytype_weekend,hod_00h,hod_01h,hod_02h,hod_03h,hod_04h,hod_05h,hod_06h,hod_07h,hod_08h,hod_09h,hod_10h,hod_11h,hod_12h,hod_13h,hod_14h,hod_15h,hod_16h,hod_17h,hod_18h,hod_19h,hod_20h,hod_21h,hod_22h,hod_23h,dow_mon,dow_tue,dow_wed,dow_thu,dow_fri,dow_sat,dow_sun
E09000004,E02000090,2933.57142857,15514.0,4989.75,18.1785714286,17.6428571429,8.39285714286,6.5,7.42857142857,13.8214285714,46.25,100.357142857,143.714285714,174.678571429,193.535714286,205.0,221.428571429,205.607142857,208.392857143,202.607142857,196.964285714,211.464285714,194.035714286,172.75,142.357142857,110.392857143,78.2142857143,53.8571428571,2745.5,3021.0,3814.25,3037.5,2895.75,2776.75,2244.25
