zone_id,area_id,total,daytype_inweek,daytype_weekend,hod_00h,hod_01h,hod_02h,hod_03h,hod_04h,hod_05h,hod_06h,hod_07h,hod_08h,hod_09h,hod_10h,hod_11h,hod_12h,hod_13h,hod_14h,hod_15h,hod_16h,hod_17h,hod_18h,hod_19h,hod_20h,hod_21h,hod_22h,hod_23h,dow_mon,dow_tue,dow_wed,dow_thu,dow_fri,dow_sat,dow_sun
E07000178,E02005945,7003.57142857,37980.25,11643.75,39.8928571429,50.6785714286,37.6428571429,36.25,31.1071428571,58.0,129.678571429,274.678571429,389.0,377.821428571,403.642857143,441.857142857,477.428571429,497.071428571,478.321428571,486.928571429,494.892857143,518.75,461.321428571,394.428571429,333.857142857,261.678571429,198.392857143,130.25,6652.0,7379.5,9523.0,7381.75,7044.0,6053.0,4991.75
