zone_id,area_id,total,daytype_inweek,daytype_weekend,hod_00h,hod_01h,hod_02h,hod_03h,hod_04h,hod_05h,hod_06h,hod_07h,hod_08h,hod_09h,hod_10h,hod_11h,hod_12h,hod_13h,hod_14h,hod_15h,hod_16h,hod_17h,hod_18h,hod_19h,hod_20h,hod_21h,hod_22h,hod_23h,dow_mon,dow_tue,dow_wed,dow_thu,dow_fri,dow_sat,dow_sun
E07000141,E02005486,1581.60714286,8555.5,2618.25,7.42857142857,6.21428571429,3.96428571429,4.14285714286,5.78571428571,11.3214285714,31.5,73.3928571429,98.5714285714,92.4285714286,96.7142857143,104.785714286,103.857142857,105.178571429,104.928571429,108.035714286,116.464285714,134.5,104.5,87.4642857143,65.1785714286,50.3571428571,41.6785714286,23.2142857143,1486.0,1658.75,2120.0,1662.75,1628.0,1383.5,1132.25
