zone_id,area_id,total,daytype_inweek,daytype_weekend,hod_00h,hod_01h,hod_02h,hod_03h,hod_04h,hod_05h,hod_06h,hod_07h,hod_08h,hod_09h,hod_10h,hod_11h,hod_12h,hod_13h,hod_14h,hod_15h,hod_16h,hod_17h,hod_18h,hod_19h,hod_20h,hod_21h,hod_22h,hod_23h,dow_mon,dow_tue,dow_wed,dow_thu,dow_fri,dow_sat,dow_sun
E07000094,E02004832,3772.64285714,19122.75,7001.5,16.9285714286,32.6785714286,32.4285714286,26.7142857143,18.8214285714,23.7142857143,44.6071428571,112.0,176.75,210.607142857,232.25,250.178571429,266.321428571,262.0,267.392857143,263.75,262.642857143,256.25,229.75,218.285714286,187.5,164.357142857,127.857142857,88.8571428571,3582.5,2947.5,3662.25,4724.75,4205.75,3866.75,3419.0
