zone_id,area_id,total,daytype_inweek,daytype_weekend,hod_00h,hod_01h,hod_02h,hod_03h,hod_04h,hod_05h,hod_06h,hod_07h,hod_08h,hod_09h,hod_10h,hod_11h,hod_12h,hod_13h,hod_14h,hod_15h,hod_16h,hod_17h,hod_18h,hod_19h,hod_20h,hod_21h,hod_22h,hod_23h,dow_mon,dow_tue,dow_wed,dow_thu,dow_fri,dow_sat,dow_sun
E08000021,E02001712,3636.17857143,19720.5,5911.75,19.1785714286,21.3214285714,15.3928571429,12.7142857143,11.0714285714,14.3214285714,46.2142857143,137.892857143,226.214285714,200.035714286,209.5,232.535714286,252.571428571,253.107142857,245.928571429,256.071428571,268.428571429,300.678571429,249.571428571,212.321428571,167.678571429,120.5,98.7142857143,64.2142857143,3425.5,3875.25,4833.25,3811.25,3775.25,3246.5,2486.25
