zone_id,area_id,total,daytype_inweek,daytype_weekend,hod_00h,hod_01h,hod_02h,hod_03h,hod_04h,hod_05h,hod_06h,hod_07h,hod_08h,hod_09h,hod_10h,hod_11h,hod_12h,hod_13h,hod_14h,hod_15h,hod_16h,hod_17h,hod_18h,hod_19h,hod_20h,hod_21h,hod_22h,hod_23h,dow_mon,dow_tue,dow_wed,dow_thu,dow_fri,dow_sat,dow_sun
E07000074,E02004559,1075.64285714,5782.25,1884.25,5.82142857143,5.21428571429,3.0,4.35714285714,4.14285714286,5.10714285714,16.75,38.0,53.6785714286,59.75,66.0357142857,75.6785714286,74.9642857143,75.1428571429,72.9285714286,73.5,75.8928571429,86.3928571429,71.7857142857,64.7857142857,51.1071428571,43.9285714286,29.4642857143,18.2142857143,1065.5,1164.25,1428.5,1097.5,1026.5,928.5,818.75
