zone_id,area_id,total,daytype_inweek,daytype_weekend,hod_00h,hod_01h,hod_02h,hod_03h,hod_04h,hod_05h,hod_06h,hod_07h,hod_08h,hod_09h,hod_10h,hod_11h,hod_12h,hod_13h,hod_14h,hod_15h,hod_16h,hod_17h,hod_18h,hod_19h,hod_20h,hod_21h,hod_22h,hod_23h,dow_mon,dow_tue,dow_wed,dow_thu,dow_fri,dow_sat,dow_sun
E07000130,E02005348,2043.92857143,10931.75,3430.5,8.71428571429,9.32142857143,7.64285714286,6.71428571429,7.64285714286,17.8928571429,26.0357142857,67.4642857143,109.535714286,110.892857143,127.785714286,139.392857143,146.357142857,149.785714286,155.928571429,146.5,150.142857143,161.678571429,135.178571429,116.285714286,92.9285714286,70.1428571429,50.4285714286,29.5357142857,1920.75,2137.25,2687.25,2070.0,2116.5,1866.0,1509.75
