zone_id,area_id,total,daytype_inweek,daytype_weekend,hod_00h,hod_01h,hod_02h,hod_03h,hod_04h,hod_05h,hod_06h,hod_07h,hod_08h,hod_09h,hod_10h,hod_11h,hod_12h,hod_13h,hod_14h,hod_15h,hod_16h,hod_17h,hod_18h,hod_19h,hod_20h,hod_21h,hod_22h,hod_23h,dow_mon,dow_tue,dow_wed,dow_thu,dow_fri,dow_sat,dow_sun
E08000013,E02001412,3236.25,17247.5,5436.5,16.5,16.6428571429,13.7142857143,10.6071428571,10.1428571429,23.6428571429,42.8928571429,94.5,142.571428571,150.607142857,176.107142857,206.0,229.928571429,232.5,234.5,235.571428571,247.857142857,247.571428571,223.642857143,204.821428571,162.178571429,135.857142857,109.035714286,68.8571428571,3044.75,3368.25,4239.5,3253.5,3341.5,3014.5,2391.75
