zone_id,area_id,total,daytype_inweek,daytype_weekend,hod_00h,hod_01h,hod_02h,hod_03h,hod_04h,hod_05h,hod_06h,hod_07h,hod_08h,hod_09h,hod_10h,hod_11h,hod_12h,hod_13h,hod_14h,hod_15h,hod_16h,hod_17h,hod_18h,hod_19h,hod_20h,hod_21h,hod_22h,hod_23h,dow_mon,dow_tue,dow_wed,dow_thu,dow_fri,dow_sat,dow_sun
E06000035,E02003334,2181.28571429,11475.25,3863.5,12.0714285714,12.0357142857,11.0714285714,8.5,7.10714285714,16.3928571429,33.1428571429,74.2142857143,103.178571429,119.25,134.107142857,141.821428571,151.357142857,145.357142857,144.5,149.357142857,150.785714286,166.678571429,151.428571429,137.964285714,116.464285714,89.3928571429,66.1785714286,38.9285714286,2145.75,2217.75,2800.5,2084.0,2227.25,2076.0,1717.75
