zone_id,area_id,total,daytype_inweek,daytype_weekend,hod_00h,hod_01h,hod_02h,hod_03h,hod_04h,hod_05h,hod_06h,hod_07h,hod_08h,hod_09h,hod_10h,hod_11h,hod_12h,hod_13h,hod_14h,hod_15h,hod_16h,hod_17h,hod_18h,hod_19h,hod_20h,hod_21h,hod_22h,hod_23h,dow_mon,dow_tue,dow_wed,dow_thu,dow_fri,dow_sat,dow_sun
E07000113,E02005131,1398.03571429,7322.25,2422.0,5.82142857143,4.46428571429,3.57142857143,3.14285714286,3.46428571429,9.28571428571,24.0357142857,51.6071428571,75.3928571429,82.8928571429,92.8928571429,102.25,101.964285714,97.4642857143,97.5357142857,103.571428571,98.0357142857,102.357142857,87.8928571429,76.7857142857,62.7142857143,48.1785714286,38.4642857143,24.25,1326.75,1428.5,1714.75,1401.25,1451.0,1368.75,1095.25
