zone_id,area_id,total,daytype_inweek,daytype_weekend,hod_00h,hod_01h,hod_02h,hod_03h,hod_04h,hod_05h,hod_06h,hod_07h,hod_08h,hod_09h,hod_10h,hod_11h,hod_12h,hod_13h,hod_14h,hod_15h,hod_16h,hod_17h,hod_18h,hod_19h,hod_20h,hod_21h,hod_22h,hod_23h,dow_mon,dow_tue,dow_wed,dow_thu,dow_fri,dow_sat,dow_sun
S12000036,S02001616,7562.89285714,39864.25,13392.75,50.5357142857,74.1428571429,46.1785714286,42.5,32.6071428571,50.6071428571,114.142857143,269.214285714,453.142857143,409.928571429,427.214285714,468.892857143,494.357142857,492.75,487.5,505.321428571,530.857142857,584.214285714,505.5,424.0,362.25,290.464285714,255.75,190.821428571,7460.75,7699.75,9354.75,7310.75,8038.25,7144.0,5932.0
