zone_id,area_id,total,daytype_inweek,daytype_weekend,hod_00h,hod_01h,hod_02h,hod_03h,hod_04h,hod_05h,hod_06h,hod_07h,hod_08h,hod_09h,hod_10h,hod_11h,hod_12h,hod_13h,hod_14h,hod_15h,hod_16h,hod_17h,hod_18h,hod_19h,hod_20h,hod_21h,hod_22h,hod_23h,dow_mon,dow_tue,dow_wed,dow_thu,dow_fri,dow_sat,dow_sun
E06000047,E02004355,3771.5,19792.5,6254.0,13.1071428571,13.5357142857,9.25,8.10714285714,8.46428571429,23.8214285714,62.0357142857,126.142857143,186.964285714,213.857142857,252.928571429,281.714285714,297.678571429,289.714285714,299.642857143,287.464285714,281.714285714,278.0,238.357142857,196.392857143,157.464285714,117.75,79.9285714286,47.4642857143,3455.5,3761.5,4797.0,3722.25,4056.25,3809.5,2798.5
