zone_id,area_id,total,daytype_inweek,daytype_weekend,hod_00h,hod_01h,hod_02h,hod_03h,hod_04h,hod_05h,hod_06h,hod_07h,hod_08h,hod_09h,hod_10h,hod_11h,hod_12h,hod_13h,hod_14h,hod_15h,hod_16h,hod_17h,hod_18h,hod_19h,hod_20h,hod_21h,hod_22h,hod_23h,dow_mon,dow_tue,dow_wed,dow_thu,dow_fri,dow_sat,dow_sun
E08000017,E02001577,2571.17857143,13892.25,4422.25,10.7142857143,10.5714285714,8.46428571429,9.35714285714,11.6071428571,33.8928571429,54.3571428571,121.678571429,142.892857143,137.75,158.357142857,168.178571429,182.428571429,188.107142857,192.464285714,179.535714286,196.428571429,187.0,157.857142857,126.892857143,106.0,83.4285714286,70.8214285714,32.3928571429,2516.0,2714.5,3403.5,2681.25,2577.0,2199.75,1906.25
