zone_id,area_id,total,daytype_inweek,daytype_weekend,hod_00h,hod_01h,hod_02h,hod_03h,hod_04h,hod_05h,hod_06h,hod_07h,hod_08h,hod_09h,hod_10h,hod_11h,hod_12h,hod_13h,hod_14h,hod_15h,hod_16h,hod_17h,hod_18h,hod_19h,hod_20h,hod_21h,hod_22h,hod_23h,dow_mon,dow_tue,dow_wed,dow_thu,dow_fri,dow_sat,dow_sun
E09000014,E02000417,1335.03571429,6904.5,2447.5,12.4285714286,11.1428571429,7.25,3.67857142857,4.39285714286,5.25,11.5714285714,26.75,53.5714285714,70.6071428571,84.4642857143,88.1428571429,95.3928571429,91.1428571429,95.0357142857,95.8571428571,95.2857142857,87.4285714286,93.1785714286,81.75,73.6071428571,58.0714285714,50.0357142857,39.0,1281.25,1384.0,1725.0,1255.25,1259.0,1274.5,1166.25
