zone_id,area_id,total,daytype_inweek,daytype_weekend,hod_00h,hod_01h,hod_02h,hod_03h,hod_04h,hod_05h,hod_06h,hod_07h,hod_08h,hod_09h,hod_10h,hod_11h,hod_12h,hod_13h,hod_14h,hod_15h,hod_16h,hod_17h,hod_18h,hod_19h,hod_20h,hod_21h,hod_22h,hod_23h,dow_mon,dow_tue,dow_wed,dow_thu,dow_fri,dow_sat,dow_sun
E06000010,E02002662,3188.85714286,16868.75,5442.25,11.6785714286,15.4642857143,13.3214285714,11.3571428571,17.5,35.5,72.8928571429,128.428571429,153.285714286,161.25,198.75,224.071428571,236.035714286,232.107142857,237.214285714,232.5,243.642857143,223.964285714,209.25,171.535714286,141.75,107.678571429,68.9642857143,40.7142857143,2994.25,3337.5,4103.5,3071.0,3362.5,3005.25,2448.0
