zone_id,area_id,total,daytype_inweek,daytype_weekend,hod_00h,hod_01h,hod_02h,hod_03h,hod_04h,hod_05h,hod_06h,hod_07h,hod_08h,hod_09h,hod_10h,hod_11h,hod_12h,hod_13h,hod_14h,hod_15h,hod_16h,hod_17h,hod_18h,hod_19h,hod_20h,hod_21h,hod_22h,hod_23h,dow_mon,dow_tue,dow_wed,dow_thu,dow_fri,dow_sat,dow_sun
E06000010,E02002670,3245.46428571,17360.25,5396.25,13.9642857143,18.0714285714,11.5,11.9285714286,13.8214285714,32.3214285714,78.5714285714,144.678571429,160.428571429,167.964285714,193.071428571,218.357142857,225.357142857,229.964285714,236.785714286,229.321428571,249.785714286,248.214285714,210.214285714,181.607142857,139.25,108.357142857,77.7857142857,44.1428571429,3036.25,3339.0,4336.25,3191.25,3457.5,2998.0,2360.0
