zone_id,area_id,total,daytype_inweek,daytype_weekend,hod_00h,hod_01h,hod_02h,hod_03h,hod_04h,hod_05h,hod_06h,hod_07h,hod_08h,hod_09h,hod_10h,hod_11h,hod_12h,hod_13h,hod_14h,hod_15h,hod_16h,hod_17h,hod_18h,hod_19h,hod_20h,hod_21h,hod_22h,hod_23h,dow_mon,dow_tue,dow_wed,dow_thu,dow_fri,dow_sat,dow_sun
E06000028,E02003173,3354.14285714,17651.75,5771.5,13.1428571429,15.3571428571,10.4285714286,9.28571428571,12.1785714286,25.6785714286,56.1071428571,129.357142857,171.321428571,186.535714286,212.785714286,231.464285714,233.0,229.142857143,231.928571429,233.821428571,245.142857143,255.892857143,239.107142857,191.142857143,154.035714286,125.464285714,94.5714285714,47.25,3130.25,3461.5,4309.5,3248.25,3502.25,3186.0,2641.25
