zone_id,area_id,total,daytype_inweek,daytype_weekend,hod_00h,hod_01h,hod_02h,hod_03h,hod_04h,hod_05h,hod_06h,hod_07h,hod_08h,hod_09h,hod_10h,hod_11h,hod_12h,hod_13h,hod_14h,hod_15h,hod_16h,hod_17h,hod_18h,hod_19h,hod_20h,hod_21h,hod_22h,hod_23h,dow_mon,dow_tue,dow_wed,dow_thu,dow_fri,dow_sat,dow_sun
E07000098,E02004907,2355.03571429,12385.0,4080.75,11.0,12.7857142857,8.82142857143,8.96428571429,7.39285714286,11.25,26.5357142857,61.7142857143,113.142857143,137.214285714,157.178571429,166.178571429,175.464285714,170.535714286,175.0,164.75,161.857142857,165.714285714,147.892857143,143.857142857,124.714285714,94.1071428571,68.3571428571,40.6071428571,2229.25,2449.75,3075.5,2350.0,2280.5,2248.75,1851.5
