zone_id,area_id,total,daytype_inweek,daytype_weekend,hod_00h,hod_01h,hod_02h,hod_03h,hod_04h,hod_05h,hod_06h,hod_07h,hod_08h,hod_09h,hod_10h,hod_11h,hod_12h,hod_13h,hod_14h,hod_15h,hod_16h,hod_17h,hod_18h,hod_19h,hod_20h,hod_21h,hod_22h,hod_23h,dow_mon,dow_tue,dow_wed,dow_thu,dow_fri,dow_sat,dow_sun
E08000018,E02001594,12088.5,65135.0,19170.0,55.3571428571,71.0714285714,49.2142857143,44.2142857143,44.2142857143,108.321428571,173.357142857,399.535714286,589.857142857,680.321428571,812.607142857,906.607142857,982.392857143,963.535714286,949.0,897.25,878.0,873.535714286,706.142857143,601.892857143,501.5,375.535714286,260.107142857,164.928571429,11346.5,13052.75,15811.0,11953.25,12971.5,11661.0,7823.5
