zone_id,area_id,total,daytype_inweek,daytype_weekend,hod_00h,hod_01h,hod_02h,hod_03h,hod_04h,hod_05h,hod_06h,hod_07h,hod_08h,hod_09h,hod_10h,hod_11h,hod_12h,hod_13h,hod_14h,hod_15h,hod_16h,hod_17h,hod_18h,hod_19h,hod_20h,hod_21h,hod_22h,hod_23h,dow_mon,dow_tue,dow_wed,dow_thu,dow_fri,dow_sat,dow_sun
E08000004,E02001109,3120.67857143,16389.0,5310.25,24.8571428571,30.25,19.75,16.0714285714,19.8571428571,29.8928571429,53.0357142857,114.642857143,141.571428571,149.678571429,172.785714286,191.571428571,215.714285714,225.892857143,232.75,231.214285714,231.178571429,231.214285714,199.892857143,179.357142857,148.321428571,116.607142857,88.0,56.5714285714,2926.75,3138.25,3983.75,3120.75,3219.5,3072.25,2383.5
