zone_id,area_id,total,daytype_inweek,daytype_weekend,hod_00h,hod_01h,hod_02h,hod_03h,hod_04h,hod_05h,hod_06h,hod_07h,hod_08h,hod_09h,hod_10h,hod_11h,hod_12h,hod_13h,hod_14h,hod_15h,hod_16h,hod_17h,hod_18h,hod_19h,hod_20h,hod_21h,hod_22h,hod_23h,dow_mon,dow_tue,dow_wed,dow_thu,dow_fri,dow_sat,dow_sun
E09000032,E02000938,2005.21428571,10683.5,3516.0,22.2857142857,18.5714285714,15.2142857143,9.85714285714,8.92857142857,15.3214285714,33.1428571429,63.7142857143,103.0,114.571428571,119.5,125.75,132.035714286,126.071428571,125.285714286,125.607142857,127.928571429,133.285714286,135.928571429,125.357142857,109.5,86.75,76.1785714286,51.4285714286,1983.5,2117.75,2659.0,2012.25,1911.0,1820.5,1532.5
