zone_id,area_id,total,daytype_inweek,daytype_weekend,hod_00h,hod_01h,hod_02h,hod_03h,hod_04h,hod_05h,hod_06h,hod_07h,hod_08h,hod_09h,hod_10h,hod_11h,hod_12h,hod_13h,hod_14h,hod_15h,hod_16h,hod_17h,hod_18h,hod_19h,hod_20h,hod_21h,hod_22h,hod_23h,dow_mon,dow_tue,dow_wed,dow_thu,dow_fri,dow_sat,dow_sun
E06000020,E02002948,2193.78571429,11703.0,3735.25,11.75,8.85714285714,6.60714285714,5.60714285714,7.14285714286,26.3214285714,41.3214285714,79.7142857143,110.5,106.071428571,128.142857143,142.892857143,147.285714286,160.75,165.214285714,159.964285714,162.142857143,165.214285714,147.571428571,120.464285714,99.9285714286,87.1071428571,67.4285714286,35.7857142857,2077.75,2293.25,2880.75,2183.25,2268.0,1996.0,1657.5
