zone_id,area_id,total,daytype_inweek,daytype_weekend,hod_00h,hod_01h,hod_02h,hod_03h,hod_04h,hod_05h,hod_06h,hod_07h,hod_08h,hod_09h,hod_10h,hod_11h,hod_12h,hod_13h,hod_14h,hod_15h,hod_16h,hod_17h,hod_18h,hod_19h,hod_20h,hod_21h,hod_22h,hod_23h,dow_mon,dow_tue,dow_wed,dow_thu,dow_fri,dow_sat,dow_sun
E06000008,E02002615,3301.96428571,17932.5,5534.5,26.7142857143,26.0,18.25,13.0357142857,13.2142857143,23.6071428571,44.1785714286,104.678571429,153.535714286,158.785714286,179.107142857,194.107142857,218.678571429,225.428571429,239.178571429,235.142857143,257.392857143,259.535714286,218.25,187.357142857,169.571428571,140.571428571,118.142857143,77.5,3229.75,3586.5,4475.5,3345.0,3295.75,2876.5,2304.75
