zone_id,area_id,total,daytype_inweek,daytype_weekend,hod_00h,hod_01h,hod_02h,hod_03h,hod_04h,hod_05h,hod_06h,hod_07h,hod_08h,hod_09h,hod_10h,hod_11h,hod_12h,hod_13h,hod_14h,hod_15h,hod_16h,hod_17h,hod_18h,hod_19h,hod_20h,hod_21h,hod_22h,hod_23h,dow_mon,dow_tue,dow_wed,dow_thu,dow_fri,dow_sat,dow_sun
E07000007,E02003699,1933.28571429,10529.0,3260.75,10.1071428571,6.71428571429,4.96428571429,5.17857142857,5.92857142857,9.92857142857,30.3571428571,97.8928571429,127.892857143,118.0,122.392857143,125.285714286,130.607142857,127.964285714,122.535714286,127.964285714,139.392857143,156.285714286,127.035714286,107.714285714,81.1428571429,68.3214285714,51.4285714286,28.25,1906.5,2106.25,2568.5,2015.75,1932.0,1649.75,1354.25
