zone_id,area_id,total,daytype_inweek,daytype_weekend,hod_00h,hod_01h,hod_02h,hod_03h,hod_04h,hod_05h,hod_06h,hod_07h,hod_08h,hod_09h,hod_10h,hod_11h,hod_12h,hod_13h,hod_14h,hod_15h,hod_16h,hod_17h,hod_18h,hod_19h,hod_20h,hod_21h,hod_22h,hod_23h,dow_mon,dow_tue,dow_wed,dow_thu,dow_fri,dow_sat,dow_sun
E06000019,E02002916,7705.71428571,40813.75,12828.75,30.0357142857,29.1071428571,24.2142857143,22.8571428571,28.0357142857,57.6071428571,125.5,285.5,431.892857143,432.678571429,507.5,557.892857143,583.214285714,598.25,586.964285714,566.892857143,565.607142857,588.5,471.178571429,381.607142857,298.678571429,237.464285714,189.107142857,105.428571429,7198.25,7927.25,10238.0,7720.5,7729.75,7495.75,5630.5
