zone_id,area_id,total,daytype_inweek,daytype_weekend,hod_00h,hod_01h,hod_02h,hod_03h,hod_04h,hod_05h,hod_06h,hod_07h,hod_08h,hod_09h,hod_10h,hod_11h,hod_12h,hod_13h,hod_14h,hod_15h,hod_16h,hod_17h,hod_18h,hod_19h,hod_20h,hod_21h,hod_22h,hod_23h,dow_mon,dow_tue,dow_wed,dow_thu,dow_fri,dow_sat,dow_sun
E08000028,E02002046,1349.25,7157.0,2350.5,9.07142857143,8.71428571429,5.82142857143,4.82142857143,6.03571428571,12.7142857143,22.1785714286,35.7857142857,51.8214285714,60.75,78.0714285714,84.5357142857,92.7857142857,96.75,94.25,94.8214285714,100.392857143,100.214285714,94.3214285714,88.5,71.5357142857,62.0357142857,46.5357142857,26.7857142857,1347.25,1428.0,1726.0,1306.25,1349.5,1284.5,1003.25
