zone_id,area_id,total,daytype_inweek,daytype_weekend,hod_00h,hod_01h,hod_02h,hod_03h,hod_04h,hod_05h,hod_06h,hod_07h,hod_08h,hod_09h,hod_10h,hod_11h,hod_12h,hod_13h,hod_14h,hod_15h,hod_16h,hod_17h,hod_18h,hod_19h,hod_20h,hod_21h,hod_22h,hod_23h,dow_mon,dow_tue,dow_wed,dow_thu,dow_fri,dow_sat,dow_sun
E08000005,E02001134,1979.07142857,10672.5,3414.75,9.85714285714,11.1428571429,6.89285714286,6.25,7.60714285714,22.5714285714,29.6071428571,75.7857142857,88.8214285714,101.285714286,115.428571429,120.357142857,134.285714286,136.678571429,140.642857143,137.678571429,151.892857143,150.642857143,135.678571429,118.571428571,100.071428571,78.3571428571,60.75,38.2142857143,1975.25,2115.0,2568.75,2024.75,1988.75,1741.5,1439.5
