zone_id,area_id,total,daytype_inweek,daytype_weekend,hod_00h,hod_01h,hod_02h,hod_03h,hod_04h,hod_05h,hod_06h,hod_07h,hod_08h,hod_09h,hod_10h,hod_11h,hod_12h,hod_13h,hod_14h,hod_15h,hod_16h,hod_17h,hod_18h,hod_19h,hod_20h,hod_21h,hod_22h,hod_23h,dow_mon,dow_tue,dow_wed,dow_thu,dow_fri,dow_sat,dow_sun
E06000043,E02003520,6766.92857143,34043.5,11496.25,46.6071428571,63.6071428571,53.9642857143,47.0357142857,34.2857142857,42.25,74.3571428571,188.714285714,356.321428571,320.714285714,341.178571429,394.464285714,440.107142857,467.535714286,475.607142857,492.428571429,507.071428571,547.357142857,484.5,400.607142857,329.392857143,268.357142857,229.678571429,160.785714286,6141.75,6711.25,8302.0,6197.5,6691.0,7970.5,5354.5
