zone_id,area_id,total,daytype_inweek,daytype_weekend,hod_00h,hod_01h,hod_02h,hod_03h,hod_04h,hod_05h,hod_06h,hod_07h,hod_08h,hod_09h,hod_10h,hod_11h,hod_12h,hod_13h,hod_14h,hod_15h,hod_16h,hod_17h,hod_18h,hod_19h,hod_20h,hod_21h,hod_22h,hod_23h,dow_mon,dow_tue,dow_wed,dow_thu,dow_fri,dow_sat,dow_sun
E07000004,E02003672,4072.46428571,21725.25,7088.75,20.5,18.7857142857,13.6428571429,12.1071428571,14.5357142857,32.5,67.6428571429,156.428571429,213.678571429,236.642857143,263.5,270.357142857,279.857142857,281.785714286,284.25,282.285714286,288.821428571,298.428571429,271.392857143,237.071428571,193.607142857,157.714285714,112.535714286,64.3928571429,3975.0,4338.0,5380.0,4046.75,3985.5,3668.25,3113.75
