zone_id,area_id,total,daytype_inweek,daytype_weekend,hod_00h,hod_01h,hod_02h,hod_03h,hod_04h,hod_05h,hod_06h,hod_07h,hod_08h,hod_09h,hod_10h,hod_11h,hod_12h,hod_13h,hod_14h,hod_15h,hod_16h,hod_17h,hod_18h,hod_19h,hod_20h,hod_21h,hod_22h,hod_23h,dow_mon,dow_tue,dow_wed,dow_thu,dow_fri,dow_sat,dow_sun
E07000117,E02005177,1852.92857143,9985.0,3137.0,16.25,15.75,10.2857142857,9.78571428571,8.5,13.6071428571,21.7142857143,47.25,68.6785714286,85.0,99.7142857143,112.464285714,122.714285714,135.035714286,127.5,129.392857143,134.25,146.285714286,127.75,112.214285714,97.6071428571,89.1071428571,72.5,49.5714285714,1820.25,1921.5,2486.5,1934.0,1822.75,1668.75,1316.75
