zone_id,area_id,total,daytype_inweek,daytype_weekend,hod_00h,hod_01h,hod_02h,hod_03h,hod_04h,hod_05h,hod_06h,hod_07h,hod_08h,hod_09h,hod_10h,hod_11h,hod_12h,hod_13h,hod_14h,hod_15h,hod_16h,hod_17h,hod_18h,hod_19h,hod_20h,hod_21h,hod_22h,hod_23h,dow_mon,dow_tue,dow_wed,dow_thu,dow_fri,dow_sat,dow_sun
E07000086,E02004717,3040.96428571,16449.75,5324.0,14.6071428571,14.75,9.71428571429,8.21428571429,9.82142857143,25.1071428571,53.2857142857,133.178571429,166.035714286,174.714285714,183.428571429,199.678571429,217.178571429,217.714285714,206.535714286,202.678571429,208.821428571,219.0,209.535714286,176.821428571,136.321428571,115.928571429,87.7857142857,50.1071428571,3067.5,3226.0,4116.0,3010.0,3030.25,2580.5,2256.5
