zone_id,area_id,total,daytype_inweek,daytype_weekend,hod_00h,hod_01h,hod_02h,hod_03h,hod_04h,hod_05h,hod_06h,hod_07h,hod_08h,hod_09h,hod_10h,hod_11h,hod_12h,hod_13h,hod_14h,hod_15h,hod_16h,hod_17h,hod_18h,hod_19h,hod_20h,hod_21h,hod_22h,hod_23h,dow_mon,dow_tue,dow_wed,dow_thu,dow_fri,dow_sat,dow_sun
E08000032,E02002197,4367.10714286,23319.5,7501.25,28.2142857143,30.3928571429,18.4285714286,13.1785714286,14.7857142857,30.7142857143,75.0714285714,167.678571429,221.678571429,223.857142857,256.892857143,280.75,298.857142857,301.214285714,301.107142857,298.357142857,323.571428571,338.678571429,300.428571429,260.785714286,218.142857143,169.571428571,120.142857143,74.6071428571,4231.0,4574.25,5733.5,4443.25,4337.5,3980.0,3270.25
