zone_id,area_id,total,daytype_inweek,daytype_weekend,hod_00h,hod_01h,hod_02h,hod_03h,hod_04h,hod_05h,hod_06h,hod_07h,hod_08h,hod_09h,hod_10h,hod_11h,hod_12h,hod_13h,hod_14h,hod_15h,hod_16h,hod_17h,hod_18h,hod_19h,hod_20h,hod_21h,hod_22h,hod_23h,dow_mon,dow_tue,dow_wed,dow_thu,dow_fri,dow_sat,dow_sun
E07000073,E02004551,2085.67857143,10958.25,3595.25,7.92857142857,11.8214285714,5.5,6.75,6.39285714286,18.3571428571,29.0714285714,70.2142857143,102.964285714,115.857142857,130.357142857,150.035714286,156.25,163.821428571,152.928571429,148.107142857,155.321428571,154.571428571,141.928571429,115.25,99.6071428571,67.5357142857,49.3214285714,25.7857142857,1998.0,2079.25,2759.75,2007.5,2113.75,2044.25,1597.25
