zone_id,area_id,total,daytype_inweek,daytype_weekend,hod_00h,hod_01h,hod_02h,hod_03h,hod_04h,hod_05h,hod_06h,hod_07h,hod_08h,hod_09h,hod_10h,hod_11h,hod_12h,hod_13h,hod_14h,hod_15h,hod_16h,hod_17h,hod_18h,hod_19h,hod_20h,hod_21h,hod_22h,hod_23h,dow_mon,dow_tue,dow_wed,dow_thu,dow_fri,dow_sat,dow_sun
W06000015,W02000396,3758.96428571,20315.25,6318.75,24.2857142857,29.2142857143,27.1071428571,24.7142857143,20.9642857143,30.3214285714,52.25,111.5,199.071428571,187.857142857,197.464285714,216.892857143,239.035714286,253.821428571,256.75,261.25,276.321428571,294.964285714,268.785714286,224.785714286,194.928571429,151.964285714,126.785714286,87.9285714286,3644.5,4038.25,4987.0,3866.75,3778.75,3323.25,2674.25
