zone_id,area_id,total,daytype_inweek,daytype_weekend,hod_00h,hod_01h,hod_02h,hod_03h,hod_04h,hod_05h,hod_06h,hod_07h,hod_08h,hod_09h,hod_10h,hod_11h,hod_12h,hod_13h,hod_14h,hod_15h,hod_16h,hod_17h,hod_18h,hod_19h,hod_20h,hod_21h,hod_22h,hod_23h,dow_mon,dow_tue,dow_wed,dow_thu,dow_fri,dow_sat,dow_sun
E07000038,E02006804,1284.32142857,6885.25,2226.0,5.96428571429,6.85714285714,3.67857142857,3.89285714286,4.10714285714,11.5714285714,22.6785714286,40.3928571429,64.0357142857,67.75,80.4285714286,83.8571428571,90.5,85.6785714286,82.1785714286,91.4642857143,92.0,102.0,87.5357142857,82.2142857143,68.7142857143,51.8571428571,34.7857142857,20.1785714286,1221.75,1322.75,1703.0,1315.5,1322.25,1100.75,1004.25
