zone_id,area_id,total,daytype_inweek,daytype_weekend,hod_00h,hod_01h,hod_02h,hod_03h,hod_04h,hod_05h,hod_06h,hod_07h,hod_08h,hod_09h,hod_10h,hod_11h,hod_12h,hod_13h,hod_14h,hod_15h,hod_16h,hod_17h,hod_18h,hod_19h,hod_20h,hod_21h,hod_22h,hod_23h,dow_mon,dow_tue,dow_wed,dow_thu,dow_fri,dow_sat,dow_sun
S12000038,S02002269,1058.85714286,5720.0,1859.0,5.64285714286,6.07142857143,3.75,3.14285714286,4.07142857143,9.14285714286,17.2142857143,38.8928571429,60.4285714286,55.4285714286,55.1785714286,59.5714285714,67.8571428571,64.75,76.0357142857,77.6428571429,82.3571428571,80.2142857143,75.1428571429,70.2857142857,53.0357142857,42.8571428571,31.8928571429,18.25,1110.75,1118.25,1338.25,1015.75,1137.0,943.75,748.25
