zone_id,area_id,total,daytype_inweek,daytype_weekend,hod_00h,hod_01h,hod_02h,hod_03h,hod_04h,hod_05h,hod_06h,hod_07h,hod_08h,hod_09h,hod_10h,hod_11h,hod_12h,hod_13h,hod_14h,hod_15h,hod_16h,hod_17h,hod_18h,hod_19h,hod_20h,hod_21h,hod_22h,hod_23h,dow_mon,dow_tue,dow_wed,dow_thu,dow_fri,dow_sat,dow_sun
S12000040,S02002479,2465.78571429,13337.0,4299.5,9.64285714286,9.07142857143,6.21428571429,6.28571428571,7.96428571429,19.5357142857,56.1071428571,104.678571429,141.535714286,139.178571429,139.857142857,153.5,171.071428571,169.892857143,169.678571429,170.5,198.0,184.964285714,165.5,142.928571429,117.857142857,91.8928571429,60.0357142857,29.8928571429,2510.0,2648.25,3253.25,2448.0,2477.5,2134.0,1789.5
