zone_id,area_id,total,daytype_inweek,daytype_weekend,hod_00h,hod_01h,hod_02h,hod_03h,hod_04h,hod_05h,hod_06h,hod_07h,hod_08h,hod_09h,hod_10h,hod_11h,hod_12h,hod_13h,hod_14h,hod_15h,hod_16h,hod_17h,hod_18h,hod_19h,hod_20h,hod_21h,hod_22h,hod_23h,dow_mon,dow_tue,dow_wed,dow_thu,dow_fri,dow_sat,dow_sun
E08000010,E02001294,12379.8214286,64880.75,20189.25,63.7857142857,76.1785714286,57.8214285714,48.1071428571,49.6071428571,82.1071428571,168.035714286,393.214285714,565.5,641.857142857,774.0,875.714285714,971.464285714,993.0,975.321428571,928.857142857,906.607142857,891.214285714,771.928571429,666.392857143,536.535714286,406.714285714,326.428571429,209.428571429,11170.25,12773.0,15762.0,11970.0,13205.5,12759.0,9019.0
