zone_id,area_id,total,daytype_inweek,daytype_weekend,hod_00h,hod_01h,hod_02h,hod_03h,hod_04h,hod_05h,hod_06h,hod_07h,hod_08h,hod_09h,hod_10h,hod_11h,hod_12h,hod_13h,hod_14h,hod_15h,hod_16h,hod_17h,hod_18h,hod_19h,hod_20h,hod_21h,hod_22h,hod_23h,dow_mon,dow_tue,dow_wed,dow_thu,dow_fri,dow_sat,dow_sun
E09000009,E02000243,3167.60714286,16833.0,5466.5,31.25,27.8214285714,18.2857142857,17.7857142857,15.8214285714,29.5,57.6785714286,103.857142857,134.678571429,148.142857143,177.214285714,197.892857143,208.607142857,222.5,216.642857143,210.25,204.142857143,225.857142857,220.392857143,201.071428571,172.142857143,141.785714286,106.214285714,78.0714285714,2997.25,3272.25,4163.5,3159.5,3240.5,2871.0,2469.25
