zone_id,area_id,total,daytype_inweek,daytype_weekend,hod_00h,hod_01h,hod_02h,hod_03h,hod_04h,hod_05h,hod_06h,hod_07h,hod_08h,hod_09h,hod_10h,hod_11h,hod_12h,hod_13h,hod_14h,hod_15h,hod_16h,hod_17h,hod_18h,hod_19h,hod_20h,hod_21h,hod_22h,hod_23h,dow_mon,dow_tue,dow_wed,dow_thu,dow_fri,dow_sat,dow_sun
E07000171,E02005839,1570.71428571,8426.75,2656.25,5.64285714286,5.85714285714,4.96428571429,4.0,6.42857142857,16.0,25.3928571429,57.8571428571,86.5357142857,93.4285714286,102.892857143,111.928571429,117.142857143,117.928571429,117.785714286,114.892857143,115.75,119.071428571,98.0,76.4285714286,65.9642857143,53.5714285714,33.3928571429,19.8571428571,1515.75,1669.5,2032.75,1603.75,1605.0,1427.75,1140.5
