zone_id,area_id,total,daytype_inweek,daytype_weekend,hod_00h,hod_01h,hod_02h,hod_03h,hod_04h,hod_05h,hod_06h,hod_07h,hod_08h,hod_09h,hod_10h,hod_11h,hod_12h,hod_13h,hod_14h,hod_15h,hod_16h,hod_17h,hod_18h,hod_19h,hod_20h,hod_21h,hod_22h,hod_23h,dow_mon,dow_tue,dow_wed,dow_thu,dow_fri,dow_sat,dow_sun
E06000034,E02003302,2333.17857143,12165.0,3916.5,10.9285714286,11.25,7.14285714286,5.53571428571,8.89285714286,34.8571428571,44.9642857143,73.8571428571,99.4642857143,120.035714286,139.75,166.357142857,163.821428571,168.642857143,161.642857143,157.535714286,157.857142857,170.392857143,161.071428571,142.642857143,121.892857143,94.0714285714,75.0357142857,35.5357142857,2137.0,2382.0,2959.75,2190.0,2496.25,2387.75,1779.5
