zone_id,area_id,total,daytype_inweek,daytype_weekend,hod_00h,hod_01h,hod_02h,hod_03h,hod_04h,hod_05h,hod_06h,hod_07h,hod_08h,hod_09h,hod_10h,hod_11h,hod_12h,hod_13h,hod_14h,hod_15h,hod_16h,hod_17h,hod_18h,hod_19h,hod_20h,hod_21h,hod_22h,hod_23h,dow_mon,dow_tue,dow_wed,dow_thu,dow_fri,dow_sat,dow_sun
E06000049,E02003818,1820.85714286,9665.25,3146.25,6.82142857143,6.60714285714,4.82142857143,4.57142857143,5.32142857143,13.5357142857,29.3928571429,83.5714285714,102.75,102.464285714,112.392857143,123.5,122.678571429,122.321428571,121.071428571,125.25,137.285714286,146.857142857,122.321428571,98.5357142857,81.8571428571,66.2142857143,51.9285714286,28.7857142857,1736.5,1889.25,2404.0,1829.5,1806.0,1671.0,1409.75
