zone_id,area_id,total,daytype_inweek,daytype_weekend,hod_00h,hod_01h,hod_02h,hod_03h,hod_04h,hod_05h,hod_06h,hod_07h,hod_08h,hod_09h,hod_10h,hod_11h,hod_12h,hod_13h,hod_14h,hod_15h,hod_16h,hod_17h,hod_18h,hod_19h,hod_20h,hod_21h,hod_22h,hod_23h,dow_mon,dow_tue,dow_wed,dow_thu,dow_fri,dow_sat,dow_sun
E07000196,E02006185,716.535714286,3772.0,1306.5,4.14285714286,1.75,1.92857142857,0.964285714286,2.03571428571,5.75,10.8928571429,27.6785714286,33.7857142857,40.4642857143,43.0357142857,45.1785714286,49.2857142857,49.8214285714,49.6428571429,48.8214285714,54.1071428571,52.3928571429,46.7142857143,43.1428571429,36.3928571429,31.2142857143,21.6428571429,15.75,694.5,758.25,901.25,741.0,677.0,631.75,612.0
