zone_id,area_id,total,daytype_inweek,daytype_weekend,hod_00h,hod_01h,hod_02h,hod_03h,hod_04h,hod_05h,hod_06h,hod_07h,hod_08h,hod_09h,hod_10h,hod_11h,hod_12h,hod_13h,hod_14h,hod_15h,hod_16h,hod_17h,hod_18h,hod_19h,hod_20h,hod_21h,hod_22h,hod_23h,dow_mon,dow_tue,dow_wed,dow_thu,dow_fri,dow_sat,dow_sun
E07000032,E02004038,2735.14285714,14730.25,4598.75,11.6071428571,10.0714285714,7.78571428571,4.85714285714,7.89285714286,25.6785714286,44.2857142857,100.714285714,148.0,157.142857143,167.071428571,185.785714286,190.035714286,189.214285714,188.714285714,182.857142857,200.178571429,219.714285714,183.285714286,161.5,129.642857143,103.107142857,78.9285714286,37.0714285714,2623.5,2981.5,3619.5,2813.25,2692.5,2440.5,1975.25
