zone_id,area_id,total,daytype_inweek,daytype_weekend,hod_00h,hod_01h,hod_02h,hod_03h,hod_04h,hod_05h,hod_06h,hod_07h,hod_08h,hod_09h,hod_10h,hod_11h,hod_12h,hod_13h,hod_14h,hod_15h,hod_16h,hod_17h,hod_18h,hod_19h,hod_20h,hod_21h,hod_22h,hod_23h,dow_mon,dow_tue,dow_wed,dow_thu,dow_fri,dow_sat,dow_sun
E06000022,E02003011,1567.39285714,8555.75,2599.75,6.21428571429,6.21428571429,5.57142857143,4.5,4.53571428571,13.1428571429,35.7142857143,79.3214285714,89.0,90.5,96.6428571429,96.1428571429,100.857142857,102.464285714,97.9642857143,102.035714286,112.678571429,121.357142857,104.75,92.8214285714,75.2857142857,60.0,44.5357142857,25.1428571429,1507.0,1701.5,2132.25,1632.75,1582.25,1323.25,1092.75
