zone_id,area_id,total,daytype_inweek,daytype_weekend,hod_00h,hod_01h,hod_02h,hod_03h,hod_04h,hod_05h,hod_06h,hod_07h,hod_08h,hod_09h,hod_10h,hod_11h,hod_12h,hod_13h,hod_14h,hod_15h,hod_16h,hod_17h,hod_18h,hod_19h,hod_20h,hod_21h,hod_22h,hod_23h,dow_mon,dow_tue,dow_wed,dow_thu,dow_fri,dow_sat,dow_sun
E06000030,E02006849,4690.96428571,24948.75,7977.25,20.2857142857,22.8214285714,16.6428571429,13.7857142857,21.3214285714,51.4285714286,93.7142857143,204.321428571,251.714285714,245.071428571,268.678571429,290.357142857,313.357142857,314.214285714,332.892857143,318.071428571,341.0,367.642857143,326.178571429,274.0,226.107142857,176.464285714,134.75,66.1428571429,4395.75,4929.75,6105.0,4693.75,4824.5,4306.5,3581.5
