zone_id,area_id,total,daytype_inweek,daytype_weekend,hod_00h,hod_01h,hod_02h,hod_03h,hod_04h,hod_05h,hod_06h,hod_07h,hod_08h,hod_09h,hod_10h,hod_11h,hod_12h,hod_13h,hod_14h,hod_15h,hod_16h,hod_17h,hod_18h,hod_19h,hod_20h,hod_21h,hod_22h,hod_23h,dow_mon,dow_tue,dow_wed,dow_thu,dow_fri,dow_sat,dow_sun
E08000024,E02001798,4800.71428571,26178.0,8042.25,30.3214285714,34.6071428571,28.4642857143,18.8214285714,23.9642857143,49.2142857143,148.714285714,204.714285714,221.142857143,246.464285714,276.428571429,307.428571429,341.071428571,324.464285714,348.535714286,379.571428571,362.785714286,326.785714286,281.75,251.25,200.035714286,161.321428571,132.392857143,100.464285714,4670.25,5266.75,6515.25,4811.25,4914.5,4055.0,3372.0
