zone_id,area_id,total,daytype_inweek,daytype_weekend,hod_00h,hod_01h,hod_02h,hod_03h,hod_04h,hod_05h,hod_06h,hod_07h,hod_08h,hod_09h,hod_10h,hod_11h,hod_12h,hod_13h,hod_14h,hod_15h,hod_16h,hod_17h,hod_18h,hod_19h,hod_20h,hod_21h,hod_22h,hod_23h,dow_mon,dow_tue,dow_wed,dow_thu,dow_fri,dow_sat,dow_sun
E07000088,E02004742,1897.67857143,9983.0,3268.25,8.10714285714,9.07142857143,4.75,4.89285714286,5.71428571429,13.2142857143,37.6428571429,67.25,89.5714285714,101.678571429,127.035714286,138.392857143,145.142857143,134.928571429,130.75,133.714285714,136.178571429,134.428571429,128.75,110.428571429,84.6785714286,69.75,51.1785714286,30.4285714286,1805.75,1885.0,2365.25,1859.75,2067.25,1838.25,1462.5
