zone_id,area_id,total,daytype_inweek,daytype_weekend,hod_00h,hod_01h,hod_02h,hod_03h,hod_04h,hod_05h,hod_06h,hod_07h,hod_08h,hod_09h,hod_10h,hod_11h,hod_12h,hod_13h,hod_14h,hod_15h,hod_16h,hod_17h,hod_18h,hod_19h,hod_20h,hod_21h,hod_22h,hod_23h,dow_mon,dow_tue,dow_wed,dow_thu,dow_fri,dow_sat,dow_sun
E07000123,E02005260,2971.07142857,15729.75,5091.75,17.5357142857,17.0,13.8571428571,12.8928571429,10.5,21.7142857143,46.7142857143,99.0714285714,145.035714286,146.607142857,173.857142857,181.75,199.25,206.607142857,205.035714286,198.25,226.928571429,233.142857143,209.357142857,192.178571429,156.535714286,121.785714286,87.9642857143,47.5,2799.75,3105.25,3860.75,2942.5,3021.5,2775.75,2292.0
