zone_id,area_id,total,daytype_inweek,daytype_weekend,hod_00h,hod_01h,hod_02h,hod_03h,hod_04h,hod_05h,hod_06h,hod_07h,hod_08h,hod_09h,hod_10h,hod_11h,hod_12h,hod_13h,hod_14h,hod_15h,hod_16h,hod_17h,hod_18h,hod_19h,hod_20h,hod_21h,hod_22h,hod_23h,dow_mon,dow_tue,dow_wed,dow_thu,dow_fri,dow_sat,dow_sun
S12000024,S02002244,1508.78571429,7990.75,2784.25,8.17857142857,6.39285714286,2.28571428571,3.85714285714,3.78571428571,10.0,30.3571428571,80.5357142857,103.428571429,87.8571428571,93.9285714286,105.321428571,107.357142857,105.678571429,105.285714286,117.714285714,125.678571429,114.392857143,84.8928571429,68.2857142857,55.5357142857,43.0357142857,27.8571428571,17.1428571429,1510.0,1569.75,1946.75,1476.25,1488.0,1296.5,1274.25
