zone_id,area_id,total,daytype_inweek,daytype_weekend,hod_00h,hod_01h,hod_02h,hod_03h,hod_04h,hod_05h,hod_06h,hod_07h,hod_08h,hod_09h,hod_10h,hod_11h,hod_12h,hod_13h,hod_14h,hod_15h,hod_16h,hod_17h,hod_18h,hod_19h,hod_20h,hod_21h,hod_22h,hod_23h,dow_mon,dow_tue,dow_wed,dow_thu,dow_fri,dow_sat,dow_sun
E08000027,E02002002,1661.89285714,8817.0,2939.25,11.0357142857,10.7142857143,8.14285714286,6.32142857143,7.85714285714,14.0714285714,31.5357142857,61.3571428571,74.6071428571,87.7857142857,99.8928571429,102.142857143,102.714285714,109.107142857,107.0,107.714285714,114.785714286,118.392857143,113.178571429,106.392857143,93.4642857143,77.2857142857,59.6071428571,36.7857142857,1627.25,1753.0,2136.75,1648.75,1651.25,1504.25,1312.0
