zone_id,area_id,total,daytype_inweek,daytype_weekend,hod_00h,hod_01h,hod_02h,hod_03h,hod_04h,hod_05h,hod_06h,hod_07h,hod_08h,hod_09h,hod_10h,hod_11h,hod_12h,hod_13h,hod_14h,hod_15h,hod_16h,hod_17h,hod_18h,hod_19h,hod_20h,hod_21h,hod_22h,hod_23h,dow_mon,dow_tue,dow_wed,dow_thu,dow_fri,dow_sat,dow_sun
E08000018,E02001586,3874.82142857,20702.5,6503.0,17.4642857143,20.8928571429,14.2142857143,13.1071428571,17.8214285714,39.0,65.1428571429,139.035714286,198.392857143,214.25,247.892857143,277.428571429,295.285714286,285.928571429,279.178571429,276.392857143,287.642857143,295.285714286,246.178571429,210.5,172.75,132.678571429,82.4285714286,45.9285714286,3744.25,4066.25,5008.25,3857.5,4026.25,3662.5,2758.75
