zone_id,area_id,total,daytype_inweek,daytype_weekend,hod_00h,hod_01h,hod_02h,hod_03h,hod_04h,hod_05h,hod_06h,hod_07h,hod_08h,hod_09h,hod_10h,hod_11h,hod_12h,hod_13h,hod_14h,hod_15h,hod_16h,hod_17h,hod_18h,hod_19h,hod_20h,hod_21h,hod_22h,hod_23h,dow_mon,dow_tue,dow_wed,dow_thu,dow_fri,dow_sat,dow_sun
S12000034,S02001316,1192.32142857,6413.75,2131.25,4.25,3.28571428571,3.17857142857,2.64285714286,2.67857142857,8.92857142857,32.2857142857,62.4642857143,68.0714285714,65.3214285714,72.1785714286,78.2857142857,79.5714285714,77.0357142857,80.0714285714,85.5,103.5,99.5357142857,74.4285714286,57.9642857143,48.2142857143,40.9642857143,28.7142857143,13.25,1210.25,1283.0,1710.0,1175.0,1035.5,1011.5,921.0
