zone_id,area_id,total,daytype_inweek,daytype_weekend,hod_00h,hod_01h,hod_02h,hod_03h,hod_04h,hod_05h,hod_06h,hod_07h,hod_08h,hod_09h,hod_10h,hod_11h,hod_12h,hod_13h,hod_14h,hod_15h,hod_16h,hod_17h,hod_18h,hod_19h,hod_20h,hod_21h,hod_22h,hod_23h,dow_mon,dow_tue,dow_wed,dow_thu,dow_fri,dow_sat,dow_sun
E08000025,E02001905,9312.39285714,50257.5,14937.5,79.4285714286,82.3928571429,61.0714285714,49.6428571429,45.3214285714,59.25,155.928571429,330.357142857,513.321428571,516.035714286,582.75,555.928571429,574.285714286,595.571428571,573.392857143,593.857142857,649.107142857,705.571428571,659.035714286,588.214285714,442.0,360.928571429,321.071428571,217.928571429,8624.0,9452.75,12720.5,9579.25,9881.0,8615.75,6313.5
