zone_id,area_id,total,daytype_inweek,daytype_weekend,hod_00h,hod_01h,hod_02h,hod_03h,hod_04h,hod_05h,hod_06h,hod_07h,hod_08h,hod_09h,hod_10h,hod_11h,hod_12h,hod_13h,hod_14h,hod_15h,hod_16h,hod_17h,hod_18h,hod_19h,hod_20h,hod_21h,hod_22h,hod_23h,dow_mon,dow_tue,dow_wed,dow_thu,dow_fri,dow_sat,dow_sun
E07000004,E02003655,3536.60714286,19240.75,5893.0,18.0714285714,14.3214285714,11.9285714286,8.75,11.9642857143,23.2142857143,68.0,156.571428571,215.535714286,223.964285714,239.321428571,245.321428571,242.071428571,240.25,230.25,229.392857143,239.607142857,260.785714286,213.428571429,185.571428571,159.392857143,131.535714286,108.071428571,59.2857142857,3473.5,3908.0,4803.25,3692.0,3364.0,3096.0,2419.5
