zone_id,area_id,total,daytype_inweek,daytype_weekend,hod_00h,hod_01h,hod_02h,hod_03h,hod_04h,hod_05h,hod_06h,hod_07h,hod_08h,hod_09h,hod_10h,hod_11h,hod_12h,hod_13h,hod_14h,hod_15h,hod_16h,hod_17h,hod_18h,hod_19h,hod_20h,hod_21h,hod_22h,hod_23h,dow_mon,dow_tue,dow_wed,dow_thu,dow_fri,dow_sat,dow_sun
E09000023,E02006783,1676.5,8820.0,2964.0,15.3214285714,13.75,8.89285714286,7.0,7.10714285714,9.39285714286,20.6428571429,45.8214285714,72.6071428571,92.0357142857,102.892857143,107.892857143,116.964285714,115.857142857,110.0,111.642857143,109.821428571,106.892857143,113.964285714,106.928571429,95.8571428571,84.0714285714,60.9285714286,40.2142857143,1651.75,1699.75,2141.25,1675.5,1651.75,1603.25,1312.25
