zone_id,area_id,total,daytype_inweek,daytype_weekend,hod_00h,hod_01h,hod_02h,hod_03h,hod_04h,hod_05h,hod_06h,hod_07h,hod_08h,hod_09h,hod_10h,hod_11h,hod_12h,hod_13h,hod_14h,hod_15h,hod_16h,hod_17h,hod_18h,hod_19h,hod_20h,hod_21h,hod_22h,hod_23h,dow_mon,dow_tue,dow_wed,dow_thu,dow_fri,dow_sat,dow_sun
E07000120,E02005219,2361.71428571,12576.25,3994.75,14.8214285714,19.1071428571,12.3214285714,9.03571428571,9.39285714286,21.25,33.6071428571,76.5714285714,101.928571429,125.678571429,141.571428571,157.178571429,165.0,157.392857143,155.392857143,155.714285714,172.178571429,171.857142857,161.142857143,143.428571429,123.214285714,102.464285714,81.5357142857,49.9285714286,2251.0,2494.0,3129.5,2308.25,2393.5,2212.0,1743.75
