zone_id,area_id,total,daytype_inweek,daytype_weekend,hod_00h,hod_01h,hod_02h,hod_03h,hod_04h,hod_05h,hod_06h,hod_07h,hod_08h,hod_09h,hod_10h,hod_11h,hod_12h,hod_13h,hod_14h,hod_15h,hod_16h,hod_17h,hod_18h,hod_19h,hod_20h,hod_21h,hod_22h,hod_23h,dow_mon,dow_tue,dow_wed,dow_thu,dow_fri,dow_sat,dow_sun
E07000082,E02004659,1339.92857143,7303.75,2237.0,6.57142857143,5.03571428571,3.96428571429,3.42857142857,4.46428571429,10.8214285714,30.4642857143,62.0357142857,70.3928571429,71.75,81.5714285714,87.5357142857,90.0,88.1071428571,84.3571428571,95.4642857143,100.071428571,98.4642857143,83.4285714286,73.6071428571,63.5714285714,53.5714285714,46.0,25.25,1302.0,1421.25,1834.25,1444.75,1301.5,1140.75,935.0
