zone_id,area_id,total,daytype_inweek,daytype_weekend,hod_00h,hod_01h,hod_02h,hod_03h,hod_04h,hod_05h,hod_06h,hod_07h,hod_08h,hod_09h,hod_10h,hod_11h,hod_12h,hod_13h,hod_14h,hod_15h,hod_16h,hod_17h,hod_18h,hod_19h,hod_20h,hod_21h,hod_22h,hod_23h,dow_mon,dow_tue,dow_wed,dow_thu,dow_fri,dow_sat,dow_sun
E06000033,E02003283,3226.67857143,16954.75,5419.25,16.1071428571,17.0714285714,10.7142857143,10.1071428571,7.78571428571,16.9285714286,40.9285714286,104.5,156.642857143,195.464285714,211.392857143,230.0,244.035714286,234.714285714,226.107142857,223.035714286,231.714285714,238.142857143,214.178571429,190.285714286,151.25,117.107142857,88.5,49.9642857143,2942.75,3327.0,4180.75,3183.5,3320.75,3155.5,2476.5
