zone_id,area_id,total,daytype_inweek,daytype_weekend,hod_00h,hod_01h,hod_02h,hod_03h,hod_04h,hod_05h,hod_06h,hod_07h,hod_08h,hod_09h,hod_10h,hod_11h,hod_12h,hod_13h,hod_14h,hod_15h,hod_16h,hod_17h,hod_18h,hod_19h,hod_20h,hod_21h,hod_22h,hod_23h,dow_mon,dow_tue,dow_wed,dow_thu,dow_fri,dow_sat,dow_sun
E09000004,E02000066,1795.85714286,9242.5,3162.25,13.5357142857,11.0357142857,8.25,6.96428571429,9.35714285714,15.7857142857,34.1428571429,52.0714285714,71.4285714286,92.9285714286,106.464285714,117.75,128.5,128.107142857,123.285714286,118.821428571,119.678571429,125.714285714,122.107142857,114.071428571,98.8928571429,80.6785714286,59.8571428571,36.4285714286,1684.75,1780.5,2144.75,1774.75,1857.75,1851.0,1477.5
