zone_id,area_id,total,daytype_inweek,daytype_weekend,hod_00h,hod_01h,hod_02h,hod_03h,hod_04h,hod_05h,hod_06h,hod_07h,hod_08h,hod_09h,hod_10h,hod_11h,hod_12h,hod_13h,hod_14h,hod_15h,hod_16h,hod_17h,hod_18h,hod_19h,hod_20h,hod_21h,hod_22h,hod_23h,dow_mon,dow_tue,dow_wed,dow_thu,dow_fri,dow_sat,dow_sun
E06000051,E02006024,2393.53571429,12774.0,4047.25,8.39285714286,8.32142857143,6.78571428571,6.0,7.17857142857,20.9285714286,45.1071428571,100.285714286,140.785714286,141.642857143,157.75,159.75,164.678571429,163.142857143,169.607142857,173.535714286,172.678571429,191.964285714,154.642857143,123.321428571,97.3571428571,78.5,64.3214285714,36.8571428571,2319.25,2542.25,3135.75,2317.5,2459.25,2252.75,1728.0
