zone_id,area_id,total,daytype_inweek,daytype_weekend,hod_00h,hod_01h,hod_02h,hod_03h,hod_04h,hod_05h,hod_06h,hod_07h,hod_08h,hod_09h,hod_10h,hod_11h,hod_12h,hod_13h,hod_14h,hod_15h,hod_16h,hod_17h,hod_18h,hod_19h,hod_20h,hod_21h,hod_22h,hod_23h,dow_mon,dow_tue,dow_wed,dow_thu,dow_fri,dow_sat,dow_sun
E09000022,E02000647,1619.21428571,8387.5,2879.0,20.4285714286,20.4285714286,14.0357142857,9.28571428571,8.60714285714,13.1071428571,21.7142857143,38.3214285714,67.3571428571,77.75,86.8571428571,94.3928571429,98.1785714286,103.642857143,103.107142857,106.928571429,100.928571429,109.535714286,111.964285714,112.928571429,100.285714286,84.3928571429,69.8571428571,45.1785714286,1512.25,1631.5,2003.25,1577.25,1663.25,1580.25,1366.75
