zone_id,area_id,total,daytype_inweek,daytype_weekend,hod_00h,hod_01h,hod_02h,hod_03h,hod_04h,hod_05h,hod_06h,hod_07h,hod_08h,hod_09h,hod_10h,hod_11h,hod_12h,hod_13h,hod_14h,hod_15h,hod_16h,hod_17h,hod_18h,hod_19h,hod_20h,hod_21h,hod_22h,hod_23h,dow_mon,dow_tue,dow_wed,dow_thu,dow_fri,dow_sat,dow_sun
E09000023,E02000686,1590.92857143,8481.75,2677.75,15.1428571429,15.75,10.8214285714,8.89285714286,8.82142857143,10.1785714286,20.1071428571,45.3928571429,65.8214285714,79.3571428571,102.5,101.25,106.928571429,107.821428571,105.785714286,102.357142857,105.178571429,108.607142857,108.964285714,103.428571429,86.8571428571,75.1785714286,57.0714285714,38.7142857143,1486.0,1689.0,2083.0,1639.5,1584.25,1463.0,1191.75
