zone_id,area_id,total,daytype_inweek,daytype_weekend,hod_00h,hod_01h,hod_02h,hod_03h,hod_04h,hod_05h,hod_06h,hod_07h,hod_08h,hod_09h,hod_10h,hod_11h,hod_12h,hod_13h,hod_14h,hod_15h,hod_16h,hod_17h,hod_18h,hod_19h,hod_20h,hod_21h,hod_22h,hod_23h,dow_mon,dow_tue,dow_wed,dow_thu,dow_fri,dow_sat,dow_sun
S12000006,S02001422,1640.39285714,9009.5,2884.75,6.07142857143,5.14285714286,3.57142857143,3.46428571429,5.82142857143,12.0714285714,30.8928571429,70.9642857143,105.642857143,100.321428571,106.964285714,109.857142857,113.928571429,110.392857143,118.678571429,119.964285714,133.75,127.607142857,100.142857143,81.0,65.9642857143,53.3571428571,36.4285714286,18.3928571429,1728.75,1820.0,2192.25,1719.75,1548.75,1317.25,1156.0
