zone_id,area_id,total,daytype_inweek,daytype_weekend,hod_00h,hod_01h,hod_02h,hod_03h,hod_04h,hod_05h,hod_06h,hod_07h,hod_08h,hod_09h,hod_10h,hod_11h,hod_12h,hod_13h,hod_14h,hod_15h,hod_16h,hod_17h,hod_18h,hod_19h,hod_20h,hod_21h,hod_22h,hod_23h,dow_mon,dow_tue,dow_wed,dow_thu,dow_fri,dow_sat,dow_sun
S12000014,S02001733,1836.5,9667.5,3315.0,8.21428571429,10.75,7.46428571429,6.35714285714,8.71428571429,20.1071428571,28.0714285714,62.4642857143,84.2857142857,91.0,99.7142857143,113.035714286,126.214285714,123.607142857,130.321428571,136.821428571,143.0,135.571428571,130.035714286,113.178571429,97.5714285714,79.8571428571,53.1071428571,27.0357142857,1862.75,1919.5,2356.25,1746.0,1783.0,1735.75,1452.25
