zone_id,area_id,total,daytype_inweek,daytype_weekend,hod_00h,hod_01h,hod_02h,hod_03h,hod_04h,hod_05h,hod_06h,hod_07h,hod_08h,hod_09h,hod_10h,hod_11h,hod_12h,hod_13h,hod_14h,hod_15h,hod_16h,hod_17h,hod_18h,hod_19h,hod_20h,hod_21h,hod_22h,hod_23h,dow_mon,dow_tue,dow_wed,dow_thu,dow_fri,dow_sat,dow_sun
E07000086,E02004719,2056.78571429,10802.25,3717.25,7.25,8.07142857143,5.39285714286,4.39285714286,4.85714285714,9.60714285714,29.7142857143,83.7857142857,115.321428571,118.928571429,134.821428571,147.178571429,142.392857143,140.0,139.178571429,140.357142857,149.214285714,157.892857143,141.178571429,118.821428571,94.2142857143,74.5714285714,59.6785714286,29.9642857143,2048.25,2081.25,2735.75,1901.5,2035.5,1926.25,1669.0
