zone_id,area_id,total,daytype_inweek,daytype_weekend,hod_00h,hod_01h,hod_02h,hod_03h,hod_04h,hod_05h,hod_06h,hod_07h,hod_08h,hod_09h,hod_10h,hod_11h,hod_12h,hod_13h,hod_14h,hod_15h,hod_16h,hod_17h,hod_18h,hod_19h,hod_20h,hod_21h,hod_22h,hod_23h,dow_mon,dow_tue,dow_wed,dow_thu,dow_fri,dow_sat,dow_sun
E09000032,E02000959,1388.17857143,7160.75,2447.5,16.6428571429,13.9642857143,10.0357142857,8.32142857143,4.82142857143,8.35714285714,15.8571428571,42.7857142857,55.4642857143,66.9285714286,70.6785714286,78.9642857143,88.7857142857,87.8571428571,86.6428571429,90.75,93.4642857143,98.6071428571,98.9642857143,93.3928571429,86.2142857143,70.6428571429,57.6785714286,42.3571428571,1306.0,1467.25,1721.0,1342.5,1324.0,1415.0,1141.5
