zone_id,area_id,total,daytype_inweek,daytype_weekend,hod_00h,hod_01h,hod_02h,hod_03h,hod_04h,hod_05h,hod_06h,hod_07h,hod_08h,hod_09h,hod_10h,hod_11h,hod_12h,hod_13h,hod_14h,hod_15h,hod_16h,hod_17h,hod_18h,hod_19h,hod_20h,hod_21h,hod_22h,hod_23h,dow_mon,dow_tue,dow_wed,dow_thu,dow_fri,dow_sat,dow_sun
E06000051,E02006027,1298.60714286,6847.75,2230.25,3.71428571429,3.35714285714,3.57142857143,3.17857142857,4.03571428571,12.6785714286,24.0714285714,54.3928571429,77.0357142857,76.3571428571,86.1071428571,86.9642857143,91.3928571429,91.2142857143,90.9285714286,88.0357142857,97.0,98.3928571429,84.0714285714,66.9285714286,53.2857142857,45.8214285714,35.25,20.8214285714,1252.25,1365.0,1679.75,1233.75,1317.0,1264.5,978.0
