zone_id,area_id,total,daytype_inweek,daytype_weekend,hod_00h,hod_01h,hod_02h,hod_03h,hod_04h,hod_05h,hod_06h,hod_07h,hod_08h,hod_09h,hod_10h,hod_11h,hod_12h,hod_13h,hod_14h,hod_15h,hod_16h,hod_17h,hod_18h,hod_19h,hod_20h,hod_21h,hod_22h,hod_23h,dow_mon,dow_tue,dow_wed,dow_thu,dow_fri,dow_sat,dow_sun
E06000057,E02005726,1416.85714286,7532.5,2689.75,7.5,5.89285714286,4.39285714286,4.25,8.07142857143,11.3571428571,21.8571428571,48.8571428571,75.6785714286,87.7142857143,98.8571428571,108.214285714,104.178571429,101.964285714,102.142857143,105.142857143,107.785714286,98.8214285714,80.1785714286,68.6428571429,53.6071428571,45.1785714286,39.4642857143,27.1071428571,1507.5,1471.25,1847.5,1402.75,1303.5,1203.25,1182.25
