zone_id,area_id,total,daytype_inweek,daytype_weekend,hod_00h,hod_01h,hod_02h,hod_03h,hod_04h,hod_05h,hod_06h,hod_07h,hod_08h,hod_09h,hod_10h,hod_11h,hod_12h,hod_13h,hod_14h,hod_15h,hod_16h,hod_17h,hod_18h,hod_19h,hod_20h,hod_21h,hod_22h,hod_23h,dow_mon,dow_tue,dow_wed,dow_thu,dow_fri,dow_sat,dow_sun
E06000043,E02003494,2843.17857143,15130.25,4720.25,12.0714285714,13.75,12.8928571429,10.0357142857,10.75,12.9285714286,27.6785714286,83.6428571429,151.464285714,158.571428571,174.75,196.785714286,206.892857143,209.5,202.607142857,194.678571429,211.357142857,222.607142857,200.107142857,171.321428571,130.821428571,101.321428571,80.5714285714,46.0714285714,2661.75,3043.25,3658.5,2848.25,2918.5,2713.5,2058.5
