zone_id,area_id,total,daytype_inweek,daytype_weekend,hod_00h,hod_01h,hod_02h,hod_03h,hod_04h,hod_05h,hod_06h,hod_07h,hod_08h,hod_09h,hod_10h,hod_11h,hod_12h,hod_13h,hod_14h,hod_15h,hod_16h,hod_17h,hod_18h,hod_19h,hod_20h,hod_21h,hod_22h,hod_23h,dow_mon,dow_tue,dow_wed,dow_thu,dow_fri,dow_sat,dow_sun
E07000116,E02005166,3462.92857143,18641.0,5653.5,12.8571428571,13.8928571429,9.89285714286,11.3928571429,9.57142857143,20.0714285714,75.4285714286,158.928571429,204.357142857,190.321428571,213.25,230.178571429,240.214285714,242.785714286,237.678571429,232.857142857,234.928571429,258.321428571,232.714285714,204.714285714,167.535714286,116.714285714,89.25,55.0714285714,3246.5,3575.5,4615.5,3641.25,3562.25,3192.5,2407.0
