zone_id,area_id,total,daytype_inweek,daytype_weekend,hod_00h,hod_01h,hod_02h,hod_03h,hod_04h,hod_05h,hod_06h,hod_07h,hod_08h,hod_09h,hod_10h,hod_11h,hod_12h,hod_13h,hod_14h,hod_15h,hod_16h,hod_17h,hod_18h,hod_19h,hod_20h,hod_21h,hod_22h,hod_23h,dow_mon,dow_tue,dow_wed,dow_thu,dow_fri,dow_sat,dow_sun
S12000029,S02002411,924.178571429,4933.25,1632.25,4.42857142857,6.46428571429,3.82142857143,3.25,2.57142857143,4.57142857143,13.3214285714,32.75,50.75,52.6785714286,50.9642857143,61.1785714286,62.3214285714,58.7142857143,62.2142857143,70.3928571429,66.2857142857,68.25,64.2857142857,56.8214285714,44.5357142857,34.9642857143,29.2142857143,19.4285714286,946.0,956.0,1214.75,917.25,899.25,849.75,686.25
