zone_id,area_id,total,daytype_inweek,daytype_weekend,hod_00h,hod_01h,hod_02h,hod_03h,hod_04h,hod_05h,hod_06h,hod_07h,hod_08h,hod_09h,hod_10h,hod_11h,hod_12h,hod_13h,hod_14h,hod_15h,hod_16h,hod_17h,hod_18h,hod_19h,hod_20h,hod_21h,hod_22h,hod_23h,dow_mon,dow_tue,dow_wed,dow_thu,dow_fri,dow_sat,dow_sun
S12000046,S02001976,1860.0,10014.75,3255.0,11.0357142857,13.4285714286,10.6071428571,8.42857142857,7.21428571429,12.5357142857,25.8928571429,71.4642857143,109.428571429,99.6071428571,102.071428571,115.785714286,119.892857143,123.357142857,123.464285714,142.642857143,139.892857143,144.071428571,126.607142857,107.678571429,87.7142857143,70.8214285714,51.5714285714,34.7857142857,1899.25,2014.25,2381.0,1798.75,1921.5,1649.5,1355.75
