zone_id,area_id,total,daytype_inweek,daytype_weekend,hod_00h,hod_01h,hod_02h,hod_03h,hod_04h,hod_05h,hod_06h,hod_07h,hod_08h,hod_09h,hod_10h,hod_11h,hod_12h,hod_13h,hod_14h,hod_15h,hod_16h,hod_17h,hod_18h,hod_19h,hod_20h,hod_21h,hod_22h,hod_23h,dow_mon,dow_tue,dow_wed,dow_thu,dow_fri,dow_sat,dow_sun
E07000012,E02003785,1973.46428571,11122.0,3191.0,8.42857142857,6.17857142857,3.39285714286,5.0,5.85714285714,17.6071428571,45.3928571429,110.892857143,148.428571429,132.464285714,123.214285714,113.964285714,122.392857143,116.357142857,111.107142857,125.464285714,145.0,168.535714286,134.785714286,107.035714286,83.8928571429,66.5714285714,45.9285714286,25.5714285714,1958.0,2212.0,2723.0,2151.25,2077.75,1459.25,1233.0
