zone_id,area_id,total,daytype_inweek,daytype_weekend,hod_00h,hod_01h,hod_02h,hod_03h,hod_04h,hod_05h,hod_06h,hod_07h,hod_08h,hod_09h,hod_10h,hod_11h,hod_12h,hod_13h,hod_14h,hod_15h,hod_16h,hod_17h,hod_18h,hod_19h,hod_20h,hod_21h,hod_22h,hod_23h,dow_mon,dow_tue,dow_wed,dow_thu,dow_fri,dow_sat,dow_sun
E07000052,E02004279,1881.75,10044.75,3431.5,7.78571428571,6.75,5.35714285714,4.82142857143,6.96428571429,9.96428571429,27.6785714286,74.3571428571,95.75,109.928571429,141.321428571,144.428571429,140.642857143,135.071428571,131.5,132.464285714,143.571428571,139.928571429,113.642857143,94.1428571429,80.25,64.7142857143,47.1071428571,23.6071428571,1940.0,1961.0,2422.5,1993.75,1727.5,1636.0,1491.5
