zone_id,area_id,total,daytype_inweek,daytype_weekend,hod_00h,hod_01h,hod_02h,hod_03h,hod_04h,hod_05h,hod_06h,hod_07h,hod_08h,hod_09h,hod_10h,hod_11h,hod_12h,hod_13h,hod_14h,hod_15h,hod_16h,hod_17h,hod_18h,hod_19h,hod_20h,hod_21h,hod_22h,hod_23h,dow_mon,dow_tue,dow_wed,dow_thu,dow_fri,dow_sat,dow_sun
E07000103,E02004970,2226.96428571,11537.5,3910.25,13.9285714286,14.4642857143,11.6071428571,9.42857142857,9.14285714286,16.1071428571,31.9285714286,74.75,109.607142857,115.285714286,133.142857143,146.821428571,154.321428571,145.392857143,147.821428571,145.678571429,155.035714286,165.785714286,163.178571429,147.321428571,121.0,89.1071428571,67.1071428571,39.0,2082.5,2312.75,2755.0,2084.0,2303.25,2223.5,1827.75
