zone_id,area_id,total,daytype_inweek,daytype_weekend,hod_00h,hod_01h,hod_02h,hod_03h,hod_04h,hod_05h,hod_06h,hod_07h,hod_08h,hod_09h,hod_10h,hod_11h,hod_12h,hod_13h,hod_14h,hod_15h,hod_16h,hod_17h,hod_18h,hod_19h,hod_20h,hod_21h,hod_22h,hod_23h,dow_mon,dow_tue,dow_wed,dow_thu,dow_fri,dow_sat,dow_sun
S12000024,S02002247,2895.5,15243.75,5135.25,9.60714285714,7.07142857143,5.46428571429,4.32142857143,8.14285714286,22.9285714286,51.4642857143,131.464285714,175.357142857,184.25,201.535714286,215.714285714,212.214285714,210.107142857,215.214285714,223.928571429,240.25,228.321428571,179.892857143,126.178571429,93.2857142857,77.6785714286,48.3214285714,22.7857142857,2944.0,2869.0,3642.5,2951.5,2836.75,2833.5,2191.25
