zone_id,area_id,total,daytype_inweek,daytype_weekend,hod_00h,hod_01h,hod_02h,hod_03h,hod_04h,hod_05h,hod_06h,hod_07h,hod_08h,hod_09h,hod_10h,hod_11h,hod_12h,hod_13h,hod_14h,hod_15h,hod_16h,hod_17h,hod_18h,hod_19h,hod_20h,hod_21h,hod_22h,hod_23h,dow_mon,dow_tue,dow_wed,dow_thu,dow_fri,dow_sat,dow_sun
E08000035,E02002385,5522.32142857,29348.25,9459.5,43.3214285714,48.25,33.6785714286,25.75,24.1071428571,41.4642857143,102.428571429,222.571428571,304.178571429,277.642857143,290.071428571,329.714285714,361.678571429,350.035714286,354.785714286,367.071428571,405.678571429,440.357142857,390.357142857,328.285714286,275.857142857,220.607142857,172.142857143,112.285714286,5229.5,5679.5,7203.25,5355.25,5880.75,5078.0,4230.0
