zone_id,area_id,total,daytype_inweek,daytype_weekend,hod_00h,hod_01h,hod_02h,hod_03h,hod_04h,hod_05h,hod_06h,hod_07h,hod_08h,hod_09h,hod_10h,hod_11h,hod_12h,hod_13h,hod_14h,hod_15h,hod_16h,hod_17h,hod_18h,hod_19h,hod_20h,hod_21h,hod_22h,hod_23h,dow_mon,dow_tue,dow_wed,dow_thu,dow_fri,dow_sat,dow_sun
E07000133,E02005392,756.928571429,4094.5,1349.5,2.60714285714,2.57142857143,2.89285714286,2.10714285714,4.03571428571,8.96428571429,17.2857142857,33.5357142857,44.3214285714,41.9642857143,43.7142857143,46.1071428571,46.5357142857,48.0357142857,46.8571428571,50.8214285714,55.1785714286,61.1071428571,48.8214285714,42.3928571429,38.3928571429,31.7142857143,24.8571428571,12.1071428571,775.0,894.25,1006.75,779.5,639.0,629.5,574.5
