zone_id,area_id,total,daytype_inweek,daytype_weekend,hod_00h,hod_01h,hod_02h,hod_03h,hod_04h,hod_05h,hod_06h,hod_07h,hod_08h,hod_09h,hod_10h,hod_11h,hod_12h,hod_13h,hod_14h,hod_15h,hod_16h,hod_17h,hod_18h,hod_19h,hod_20h,hod_21h,hod_22h,hod_23h,dow_mon,dow_tue,dow_wed,dow_thu,dow_fri,dow_sat,dow_sun
E07000040,E02004133,2681.07142857,14523.0,4764.75,12.8214285714,13.5,6.75,5.39285714286,5.0,12.1785714286,32.1071428571,97.4285714286,131.821428571,164.071428571,187.678571429,196.892857143,189.714285714,184.214285714,193.75,190.214285714,205.214285714,213.857142857,180.178571429,146.464285714,119.357142857,92.3928571429,67.2857142857,32.7857142857,2810.0,2889.25,3481.5,2895.5,2446.75,2289.75,1954.75
