zone_id,area_id,total,daytype_inweek,daytype_weekend,hod_00h,hod_01h,hod_02h,hod_03h,hod_04h,hod_05h,hod_06h,hod_07h,hod_08h,hod_09h,hod_10h,hod_11h,hod_12h,hod_13h,hod_14h,hod_15h,hod_16h,hod_17h,hod_18h,hod_19h,hod_20h,hod_21h,hod_22h,hod_23h,dow_mon,dow_tue,dow_wed,dow_thu,dow_fri,dow_sat,dow_sun
E07000098,E02004905,1917.10714286,10295.0,3288.0,12.0,12.8928571429,8.67857142857,8.10714285714,8.14285714286,13.5714285714,24.4642857143,59.5,97.3571428571,116.035714286,127.142857143,132.428571429,145.785714286,140.678571429,127.857142857,125.607142857,121.892857143,130.392857143,120.821428571,116.75,99.9285714286,74.3928571429,58.3214285714,34.3571428571,1838.25,1999.25,2542.25,1992.5,1922.75,1675.0,1449.75
