zone_id,area_id,total,daytype_inweek,daytype_weekend,hod_00h,hod_01h,hod_02h,hod_03h,hod_04h,hod_05h,hod_06h,hod_07h,hod_08h,hod_09h,hod_10h,hod_11h,hod_12h,hod_13h,hod_14h,hod_15h,hod_16h,hod_17h,hod_18h,hod_19h,hod_20h,hod_21h,hod_22h,hod_23h,dow_mon,dow_tue,dow_wed,dow_thu,dow_fri,dow_sat,dow_sun
W06000024,W02000285,657.0,3520.75,1053.25,2.71428571429,2.67857142857,2.71428571429,1.53571428571,1.39285714286,5.42857142857,8.71428571429,20.1428571429,30.4285714286,34.1071428571,40.5,43.6785714286,48.4642857143,49.75,51.5,48.9285714286,52.8928571429,48.8928571429,45.0,36.0,28.25,24.5714285714,16.7857142857,11.9285714286,617.25,678.0,862.0,684.75,678.75,642.25,436.0
