zone_id,area_id,total,daytype_inweek,daytype_weekend,hod_00h,hod_01h,hod_02h,hod_03h,hod_04h,hod_05h,hod_06h,hod_07h,hod_08h,hod_09h,hod_10h,hod_11h,hod_12h,hod_13h,hod_14h,hod_15h,hod_16h,hod_17h,hod_18h,hod_19h,hod_20h,hod_21h,hod_22h,hod_23h,dow_mon,dow_tue,dow_wed,dow_thu,dow_fri,dow_sat,dow_sun
E07000042,E02004165,1481.32142857,8195.5,2369.75,5.96428571429,4.89285714286,4.14285714286,3.0,6.5,13.0714285714,21.75,52.7142857143,80.8214285714,89.3928571429,102.178571429,100.892857143,100.535714286,96.1785714286,101.0,96.0357142857,107.035714286,120.857142857,98.4285714286,80.8214285714,66.7142857143,60.9642857143,43.8928571429,23.5357142857,1473.75,1579.25,2032.5,1554.75,1555.25,1277.75,896.0
