zone_id,area_id,total,daytype_inweek,daytype_weekend,hod_00h,hod_01h,hod_02h,hod_03h,hod_04h,hod_05h,hod_06h,hod_07h,hod_08h,hod_09h,hod_10h,hod_11h,hod_12h,hod_13h,hod_14h,hod_15h,hod_16h,hod_17h,hod_18h,hod_19h,hod_20h,hod_21h,hod_22h,hod_23h,dow_mon,dow_tue,dow_wed,dow_thu,dow_fri,dow_sat,dow_sun
E07000240,E02004925,1156.89285714,6239.0,1969.25,7.32142857143,5.25,4.14285714286,2.03571428571,3.57142857143,5.32142857143,12.9642857143,38.6071428571,61.75,70.2857142857,78.5357142857,85.5714285714,82.6428571429,83.0,86.0,83.3571428571,76.9285714286,86.4642857143,74.1071428571,63.6785714286,52.3571428571,40.6071428571,31.0357142857,21.3571428571,1110.5,1191.0,1553.5,1240.75,1143.25,1000.5,858.75
