zone_id,area_id,total,daytype_inweek,daytype_weekend,hod_00h,hod_01h,hod_02h,hod_03h,hod_04h,hod_05h,hod_06h,hod_07h,hod_08h,hod_09h,hod_10h,hod_11h,hod_12h,hod_13h,hod_14h,hod_15h,hod_16h,hod_17h,hod_18h,hod_19h,hod_20h,hod_21h,hod_22h,hod_23h,dow_mon,dow_tue,dow_wed,dow_thu,dow_fri,dow_sat,dow_sun
S12000015,S02001810,1832.71428571,9825.0,3243.75,8.67857142857,8.03571428571,5.28571428571,5.57142857143,6.92857142857,14.9285714286,39.4642857143,78.5,124.535714286,97.9642857143,102.25,114.0,119.178571429,120.142857143,129.714285714,135.285714286,145.5,144.178571429,118.107142857,100.642857143,84.8571428571,65.8928571429,42.4285714286,20.6428571429,1882.0,1921.75,2314.75,1775.5,1931.0,1642.25,1361.75
