zone_id,area_id,total,daytype_inweek,daytype_weekend,hod_00h,hod_01h,hod_02h,hod_03h,hod_04h,hod_05h,hod_06h,hod_07h,hod_08h,hod_09h,hod_10h,hod_11h,hod_12h,hod_13h,hod_14h,hod_15h,hod_16h,hod_17h,hod_18h,hod_19h,hod_20h,hod_21h,hod_22h,hod_23h,dow_mon,dow_tue,dow_wed,dow_thu,dow_fri,dow_sat,dow_sun
E06000054,E02006680,5506.10714286,29831.5,9215.0,24.3928571429,19.3928571429,13.3214285714,11.8928571429,14.3214285714,55.2142857143,113.428571429,232.607142857,321.964285714,307.535714286,345.178571429,362.285714286,388.214285714,392.821428571,395.5,393.714285714,414.428571429,448.5,351.785714286,296.714285714,223.642857143,183.428571429,130.5,65.3214285714,5262.75,5877.5,7457.75,5655.5,5578.0,4759.0,3952.25
