zone_id,area_id,total,daytype_inweek,daytype_weekend,hod_00h,hod_01h,hod_02h,hod_03h,hod_04h,hod_05h,hod_06h,hod_07h,hod_08h,hod_09h,hod_10h,hod_11h,hod_12h,hod_13h,hod_14h,hod_15h,hod_16h,hod_17h,hod_18h,hod_19h,hod_20h,hod_21h,hod_22h,hod_23h,dow_mon,dow_tue,dow_wed,dow_thu,dow_fri,dow_sat,dow_sun
W06000011,W02000169,3121.57142857,16583.0,5469.25,15.9285714286,18.3571428571,13.8928571429,10.1071428571,13.0,22.6785714286,58.7142857143,129.535714286,167.178571429,160.107142857,188.964285714,201.178571429,211.071428571,215.785714286,213.107142857,209.571428571,228.785714286,232.071428571,210.5,177.75,152.071428571,123.071428571,93.8214285714,54.3214285714,3032.5,3373.5,4038.75,3065.5,3072.75,2831.25,2436.75
