zone_id,area_id,total,daytype_inweek,daytype_weekend,hod_00h,hod_01h,hod_02h,hod_03h,hod_04h,hod_05h,hod_06h,hod_07h,hod_08h,hod_09h,hod_10h,hod_11h,hod_12h,hod_13h,hod_14h,hod_15h,hod_16h,hod_17h,hod_18h,hod_19h,hod_20h,hod_21h,hod_22h,hod_23h,dow_mon,dow_tue,dow_wed,dow_thu,dow_fri,dow_sat,dow_sun
S12000018,S02002038,962.642857143,5285.5,1683.0,2.71428571429,4.85714285714,2.82142857143,3.85714285714,3.32142857143,5.42857142857,13.8571428571,31.1071428571,51.7857142857,51.0714285714,59.7857142857,59.3214285714,68.3214285714,69.5,67.1428571429,76.5,74.5714285714,74.25,60.3928571429,51.8214285714,46.9642857143,40.0714285714,28.0714285714,15.1071428571,1042.5,1099.5,1272.25,966.5,904.75,812.5,640.5
