zone_id,area_id,total,daytype_inweek,daytype_weekend,hod_00h,hod_01h,hod_02h,hod_03h,hod_04h,hod_05h,hod_06h,hod_07h,hod_08h,hod_09h,hod_10h,hod_11h,hod_12h,hod_13h,hod_14h,hod_15h,hod_16h,hod_17h,hod_18h,hod_19h,hod_20h,hod_21h,hod_22h,hod_23h,dow_mon,dow_tue,dow_wed,dow_thu,dow_fri,dow_sat,dow_sun
E07000085,E02004697,1887.25,10138.75,3330.0,9.67857142857,7.57142857143,4.39285714286,3.78571428571,5.39285714286,8.28571428571,29.0357142857,87.25,125.464285714,116.142857143,126.071428571,131.75,137.928571429,135.857142857,131.535714286,124.0,134.5,144.392857143,114.321428571,93.3928571429,71.1428571429,61.0714285714,50.0714285714,34.2142857143,1885.25,1959.25,2442.75,1935.0,1916.5,1627.25,1444.75
