zone_id,area_id,total,daytype_inweek,daytype_weekend,hod_00h,hod_01h,hod_02h,hod_03h,hod_04h,hod_05h,hod_06h,hod_07h,hod_08h,hod_09h,hod_10h,hod_11h,hod_12h,hod_13h,hod_14h,hod_15h,hod_16h,hod_17h,hod_18h,hod_19h,hod_20h,hod_21h,hod_22h,hod_23h,dow_mon,dow_tue,dow_wed,dow_thu,dow_fri,dow_sat,dow_sun
E08000035,E02002392,14779.3214286,81606.75,24201.5,138.321428571,150.321428571,114.142857143,90.9642857143,85.0,114.25,292.357142857,638.178571429,932.678571429,796.357142857,761.464285714,818.75,922.0,919.392857143,907.035714286,948.142857143,1066.53571429,1165.28571429,996.892857143,823.107142857,718.357142857,562.785714286,459.642857143,357.357142857,14278.5,15986.0,20184.5,15137.5,16020.25,11925.5,9923.0
