zone_id,area_id,total,daytype_inweek,daytype_weekend,hod_00h,hod_01h,hod_02h,hod_03h,hod_04h,hod_05h,hod_06h,hod_07h,hod_08h,hod_09h,hod_10h,hod_11h,hod_12h,hod_13h,hod_14h,hod_15h,hod_16h,hod_17h,hod_18h,hod_19h,hod_20h,hod_21h,hod_22h,hod_23h,dow_mon,dow_tue,dow_wed,dow_thu,dow_fri,dow_sat,dow_sun
E07000209,E02006350,2502.10714286,13538.25,4268.75,13.3214285714,12.4642857143,8.17857142857,6.14285714286,6.39285714286,16.1428571429,41.25,89.2142857143,131.892857143,147.25,165.964285714,171.857142857,185.25,175.392857143,163.75,166.714285714,174.178571429,182.821428571,166.678571429,150.535714286,117.642857143,87.3928571429,72.7857142857,48.8928571429,2500.75,2625.75,3276.5,2482.75,2652.5,2208.5,1768.0
