zone_id,area_id,total,daytype_inweek,daytype_weekend,hod_00h,hod_01h,hod_02h,hod_03h,hod_04h,hod_05h,hod_06h,hod_07h,hod_08h,hod_09h,hod_10h,hod_11h,hod_12h,hod_13h,hod_14h,hod_15h,hod_16h,hod_17h,hod_18h,hod_19h,hod_20h,hod_21h,hod_22h,hod_23h,dow_mon,dow_tue,dow_wed,dow_thu,dow_fri,dow_sat,dow_sun
E09000032,E02000946,2309.10714286,12015.5,4037.5,22.5,19.7142857143,16.0714285714,9.75,9.25,14.3928571429,31.2142857143,69.3928571429,108.285714286,117.464285714,130.642857143,142.714285714,152.428571429,157.428571429,150.75,150.107142857,144.464285714,167.785714286,160.892857143,160.214285714,125.892857143,104.607142857,83.1071428571,60.0357142857,2183.5,2338.25,3006.25,2246.0,2241.5,2294.25,1854.0
