zone_id,area_id,total,daytype_inweek,daytype_weekend,hod_00h,hod_01h,hod_02h,hod_03h,hod_04h,hod_05h,hod_06h,hod_07h,hod_08h,hod_09h,hod_10h,hod_11h,hod_12h,hod_13h,hod_14h,hod_15h,hod_16h,hod_17h,hod_18h,hod_19h,hod_20h,hod_21h,hod_22h,hod_23h,dow_mon,dow_tue,dow_wed,dow_thu,dow_fri,dow_sat,dow_sun
E09000010,E02000306,3193.89285714,16859.0,5561.5,34.8214285714,30.8928571429,23.8214285714,18.25,15.1428571429,33.6428571429,56.1071428571,93.8571428571,135.321428571,158.035714286,181.928571429,191.821428571,220.178571429,215.285714286,215.392857143,211.75,208.321428571,218.214285714,211.428571429,194.928571429,180.535714286,145.142857143,117.678571429,81.3928571429,3106.25,3385.5,4192.25,3099.25,3075.75,3043.0,2455.25
