zone_id,area_id,total,daytype_inweek,daytype_weekend,hod_00h,hod_01h,hod_02h,hod_03h,hod_04h,hod_05h,hod_06h,hod_07h,hod_08h,hod_09h,hod_10h,hod_11h,hod_12h,hod_13h,hod_14h,hod_15h,hod_16h,hod_17h,hod_18h,hod_19h,hod_20h,hod_21h,hod_22h,hod_23h,dow_mon,dow_tue,dow_wed,dow_thu,dow_fri,dow_sat,dow_sun
E09000008,E02000201,2685.46428571,13965.75,4654.25,27.7142857143,27.75,18.9642857143,14.6428571429,13.8214285714,17.7857142857,32.2142857143,72.3571428571,110.321428571,132.214285714,143.392857143,163.392857143,173.428571429,178.678571429,177.928571429,181.321428571,178.428571429,193.178571429,192.571428571,174.357142857,156.535714286,132.214285714,100.75,71.5,2485.75,2669.25,3414.25,2693.5,2703.0,2664.0,2168.5
