zone_id,area_id,total,daytype_inweek,daytype_weekend,hod_00h,hod_01h,hod_02h,hod_03h,hod_04h,hod_05h,hod_06h,hod_07h,hod_08h,hod_09h,hod_10h,hod_11h,hod_12h,hod_13h,hod_14h,hod_15h,hod_16h,hod_17h,hod_18h,hod_19h,hod_20h,hod_21h,hod_22h,hod_23h,dow_mon,dow_tue,dow_wed,dow_thu,dow_fri,dow_sat,dow_sun
E07000028,E02003997,5420.71428571,29241.0,9121.25,21.2142857143,22.8928571429,19.1785714286,18.5,22.9642857143,60.2142857143,94.6071428571,198.035714286,283.892857143,274.214285714,318.107142857,338.142857143,375.071428571,396.964285714,392.428571429,398.535714286,415.142857143,420.285714286,362.214285714,302.321428571,248.892857143,208.678571429,149.25,78.9642857143,5256.75,5698.0,7005.0,5591.0,5690.25,4839.5,3864.5
