zone_id,area_id,total,daytype_inweek,daytype_weekend,hod_00h,hod_01h,hod_02h,hod_03h,hod_04h,hod_05h,hod_06h,hod_07h,hod_08h,hod_09h,hod_10h,hod_11h,hod_12h,hod_13h,hod_14h,hod_15h,hod_16h,hod_17h,hod_18h,hod_19h,hod_20h,hod_21h,hod_22h,hod_23h,dow_mon,dow_tue,dow_wed,dow_thu,dow_fri,dow_sat,dow_sun
E09000006,E02000151,2463.17857143,12826.75,4363.5,13.4285714286,10.3928571429,6.96428571429,5.53571428571,4.39285714286,9.42857142857,27.1785714286,77.3571428571,121.392857143,146.214285714,164.392857143,175.25,183.5,175.928571429,169.928571429,172.392857143,176.464285714,174.857142857,167.75,152.821428571,127.428571429,92.5357142857,66.9285714286,40.7142857143,2346.0,2488.5,3117.75,2356.0,2518.5,2398.0,2017.5
