zone_id,area_id,total,daytype_inweek,daytype_weekend,hod_00h,hod_01h,hod_02h,hod_03h,hod_04h,hod_05h,hod_06h,hod_07h,hod_08h,hod_09h,hod_10h,hod_11h,hod_12h,hod_13h,hod_14h,hod_15h,hod_16h,hod_17h,hod_18h,hod_19h,hod_20h,hod_21h,hod_22h,hod_23h,dow_mon,dow_tue,dow_wed,dow_thu,dow_fri,dow_sat,dow_sun
E06000022,E02002987,1530.96428571,8380.75,2580.5,7.82142857143,6.10714285714,4.5,3.60714285714,4.5,8.03571428571,23.1428571429,61.6428571429,93.25,90.0357142857,97.75,100.75,105.321428571,105.0,105.321428571,103.892857143,113.392857143,118.214285714,103.464285714,86.75,68.2142857143,54.0714285714,42.8928571429,23.2857142857,1478.5,1696.25,2104.0,1606.0,1496.0,1234.0,1102.0
