zone_id,area_id,total,daytype_inweek,daytype_weekend,hod_00h,hod_01h,hod_02h,hod_03h,hod_04h,hod_05h,hod_06h,hod_07h,hod_08h,hod_09h,hod_10h,hod_11h,hod_12h,hod_13h,hod_14h,hod_15h,hod_16h,hod_17h,hod_18h,hod_19h,hod_20h,hod_21h,hod_22h,hod_23h,dow_mon,dow_tue,dow_wed,dow_thu,dow_fri,dow_sat,dow_sun
E07000154,E02005663,2394.0,12605.75,4148.0,9.89285714286,10.2857142857,7.71428571429,9.10714285714,11.4642857143,30.0,53.7857142857,107.142857143,135.714285714,129.928571429,148.107142857,157.964285714,163.857142857,165.178571429,159.0,158.785714286,167.035714286,184.142857143,158.214285714,140.642857143,112.892857143,84.7857142857,59.7857142857,28.5714285714,2269.0,2488.5,3065.25,2328.75,2454.25,2273.25,1879.0
