zone_id,area_id,total,daytype_inweek,daytype_weekend,hod_00h,hod_01h,hod_02h,hod_03h,hod_04h,hod_05h,hod_06h,hod_07h,hod_08h,hod_09h,hod_10h,hod_11h,hod_12h,hod_13h,hod_14h,hod_15h,hod_16h,hod_17h,hod_18h,hod_19h,hod_20h,hod_21h,hod_22h,hod_23h,dow_mon,dow_tue,dow_wed,dow_thu,dow_fri,dow_sat,dow_sun
E07000179,E02005971,1348.57142857,7293.0,2309.5,6.25,5.32142857143,2.82142857143,3.07142857143,2.96428571429,9.89285714286,31.7142857143,62.75,78.3571428571,73.1428571429,78.2857142857,76.8214285714,88.4285714286,86.8571428571,85.4285714286,93.0,105.285714286,103.75,96.5,80.2857142857,66.7857142857,48.9285714286,39.0357142857,22.8928571429,1318.25,1443.75,1827.0,1345.25,1358.75,1155.75,991.25
