zone_id,area_id,total,daytype_inweek,daytype_weekend,hod_00h,hod_01h,hod_02h,hod_03h,hod_04h,hod_05h,hod_06h,hod_07h,hod_08h,hod_09h,hod_10h,hod_11h,hod_12h,hod_13h,hod_14h,hod_15h,hod_16h,hod_17h,hod_18h,hod_19h,hod_20h,hod_21h,hod_22h,hod_23h,dow_mon,dow_tue,dow_wed,dow_thu,dow_fri,dow_sat,dow_sun
E07000127,E02005315,1685.53571429,9046.0,2939.0,9.67857142857,8.42857142857,8.64285714286,4.25,4.89285714286,11.0,21.3928571429,57.3928571429,87.4642857143,97.2857142857,105.214285714,111.071428571,107.785714286,114.321428571,113.607142857,117.785714286,119.714285714,124.25,116.285714286,101.857142857,86.1428571429,67.7857142857,55.3571428571,33.9285714286,1660.25,1807.25,2331.25,1652.5,1594.75,1474.0,1278.75
