zone_id,area_id,total,daytype_inweek,daytype_weekend,hod_00h,hod_01h,hod_02h,hod_03h,hod_04h,hod_05h,hod_06h,hod_07h,hod_08h,hod_09h,hod_10h,hod_11h,hod_12h,hod_13h,hod_14h,hod_15h,hod_16h,hod_17h,hod_18h,hod_19h,hod_20h,hod_21h,hod_22h,hod_23h,dow_mon,dow_tue,dow_wed,dow_thu,dow_fri,dow_sat,dow_sun
E08000022,E02001764,2904.53571429,15407.25,5001.25,12.1428571429,11.9285714286,8.03571428571,7.25,9.42857142857,18.6785714286,50.7142857143,92.9642857143,139.821428571,155.821428571,177.571428571,212.928571429,231.857142857,232.464285714,224.214285714,223.321428571,227.321428571,211.964285714,184.107142857,159.178571429,122.785714286,91.0357142857,61.6428571429,37.3571428571,2798.5,2962.0,3689.25,2801.25,3156.25,2721.75,2202.75
