zone_id,area_id,total,daytype_inweek,daytype_weekend,hod_00h,hod_01h,hod_02h,hod_03h,hod_04h,hod_05h,hod_06h,hod_07h,hod_08h,hod_09h,hod_10h,hod_11h,hod_12h,hod_13h,hod_14h,hod_15h,hod_16h,hod_17h,hod_18h,hod_19h,hod_20h,hod_21h,hod_22h,hod_23h,dow_mon,dow_tue,dow_wed,dow_thu,dow_fri,dow_sat,dow_sun
E07000216,E02006439,1258.85714286,6862.25,2077.5,5.85714285714,5.60714285714,2.39285714286,1.89285714286,2.5,3.82142857143,14.9285714286,43.5714285714,73.1428571429,71.6428571429,84.0,86.5714285714,88.4285714286,89.25,86.6071428571,86.5,88.9285714286,97.8214285714,84.0,74.1428571429,59.7142857143,47.8571428571,36.0357142857,23.6428571429,1214.25,1368.5,1701.25,1319.25,1259.0,1086.5,863.25
