zone_id,area_id,total,daytype_inweek,daytype_weekend,hod_00h,hod_01h,hod_02h,hod_03h,hod_04h,hod_05h,hod_06h,hod_07h,hod_08h,hod_09h,hod_10h,hod_11h,hod_12h,hod_13h,hod_14h,hod_15h,hod_16h,hod_17h,hod_18h,hod_19h,hod_20h,hod_21h,hod_22h,hod_23h,dow_mon,dow_tue,dow_wed,dow_thu,dow_fri,dow_sat,dow_sun
E06000041,E02003456,2475.32142857,13232.0,4353.5,10.9642857143,9.96428571429,5.57142857143,5.42857142857,5.42857142857,12.6785714286,47.0357142857,91.0714285714,144.25,155.035714286,165.714285714,174.964285714,182.607142857,178.25,162.392857143,168.0,172.75,180.75,159.142857143,144.392857143,107.25,88.8571428571,66.25,36.5714285714,2407.75,2622.25,3193.25,2516.5,2492.25,2149.5,1945.75
