zone_id,area_id,total,daytype_inweek,daytype_weekend,hod_00h,hod_01h,hod_02h,hod_03h,hod_04h,hod_05h,hod_06h,hod_07h,hod_08h,hod_09h,hod_10h,hod_11h,hod_12h,hod_13h,hod_14h,hod_15h,hod_16h,hod_17h,hod_18h,hod_19h,hod_20h,hod_21h,hod_22h,hod_23h,dow_mon,dow_tue,dow_wed,dow_thu,dow_fri,dow_sat,dow_sun
E09000032,E02000935,1465.57142857,7803.0,2525.5,12.6785714286,10.5357142857,7.85714285714,4.67857142857,4.21428571429,7.35714285714,20.4285714286,47.2857142857,71.7142857143,79.5357142857,89.9642857143,102.857142857,101.535714286,102.25,99.7142857143,102.821428571,101.392857143,102.964285714,100.892857143,90.1428571429,71.3571428571,57.0,44.75,31.6428571429,1379.75,1540.5,1932.5,1447.75,1502.5,1310.25,1145.75
