zone_id,area_id,total,daytype_inweek,daytype_weekend,hod_00h,hod_01h,hod_02h,hod_03h,hod_04h,hod_05h,hod_06h,hod_07h,hod_08h,hod_09h,hod_10h,hod_11h,hod_12h,hod_13h,hod_14h,hod_15h,hod_16h,hod_17h,hod_18h,hod_19h,hod_20h,hod_21h,hod_22h,hod_23h,dow_mon,dow_tue,dow_wed,dow_thu,dow_fri,dow_sat,dow_sun
E08000010,E02001314,2242.21428571,11713.5,3955.0,11.5714285714,11.3214285714,8.03571428571,9.0,9.57142857143,19.0,33.3571428571,71.9285714286,103.571428571,112.892857143,133.321428571,152.0,159.285714286,159.928571429,152.75,158.857142857,158.178571429,168.107142857,162.142857143,143.285714286,117.357142857,82.8928571429,64.4285714286,39.4285714286,2172.5,2273.25,2806.75,2161.25,2299.75,2199.5,1782.5
