zone_id,area_id,total,daytype_inweek,daytype_weekend,hod_00h,hod_01h,hod_02h,hod_03h,hod_04h,hod_05h,hod_06h,hod_07h,hod_08h,hod_09h,hod_10h,hod_11h,hod_12h,hod_13h,hod_14h,hod_15h,hod_16h,hod_17h,hod_18h,hod_19h,hod_20h,hod_21h,hod_22h,hod_23h,dow_mon,dow_tue,dow_wed,dow_thu,dow_fri,dow_sat,dow_sun
E06000036,E02003355,3024.64285714,16069.25,5086.75,11.7142857143,12.4642857143,7.78571428571,4.85714285714,11.1071428571,16.6071428571,48.4642857143,106.285714286,171.25,170.428571429,190.964285714,204.142857143,225.142857143,224.035714286,201.0,204.892857143,212.464285714,238.178571429,206.357142857,185.0,143.892857143,112.25,70.8214285714,44.5357142857,2834.25,3182.0,3957.25,2974.25,3121.5,2850.75,2252.5
