zone_id,area_id,total,daytype_inweek,daytype_weekend,hod_00h,hod_01h,hod_02h,hod_03h,hod_04h,hod_05h,hod_06h,hod_07h,hod_08h,hod_09h,hod_10h,hod_11h,hod_12h,hod_13h,hod_14h,hod_15h,hod_16h,hod_17h,hod_18h,hod_19h,hod_20h,hod_21h,hod_22h,hod_23h,dow_mon,dow_tue,dow_wed,dow_thu,dow_fri,dow_sat,dow_sun
E07000111,E02005098,4406.39285714,23775.25,7330.25,20.0714285714,12.0,7.85714285714,6.17857142857,10.4285714286,16.1428571429,44.25,146.821428571,243.035714286,287.928571429,328.285714286,347.142857143,354.142857143,343.071428571,332.785714286,329.964285714,307.642857143,303.321428571,262.928571429,229.5,168.428571429,128.75,106.107142857,69.6071428571,4265.25,4635.75,5957.25,4519.0,4398.0,4004.5,3065.0
