zone_id,area_id,total,daytype_inweek,daytype_weekend,hod_00h,hod_01h,hod_02h,hod_03h,hod_04h,hod_05h,hod_06h,hod_07h,hod_08h,hod_09h,hod_10h,hod_11h,hod_12h,hod_13h,hod_14h,hod_15h,hod_16h,hod_17h,hod_18h,hod_19h,hod_20h,hod_21h,hod_22h,hod_23h,dow_mon,dow_tue,dow_wed,dow_thu,dow_fri,dow_sat,dow_sun
E08000017,E02001576,2364.60714286,12523.75,3994.5,8.85714285714,7.60714285714,6.78571428571,7.10714285714,8.75,25.2857142857,47.1071428571,118.392857143,130.678571429,124.428571429,146.464285714,157.035714286,166.821428571,162.642857143,174.285714286,167.892857143,174.964285714,183.214285714,150.464285714,126.5,102.0,81.6071428571,55.0714285714,30.6428571429,2238.75,2422.5,3043.0,2504.75,2314.75,2272.75,1755.75
