zone_id,area_id,total,daytype_inweek,daytype_weekend,hod_00h,hod_01h,hod_02h,hod_03h,hod_04h,hod_05h,hod_06h,hod_07h,hod_08h,hod_09h,hod_10h,hod_11h,hod_12h,hod_13h,hod_14h,hod_15h,hod_16h,hod_17h,hod_18h,hod_19h,hod_20h,hod_21h,hod_22h,hod_23h,dow_mon,dow_tue,dow_wed,dow_thu,dow_fri,dow_sat,dow_sun
E08000003,E02001085,3447.42857143,18409.5,5965.5,31.1071428571,36.6785714286,25.7142857143,22.1785714286,18.1428571429,27.3928571429,53.5,122.285714286,173.107142857,164.785714286,170.785714286,185.714285714,213.535714286,220.142857143,217.892857143,223.285714286,244.571428571,258.642857143,246.321428571,223.607142857,189.714285714,157.821428571,130.357142857,90.1428571429,3332.75,3576.0,4469.75,3544.0,3487.0,3089.75,2632.75
