zone_id,area_id,total,daytype_inweek,daytype_weekend,hod_00h,hod_01h,hod_02h,hod_03h,hod_04h,hod_05h,hod_06h,hod_07h,hod_08h,hod_09h,hod_10h,hod_11h,hod_12h,hod_13h,hod_14h,hod_15h,hod_16h,hod_17h,hod_18h,hod_19h,hod_20h,hod_21h,hod_22h,hod_23h,dow_mon,dow_tue,dow_wed,dow_thu,dow_fri,dow_sat,dow_sun
E07000153,E02005648,2303.25,12579.25,3856.25,10.8928571429,9.10714285714,9.53571428571,7.82142857143,8.92857142857,24.25,37.1071428571,73.3928571429,106.214285714,121.285714286,137.142857143,147.0,161.392857143,158.071428571,160.571428571,151.928571429,167.071428571,186.642857143,172.964285714,142.5,119.642857143,91.6785714286,64.7142857143,33.3928571429,2281.5,2568.0,3111.25,2426.75,2191.75,1968.75,1574.75
