zone_id,area_id,total,daytype_inweek,daytype_weekend,hod_00h,hod_01h,hod_02h,hod_03h,hod_04h,hod_05h,hod_06h,hod_07h,hod_08h,hod_09h,hod_10h,hod_11h,hod_12h,hod_13h,hod_14h,hod_15h,hod_16h,hod_17h,hod_18h,hod_19h,hod_20h,hod_21h,hod_22h,hod_23h,dow_mon,dow_tue,dow_wed,dow_thu,dow_fri,dow_sat,dow_sun
E09000010,E02000288,4501.60714286,23283.0,8022.75,41.5,40.3571428571,28.2142857143,19.3928571429,18.3928571429,41.6785714286,73.8571428571,130.678571429,196.392857143,223.785714286,259.142857143,292.892857143,319.035714286,324.821428571,322.25,315.892857143,311.928571429,303.821428571,283.642857143,265.178571429,237.642857143,189.607142857,154.678571429,106.821428571,4257.25,4590.25,5628.75,4254.75,4552.0,4462.75,3765.5
