zone_id,area_id,total,daytype_inweek,daytype_weekend,hod_00h,hod_01h,hod_02h,hod_03h,hod_04h,hod_05h,hod_06h,hod_07h,hod_08h,hod_09h,hod_10h,hod_11h,hod_12h,hod_13h,hod_14h,hod_15h,hod_16h,hod_17h,hod_18h,hod_19h,hod_20h,hod_21h,hod_22h,hod_23h,dow_mon,dow_tue,dow_wed,dow_thu,dow_fri,dow_sat,dow_sun
E07000077,E02004593,1142.07142857,6275.25,1863.0,6.03571428571,4.71428571429,3.75,4.92857142857,5.57142857143,10.8571428571,16.5,46.4285714286,66.6428571429,70.0,76.1071428571,75.5714285714,79.5,73.5,74.4642857143,71.0,73.3571428571,87.1428571429,75.6428571429,59.9285714286,51.1428571429,44.8214285714,38.9285714286,25.5357142857,1109.5,1245.0,1588.5,1204.0,1128.25,965.75,753.5
