zone_id,area_id,total,daytype_inweek,daytype_weekend,hod_00h,hod_01h,hod_02h,hod_03h,hod_04h,hod_05h,hod_06h,hod_07h,hod_08h,hod_09h,hod_10h,hod_11h,hod_12h,hod_13h,hod_14h,hod_15h,hod_16h,hod_17h,hod_18h,hod_19h,hod_20h,hod_21h,hod_22h,hod_23h,dow_mon,dow_tue,dow_wed,dow_thu,dow_fri,dow_sat,dow_sun
E07000090,E02004777,1117.07142857,5837.25,1976.75,4.60714285714,3.03571428571,2.28571428571,2.17857142857,2.53571428571,5.78571428571,15.6428571429,32.9285714286,57.5,62.5714285714,73.1428571429,78.7142857143,83.3571428571,81.9642857143,79.8571428571,82.8928571429,80.1428571429,86.6071428571,74.8214285714,65.25,54.2857142857,41.7142857143,28.5714285714,16.6785714286,1081.75,1193.75,1409.75,1073.25,1078.75,1087.25,895.0
