zone_id,area_id,total,daytype_inweek,daytype_weekend,hod_00h,hod_01h,hod_02h,hod_03h,hod_04h,hod_05h,hod_06h,hod_07h,hod_08h,hod_09h,hod_10h,hod_11h,hod_12h,hod_13h,hod_14h,hod_15h,hod_16h,hod_17h,hod_18h,hod_19h,hod_20h,hod_21h,hod_22h,hod_23h,dow_mon,dow_tue,dow_wed,dow_thu,dow_fri,dow_sat,dow_sun
E07000070,E02004489,4319.57142857,23465.5,7313.75,22.8928571429,21.0357142857,14.75,15.1071428571,13.9285714286,31.6428571429,82.7142857143,186.5,259.107142857,273.821428571,276.928571429,291.071428571,306.75,309.142857143,279.571428571,288.5,297.535714286,319.285714286,268.214285714,231.214285714,195.178571429,150.964285714,110.75,72.9642857143,4234.0,4600.5,5923.75,4398.25,4309.0,3691.75,3079.75
