zone_id,area_id,total,daytype_inweek,daytype_weekend,hod_00h,hod_01h,hod_02h,hod_03h,hod_04h,hod_05h,hod_06h,hod_07h,hod_08h,hod_09h,hod_10h,hod_11h,hod_12h,hod_13h,hod_14h,hod_15h,hod_16h,hod_17h,hod_18h,hod_19h,hod_20h,hod_21h,hod_22h,hod_23h,dow_mon,dow_tue,dow_wed,dow_thu,dow_fri,dow_sat,dow_sun
E08000018,E02001598,3794.78571429,20052.75,6519.75,22.1071428571,28.4285714286,16.7142857143,12.0714285714,14.9642857143,30.9642857143,58.0,122.607142857,179.571428571,205.178571429,236.785714286,259.928571429,268.035714286,261.178571429,261.107142857,267.428571429,271.821428571,281.357142857,250.0,225.25,201.964285714,154.785714286,108.25,56.2857142857,3574.25,3931.5,4912.5,3712.0,3922.5,3565.25,2945.5
