zone_id,area_id,total,daytype_inweek,daytype_weekend,hod_00h,hod_01h,hod_02h,hod_03h,hod_04h,hod_05h,hod_06h,hod_07h,hod_08h,hod_09h,hod_10h,hod_11h,hod_12h,hod_13h,hod_14h,hod_15h,hod_16h,hod_17h,hod_18h,hod_19h,hod_20h,hod_21h,hod_22h,hod_23h,dow_mon,dow_tue,dow_wed,dow_thu,dow_fri,dow_sat,dow_sun
S12000027,S02002325,934.535714286,4986.5,1552.75,1.75,2.78571428571,2.03571428571,2.03571428571,6.75,10.25,31.1785714286,65.5357142857,67.3928571429,48.75,48.1785714286,49.1428571429,52.5714285714,55.3214285714,57.4642857143,67.0714285714,78.6071428571,81.75,64.4642857143,48.3571428571,37.1071428571,31.3571428571,16.5714285714,8.10714285714,877.75,992.75,1208.5,984.25,923.25,880.25,675.0
