zone_id,area_id,total,daytype_inweek,daytype_weekend,hod_00h,hod_01h,hod_02h,hod_03h,hod_04h,hod_05h,hod_06h,hod_07h,hod_08h,hod_09h,hod_10h,hod_11h,hod_12h,hod_13h,hod_14h,hod_15h,hod_16h,hod_17h,hod_18h,hod_19h,hod_20h,hod_21h,hod_22h,hod_23h,dow_mon,dow_tue,dow_wed,dow_thu,dow_fri,dow_sat,dow_sun
E06000027,E02003157,3781.35714286,20109.75,6597.25,15.4642857143,15.1428571429,13.8571428571,12.1785714286,11.1428571429,15.25,32.1428571429,115.678571429,163.142857143,206.714285714,230.75,262.0,272.321428571,270.571428571,274.071428571,274.928571429,291.285714286,300.785714286,264.678571429,221.178571429,183.321428571,151.714285714,120.392857143,62.6428571429,3735.25,3992.25,4937.75,3774.25,3670.25,3497.75,2862.0
