zone_id,area_id,total,daytype_inweek,daytype_weekend,hod_00h,hod_01h,hod_02h,hod_03h,hod_04h,hod_05h,hod_06h,hod_07h,hod_08h,hod_09h,hod_10h,hod_11h,hod_12h,hod_13h,hod_14h,hod_15h,hod_16h,hod_17h,hod_18h,hod_19h,hod_20h,hod_21h,hod_22h,hod_23h,dow_mon,dow_tue,dow_wed,dow_thu,dow_fri,dow_sat,dow_sun
E07000117,E02005180,1255.57142857,6808.0,2119.0,8.85714285714,6.96428571429,5.39285714286,4.25,3.89285714286,8.10714285714,14.6785714286,31.6785714286,52.5,58.5714285714,74.25,79.3214285714,87.5,93.75,93.7142857143,91.4642857143,92.7857142857,97.6785714286,89.9642857143,73.8571428571,61.0357142857,53.8214285714,43.1428571429,28.3928571429,1237.75,1297.5,1681.75,1359.25,1231.75,1099.75,881.25
