zone_id,area_id,total,daytype_inweek,daytype_weekend,hod_00h,hod_01h,hod_02h,hod_03h,hod_04h,hod_05h,hod_06h,hod_07h,hod_08h,hod_09h,hod_10h,hod_11h,hod_12h,hod_13h,hod_14h,hod_15h,hod_16h,hod_17h,hod_18h,hod_19h,hod_20h,hod_21h,hod_22h,hod_23h,dow_mon,dow_tue,dow_wed,dow_thu,dow_fri,dow_sat,dow_sun
S12000021,S02002114,783.25,4156.0,1393.75,2.85714285714,3.28571428571,1.57142857143,1.35714285714,2.21428571429,5.03571428571,14.0714285714,25.3571428571,36.0357142857,36.4642857143,45.0,52.25,57.7857142857,55.7142857143,62.9285714286,60.1071428571,61.3928571429,58.2857142857,54.1428571429,46.2857142857,38.8214285714,33.0357142857,19.2857142857,9.96428571429,778.25,848.75,1017.25,732.25,779.5,711.25,615.5
