zone_id,area_id,total,daytype_inweek,daytype_weekend,hod_00h,hod_01h,hod_02h,hod_03h,hod_04h,hod_05h,hod_06h,hod_07h,hod_08h,hod_09h,hod_10h,hod_11h,hod_12h,hod_13h,hod_14h,hod_15h,hod_16h,hod_17h,hod_18h,hod_19h,hod_20h,hod_21h,hod_22h,hod_23h,dow_mon,dow_tue,dow_wed,dow_thu,dow_fri,dow_sat,dow_sun
E07000063,E02004385,1793.35714286,9628.5,3016.0,9.75,5.46428571429,6.17857142857,5.14285714286,4.17857142857,8.82142857143,29.8928571429,62.8571428571,89.7857142857,99.8214285714,110.428571429,122.785714286,128.428571429,132.571428571,127.75,131.714285714,127.321428571,135.678571429,128.142857143,111.178571429,80.2142857143,64.8928571429,47.0714285714,23.2857142857,1717.25,1900.0,2368.5,1831.5,1811.25,1626.25,1298.75
