zone_id,area_id,total,daytype_inweek,daytype_weekend,hod_00h,hod_01h,hod_02h,hod_03h,hod_04h,hod_05h,hod_06h,hod_07h,hod_08h,hod_09h,hod_10h,hod_11h,hod_12h,hod_13h,hod_14h,hod_15h,hod_16h,hod_17h,hod_18h,hod_19h,hod_20h,hod_21h,hod_22h,hod_23h,dow_mon,dow_tue,dow_wed,dow_thu,dow_fri,dow_sat,dow_sun
E06000050,E02003846,3208.46428571,16920.25,5562.25,13.9642857143,17.1785714286,11.6428571429,11.9285714286,12.0357142857,22.8928571429,64.6071428571,127.571428571,161.285714286,170.142857143,190.178571429,207.964285714,219.214285714,214.535714286,221.571428571,229.428571429,239.821428571,252.035714286,228.321428571,186.75,158.892857143,112.428571429,85.6785714286,48.3928571429,3027.5,3245.75,4102.5,3146.75,3397.75,3004.25,2534.75
