zone_id,area_id,total,daytype_inweek,daytype_weekend,hod_00h,hod_01h,hod_02h,hod_03h,hod_04h,hod_05h,hod_06h,hod_07h,hod_08h,hod_09h,hod_10h,hod_11h,hod_12h,hod_13h,hod_14h,hod_15h,hod_16h,hod_17h,hod_18h,hod_19h,hod_20h,hod_21h,hod_22h,hod_23h,dow_mon,dow_tue,dow_wed,dow_thu,dow_fri,dow_sat,dow_sun
S12000017,S02002025,859.857142857,4789.25,1399.75,2.82142857143,1.92857142857,2.60714285714,4.10714285714,4.21428571429,8.60714285714,23.2857142857,40.6785714286,51.4285714286,59.5714285714,67.8214285714,63.5714285714,63.3571428571,59.0,63.3571428571,69.2857142857,68.3571428571,62.2142857143,50.5,33.6785714286,26.9642857143,19.1428571429,10.1785714286,3.17857142857,898.5,896.5,1220.25,991.0,783.0,728.5,501.25
