zone_id,area_id,total,daytype_inweek,daytype_weekend,hod_00h,hod_01h,hod_02h,hod_03h,hod_04h,hod_05h,hod_06h,hod_07h,hod_08h,hod_09h,hod_10h,hod_11h,hod_12h,hod_13h,hod_14h,hod_15h,hod_16h,hod_17h,hod_18h,hod_19h,hod_20h,hod_21h,hod_22h,hod_23h,dow_mon,dow_tue,dow_wed,dow_thu,dow_fri,dow_sat,dow_sun
E09000022,E02000645,2245.75,11686.25,3963.75,32.6071428571,25.8214285714,18.8214285714,12.3214285714,10.6428571429,11.4642857143,25.5714285714,56.4642857143,98.2142857143,119.5,128.0,136.0,145.571428571,147.214285714,143.035714286,146.892857143,140.107142857,148.892857143,149.535714286,150.535714286,128.178571429,110.535714286,88.75,71.0714285714,2125.75,2319.75,2885.5,2166.75,2188.5,2196.0,1838.0
