zone_id,area_id,total,daytype_inweek,daytype_weekend,hod_00h,hod_01h,hod_02h,hod_03h,hod_04h,hod_05h,hod_06h,hod_07h,hod_08h,hod_09h,hod_10h,hod_11h,hod_12h,hod_13h,hod_14h,hod_15h,hod_16h,hod_17h,hod_18h,hod_19h,hod_20h,hod_21h,hod_22h,hod_23h,dow_mon,dow_tue,dow_wed,dow_thu,dow_fri,dow_sat,dow_sun
E09000015,E02000439,1694.25,8744.5,3024.0,16.25,16.75,11.4642857143,6.42857142857,6.32142857143,7.78571428571,18.9642857143,40.0,69.3571428571,84.5357142857,96.6071428571,101.535714286,105.821428571,110.142857143,106.357142857,105.892857143,110.107142857,119.071428571,122.107142857,115.571428571,111.107142857,95.9285714286,68.8214285714,47.3214285714,1578.25,1747.75,2090.75,1618.0,1709.75,1669.5,1445.75
