zone_id,area_id,total,daytype_inweek,daytype_weekend,hod_00h,hod_01h,hod_02h,hod_03h,hod_04h,hod_05h,hod_06h,hod_07h,hod_08h,hod_09h,hod_10h,hod_11h,hod_12h,hod_13h,hod_14h,hod_15h,hod_16h,hod_17h,hod_18h,hod_19h,hod_20h,hod_21h,hod_22h,hod_23h,dow_mon,dow_tue,dow_wed,dow_thu,dow_fri,dow_sat,dow_sun
E08000025,E02001831,4060.32142857,21242.25,6924.25,25.8928571429,28.25,18.1785714286,16.2857142857,14.3928571429,30.3928571429,84.3928571429,173.964285714,196.821428571,213.5,230.892857143,253.678571429,269.321428571,273.035714286,273.785714286,275.107142857,292.75,301.964285714,283.5,251.535714286,196.607142857,154.25,125.607142857,76.2142857143,3741.0,4234.25,5071.25,4055.25,4140.5,3996.75,3183.25
