zone_id,area_id,total,daytype_inweek,daytype_weekend,hod_00h,hod_01h,hod_02h,hod_03h,hod_04h,hod_05h,hod_06h,hod_07h,hod_08h,hod_09h,hod_10h,hod_11h,hod_12h,hod_13h,hod_14h,hod_15h,hod_16h,hod_17h,hod_18h,hod_19h,hod_20h,hod_21h,hod_22h,hod_23h,dow_mon,dow_tue,dow_wed,dow_thu,dow_fri,dow_sat,dow_sun
E07000037,E02004104,1238.89285714,6576.25,2148.25,5.64285714286,4.14285714286,2.21428571429,2.39285714286,3.89285714286,17.25,22.75,42.1071428571,57.9642857143,65.5714285714,79.2142857143,90.6785714286,97.8214285714,91.2142857143,92.6785714286,94.5714285714,95.9642857143,102.607142857,76.3214285714,61.9285714286,51.8571428571,40.0357142857,24.8928571429,15.1785714286,1170.0,1333.5,1650.75,1230.75,1191.25,1117.75,978.25
