zone_id,area_id,total,daytype_inweek,daytype_weekend,hod_00h,hod_01h,hod_02h,hod_03h,hod_04h,hod_05h,hod_06h,hod_07h,hod_08h,hod_09h,hod_10h,hod_11h,hod_12h,hod_13h,hod_14h,hod_15h,hod_16h,hod_17h,hod_18h,hod_19h,hod_20h,hod_21h,hod_22h,hod_23h,dow_mon,dow_tue,dow_wed,dow_thu,dow_fri,dow_sat,dow_sun
E07000243,E02004947,1849.64285714,9682.5,3191.5,8.57142857143,7.42857142857,6.03571428571,4.46428571429,4.85714285714,7.53571428571,24.6071428571,53.7142857143,88.4642857143,98.6428571429,122.964285714,135.035714286,141.857142857,132.535714286,134.0,133.928571429,130.321428571,140.964285714,128.321428571,112.607142857,90.3928571429,65.9285714286,47.3571428571,29.1071428571,1793.75,1859.75,2289.75,1849.0,1890.25,1867.25,1397.75
