zone_id,area_id,total,daytype_inweek,daytype_weekend,hod_00h,hod_01h,hod_02h,hod_03h,hod_04h,hod_05h,hod_06h,hod_07h,hod_08h,hod_09h,hod_10h,hod_11h,hod_12h,hod_13h,hod_14h,hod_15h,hod_16h,hod_17h,hod_18h,hod_19h,hod_20h,hod_21h,hod_22h,hod_23h,dow_mon,dow_tue,dow_wed,dow_thu,dow_fri,dow_sat,dow_sun
E07000093,E02004820,2641.03571429,14616.5,4399.75,13.4642857143,11.3928571429,9.82142857143,8.89285714286,10.3214285714,23.6428571429,42.3928571429,122.75,166.178571429,164.785714286,181.571428571,185.535714286,186.678571429,175.892857143,176.214285714,179.357142857,185.5,190.035714286,162.464285714,135.392857143,113.035714286,89.1785714286,68.5357142857,38.0,2640.5,2963.0,3637.25,2772.0,2603.75,2111.5,1759.25
