zone_id,area_id,total,daytype_inweek,daytype_weekend,hod_00h,hod_01h,hod_02h,hod_03h,hod_04h,hod_05h,hod_06h,hod_07h,hod_08h,hod_09h,hod_10h,hod_11h,hod_12h,hod_13h,hod_14h,hod_15h,hod_16h,hod_17h,hod_18h,hod_19h,hod_20h,hod_21h,hod_22h,hod_23h,dow_mon,dow_tue,dow_wed,dow_thu,dow_fri,dow_sat,dow_sun
E07000131,E02005373,2285.42857143,12118.5,4063.25,10.5,8.14285714286,4.67857142857,3.82142857143,4.10714285714,11.75,28.2857142857,81.0357142857,146.25,141.607142857,141.607142857,151.642857143,163.321428571,157.857142857,157.642857143,162.25,162.25,178.321428571,152.035714286,132.392857143,103.642857143,81.3571428571,65.3928571429,35.5357142857,2238.25,2331.5,3100.0,2220.5,2228.25,2054.5,1825.0
