zone_id,area_id,total,daytype_inweek,daytype_weekend,hod_00h,hod_01h,hod_02h,hod_03h,hod_04h,hod_05h,hod_06h,hod_07h,hod_08h,hod_09h,hod_10h,hod_11h,hod_12h,hod_13h,hod_14h,hod_15h,hod_16h,hod_17h,hod_18h,hod_19h,hod_20h,hod_21h,hod_22h,hod_23h,dow_mon,dow_tue,dow_wed,dow_thu,dow_fri,dow_sat,dow_sun
S12000033,S02001263,5387.60714286,29184.25,9218.25,29.5714285714,32.25,30.8214285714,27.7142857143,30.6428571429,64.6428571429,131.035714286,250.285714286,298.035714286,290.571428571,283.142857143,312.107142857,333.5,342.464285714,356.142857143,381.464285714,410.321428571,417.714285714,362.071428571,299.785714286,252.821428571,202.071428571,155.571428571,92.8571428571,5429.25,5705.5,7097.5,5369.5,5582.5,4740.0,3789.0
