zone_id,area_id,total,daytype_inweek,daytype_weekend,hod_00h,hod_01h,hod_02h,hod_03h,hod_04h,hod_05h,hod_06h,hod_07h,hod_08h,hod_09h,hod_10h,hod_11h,hod_12h,hod_13h,hod_14h,hod_15h,hod_16h,hod_17h,hod_18h,hod_19h,hod_20h,hod_21h,hod_22h,hod_23h,dow_mon,dow_tue,dow_wed,dow_thu,dow_fri,dow_sat,dow_sun
E07000073,E02004553,1992.64285714,10511.75,3399.25,9.17857142857,10.9642857143,5.03571428571,6.82142857143,6.71428571429,17.5714285714,30.3928571429,56.6428571429,83.9642857143,102.0,132.642857143,151.071428571,159.642857143,154.928571429,142.5,141.571428571,136.857142857,147.714285714,130.571428571,117.857142857,96.5357142857,69.9642857143,54.0357142857,27.4642857143,1898.0,2037.25,2562.75,1951.25,2062.5,1935.5,1501.25
