zone_id,area_id,total,daytype_inweek,daytype_weekend,hod_00h,hod_01h,hod_02h,hod_03h,hod_04h,hod_05h,hod_06h,hod_07h,hod_08h,hod_09h,hod_10h,hod_11h,hod_12h,hod_13h,hod_14h,hod_15h,hod_16h,hod_17h,hod_18h,hod_19h,hod_20h,hod_21h,hod_22h,hod_23h,dow_mon,dow_tue,dow_wed,dow_thu,dow_fri,dow_sat,dow_sun
E07000149,E02005609,1063.82142857,5811.25,1786.0,3.78571428571,3.53571428571,2.71428571429,3.17857142857,4.64285714286,10.6785714286,27.3928571429,52.6071428571,64.9285714286,61.2857142857,65.2142857143,71.1428571429,70.6785714286,67.1071428571,71.0714285714,70.3214285714,78.0,80.9642857143,68.25,57.1071428571,43.25,38.7857142857,29.8571428571,17.3214285714,1086.5,1107.25,1444.5,1092.5,1080.5,936.0,699.5
