zone_id,area_id,total,daytype_inweek,daytype_weekend,hod_00h,hod_01h,hod_02h,hod_03h,hod_04h,hod_05h,hod_06h,hod_07h,hod_08h,hod_09h,hod_10h,hod_11h,hod_12h,hod_13h,hod_14h,hod_15h,hod_16h,hod_17h,hod_18h,hod_19h,hod_20h,hod_21h,hod_22h,hod_23h,dow_mon,dow_tue,dow_wed,dow_thu,dow_fri,dow_sat,dow_sun
E06000042,E02003473,7326.75,38979.75,12395.0,33.2142857143,35.7142857143,22.1428571429,17.8928571429,22.5357142857,54.5,104.535714286,256.892857143,416.678571429,379.321428571,418.178571429,467.035714286,543.714285714,546.464285714,520.0,510.285714286,552.392857143,600.071428571,507.607142857,430.785714286,343.285714286,250.678571429,183.857142857,108.964285714,6821.25,7527.25,9433.25,7486.5,7711.5,6733.75,5573.75
