zone_id,area_id,total,daytype_inweek,daytype_weekend,hod_00h,hod_01h,hod_02h,hod_03h,hod_04h,hod_05h,hod_06h,hod_07h,hod_08h,hod_09h,hod_10h,hod_11h,hod_12h,hod_13h,hod_14h,hod_15h,hod_16h,hod_17h,hod_18h,hod_19h,hod_20h,hod_21h,hod_22h,hod_23h,dow_mon,dow_tue,dow_wed,dow_thu,dow_fri,dow_sat,dow_sun
E07000216,E02006445,2261.89285714,12232.5,3728.5,9.89285714286,6.42857142857,4.75,3.92857142857,4.75,8.42857142857,26.1785714286,90.8928571429,132.928571429,150.214285714,162.214285714,171.142857143,184.678571429,173.071428571,160.571428571,166.857142857,158.035714286,157.571428571,136.821428571,107.607142857,85.3571428571,67.3214285714,52.3571428571,39.8928571429,2128.0,2417.25,3071.5,2351.0,2264.75,2000.25,1600.5
