zone_id,area_id,total,daytype_inweek,daytype_weekend,hod_00h,hod_01h,hod_02h,hod_03h,hod_04h,hod_05h,hod_06h,hod_07h,hod_08h,hod_09h,hod_10h,hod_11h,hod_12h,hod_13h,hod_14h,hod_15h,hod_16h,hod_17h,hod_18h,hod_19h,hod_20h,hod_21h,hod_22h,hod_23h,dow_mon,dow_tue,dow_wed,dow_thu,dow_fri,dow_sat,dow_sun
S12000018,S02002035,832.535714286,4484.25,1444.5,5.10714285714,4.67857142857,4.21428571429,2.42857142857,1.75,3.35714285714,9.75,26.1428571429,43.1785714286,39.6428571429,49.6071428571,55.5,57.2142857143,58.5714285714,60.5,65.0714285714,63.75,61.25,59.4642857143,49.0357142857,38.1428571429,35.7142857143,24.0714285714,14.3928571429,844.75,896.75,1115.5,833.75,793.5,743.75,599.75
