zone_id,area_id,total,daytype_inweek,daytype_weekend,hod_00h,hod_01h,hod_02h,hod_03h,hod_04h,hod_05h,hod_06h,hod_07h,hod_08h,hod_09h,hod_10h,hod_11h,hod_12h,hod_13h,hod_14h,hod_15h,hod_16h,hod_17h,hod_18h,hod_19h,hod_20h,hod_21h,hod_22h,hod_23h,dow_mon,dow_tue,dow_wed,dow_thu,dow_fri,dow_sat,dow_sun
E08000003,E02001082,4055.39285714,21677.0,6845.5,40.6071428571,39.8928571429,29.25,23.6785714286,20.4642857143,28.2142857143,57.9642857143,152.357142857,247.535714286,204.642857143,202.071428571,220.892857143,244.5,251.392857143,240.178571429,249.928571429,273.0,315.25,298.642857143,259.964285714,220.178571429,171.857142857,150.928571429,112.0,3756.75,4229.75,5414.25,4177.0,4099.25,3622.0,3088.75
