zone_id,area_id,total,daytype_inweek,daytype_weekend,hod_00h,hod_01h,hod_02h,hod_03h,hod_04h,hod_05h,hod_06h,hod_07h,hod_08h,hod_09h,hod_10h,hod_11h,hod_12h,hod_13h,hod_14h,hod_15h,hod_16h,hod_17h,hod_18h,hod_19h,hod_20h,hod_21h,hod_22h,hod_23h,dow_mon,dow_tue,dow_wed,dow_thu,dow_fri,dow_sat,dow_sun
E06000039,E02003415,6317.07142857,32533.75,11368.75,41.8214285714,41.5,30.4285714286,23.0,23.6785714286,38.25,79.7857142857,168.964285714,269.035714286,292.178571429,332.107142857,396.857142857,473.785714286,492.214285714,495.821428571,477.785714286,470.714285714,482.321428571,426.571428571,374.285714286,319.178571429,251.107142857,193.571428571,122.107142857,6107.5,6387.25,7885.25,5887.0,6266.75,6424.5,5261.25
