zone_id,area_id,total,daytype_inweek,daytype_weekend,hod_00h,hod_01h,hod_02h,hod_03h,hod_04h,hod_05h,hod_06h,hod_07h,hod_08h,hod_09h,hod_10h,hod_11h,hod_12h,hod_13h,hod_14h,hod_15h,hod_16h,hod_17h,hod_18h,hod_19h,hod_20h,hod_21h,hod_22h,hod_23h,dow_mon,dow_tue,dow_wed,dow_thu,dow_fri,dow_sat,dow_sun
E08000003,E02006916,2839.71428571,15264.75,4796.5,27.9285714286,34.5,29.2142857143,22.8928571429,21.8928571429,24.5,41.0,96.0,168.214285714,140.357142857,130.714285714,144.821428571,162.535714286,166.321428571,166.714285714,173.035714286,194.964285714,217.0,205.321428571,182.821428571,155.071428571,133.678571429,113.071428571,87.1428571429,2714.5,2960.75,3764.5,2838.75,2986.25,2531.25,2082.0
