zone_id,area_id,total,daytype_inweek,daytype_weekend,hod_00h,hod_01h,hod_02h,hod_03h,hod_04h,hod_05h,hod_06h,hod_07h,hod_08h,hod_09h,hod_10h,hod_11h,hod_12h,hod_13h,hod_14h,hod_15h,hod_16h,hod_17h,hod_18h,hod_19h,hod_20h,hod_21h,hod_22h,hod_23h,dow_mon,dow_tue,dow_wed,dow_thu,dow_fri,dow_sat,dow_sun
W06000018,W02000305,1197.10714286,6401.5,2077.0,6.07142857143,5.5,4.60714285714,2.67857142857,4.60714285714,14.3214285714,29.6428571429,50.1428571429,51.4285714286,58.1785714286,66.8571428571,69.0,77.7142857143,70.5714285714,78.6785714286,78.2857142857,87.7142857143,91.9285714286,81.9285714286,77.8214285714,63.8928571429,54.2142857143,46.6071428571,24.7142857143,1144.75,1248.75,1601.5,1213.75,1192.75,1046.0,932.25
