zone_id,area_id,total,daytype_inweek,daytype_weekend,hod_00h,hod_01h,hod_02h,hod_03h,hod_04h,hod_05h,hod_06h,hod_07h,hod_08h,hod_09h,hod_10h,hod_11h,hod_12h,hod_13h,hod_14h,hod_15h,hod_16h,hod_17h,hod_18h,hod_19h,hod_20h,hod_21h,hod_22h,hod_23h,dow_mon,dow_tue,dow_wed,dow_thu,dow_fri,dow_sat,dow_sun
S12000045,S02001512,985.0,5172.25,1780.75,5.17857142857,5.67857142857,4.53571428571,3.07142857143,2.67857142857,2.78571428571,8.96428571429,28.2142857143,54.5714285714,56.9642857143,65.8571428571,66.7142857143,70.25,62.9285714286,65.4285714286,72.0714285714,72.0357142857,64.8571428571,69.75,60.0714285714,52.9642857143,38.6071428571,33.2142857143,17.6071428571,975.75,1039.75,1251.5,950.5,954.75,917.75,805.0
