zone_id,area_id,total,daytype_inweek,daytype_weekend,hod_00h,hod_01h,hod_02h,hod_03h,hod_04h,hod_05h,hod_06h,hod_07h,hod_08h,hod_09h,hod_10h,hod_11h,hod_12h,hod_13h,hod_14h,hod_15h,hod_16h,hod_17h,hod_18h,hod_19h,hod_20h,hod_21h,hod_22h,hod_23h,dow_mon,dow_tue,dow_wed,dow_thu,dow_fri,dow_sat,dow_sun
E07000132,E02005381,1826.10714286,9938.25,3247.25,9.85714285714,9.03571428571,6.14285714286,5.32142857143,6.67857142857,14.9642857143,36.4285714286,69.1071428571,101.178571429,107.285714286,119.142857143,122.678571429,125.571428571,117.785714286,121.464285714,121.642857143,122.214285714,127.035714286,116.535714286,106.678571429,87.8214285714,76.3928571429,58.5,36.6428571429,1890.75,2025.75,2446.75,1881.75,1693.25,1488.0,1356.5
