zone_id,area_id,total,daytype_inweek,daytype_weekend,hod_00h,hod_01h,hod_02h,hod_03h,hod_04h,hod_05h,hod_06h,hod_07h,hod_08h,hod_09h,hod_10h,hod_11h,hod_12h,hod_13h,hod_14h,hod_15h,hod_16h,hod_17h,hod_18h,hod_19h,hod_20h,hod_21h,hod_22h,hod_23h,dow_mon,dow_tue,dow_wed,dow_thu,dow_fri,dow_sat,dow_sun
E06000054,E02006638,3560.53571429,19209.5,5969.5,16.2857142857,12.0714285714,10.9642857143,9.25,10.8571428571,26.3571428571,71.0,182.857142857,226.428571429,206.428571429,229.357142857,240.678571429,243.785714286,240.678571429,249.75,245.071428571,278.892857143,286.285714286,223.571428571,172.892857143,138.142857143,111.25,82.3214285714,45.3571428571,3446.0,3803.0,4778.75,3683.0,3498.75,3190.75,2523.5
