zone_id,area_id,total,daytype_inweek,daytype_weekend,hod_00h,hod_01h,hod_02h,hod_03h,hod_04h,hod_05h,hod_06h,hod_07h,hod_08h,hod_09h,hod_10h,hod_11h,hod_12h,hod_13h,hod_14h,hod_15h,hod_16h,hod_17h,hod_18h,hod_19h,hod_20h,hod_21h,hod_22h,hod_23h,dow_mon,dow_tue,dow_wed,dow_thu,dow_fri,dow_sat,dow_sun
E07000193,E02006133,883.178571429,4875.5,1434.0,2.78571428571,2.32142857143,1.71428571429,1.35714285714,1.71428571429,8.85714285714,18.5357142857,38.8214285714,52.4285714286,50.8214285714,56.8571428571,55.6071428571,58.4285714286,64.7142857143,59.5357142857,61.75,64.3928571429,75.5714285714,56.3928571429,44.1428571429,34.7857142857,32.5357142857,24.0714285714,15.0357142857,864.25,955.75,1170.5,941.75,943.25,737.0,569.75
