zone_id,area_id,total,daytype_inweek,daytype_weekend,hod_00h,hod_01h,hod_02h,hod_03h,hod_04h,hod_05h,hod_06h,hod_07h,hod_08h,hod_09h,hod_10h,hod_11h,hod_12h,hod_13h,hod_14h,hod_15h,hod_16h,hod_17h,hod_18h,hod_19h,hod_20h,hod_21h,hod_22h,hod_23h,dow_mon,dow_tue,dow_wed,dow_thu,dow_fri,dow_sat,dow_sun
E07000009,E02003738,2070.67857143,11297.0,3502.25,9.53571428571,8.67857142857,7.67857142857,7.35714285714,9.0,29.3571428571,62.6785714286,94.8571428571,121.964285714,120.464285714,130.821428571,134.464285714,133.642857143,128.535714286,129.535714286,130.571428571,148.964285714,154.892857143,140.321428571,114.571428571,87.1785714286,76.7142857143,58.1428571429,30.75,2063.0,2297.0,2749.5,2114.5,2073.0,1758.5,1439.25
