zone_id,area_id,total,daytype_inweek,daytype_weekend,hod_00h,hod_01h,hod_02h,hod_03h,hod_04h,hod_05h,hod_06h,hod_07h,hod_08h,hod_09h,hod_10h,hod_11h,hod_12h,hod_13h,hod_14h,hod_15h,hod_16h,hod_17h,hod_18h,hod_19h,hod_20h,hod_21h,hod_22h,hod_23h,dow_mon,dow_tue,dow_wed,dow_thu,dow_fri,dow_sat,dow_sun
E09000008,E02000199,2178.07142857,11283.75,3875.5,24.2142857143,22.4285714286,15.4642857143,13.0714285714,12.1428571429,12.9285714286,29.5,62.0357142857,86.25,101.214285714,115.678571429,130.75,138.892857143,145.214285714,144.107142857,141.0,147.678571429,160.892857143,156.75,144.285714286,126.142857143,109.892857143,83.6785714286,53.8571428571,2098.75,2226.0,2795.5,2028.5,2135.0,2186.0,1776.75
