zone_id,area_id,total,daytype_inweek,daytype_weekend,hod_00h,hod_01h,hod_02h,hod_03h,hod_04h,hod_05h,hod_06h,hod_07h,hod_08h,hod_09h,hod_10h,hod_11h,hod_12h,hod_13h,hod_14h,hod_15h,hod_16h,hod_17h,hod_18h,hod_19h,hod_20h,hod_21h,hod_22h,hod_23h,dow_mon,dow_tue,dow_wed,dow_thu,dow_fri,dow_sat,dow_sun
E07000171,E02006903,3664.71428571,20104.75,6042.25,13.0714285714,15.75,12.3571428571,14.9642857143,31.8214285714,69.3571428571,60.4642857143,105.571428571,162.535714286,188.464285714,221.25,235.892857143,261.071428571,272.107142857,284.928571429,270.285714286,274.857142857,284.285714286,229.785714286,205.392857143,173.75,134.035714286,93.6071428571,49.1071428571,3610.25,4063.0,5006.75,3740.75,3684.0,3116.25,2432.0
