zone_id,area_id,total,daytype_inweek,daytype_weekend,hod_00h,hod_01h,hod_02h,hod_03h,hod_04h,hod_05h,hod_06h,hod_07h,hod_08h,hod_09h,hod_10h,hod_11h,hod_12h,hod_13h,hod_14h,hod_15h,hod_16h,hod_17h,hod_18h,hod_19h,hod_20h,hod_21h,hod_22h,hod_23h,dow_mon,dow_tue,dow_wed,dow_thu,dow_fri,dow_sat,dow_sun
W06000002,W02000017,1412.75,7266.75,2656.5,3.85714285714,3.25,2.17857142857,1.96428571429,1.82142857143,5.03571428571,12.3571428571,34.5,51.9285714286,67.7142857143,98.0714285714,120.857142857,122.75,119.464285714,117.035714286,116.928571429,132.035714286,121.785714286,87.6428571429,61.5357142857,50.8571428571,39.0,26.6071428571,13.5714285714,1429.75,1436.0,1701.25,1295.0,1404.75,1395.75,1226.75
