zone_id,area_id,total,daytype_inweek,daytype_weekend,hod_00h,hod_01h,hod_02h,hod_03h,hod_04h,hod_05h,hod_06h,hod_07h,hod_08h,hod_09h,hod_10h,hod_11h,hod_12h,hod_13h,hod_14h,hod_15h,hod_16h,hod_17h,hod_18h,hod_19h,hod_20h,hod_21h,hod_22h,hod_23h,dow_mon,dow_tue,dow_wed,dow_thu,dow_fri,dow_sat,dow_sun
S12000015,S02001782,1353.5,7139.75,2445.5,7.21428571429,6.10714285714,4.82142857143,4.46428571429,5.75,11.8571428571,28.4642857143,51.5357142857,77.2857142857,74.9642857143,76.4642857143,84.2142857143,94.5,97.0357142857,96.6428571429,102.928571429,108.642857143,96.2142857143,86.25,74.5714285714,63.0,49.5357142857,33.0714285714,17.9642857143,1363.5,1401.0,1758.75,1269.5,1347.0,1252.75,1082.0
