zone_id,area_id,total,daytype_inweek,daytype_weekend,hod_00h,hod_01h,hod_02h,hod_03h,hod_04h,hod_05h,hod_06h,hod_07h,hod_08h,hod_09h,hod_10h,hod_11h,hod_12h,hod_13h,hod_14h,hod_15h,hod_16h,hod_17h,hod_18h,hod_19h,hod_20h,hod_21h,hod_22h,hod_23h,dow_mon,dow_tue,dow_wed,dow_thu,dow_fri,dow_sat,dow_sun
E06000056,E02003650,1342.10714286,7119.25,2496.25,6.67857142857,4.57142857143,3.82142857143,4.28571428571,4.53571428571,9.42857142857,23.0714285714,46.3214285714,61.2857142857,72.25,90.5714285714,100.5,101.821428571,105.75,97.3571428571,97.7857142857,98.25,98.6785714286,81.6785714286,68.1071428571,57.7142857143,50.3214285714,34.2857142857,23.0357142857,1388.25,1476.25,1711.75,1333.25,1209.75,1167.5,1108.0
