zone_id,area_id,total,daytype_inweek,daytype_weekend,hod_00h,hod_01h,hod_02h,hod_03h,hod_04h,hod_05h,hod_06h,hod_07h,hod_08h,hod_09h,hod_10h,hod_11h,hod_12h,hod_13h,hod_14h,hod_15h,hod_16h,hod_17h,hod_18h,hod_19h,hod_20h,hod_21h,hod_22h,hod_23h,dow_mon,dow_tue,dow_wed,dow_thu,dow_fri,dow_sat,dow_sun
E09000007,E02000192,7678.21428571,42323.75,11211.25,41.2857142857,48.1785714286,29.9285714286,26.5,15.8214285714,19.8571428571,40.7857142857,125.642857143,283.5,358.75,394.571428571,453.464285714,631.714285714,704.5,609.0,581.857142857,546.892857143,628.964285714,636.75,462.535714286,336.107142857,261.464285714,255.071428571,185.071428571,6541.0,8241.75,10682.5,8224.25,8634.25,6753.5,4670.25
