zone_id,area_id,total,daytype_inweek,daytype_weekend,hod_00h,hod_01h,hod_02h,hod_03h,hod_04h,hod_05h,hod_06h,hod_07h,hod_08h,hod_09h,hod_10h,hod_11h,hod_12h,hod_13h,hod_14h,hod_15h,hod_16h,hod_17h,hod_18h,hod_19h,hod_20h,hod_21h,hod_22h,hod_23h,dow_mon,dow_tue,dow_wed,dow_thu,dow_fri,dow_sat,dow_sun
E07000127,E02005317,1714.89285714,9354.0,2796.0,10.1785714286,10.4285714286,8.07142857143,5.60714285714,8.67857142857,28.1785714286,38.6785714286,63.5,80.4285714286,78.0357142857,85.5714285714,101.107142857,110.714285714,108.857142857,120.928571429,118.321428571,124.142857143,137.107142857,113.964285714,109.785714286,88.2142857143,74.6428571429,55.1428571429,34.6071428571,1604.75,1834.75,2339.0,1764.5,1811.0,1459.0,1191.25
