zone_id,area_id,total,daytype_inweek,daytype_weekend,hod_00h,hod_01h,hod_02h,hod_03h,hod_04h,hod_05h,hod_06h,hod_07h,hod_08h,hod_09h,hod_10h,hod_11h,hod_12h,hod_13h,hod_14h,hod_15h,hod_16h,hod_17h,hod_18h,hod_19h,hod_20h,hod_21h,hod_22h,hod_23h,dow_mon,dow_tue,dow_wed,dow_thu,dow_fri,dow_sat,dow_sun
E07000146,E02005560,4307.21428571,23087.0,7165.5,16.5357142857,15.8214285714,12.4285714286,12.4642857143,19.6071428571,51.5,95.4285714286,167.5,214.0,228.821428571,267.678571429,289.142857143,304.714285714,319.821428571,309.928571429,319.75,325.678571429,348.357142857,284.285714286,222.785714286,188.428571429,144.928571429,97.3928571429,50.2142857143,4062.0,4542.25,5664.75,4358.0,4460.0,3960.0,3103.5
