zone_id,area_id,total,daytype_inweek,daytype_weekend,hod_00h,hod_01h,hod_02h,hod_03h,hod_04h,hod_05h,hod_06h,hod_07h,hod_08h,hod_09h,hod_10h,hod_11h,hod_12h,hod_13h,hod_14h,hod_15h,hod_16h,hod_17h,hod_18h,hod_19h,hod_20h,hod_21h,hod_22h,hod_23h,dow_mon,dow_tue,dow_wed,dow_thu,dow_fri,dow_sat,dow_sun
E08000003,E02001092,3113.89285714,16803.0,5364.5,21.5714285714,24.0714285714,23.1071428571,18.7142857143,26.1785714286,39.5,68.3928571429,125.321428571,145.0,150.035714286,174.857142857,182.071428571,207.642857143,209.785714286,210.785714286,221.035714286,222.428571429,234.642857143,206.892857143,179.928571429,154.285714286,116.821428571,90.5714285714,60.25,3107.25,3229.0,4055.0,3194.0,3217.75,2737.0,2257.25
