zone_id,area_id,total,daytype_inweek,daytype_weekend,hod_00h,hod_01h,hod_02h,hod_03h,hod_04h,hod_05h,hod_06h,hod_07h,hod_08h,hod_09h,hod_10h,hod_11h,hod_12h,hod_13h,hod_14h,hod_15h,hod_16h,hod_17h,hod_18h,hod_19h,hod_20h,hod_21h,hod_22h,hod_23h,dow_mon,dow_tue,dow_wed,dow_thu,dow_fri,dow_sat,dow_sun
E07000129,E02006820,2511.75,13582.25,4376.5,9.75,9.07142857143,8.89285714286,5.82142857143,8.42857142857,18.8214285714,38.6785714286,97.0,145.642857143,156.392857143,159.785714286,165.571428571,182.107142857,168.357142857,164.642857143,175.035714286,181.571428571,185.964285714,171.392857143,150.571428571,118.392857143,92.25,65.2142857143,32.3928571429,2535.0,2722.0,3360.25,2513.5,2451.5,2158.5,1841.5
