zone_id,area_id,total,daytype_inweek,daytype_weekend,hod_00h,hod_01h,hod_02h,hod_03h,hod_04h,hod_05h,hod_06h,hod_07h,hod_08h,hod_09h,hod_10h,hod_11h,hod_12h,hod_13h,hod_14h,hod_15h,hod_16h,hod_17h,hod_18h,hod_19h,hod_20h,hod_21h,hod_22h,hod_23h,dow_mon,dow_tue,dow_wed,dow_thu,dow_fri,dow_sat,dow_sun
E07000094,E02004836,1605.10714286,8467.5,2827.0,6.5,11.25,9.75,7.85714285714,6.25,8.21428571429,20.75,50.8928571429,89.25,94.5357142857,97.0,102.107142857,112.857142857,106.785714286,109.321428571,107.035714286,114.678571429,116.428571429,111.142857143,101.178571429,79.4642857143,63.6071428571,47.5357142857,30.7142857143,1590.5,1600.25,1959.5,1674.75,1642.5,1531.75,1236.5
