zone_id,area_id,total,daytype_inweek,daytype_weekend,hod_00h,hod_01h,hod_02h,hod_03h,hod_04h,hod_05h,hod_06h,hod_07h,hod_08h,hod_09h,hod_10h,hod_11h,hod_12h,hod_13h,hod_14h,hod_15h,hod_16h,hod_17h,hod_18h,hod_19h,hod_20h,hod_21h,hod_22h,hod_23h,dow_mon,dow_tue,dow_wed,dow_thu,dow_fri,dow_sat,dow_sun
E07000031,E02004024,2132.92857143,11269.0,3971.5,6.28571428571,3.75,3.82142857143,2.10714285714,3.35714285714,6.07142857143,19.7857142857,53.4642857143,95.2142857143,123.857142857,170.178571429,181.0,175.964285714,170.642857143,174.75,172.428571429,178.142857143,162.142857143,132.142857143,95.5714285714,68.3928571429,58.6071428571,46.6428571429,28.6071428571,2338.0,2168.75,2689.75,2085.25,1987.25,2028.0,1633.5
