zone_id,area_id,total,daytype_inweek,daytype_weekend,hod_00h,hod_01h,hod_02h,hod_03h,hod_04h,hod_05h,hod_06h,hod_07h,hod_08h,hod_09h,hod_10h,hod_11h,hod_12h,hod_13h,hod_14h,hod_15h,hod_16h,hod_17h,hod_18h,hod_19h,hod_20h,hod_21h,hod_22h,hod_23h,dow_mon,dow_tue,dow_wed,dow_thu,dow_fri,dow_sat,dow_sun
E07000173,E02005869,1471.75,7800.25,2612.75,5.21428571429,5.60714285714,3.67857142857,3.35714285714,4.21428571429,12.3214285714,20.7142857143,48.8571428571,74.8571428571,84.8214285714,95.7857142857,102.928571429,110.464285714,107.285714286,102.821428571,105.428571429,103.178571429,105.714285714,97.3928571429,94.6071428571,70.5,55.9642857143,36.25,19.7857142857,1445.5,1509.0,1923.0,1458.5,1464.25,1334.75,1167.25
