zone_id,area_id,total,daytype_inweek,daytype_weekend,hod_00h,hod_01h,hod_02h,hod_03h,hod_04h,hod_05h,hod_06h,hod_07h,hod_08h,hod_09h,hod_10h,hod_11h,hod_12h,hod_13h,hod_14h,hod_15h,hod_16h,hod_17h,hod_18h,hod_19h,hod_20h,hod_21h,hod_22h,hod_23h,dow_mon,dow_tue,dow_wed,dow_thu,dow_fri,dow_sat,dow_sun
E06000035,E02003345,2054.10714286,10787.0,3551.25,11.0714285714,9.28571428571,6.5,5.28571428571,8.42857142857,16.2142857143,34.8214285714,81.8214285714,106.464285714,121.25,128.571428571,134.464285714,140.678571429,144.214285714,136.964285714,139.892857143,146.392857143,156.75,143.214285714,123.285714286,100.857142857,75.1428571429,52.0714285714,30.4642857143,1974.0,2077.5,2581.5,2075.75,2078.25,2014.5,1577.25
