zone_id,area_id,total,daytype_inweek,daytype_weekend,hod_00h,hod_01h,hod_02h,hod_03h,hod_04h,hod_05h,hod_06h,hod_07h,hod_08h,hod_09h,hod_10h,hod_11h,hod_12h,hod_13h,hod_14h,hod_15h,hod_16h,hod_17h,hod_18h,hod_19h,hod_20h,hod_21h,hod_22h,hod_23h,dow_mon,dow_tue,dow_wed,dow_thu,dow_fri,dow_sat,dow_sun
E07000070,E02004491,2484.17857143,13200.75,4198.0,13.3571428571,12.75,10.6785714286,9.10714285714,8.03571428571,18.5,45.1785714286,107.857142857,146.285714286,149.321428571,152.928571429,157.107142857,165.678571429,166.642857143,158.321428571,163.285714286,174.571428571,187.75,167.964285714,148.821428571,122.214285714,91.5714285714,65.7142857143,40.5357142857,2346.0,2577.0,3263.25,2508.75,2505.75,2336.5,1852.0
