zone_id,area_id,total,daytype_inweek,daytype_weekend,hod_00h,hod_01h,hod_02h,hod_03h,hod_04h,hod_05h,hod_06h,hod_07h,hod_08h,hod_09h,hod_10h,hod_11h,hod_12h,hod_13h,hod_14h,hod_15h,hod_16h,hod_17h,hod_18h,hod_19h,hod_20h,hod_21h,hod_22h,hod_23h,dow_mon,dow_tue,dow_wed,dow_thu,dow_fri,dow_sat,dow_sun
E09000002,E02000009,1857.28571429,9661.5,3337.75,17.7857142857,18.4642857143,12.5,9.89285714286,8.67857142857,16.8214285714,31.8571428571,48.4642857143,69.5357142857,94.7857142857,110.535714286,119.035714286,121.178571429,124.0,117.571428571,112.821428571,119.892857143,127.035714286,124.321428571,125.464285714,116.0,95.0714285714,69.8571428571,45.7142857143,1780.5,1870.0,2382.0,1752.5,1876.5,1782.25,1557.25
