zone_id,area_id,total,daytype_inweek,daytype_weekend,hod_00h,hod_01h,hod_02h,hod_03h,hod_04h,hod_05h,hod_06h,hod_07h,hod_08h,hod_09h,hod_10h,hod_11h,hod_12h,hod_13h,hod_14h,hod_15h,hod_16h,hod_17h,hod_18h,hod_19h,hod_20h,hod_21h,hod_22h,hod_23h,dow_mon,dow_tue,dow_wed,dow_thu,dow_fri,dow_sat,dow_sun
S12000040,S02002480,2705.35714286,14512.5,4780.5,13.3214285714,12.5357142857,9.0,7.21428571429,7.67857142857,22.1785714286,55.6785714286,105.714285714,151.392857143,149.178571429,156.964285714,164.071428571,183.0,185.285714286,190.571428571,194.821428571,218.178571429,211.892857143,187.75,155.964285714,134.107142857,94.1071428571,61.8571428571,32.8928571429,2746.25,2920.25,3483.0,2641.75,2721.25,2390.75,2034.25
