zone_id,area_id,total,daytype_inweek,daytype_weekend,hod_00h,hod_01h,hod_02h,hod_03h,hod_04h,hod_05h,hod_06h,hod_07h,hod_08h,hod_09h,hod_10h,hod_11h,hod_12h,hod_13h,hod_14h,hod_15h,hod_16h,hod_17h,hod_18h,hod_19h,hod_20h,hod_21h,hod_22h,hod_23h,dow_mon,dow_tue,dow_wed,dow_thu,dow_fri,dow_sat,dow_sun
S12000014,S02001729,1684.67857143,8961.25,3036.75,6.64285714286,9.53571428571,6.96428571429,6.21428571429,5.5,12.6428571429,26.0,65.5357142857,90.0714285714,85.1428571429,91.3571428571,101.214285714,116.321428571,111.571428571,116.214285714,119.214285714,131.392857143,136.642857143,118.321428571,103.392857143,86.5714285714,71.7142857143,44.9642857143,21.5357142857,1699.0,1727.75,2170.75,1659.75,1704.0,1493.75,1337.75
