zone_id,area_id,total,daytype_inweek,daytype_weekend,hod_00h,hod_01h,hod_02h,hod_03h,hod_04h,hod_05h,hod_06h,hod_07h,hod_08h,hod_09h,hod_10h,hod_11h,hod_12h,hod_13h,hod_14h,hod_15h,hod_16h,hod_17h,hod_18h,hod_19h,hod_20h,hod_21h,hod_22h,hod_23h,dow_mon,dow_tue,dow_wed,dow_thu,dow_fri,dow_sat,dow_sun
E07000211,E02006378,2000.53571429,10642.75,3447.5,12.1785714286,10.6785714286,8.42857142857,5.5,5.28571428571,11.8571428571,27.75,78.8214285714,125.607142857,126.035714286,133.321428571,136.75,134.678571429,129.285714286,119.892857143,127.857142857,131.964285714,150.392857143,132.821428571,126.285714286,95.0357142857,73.3571428571,58.75,38.0,1914.75,2122.75,2638.0,1963.75,2003.5,1828.25,1532.75
