zone_id,area_id,total,daytype_inweek,daytype_weekend,hod_00h,hod_01h,hod_02h,hod_03h,hod_04h,hod_05h,hod_06h,hod_07h,hod_08h,hod_09h,hod_10h,hod_11h,hod_12h,hod_13h,hod_14h,hod_15h,hod_16h,hod_17h,hod_18h,hod_19h,hod_20h,hod_21h,hod_22h,hod_23h,dow_mon,dow_tue,dow_wed,dow_thu,dow_fri,dow_sat,dow_sun
E09000004,E02000082,2034.67857143,10472.75,3568.75,12.5357142857,10.5357142857,5.85714285714,4.39285714286,4.14285714286,8.92857142857,20.8214285714,56.1071428571,86.8571428571,112.428571429,122.285714286,137.75,143.5,139.75,137.392857143,137.214285714,143.321428571,149.964285714,149.928571429,140.214285714,117.535714286,90.7857142857,65.8214285714,36.6071428571,1922.25,2001.75,2552.25,1980.25,2016.25,2123.5,1646.5
