zone_id,area_id,total,daytype_inweek,daytype_weekend,hod_00h,hod_01h,hod_02h,hod_03h,hod_04h,hod_05h,hod_06h,hod_07h,hod_08h,hod_09h,hod_10h,hod_11h,hod_12h,hod_13h,hod_14h,hod_15h,hod_16h,hod_17h,hod_18h,hod_19h,hod_20h,hod_21h,hod_22h,hod_23h,dow_mon,dow_tue,dow_wed,dow_thu,dow_fri,dow_sat,dow_sun
E09000003,E02000052,2415.07142857,12850.0,4165.25,24.6785714286,19.5,12.7857142857,8.17857142857,7.28571428571,13.4642857143,28.6428571429,68.3214285714,110.321428571,138.178571429,155.214285714,165.0,170.214285714,169.214285714,166.178571429,170.714285714,157.178571429,163.607142857,161.535714286,151.714285714,123.857142857,102.607142857,76.3214285714,50.3571428571,2303.0,2469.25,3278.5,2397.5,2401.75,2193.25,1862.25
