zone_id,area_id,total,daytype_inweek,daytype_weekend,hod_00h,hod_01h,hod_02h,hod_03h,hod_04h,hod_05h,hod_06h,hod_07h,hod_08h,hod_09h,hod_10h,hod_11h,hod_12h,hod_13h,hod_14h,hod_15h,hod_16h,hod_17h,hod_18h,hod_19h,hod_20h,hod_21h,hod_22h,hod_23h,dow_mon,dow_tue,dow_wed,dow_thu,dow_fri,dow_sat,dow_sun
E07000034,E02004067,1828.28571429,9692.25,3112.0,7.21428571429,6.07142857143,5.60714285714,5.17857142857,4.78571428571,11.3571428571,21.4642857143,57.7142857143,92.0714285714,106.357142857,118.535714286,124.964285714,133.357142857,130.892857143,135.464285714,137.5,136.571428571,142.071428571,121.928571429,103.821428571,89.2857142857,66.4285714286,45.9285714286,23.7142857143,1784.0,1899.25,2347.25,1822.0,1839.75,1777.75,1328.0
