zone_id,area_id,total,daytype_inweek,daytype_weekend,hod_00h,hod_01h,hod_02h,hod_03h,hod_04h,hod_05h,hod_06h,hod_07h,hod_08h,hod_09h,hod_10h,hod_11h,hod_12h,hod_13h,hod_14h,hod_15h,hod_16h,hod_17h,hod_18h,hod_19h,hod_20h,hod_21h,hod_22h,hod_23h,dow_mon,dow_tue,dow_wed,dow_thu,dow_fri,dow_sat,dow_sun
E08000034,E02002306,1221.42857143,6337.5,2119.25,4.53571428571,7.10714285714,4.35714285714,4.07142857143,4.21428571429,9.92857142857,25.7142857143,54.5,72.4285714286,66.6428571429,73.0357142857,77.6428571429,80.8214285714,78.8928571429,80.25,81.7142857143,91.0357142857,95.3928571429,81.1785714286,75.8928571429,58.0714285714,45.3571428571,32.0,16.6428571429,1139.25,1295.75,1508.25,1130.25,1264.0,1232.5,980.0
