zone_id,area_id,total,daytype_inweek,daytype_weekend,hod_00h,hod_01h,hod_02h,hod_03h,hod_04h,hod_05h,hod_06h,hod_07h,hod_08h,hod_09h,hod_10h,hod_11h,hod_12h,hod_13h,hod_14h,hod_15h,hod_16h,hod_17h,hod_18h,hod_19h,hod_20h,hod_21h,hod_22h,hod_23h,dow_mon,dow_tue,dow_wed,dow_thu,dow_fri,dow_sat,dow_sun
W06000002,W02000023,2472.89285714,12123.5,4999.75,5.82142857143,5.17857142857,3.46428571429,3.71428571429,3.25,5.67857142857,13.3928571429,30.8571428571,60.1428571429,108.714285714,188.642857143,233.714285714,238.035714286,224.5,213.0,215.5,222.392857143,197.285714286,159.571428571,120.178571429,82.0357142857,71.0714285714,44.25,22.5,2535.0,2332.0,2871.0,2172.25,2213.25,2722.0,2464.75
