zone_id,area_id,total,daytype_inweek,daytype_weekend,hod_00h,hod_01h,hod_02h,hod_03h,hod_04h,hod_05h,hod_06h,hod_07h,hod_08h,hod_09h,hod_10h,hod_11h,hod_12h,hod_13h,hod_14h,hod_15h,hod_16h,hod_17h,hod_18h,hod_19h,hod_20h,hod_21h,hod_22h,hod_23h,dow_mon,dow_tue,dow_wed,dow_thu,dow_fri,dow_sat,dow_sun
E07000084,E02004676,1991.21428571,10572.25,3448.5,11.3928571429,10.6428571429,7.78571428571,6.17857142857,6.39285714286,12.8214285714,36.4642857143,80.6785714286,117.785714286,107.392857143,126.571428571,129.75,131.071428571,133.964285714,128.428571429,131.071428571,141.428571429,146.321428571,130.285714286,119.142857143,97.6785714286,78.3928571429,62.4285714286,37.1428571429,1940.75,2056.5,2629.5,2020.75,1924.75,1858.5,1507.75
