zone_id,area_id,total,daytype_inweek,daytype_weekend,hod_00h,hod_01h,hod_02h,hod_03h,hod_04h,hod_05h,hod_06h,hod_07h,hod_08h,hod_09h,hod_10h,hod_11h,hod_12h,hod_13h,hod_14h,hod_15h,hod_16h,hod_17h,hod_18h,hod_19h,hod_20h,hod_21h,hod_22h,hod_23h,dow_mon,dow_tue,dow_wed,dow_thu,dow_fri,dow_sat,dow_sun
S12000036,S02001646,2067.82142857,10808.0,3763.75,16.4285714286,23.25,18.0357142857,13.8928571429,12.5357142857,17.0714285714,35.1785714286,70.8928571429,127.928571429,104.642857143,98.6428571429,106.678571429,118.428571429,119.821428571,128.107142857,133.821428571,146.25,165.892857143,146.428571429,127.928571429,105.142857143,91.8214285714,78.75,60.25,2081.5,2068.5,2577.25,1959.0,2121.75,1984.5,1682.25
