zone_id,area_id,total,daytype_inweek,daytype_weekend,hod_00h,hod_01h,hod_02h,hod_03h,hod_04h,hod_05h,hod_06h,hod_07h,hod_08h,hod_09h,hod_10h,hod_11h,hod_12h,hod_13h,hod_14h,hod_15h,hod_16h,hod_17h,hod_18h,hod_19h,hod_20h,hod_21h,hod_22h,hod_23h,dow_mon,dow_tue,dow_wed,dow_thu,dow_fri,dow_sat,dow_sun
E07000046,E02004222,2139.64285714,10975.0,3989.0,5.92857142857,5.35714285714,3.32142857143,3.85714285714,6.21428571429,7.10714285714,19.5714285714,45.4285714286,76.3214285714,101.392857143,150.285714286,168.25,172.214285714,168.0,175.964285714,174.392857143,172.785714286,169.571428571,148.464285714,115.857142857,91.3928571429,74.0357142857,52.0714285714,31.8571428571,2102.0,2161.5,2622.75,2053.75,2035.0,2115.5,1887.0
