zone_id,area_id,total,daytype_inweek,daytype_weekend,hod_00h,hod_01h,hod_02h,hod_03h,hod_04h,hod_05h,hod_06h,hod_07h,hod_08h,hod_09h,hod_10h,hod_11h,hod_12h,hod_13h,hod_14h,hod_15h,hod_16h,hod_17h,hod_18h,hod_19h,hod_20h,hod_21h,hod_22h,hod_23h,dow_mon,dow_tue,dow_wed,dow_thu,dow_fri,dow_sat,dow_sun
E06000025,E02003097,2919.46428571,15610.75,4845.25,9.25,10.9642857143,8.10714285714,5.17857142857,8.32142857143,22.3928571429,57.6785714286,113.142857143,171.214285714,162.535714286,190.357142857,205.892857143,208.964285714,207.714285714,203.25,202.714285714,213.25,224.321428571,191.75,162.321428571,130.428571429,95.2857142857,72.6785714286,41.75,2729.25,3042.75,3859.0,2906.0,3073.75,2709.5,2116.0
