zone_id,area_id,total,daytype_inweek,daytype_weekend,hod_00h,hod_01h,hod_02h,hod_03h,hod_04h,hod_05h,hod_06h,hod_07h,hod_08h,hod_09h,hod_10h,hod_11h,hod_12h,hod_13h,hod_14h,hod_15h,hod_16h,hod_17h,hod_18h,hod_19h,hod_20h,hod_21h,hod_22h,hod_23h,dow_mon,dow_tue,dow_wed,dow_thu,dow_fri,dow_sat,dow_sun
E06000054,E02006687,3250.21428571,17437.25,5578.5,12.9285714286,13.0357142857,10.1785714286,8.35714285714,10.3214285714,32.3928571429,65.0714285714,144.214285714,174.642857143,177.071428571,193.857142857,200.071428571,209.678571429,216.964285714,220.785714286,218.821428571,254.392857143,270.428571429,223.928571429,185.392857143,143.75,118.0,93.5357142857,52.3928571429,3161.25,3390.25,4316.5,3234.0,3335.25,2897.0,2417.25
