zone_id,area_id,total,daytype_inweek,daytype_weekend,hod_00h,hod_01h,hod_02h,hod_03h,hod_04h,hod_05h,hod_06h,hod_07h,hod_08h,hod_09h,hod_10h,hod_11h,hod_12h,hod_13h,hod_14h,hod_15h,hod_16h,hod_17h,hod_18h,hod_19h,hod_20h,hod_21h,hod_22h,hod_23h,dow_mon,dow_tue,dow_wed,dow_thu,dow_fri,dow_sat,dow_sun
E06000052,E02003894,2049.42857143,11277.75,3513.0,7.53571428571,6.07142857143,6.32142857143,5.14285714286,7.42857142857,14.9642857143,38.0714285714,83.3571428571,111.785714286,123.071428571,144.607142857,146.535714286,137.0,137.392857143,136.607142857,145.035714286,156.928571429,168.214285714,137.928571429,109.357142857,87.4642857143,69.6785714286,43.8214285714,25.1071428571,2106.25,2272.0,2710.5,2222.25,1966.75,1661.5,1406.75
