zone_id,area_id,total,daytype_inweek,daytype_weekend,hod_00h,hod_01h,hod_02h,hod_03h,hod_04h,hod_05h,hod_06h,hod_07h,hod_08h,hod_09h,hod_10h,hod_11h,hod_12h,hod_13h,hod_14h,hod_15h,hod_16h,hod_17h,hod_18h,hod_19h,hod_20h,hod_21h,hod_22h,hod_23h,dow_mon,dow_tue,dow_wed,dow_thu,dow_fri,dow_sat,dow_sun
E07000222,E02006523,5375.35714286,29236.0,9123.75,28.2142857143,23.9642857143,20.3928571429,20.3214285714,17.5714285714,35.2142857143,83.0357142857,220.107142857,334.857142857,324.607142857,354.892857143,360.285714286,390.678571429,375.357142857,362.071428571,347.178571429,387.678571429,416.75,350.428571429,291.214285714,234.821428571,180.464285714,136.0,79.25,5273.5,5823.0,7392.5,5454.75,5292.25,4541.25,3850.25
