zone_id,area_id,total,daytype_inweek,daytype_weekend,hod_00h,hod_01h,hod_02h,hod_03h,hod_04h,hod_05h,hod_06h,hod_07h,hod_08h,hod_09h,hod_10h,hod_11h,hod_12h,hod_13h,hod_14h,hod_15h,hod_16h,hod_17h,hod_18h,hod_19h,hod_20h,hod_21h,hod_22h,hod_23h,dow_mon,dow_tue,dow_wed,dow_thu,dow_fri,dow_sat,dow_sun
E07000065,E02004423,2987.07142857,15447.5,5399.75,10.4285714286,10.25,8.92857142857,7.85714285714,8.75,18.5,48.9642857143,107.892857143,149.535714286,173.392857143,203.821428571,215.75,220.142857143,216.678571429,213.321428571,207.535714286,233.285714286,226.178571429,199.464285714,167.107142857,129.035714286,101.5,73.1428571429,35.6071428571,2855.0,3048.0,3781.75,2759.25,3003.5,2917.25,2544.75
