zone_id,area_id,total,daytype_inweek,daytype_weekend,hod_00h,hod_01h,hod_02h,hod_03h,hod_04h,hod_05h,hod_06h,hod_07h,hod_08h,hod_09h,hod_10h,hod_11h,hod_12h,hod_13h,hod_14h,hod_15h,hod_16h,hod_17h,hod_18h,hod_19h,hod_20h,hod_21h,hod_22h,hod_23h,dow_mon,dow_tue,dow_wed,dow_thu,dow_fri,dow_sat,dow_sun
E08000017,E02001551,3956.64285714,20976.75,6816.75,16.7142857143,23.4642857143,18.1071428571,17.1785714286,20.9285714286,57.8214285714,83.7857142857,157.214285714,199.571428571,200.5,227.785714286,261.928571429,284.642857143,282.821428571,289.785714286,285.25,295.035714286,303.892857143,259.25,214.321428571,172.142857143,137.857142857,95.25,51.3928571429,3796.25,4164.25,5012.0,3821.75,4182.5,3699.25,3020.5
