zone_id,area_id,total,daytype_inweek,daytype_weekend,hod_00h,hod_01h,hod_02h,hod_03h,hod_04h,hod_05h,hod_06h,hod_07h,hod_08h,hod_09h,hod_10h,hod_11h,hod_12h,hod_13h,hod_14h,hod_15h,hod_16h,hod_17h,hod_18h,hod_19h,hod_20h,hod_21h,hod_22h,hod_23h,dow_mon,dow_tue,dow_wed,dow_thu,dow_fri,dow_sat,dow_sun
E08000015,E02001482,17376.2857143,93995.0,27478.5,80.3928571429,89.7857142857,64.2142857143,58.6785714286,53.0,97.3214285714,205.035714286,568.142857143,942.75,978.714285714,1126.35714286,1269.71428571,1411.71428571,1402.21428571,1356.14285714,1331.07142857,1338.35714286,1344.25,1016.78571429,811.75,663.214285714,513.214285714,391.392857143,262.071428571,15982.25,18139.5,23408.0,18032.5,18432.75,16142.75,11496.25
