zone_id,area_id,total,daytype_inweek,daytype_weekend,hod_00h,hod_01h,hod_02h,hod_03h,hod_04h,hod_05h,hod_06h,hod_07h,hod_08h,hod_09h,hod_10h,hod_11h,hod_12h,hod_13h,hod_14h,hod_15h,hod_16h,hod_17h,hod_18h,hod_19h,hod_20h,hod_21h,hod_22h,hod_23h,dow_mon,dow_tue,dow_wed,dow_thu,dow_fri,dow_sat,dow_sun
E06000016,E02002836,6272.17857143,32278.25,10949.75,41.1785714286,53.3571428571,39.75,28.9285714286,32.3928571429,56.6428571429,83.0714285714,163.214285714,245.214285714,271.5,316.607142857,362.25,422.535714286,434.428571429,444.5,453.714285714,464.464285714,481.428571429,450.285714286,416.321428571,360.607142857,298.285714286,220.857142857,130.642857143,5758.0,6158.75,7845.5,5774.25,6741.75,6435.25,5191.75
