zone_id,area_id,total,daytype_inweek,daytype_weekend,hod_00h,hod_01h,hod_02h,hod_03h,hod_04h,hod_05h,hod_06h,hod_07h,hod_08h,hod_09h,hod_10h,hod_11h,hod_12h,hod_13h,hod_14h,hod_15h,hod_16h,hod_17h,hod_18h,hod_19h,hod_20h,hod_21h,hod_22h,hod_23h,dow_mon,dow_tue,dow_wed,dow_thu,dow_fri,dow_sat,dow_sun
E08000001,E02001004,4846.0,25676.25,8375.75,51.1785714286,49.25,32.1428571429,24.7857142857,21.3928571429,36.0714285714,56.4642857143,148.142857143,228.178571429,229.642857143,256.785714286,278.142857143,300.464285714,327.392857143,329.75,329.357142857,351.642857143,372.428571429,326.892857143,301.535714286,262.892857143,220.428571429,180.714285714,130.321428571,4642.75,5057.0,6239.25,4839.0,4898.25,4512.75,3733.0
