zone_id,area_id,total,daytype_inweek,daytype_weekend,hod_00h,hod_01h,hod_02h,hod_03h,hod_04h,hod_05h,hod_06h,hod_07h,hod_08h,hod_09h,hod_10h,hod_11h,hod_12h,hod_13h,hod_14h,hod_15h,hod_16h,hod_17h,hod_18h,hod_19h,hod_20h,hod_21h,hod_22h,hod_23h,dow_mon,dow_tue,dow_wed,dow_thu,dow_fri,dow_sat,dow_sun
E07000145,E02005548,3271.64285714,17247.75,5689.0,10.6785714286,11.7857142857,10.75,6.53571428571,8.35714285714,10.6428571429,32.1428571429,76.8571428571,132.428571429,167.821428571,231.678571429,256.678571429,257.714285714,249.321428571,245.642857143,246.785714286,255.071428571,253.607142857,223.357142857,176.571428571,143.392857143,122.25,96.75,44.8214285714,3049.75,3344.5,4586.75,3235.75,3031.0,3014.5,2639.25
