zone_id,area_id,total,daytype_inweek,daytype_weekend,hod_00h,hod_01h,hod_02h,hod_03h,hod_04h,hod_05h,hod_06h,hod_07h,hod_08h,hod_09h,hod_10h,hod_11h,hod_12h,hod_13h,hod_14h,hod_15h,hod_16h,hod_17h,hod_18h,hod_19h,hod_20h,hod_21h,hod_22h,hod_23h,dow_mon,dow_tue,dow_wed,dow_thu,dow_fri,dow_sat,dow_sun
E06000016,E02002860,3383.17857143,17879.0,5839.0,14.5,16.3928571429,13.2857142857,11.6071428571,13.7142857143,30.6071428571,62.5357142857,135.607142857,167.142857143,177.0,199.0,217.178571429,231.428571429,234.392857143,233.25,241.535714286,257.571428571,265.964285714,237.714285714,194.714285714,163.821428571,130.535714286,88.7142857143,44.9642857143,3285.75,3479.0,4434.25,3274.25,3405.75,3250.0,2553.25
