zone_id,area_id,total,daytype_inweek,daytype_weekend,hod_00h,hod_01h,hod_02h,hod_03h,hod_04h,hod_05h,hod_06h,hod_07h,hod_08h,hod_09h,hod_10h,hod_11h,hod_12h,hod_13h,hod_14h,hod_15h,hod_16h,hod_17h,hod_18h,hod_19h,hod_20h,hod_21h,hod_22h,hod_23h,dow_mon,dow_tue,dow_wed,dow_thu,dow_fri,dow_sat,dow_sun
E09000028,E02000816,2011.0,10764.0,3303.5,26.2857142857,21.9285714286,14.0357142857,11.3571428571,11.5,14.7857142857,28.7857142857,56.3214285714,98.3571428571,101.857142857,107.071428571,121.75,136.5,135.5,125.214285714,129.821428571,127.964285714,137.714285714,136.75,124.535714286,111.464285714,96.3214285714,75.1071428571,60.0714285714,1847.0,2060.0,2692.0,2097.5,2067.5,1856.5,1456.5
