zone_id,area_id,total,daytype_inweek,daytype_weekend,hod_00h,hod_01h,hod_02h,hod_03h,hod_04h,hod_05h,hod_06h,hod_07h,hod_08h,hod_09h,hod_10h,hod_11h,hod_12h,hod_13h,hod_14h,hod_15h,hod_16h,hod_17h,hod_18h,hod_19h,hod_20h,hod_21h,hod_22h,hod_23h,dow_mon,dow_tue,dow_wed,dow_thu,dow_fri,dow_sat,dow_sun
E06000023,E02006887,13169.5,70517.75,20931.5,77.0714285714,100.571428571,81.1071428571,72.3928571429,66.5714285714,91.25,208.928571429,504.75,801.178571429,707.571428571,700.142857143,777.142857143,848.25,877.714285714,856.535714286,856.357142857,922.678571429,1055.67857143,959.535714286,755.392857143,619.607142857,503.107142857,434.642857143,291.321428571,11959.5,13774.5,17435.5,13707.5,13640.75,12696.75,8972.0
