zone_id,area_id,total,daytype_inweek,daytype_weekend,hod_00h,hod_01h,hod_02h,hod_03h,hod_04h,hod_05h,hod_06h,hod_07h,hod_08h,hod_09h,hod_10h,hod_11h,hod_12h,hod_13h,hod_14h,hod_15h,hod_16h,hod_17h,hod_18h,hod_19h,hod_20h,hod_21h,hod_22h,hod_23h,dow_mon,dow_tue,dow_wed,dow_thu,dow_fri,dow_sat,dow_sun
S12000036,S02001592,2929.28571429,15600.5,5228.75,21.2142857143,26.3214285714,17.4285714286,16.0714285714,12.1071428571,29.8214285714,40.3214285714,115.142857143,199.571428571,173.607142857,152.571428571,155.142857143,171.464285714,179.392857143,177.321428571,183.642857143,209.607142857,233.892857143,216.428571429,177.714285714,147.964285714,116.928571429,96.0,59.6071428571,2963.75,2996.0,3756.75,2880.0,3004.0,2639.5,2265.0
