zone_id,area_id,total,daytype_inweek,daytype_weekend,hod_00h,hod_01h,hod_02h,hod_03h,hod_04h,hod_05h,hod_06h,hod_07h,hod_08h,hod_09h,hod_10h,hod_11h,hod_12h,hod_13h,hod_14h,hod_15h,hod_16h,hod_17h,hod_18h,hod_19h,hod_20h,hod_21h,hod_22h,hod_23h,dow_mon,dow_tue,dow_wed,dow_thu,dow_fri,dow_sat,dow_sun
E07000105,E02005007,5191.78571429,27287.5,9097.5,19.0357142857,18.8928571429,15.0357142857,11.8571428571,16.5357142857,36.7857142857,91.9285714286,213.642857143,299.107142857,310.714285714,344.535714286,366.821428571,367.035714286,353.821428571,354.5,353.571428571,364.821428571,386.035714286,341.857142857,293.821428571,231.285714286,183.25,140.107142857,76.7857142857,4978.0,5294.0,6724.75,5136.5,5154.25,4935.5,4119.5
