zone_id,area_id,total,daytype_inweek,daytype_weekend,hod_00h,hod_01h,hod_02h,hod_03h,hod_04h,hod_05h,hod_06h,hod_07h,hod_08h,hod_09h,hod_10h,hod_11h,hod_12h,hod_13h,hod_14h,hod_15h,hod_16h,hod_17h,hod_18h,hod_19h,hod_20h,hod_21h,hod_22h,hod_23h,dow_mon,dow_tue,dow_wed,dow_thu,dow_fri,dow_sat,dow_sun
E09000033,E02000977,42234.5,227058.25,63740.0,268.714285714,261.642857143,162.178571429,140.642857143,98.3214285714,99.3214285714,191.75,495.25,1161.46428571,1471.71428571,1821.32142857,2478.14285714,3749.53571429,4142.67857143,3788.28571429,3627.42857143,3465.78571429,3728.57142857,3573.78571429,2409.17857143,1677.21428571,1242.5,1094.64285714,1084.42857143,36201.75,44459.75,58630.75,43386.75,44379.25,41045.0,27538.25
