zone_id,area_id,total,daytype_inweek,daytype_weekend,hod_00h,hod_01h,hod_02h,hod_03h,hod_04h,hod_05h,hod_06h,hod_07h,hod_08h,hod_09h,hod_10h,hod_11h,hod_12h,hod_13h,hod_14h,hod_15h,hod_16h,hod_17h,hod_18h,hod_19h,hod_20h,hod_21h,hod_22h,hod_23h,dow_mon,dow_tue,dow_wed,dow_thu,dow_fri,dow_sat,dow_sun
E07000115,E02005160,4167.75,22640.5,6770.5,24.1428571429,16.9642857143,11.1785714286,8.46428571429,10.8571428571,23.4285714286,61.2857142857,152.535714286,239.642857143,276.75,296.5,298.857142857,312.607142857,311.428571429,280.285714286,274.285714286,277.714285714,295.071428571,266.25,226.392857143,178.892857143,143.285714286,110.678571429,70.25,3959.5,4456.5,5739.75,4362.75,4122.0,3722.75,2811.0
