zone_id,area_id,total,daytype_inweek,daytype_weekend,hod_00h,hod_01h,hod_02h,hod_03h,hod_04h,hod_05h,hod_06h,hod_07h,hod_08h,hod_09h,hod_10h,hod_11h,hod_12h,hod_13h,hod_14h,hod_15h,hod_16h,hod_17h,hod_18h,hod_19h,hod_20h,hod_21h,hod_22h,hod_23h,dow_mon,dow_tue,dow_wed,dow_thu,dow_fri,dow_sat,dow_sun
S12000006,S02001409,1516.64285714,8113.25,2578.75,3.67857142857,4.89285714286,3.85714285714,3.60714285714,3.85714285714,9.21428571429,18.0357142857,40.6428571429,66.6428571429,88.4642857143,108.5,118.321428571,119.5,122.928571429,127.035714286,126.607142857,124.642857143,114.178571429,86.5357142857,71.4285714286,62.3214285714,50.5357142857,30.75,10.4642857143,1532.5,1571.5,1878.0,1558.25,1573.0,1457.0,1046.25
