zone_id,area_id,total,daytype_inweek,daytype_weekend,hod_00h,hod_01h,hod_02h,hod_03h,hod_04h,hod_05h,hod_06h,hod_07h,hod_08h,hod_09h,hod_10h,hod_11h,hod_12h,hod_13h,hod_14h,hod_15h,hod_16h,hod_17h,hod_18h,hod_19h,hod_20h,hod_21h,hod_22h,hod_23h,dow_mon,dow_tue,dow_wed,dow_thu,dow_fri,dow_sat,dow_sun
E07000151,E02005622,2408.0,13188.0,4220.25,15.0,11.75,9.03571428571,8.64285714286,12.3214285714,19.5357142857,44.1785714286,94.7142857143,149.464285714,151.785714286,157.892857143,161.0,153.75,149.178571429,157.464285714,151.0,163.142857143,165.321428571,149.25,137.25,115.892857143,103.642857143,80.1428571429,46.6428571429,2512.0,2663.0,3206.5,2573.0,2233.5,1959.75,1708.25
