zone_id,area_id,total,daytype_inweek,daytype_weekend,hod_00h,hod_01h,hod_02h,hod_03h,hod_04h,hod_05h,hod_06h,hod_07h,hod_08h,hod_09h,hod_10h,hod_11h,hod_12h,hod_13h,hod_14h,hod_15h,hod_16h,hod_17h,hod_18h,hod_19h,hod_20h,hod_21h,hod_22h,hod_23h,dow_mon,dow_tue,dow_wed,dow_thu,dow_fri,dow_sat,dow_sun
E08000001,E02000999,15132.6785714,79567.0,25436.25,106.535714286,115.214285714,75.2142857143,69.3214285714,66.1428571429,104.25,197.035714286,448.5,697.142857143,782.392857143,917.928571429,1050.35714286,1130.75,1151.71428571,1144.17857143,1126.14285714,1114.75,1111.0,945.928571429,811.785714286,686.678571429,548.678571429,426.75,304.285714286,14008.25,15436.75,19289.0,15013.25,15819.75,14933.75,11428.0
