zone_id,area_id,total,daytype_inweek,daytype_weekend,hod_00h,hod_01h,hod_02h,hod_03h,hod_04h,hod_05h,hod_06h,hod_07h,hod_08h,hod_09h,hod_10h,hod_11h,hod_12h,hod_13h,hod_14h,hod_15h,hod_16h,hod_17h,hod_18h,hod_19h,hod_20h,hod_21h,hod_22h,hod_23h,dow_mon,dow_tue,dow_wed,dow_thu,dow_fri,dow_sat,dow_sun
E07000174,E02005888,2316.67857143,12443.25,3783.25,9.78571428571,10.6071428571,8.21428571429,5.67857142857,8.07142857143,28.4285714286,30.3214285714,65.8571428571,103.178571429,120.928571429,146.821428571,163.285714286,171.535714286,180.928571429,186.678571429,171.571428571,173.321428571,177.392857143,155.285714286,127.821428571,101.857142857,79.6428571429,57.2142857143,32.25,2200.75,2428.25,3066.5,2367.75,2380.0,2191.0,1582.5
