zone_id,area_id,total,daytype_inweek,daytype_weekend,hod_00h,hod_01h,hod_02h,hod_03h,hod_04h,hod_05h,hod_06h,hod_07h,hod_08h,hod_09h,hod_10h,hod_11h,hod_12h,hod_13h,hod_14h,hod_15h,hod_16h,hod_17h,hod_18h,hod_19h,hod_20h,hod_21h,hod_22h,hod_23h,dow_mon,dow_tue,dow_wed,dow_thu,dow_fri,dow_sat,dow_sun
E07000154,E02005658,3422.32142857,18196.25,5912.0,22.1071428571,20.25,18.3928571429,19.25,25.1428571429,44.4285714286,69.2857142857,140.5,175.928571429,181.607142857,190.107142857,210.857142857,222.178571429,228.25,229.142857143,225.25,245.035714286,255.821428571,237.428571429,205.464285714,173.214285714,135.714285714,94.4285714286,52.5357142857,3302.25,3702.25,4427.0,3291.5,3473.25,3150.25,2609.75
