zone_id,area_id,total,daytype_inweek,daytype_weekend,hod_00h,hod_01h,hod_02h,hod_03h,hod_04h,hod_05h,hod_06h,hod_07h,hod_08h,hod_09h,hod_10h,hod_11h,hod_12h,hod_13h,hod_14h,hod_15h,hod_16h,hod_17h,hod_18h,hod_19h,hod_20h,hod_21h,hod_22h,hod_23h,dow_mon,dow_tue,dow_wed,dow_thu,dow_fri,dow_sat,dow_sun
E06000020,E02002949,3116.07142857,16507.5,5354.25,18.6428571429,16.0714285714,11.0714285714,8.07142857143,9.60714285714,27.3571428571,59.1785714286,109.321428571,150.178571429,162.285714286,187.642857143,195.678571429,208.285714286,223.142857143,226.821428571,218.214285714,235.214285714,241.535714286,204.25,178.392857143,146.321428571,124.75,98.9285714286,55.1071428571,2990.25,3240.0,4023.25,3070.75,3183.25,2941.0,2364.0
