zone_id,area_id,total,daytype_inweek,daytype_weekend,hod_00h,hod_01h,hod_02h,hod_03h,hod_04h,hod_05h,hod_06h,hod_07h,hod_08h,hod_09h,hod_10h,hod_11h,hod_12h,hod_13h,hod_14h,hod_15h,hod_16h,hod_17h,hod_18h,hod_19h,hod_20h,hod_21h,hod_22h,hod_23h,dow_mon,dow_tue,dow_wed,dow_thu,dow_fri,dow_sat,dow_sun
E06000005,E02002573,2248.78571429,12171.5,3964.25,12.5714285714,12.1071428571,10.5357142857,7.67857142857,8.10714285714,17.0714285714,36.1428571429,96.0357142857,130.892857143,147.107142857,144.821428571,151.0,146.75,143.392857143,146.285714286,149.678571429,157.857142857,158.714285714,138.714285714,126.285714286,110.5,89.9642857143,69.2857142857,37.2857142857,2278.0,2464.75,2961.75,2276.25,2190.75,1883.75,1686.25
