zone_id,area_id,total,daytype_inweek,daytype_weekend,hod_00h,hod_01h,hod_02h,hod_03h,hod_04h,hod_05h,hod_06h,hod_07h,hod_08h,hod_09h,hod_10h,hod_11h,hod_12h,hod_13h,hod_14h,hod_15h,hod_16h,hod_17h,hod_18h,hod_19h,hod_20h,hod_21h,hod_22h,hod_23h,dow_mon,dow_tue,dow_wed,dow_thu,dow_fri,dow_sat,dow_sun
E06000033,E02003289,2908.21428571,14944.25,5153.75,14.1071428571,16.5357142857,9.75,8.53571428571,10.5714285714,13.7142857143,27.8214285714,80.3928571429,137.214285714,168.321428571,179.285714286,205.285714286,222.321428571,213.107142857,212.5,211.892857143,208.678571429,216.214285714,195.321428571,172.964285714,139.5,108.821428571,85.3571428571,50.0,2709.75,2976.0,3618.5,2737.5,2902.5,2969.25,2444.0
