zone_id,area_id,total,daytype_inweek,daytype_weekend,hod_00h,hod_01h,hod_02h,hod_03h,hod_04h,hod_05h,hod_06h,hod_07h,hod_08h,hod_09h,hod_10h,hod_11h,hod_12h,hod_13h,hod_14h,hod_15h,hod_16h,hod_17h,hod_18h,hod_19h,hod_20h,hod_21h,hod_22h,hod_23h,dow_mon,dow_tue,dow_wed,dow_thu,dow_fri,dow_sat,dow_sun
S12000015,S02001811,2632.07142857,14060.75,4640.0,12.9642857143,14.25,8.89285714286,7.64285714286,6.78571428571,19.25,56.3214285714,108.0,158.0,147.321428571,149.428571429,164.285714286,184.607142857,186.321428571,197.285714286,201.464285714,203.571428571,199.714285714,163.428571429,138.071428571,114.75,94.4642857143,63.1428571429,32.1071428571,2663.25,2719.5,3470.5,2555.5,2652.0,2387.0,1976.75
