zone_id,area_id,total,daytype_inweek,daytype_weekend,hod_00h,hod_01h,hod_02h,hod_03h,hod_04h,hod_05h,hod_06h,hod_07h,hod_08h,hod_09h,hod_10h,hod_11h,hod_12h,hod_13h,hod_14h,hod_15h,hod_16h,hod_17h,hod_18h,hod_19h,hod_20h,hod_21h,hod_22h,hod_23h,dow_mon,dow_tue,dow_wed,dow_thu,dow_fri,dow_sat,dow_sun
S12000044,S02002212,836.5,4570.0,1456.0,4.42857142857,4.07142857143,3.64285714286,3.10714285714,3.35714285714,4.53571428571,14.0357142857,33.1071428571,47.3928571429,41.2857142857,44.5357142857,48.0357142857,52.0,51.0357142857,54.9642857143,61.8214285714,65.3571428571,66.6428571429,59.2857142857,51.4285714286,43.75,33.3214285714,26.7857142857,18.5714285714,898.75,933.25,1125.5,820.25,792.25,728.25,557.25
