zone_id,area_id,total,daytype_inweek,daytype_weekend,hod_00h,hod_01h,hod_02h,hod_03h,hod_04h,hod_05h,hod_06h,hod_07h,hod_08h,hod_09h,hod_10h,hod_11h,hod_12h,hod_13h,hod_14h,hod_15h,hod_16h,hod_17h,hod_18h,hod_19h,hod_20h,hod_21h,hod_22h,hod_23h,dow_mon,dow_tue,dow_wed,dow_thu,dow_fri,dow_sat,dow_sun
E06000035,E02003347,2902.71428571,15108.75,5182.0,15.0,12.8928571429,11.8571428571,8.46428571429,8.78571428571,21.6428571429,51.0,99.9285714286,140.321428571,164.571428571,183.107142857,195.357142857,197.107142857,192.071428571,193.357142857,194.285714286,209.107142857,213.892857143,200.428571429,182.642857143,151.25,121.821428571,85.9642857143,47.8571428571,2867.5,2893.25,3645.5,2811.25,2891.25,2895.75,2314.5
