zone_id,area_id,total,daytype_inweek,daytype_weekend,hod_00h,hod_01h,hod_02h,hod_03h,hod_04h,hod_05h,hod_06h,hod_07h,hod_08h,hod_09h,hod_10h,hod_11h,hod_12h,hod_13h,hod_14h,hod_15h,hod_16h,hod_17h,hod_18h,hod_19h,hod_20h,hod_21h,hod_22h,hod_23h,dow_mon,dow_tue,dow_wed,dow_thu,dow_fri,dow_sat,dow_sun
W06000001,W02000008,1966.0,10463.75,3387.25,9.32142857143,6.64285714286,4.0,5.60714285714,5.10714285714,10.3571428571,19.6428571429,56.1071428571,93.6428571429,105.535714286,133.464285714,143.75,158.178571429,152.714285714,144.392857143,152.178571429,159.892857143,162.321428571,122.857142857,100.0,79.6428571429,64.0357142857,49.2142857143,27.3928571429,1874.0,2080.5,2615.25,2011.0,1883.0,1785.0,1513.25
