zone_id,area_id,total,daytype_inweek,daytype_weekend,hod_00h,hod_01h,hod_02h,hod_03h,hod_04h,hod_05h,hod_06h,hod_07h,hod_08h,hod_09h,hod_10h,hod_11h,hod_12h,hod_13h,hod_14h,hod_15h,hod_16h,hod_17h,hod_18h,hod_19h,hod_20h,hod_21h,hod_22h,hod_23h,dow_mon,dow_tue,dow_wed,dow_thu,dow_fri,dow_sat,dow_sun
S12000006,S02001438,348.571428571,1970.5,591.75,1.60714285714,0.821428571429,0.75,1.67857142857,3.07142857143,5.5,12.5,21.2857142857,27.7857142857,21.7142857143,23.0714285714,21.5357142857,21.6785714286,20.6428571429,21.2857142857,24.3571428571,29.0,29.0,18.4642857143,14.3571428571,10.6785714286,8.85714285714,5.71428571429,3.21428571429,369.0,421.75,479.25,384.25,316.25,246.75,222.75
