zone_id,area_id,total,daytype_inweek,daytype_weekend,hod_00h,hod_01h,hod_02h,hod_03h,hod_04h,hod_05h,hod_06h,hod_07h,hod_08h,hod_09h,hod_10h,hod_11h,hod_12h,hod_13h,hod_14h,hod_15h,hod_16h,hod_17h,hod_18h,hod_19h,hod_20h,hod_21h,hod_22h,hod_23h,dow_mon,dow_tue,dow_wed,dow_thu,dow_fri,dow_sat,dow_sun
E07000173,E02005875,1297.14285714,6760.75,2361.75,5.71428571429,5.46428571429,4.14285714286,1.89285714286,2.89285714286,6.85714285714,15.7857142857,40.1428571429,64.1071428571,75.0357142857,84.7142857143,92.6785714286,98.2142857143,95.1071428571,88.0357142857,90.6785714286,93.0,90.5714285714,92.8214285714,84.5,62.4285714286,48.0714285714,35.3928571429,18.8928571429,1285.75,1290.0,1643.75,1238.75,1302.5,1243.25,1076.0
