zone_id,area_id,total,daytype_inweek,daytype_weekend,hod_00h,hod_01h,hod_02h,hod_03h,hod_04h,hod_05h,hod_06h,hod_07h,hod_08h,hod_09h,hod_10h,hod_11h,hod_12h,hod_13h,hod_14h,hod_15h,hod_16h,hod_17h,hod_18h,hod_19h,hod_20h,hod_21h,hod_22h,hod_23h,dow_mon,dow_tue,dow_wed,dow_thu,dow_fri,dow_sat,dow_sun
E08000033,E02002244,1690.71428571,8997.5,2899.0,8.71428571429,9.75,6.53571428571,5.53571428571,6.46428571429,12.8571428571,29.9285714286,66.8571428571,82.4285714286,90.1428571429,102.75,110.071428571,118.107142857,114.535714286,116.428571429,116.821428571,134.607142857,134.571428571,111.571428571,102.535714286,81.3571428571,59.6428571429,44.6785714286,23.8214285714,1594.0,1787.25,2214.75,1688.75,1712.75,1532.5,1305.0
