zone_id,area_id,total,daytype_inweek,daytype_weekend,hod_00h,hod_01h,hod_02h,hod_03h,hod_04h,hod_05h,hod_06h,hod_07h,hod_08h,hod_09h,hod_10h,hod_11h,hod_12h,hod_13h,hod_14h,hod_15h,hod_16h,hod_17h,hod_18h,hod_19h,hod_20h,hod_21h,hod_22h,hod_23h,dow_mon,dow_tue,dow_wed,dow_thu,dow_fri,dow_sat,dow_sun
E07000106,E02005012,4112.39285714,20730.75,7564.0,13.0,12.6071428571,9.92857142857,6.71428571429,8.25,19.0357142857,51.1071428571,144.571428571,212.035714286,223.892857143,266.035714286,293.714285714,304.25,304.5,301.785714286,311.285714286,316.607142857,333.75,278.357142857,231.678571429,188.107142857,136.964285714,97.2142857143,47.0,3686.0,4042.0,4943.25,3887.75,4171.75,4178.0,3878.0
