zone_id,area_id,total,daytype_inweek,daytype_weekend,hod_00h,hod_01h,hod_02h,hod_03h,hod_04h,hod_05h,hod_06h,hod_07h,hod_08h,hod_09h,hod_10h,hod_11h,hod_12h,hod_13h,hod_14h,hod_15h,hod_16h,hod_17h,hod_18h,hod_19h,hod_20h,hod_21h,hod_22h,hod_23h,dow_mon,dow_tue,dow_wed,dow_thu,dow_fri,dow_sat,dow_sun
E08000019,E02001665,4780.89285714,25384.75,8319.0,26.8571428571,26.8214285714,15.5357142857,13.3571428571,12.0714285714,22.0,63.1071428571,180.107142857,271.285714286,279.857142857,305.035714286,315.75,324.0,323.785714286,319.714285714,334.392857143,364.178571429,381.535714286,314.678571429,281.464285714,220.785714286,169.964285714,133.357142857,81.25,4532.5,4907.5,6297.75,4842.0,4805.0,4295.0,3786.5
