zone_id,area_id,total,daytype_inweek,daytype_weekend,hod_00h,hod_01h,hod_02h,hod_03h,hod_04h,hod_05h,hod_06h,hod_07h,hod_08h,hod_09h,hod_10h,hod_11h,hod_12h,hod_13h,hod_14h,hod_15h,hod_16h,hod_17h,hod_18h,hod_19h,hod_20h,hod_21h,hod_22h,hod_23h,dow_mon,dow_tue,dow_wed,dow_thu,dow_fri,dow_sat,dow_sun
S12000044,S02002162,2031.32142857,10798.25,3557.25,12.0,16.6071428571,8.5,8.64285714286,10.6071428571,19.0,36.7142857143,77.5714285714,108.642857143,103.892857143,106.321428571,114.214285714,128.714285714,132.428571429,136.214285714,146.785714286,150.607142857,146.821428571,138.642857143,123.464285714,109.0,90.0714285714,65.5357142857,40.3214285714,2039.0,2083.75,2542.5,2004.25,2128.75,1902.75,1518.25
