zone_id,area_id,total,daytype_inweek,daytype_weekend,hod_00h,hod_01h,hod_02h,hod_03h,hod_04h,hod_05h,hod_06h,hod_07h,hod_08h,hod_09h,hod_10h,hod_11h,hod_12h,hod_13h,hod_14h,hod_15h,hod_16h,hod_17h,hod_18h,hod_19h,hod_20h,hod_21h,hod_22h,hod_23h,dow_mon,dow_tue,dow_wed,dow_thu,dow_fri,dow_sat,dow_sun
E07000041,E02004163,2684.78571429,14759.25,4398.75,11.4285714286,10.75,8.5,7.46428571429,7.85714285714,16.3928571429,34.6071428571,110.071428571,153.928571429,161.714285714,175.392857143,184.714285714,186.0,185.285714286,183.285714286,183.178571429,189.25,205.25,185.392857143,150.785714286,117.785714286,95.4285714286,74.9642857143,45.3571428571,2625.25,2969.5,3703.75,2861.5,2599.25,2260.75,1773.5
