zone_id,area_id,total,daytype_inweek,daytype_weekend,hod_00h,hod_01h,hod_02h,hod_03h,hod_04h,hod_05h,hod_06h,hod_07h,hod_08h,hod_09h,hod_10h,hod_11h,hod_12h,hod_13h,hod_14h,hod_15h,hod_16h,hod_17h,hod_18h,hod_19h,hod_20h,hod_21h,hod_22h,hod_23h,dow_mon,dow_tue,dow_wed,dow_thu,dow_fri,dow_sat,dow_sun
E07000106,E02005022,2584.96428571,13604.25,4410.5,12.8571428571,12.7857142857,10.1428571429,8.10714285714,7.42857142857,11.8928571429,33.25,90.75,134.75,145.5,168.928571429,173.464285714,186.464285714,184.178571429,182.142857143,185.785714286,195.321428571,204.785714286,172.571428571,154.035714286,111.535714286,88.4642857143,70.7857142857,39.0357142857,2445.5,2597.25,3284.25,2648.25,2629.0,2525.5,1965.0
