zone_id,area_id,total,daytype_inweek,daytype_weekend,hod_00h,hod_01h,hod_02h,hod_03h,hod_04h,hod_05h,hod_06h,hod_07h,hod_08h,hod_09h,hod_10h,hod_11h,hod_12h,hod_13h,hod_14h,hod_15h,hod_16h,hod_17h,hod_18h,hod_19h,hod_20h,hod_21h,hod_22h,hod_23h,dow_mon,dow_tue,dow_wed,dow_thu,dow_fri,dow_sat,dow_sun
E06000056,E02003603,2315.35714286,12305.0,3989.5,8.60714285714,7.64285714286,6.32142857143,5.57142857143,6.57142857143,17.75,45.2142857143,85.75,130.142857143,125.642857143,147.214285714,147.892857143,160.035714286,166.892857143,162.214285714,157.892857143,167.321428571,179.071428571,149.821428571,129.642857143,109.714285714,91.5,68.6428571429,38.2857142857,2150.5,2335.5,3055.0,2399.5,2364.5,2063.5,1839.0
