zone_id,area_id,total,daytype_inweek,daytype_weekend,hod_00h,hod_01h,hod_02h,hod_03h,hod_04h,hod_05h,hod_06h,hod_07h,hod_08h,hod_09h,hod_10h,hod_11h,hod_12h,hod_13h,hod_14h,hod_15h,hod_16h,hod_17h,hod_18h,hod_19h,hod_20h,hod_21h,hod_22h,hod_23h,dow_mon,dow_tue,dow_wed,dow_thu,dow_fri,dow_sat,dow_sun
E07000130,E02005357,2185.17857143,11760.75,3684.25,8.32142857143,7.14285714286,5.92857142857,5.71428571429,6.85714285714,19.75,43.1428571429,93.0357142857,124.392857143,131.357142857,138.392857143,143.607142857,148.678571429,150.071428571,150.535714286,155.285714286,163.357142857,172.214285714,141.392857143,117.285714286,96.6428571429,77.0714285714,54.2142857143,30.7857142857,2070.75,2389.25,2854.5,2242.75,2203.5,1922.0,1613.5
