zone_id,area_id,total,daytype_inweek,daytype_weekend,hod_00h,hod_01h,hod_02h,hod_03h,hod_04h,hod_05h,hod_06h,hod_07h,hod_08h,hod_09h,hod_10h,hod_11h,hod_12h,hod_13h,hod_14h,hod_15h,hod_16h,hod_17h,hod_18h,hod_19h,hod_20h,hod_21h,hod_22h,hod_23h,dow_mon,dow_tue,dow_wed,dow_thu,dow_fri,dow_sat,dow_sun
E09000022,E02000626,1513.57142857,7866.25,2702.5,24.1428571429,23.0,15.0357142857,12.1428571429,10.1785714286,14.25,17.3214285714,41.4642857143,65.7857142857,67.6071428571,76.3214285714,82.8928571429,88.5357142857,93.9642857143,88.3214285714,87.3928571429,97.1428571429,100.821428571,110.428571429,95.0,91.1428571429,84.0357142857,71.9642857143,54.6785714286,1415.25,1523.25,1928.0,1491.5,1508.25,1441.5,1287.25
