zone_id,area_id,total,daytype_inweek,daytype_weekend,hod_00h,hod_01h,hod_02h,hod_03h,hod_04h,hod_05h,hod_06h,hod_07h,hod_08h,hod_09h,hod_10h,hod_11h,hod_12h,hod_13h,hod_14h,hod_15h,hod_16h,hod_17h,hod_18h,hod_19h,hod_20h,hod_21h,hod_22h,hod_23h,dow_mon,dow_tue,dow_wed,dow_thu,dow_fri,dow_sat,dow_sun
E07000026,E02003966,1171.32142857,6237.25,2123.25,4.25,2.82142857143,3.0,2.39285714286,3.71428571429,7.85714285714,20.8928571429,39.8571428571,55.8214285714,67.5,79.0714285714,84.9642857143,88.1785714286,90.0,90.75,97.0357142857,92.9285714286,86.25,70.5357142857,55.6428571429,43.25,37.8928571429,31.9642857143,14.75,1203.75,1256.75,1525.75,1207.75,1043.25,1042.5,919.5
