zone_id,area_id,total,daytype_inweek,daytype_weekend,hod_00h,hod_01h,hod_02h,hod_03h,hod_04h,hod_05h,hod_06h,hod_07h,hod_08h,hod_09h,hod_10h,hod_11h,hod_12h,hod_13h,hod_14h,hod_15h,hod_16h,hod_17h,hod_18h,hod_19h,hod_20h,hod_21h,hod_22h,hod_23h,dow_mon,dow_tue,dow_wed,dow_thu,dow_fri,dow_sat,dow_sun
E07000045,E02004201,1047.0,5783.75,1809.25,6.10714285714,3.64285714286,3.64285714286,2.78571428571,2.03571428571,4.35714285714,15.2857142857,41.5357142857,57.3928571429,62.7857142857,74.0,80.8214285714,76.7142857143,77.1428571429,71.8571428571,75.8928571429,75.7857142857,81.3571428571,63.25,54.9642857143,42.2857142857,33.3214285714,25.0,15.0357142857,1109.25,1139.25,1483.25,1066.25,985.75,845.25,700.0
