zone_id,area_id,total,daytype_inweek,daytype_weekend,hod_00h,hod_01h,hod_02h,hod_03h,hod_04h,hod_05h,hod_06h,hod_07h,hod_08h,hod_09h,hod_10h,hod_11h,hod_12h,hod_13h,hod_14h,hod_15h,hod_16h,hod_17h,hod_18h,hod_19h,hod_20h,hod_21h,hod_22h,hod_23h,dow_mon,dow_tue,dow_wed,dow_thu,dow_fri,dow_sat,dow_sun
S12000030,S02002447,3984.71428571,21246.5,6831.75,14.3928571429,20.6428571429,14.9642857143,11.8571428571,11.6785714286,19.8928571429,39.3571428571,112.285714286,221.535714286,230.464285714,255.0,289.607142857,337.0,324.392857143,321.214285714,313.071428571,304.107142857,310.535714286,248.0,189.178571429,152.357142857,116.892857143,82.8571428571,43.4285714286,3886.75,4091.25,5336.5,3911.0,4021.0,3701.5,2945.0
