zone_id,area_id,total,daytype_inweek,daytype_weekend,hod_00h,hod_01h,hod_02h,hod_03h,hod_04h,hod_05h,hod_06h,hod_07h,hod_08h,hod_09h,hod_10h,hod_11h,hod_12h,hod_13h,hod_14h,hod_15h,hod_16h,hod_17h,hod_18h,hod_19h,hod_20h,hod_21h,hod_22h,hod_23h,dow_mon,dow_tue,dow_wed,dow_thu,dow_fri,dow_sat,dow_sun
S12000011,S02001565,755.964285714,4053.75,1405.0,4.35714285714,3.75,2.60714285714,2.35714285714,2.39285714286,1.85714285714,6.78571428571,21.25,45.4642857143,49.2142857143,53.25,48.9285714286,52.3928571429,49.3571428571,53.1428571429,57.3214285714,54.5,50.9285714286,45.7857142857,45.0357142857,36.7142857143,30.1428571429,25.3214285714,13.1071428571,816.25,831.25,949.25,749.25,707.75,649.25,588.75
