zone_id,area_id,total,daytype_inweek,daytype_weekend,hod_00h,hod_01h,hod_02h,hod_03h,hod_04h,hod_05h,hod_06h,hod_07h,hod_08h,hod_09h,hod_10h,hod_11h,hod_12h,hod_13h,hod_14h,hod_15h,hod_16h,hod_17h,hod_18h,hod_19h,hod_20h,hod_21h,hod_22h,hod_23h,dow_mon,dow_tue,dow_wed,dow_thu,dow_fri,dow_sat,dow_sun
S12000046,S02001877,1516.07142857,8131.0,2648.25,9.60714285714,10.7857142857,7.92857142857,7.21428571429,4.60714285714,7.64285714286,22.4285714286,66.2857142857,124.892857143,85.75,73.2857142857,72.6428571429,80.7857142857,88.6428571429,86.1785714286,94.8214285714,111.5,140.392857143,118.714285714,94.1785714286,74.4285714286,55.8214285714,48.3928571429,29.1428571429,1539.75,1580.75,1889.0,1530.0,1591.5,1373.0,1108.5
