zone_id,area_id,total,daytype_inweek,daytype_weekend,hod_00h,hod_01h,hod_02h,hod_03h,hod_04h,hod_05h,hod_06h,hod_07h,hod_08h,hod_09h,hod_10h,hod_11h,hod_12h,hod_13h,hod_14h,hod_15h,hod_16h,hod_17h,hod_18h,hod_19h,hod_20h,hod_21h,hod_22h,hod_23h,dow_mon,dow_tue,dow_wed,dow_thu,dow_fri,dow_sat,dow_sun
S12000036,S02001610,2357.53571429,12586.25,4292.5,17.5,22.4285714286,14.0,12.8571428571,10.8571428571,15.8571428571,35.6428571429,90.75,151.0,132.535714286,124.857142857,132.214285714,143.285714286,146.357142857,147.107142857,160.75,165.035714286,176.714285714,162.357142857,141.714285714,118.214285714,94.1071428571,76.8214285714,64.5714285714,2417.75,2392.5,3049.75,2283.75,2442.5,2041.75,1874.75
