zone_id,area_id,total,daytype_inweek,daytype_weekend,hod_00h,hod_01h,hod_02h,hod_03h,hod_04h,hod_05h,hod_06h,hod_07h,hod_08h,hod_09h,hod_10h,hod_11h,hod_12h,hod_13h,hod_14h,hod_15h,hod_16h,hod_17h,hod_18h,hod_19h,hod_20h,hod_21h,hod_22h,hod_23h,dow_mon,dow_tue,dow_wed,dow_thu,dow_fri,dow_sat,dow_sun
E07000032,E02004036,2673.78571429,14252.0,4661.0,11.3214285714,12.5,6.96428571429,7.28571428571,9.10714285714,30.5357142857,46.2142857143,95.1071428571,135.321428571,145.285714286,170.964285714,179.035714286,186.857142857,188.642857143,185.5,178.571428571,194.535714286,206.142857143,181.964285714,160.0,126.214285714,107.357142857,70.3571428571,38.0,2610.75,2819.25,3508.75,2684.75,2628.5,2414.25,2050.25
