zone_id,area_id,total,daytype_inweek,daytype_weekend,hod_00h,hod_01h,hod_02h,hod_03h,hod_04h,hod_05h,hod_06h,hod_07h,hod_08h,hod_09h,hod_10h,hod_11h,hod_12h,hod_13h,hod_14h,hod_15h,hod_16h,hod_17h,hod_18h,hod_19h,hod_20h,hod_21h,hod_22h,hod_23h,dow_mon,dow_tue,dow_wed,dow_thu,dow_fri,dow_sat,dow_sun
E07000242,E02004893,1386.21428571,7492.5,2382.75,6.60714285714,7.17857142857,4.10714285714,2.96428571429,3.21428571429,9.5,22.3928571429,50.9642857143,79.75,81.75,86.8928571429,91.8571428571,101.928571429,95.7142857143,87.8214285714,94.5714285714,104.107142857,108.357142857,91.6071428571,80.6428571429,63.4285714286,51.6428571429,36.5714285714,22.6428571429,1376.5,1433.0,1883.25,1406.25,1393.5,1204.75,1006.25
