zone_id,area_id,total,daytype_inweek,daytype_weekend,hod_00h,hod_01h,hod_02h,hod_03h,hod_04h,hod_05h,hod_06h,hod_07h,hod_08h,hod_09h,hod_10h,hod_11h,hod_12h,hod_13h,hod_14h,hod_15h,hod_16h,hod_17h,hod_18h,hod_19h,hod_20h,hod_21h,hod_22h,hod_23h,dow_mon,dow_tue,dow_wed,dow_thu,dow_fri,dow_sat,dow_sun
E06000018,E02002882,3457.71428571,18244.75,5875.0,26.8571428571,31.0,24.9642857143,20.9642857143,17.6428571429,28.1428571429,51.0714285714,108.25,172.857142857,178.571428571,183.714285714,199.642857143,216.821428571,225.785714286,237.821428571,234.785714286,249.25,269.25,247.392857143,204.285714286,180.321428571,145.285714286,123.178571429,79.8571428571,3259.5,3598.75,4446.0,3362.5,3578.0,3343.75,2615.5
