zone_id,area_id,total,daytype_inweek,daytype_weekend,hod_00h,hod_01h,hod_02h,hod_03h,hod_04h,hod_05h,hod_06h,hod_07h,hod_08h,hod_09h,hod_10h,hod_11h,hod_12h,hod_13h,hod_14h,hod_15h,hod_16h,hod_17h,hod_18h,hod_19h,hod_20h,hod_21h,hod_22h,hod_23h,dow_mon,dow_tue,dow_wed,dow_thu,dow_fri,dow_sat,dow_sun
E09000005,E02000107,2182.39285714,11329.5,3923.0,30.8571428571,23.5357142857,13.8928571429,9.03571428571,10.5357142857,16.0714285714,29.6428571429,54.8928571429,92.9285714286,104.642857143,121.0,133.5,143.142857143,146.928571429,147.107142857,144.75,152.964285714,154.214285714,150.357142857,133.714285714,120.392857143,105.785714286,83.3571428571,59.1428571429,2075.0,2202.0,2819.25,2083.5,2149.75,2099.25,1848.0
