zone_id,area_id,total,daytype_inweek,daytype_weekend,hod_00h,hod_01h,hod_02h,hod_03h,hod_04h,hod_05h,hod_06h,hod_07h,hod_08h,hod_09h,hod_10h,hod_11h,hod_12h,hod_13h,hod_14h,hod_15h,hod_16h,hod_17h,hod_18h,hod_19h,hod_20h,hod_21h,hod_22h,hod_23h,dow_mon,dow_tue,dow_wed,dow_thu,dow_fri,dow_sat,dow_sun
E09000006,E02006787,2705.28571429,14265.5,4720.25,18.1428571429,17.2142857143,12.5714285714,7.85714285714,8.10714285714,14.5357142857,35.4642857143,80.5714285714,138.25,151.0,168.821428571,182.142857143,195.892857143,189.785714286,183.678571429,176.5,186.571428571,194.25,190.25,171.928571429,138.214285714,112.357142857,81.6071428571,49.5714285714,2630.75,2767.5,3457.0,2700.0,2710.25,2582.0,2089.5
