zone_id,area_id,total,daytype_inweek,daytype_weekend,hod_00h,hod_01h,hod_02h,hod_03h,hod_04h,hod_05h,hod_06h,hod_07h,hod_08h,hod_09h,hod_10h,hod_11h,hod_12h,hod_13h,hod_14h,hod_15h,hod_16h,hod_17h,hod_18h,hod_19h,hod_20h,hod_21h,hod_22h,hod_23h,dow_mon,dow_tue,dow_wed,dow_thu,dow_fri,dow_sat,dow_sun
E08000001,E02000988,4793.71428571,25311.25,8190.75,36.8214285714,37.9285714286,21.7857142857,17.5714285714,15.7142857143,32.1785714286,60.1785714286,155.678571429,228.357142857,231.25,271.214285714,295.678571429,322.821428571,327.25,332.928571429,335.857142857,352.464285714,368.357142857,324.142857143,291.535714286,257.107142857,199.035714286,164.0,113.857142857,4447.5,5007.0,6158.5,4789.25,4909.0,4501.5,3743.25
