zone_id,area_id,total,daytype_inweek,daytype_weekend,hod_00h,hod_01h,hod_02h,hod_03h,hod_04h,hod_05h,hod_06h,hod_07h,hod_08h,hod_09h,hod_10h,hod_11h,hod_12h,hod_13h,hod_14h,hod_15h,hod_16h,hod_17h,hod_18h,hod_19h,hod_20h,hod_21h,hod_22h,hod_23h,dow_mon,dow_tue,dow_wed,dow_thu,dow_fri,dow_sat,dow_sun
E07000082,E02004654,2785.82142857,14988.25,4803.75,9.78571428571,8.64285714286,6.5,5.64285714286,7.39285714286,19.8928571429,48.0714285714,111.035714286,157.964285714,164.357142857,179.642857143,184.0,191.928571429,189.392857143,186.571428571,193.25,211.5,213.928571429,189.464285714,161.785714286,123.964285714,95.75,79.25,46.1071428571,2790.0,2912.0,3635.0,2835.5,2815.75,2498.75,2013.75
