zone_id,area_id,total,daytype_inweek,daytype_weekend,hod_00h,hod_01h,hod_02h,hod_03h,hod_04h,hod_05h,hod_06h,hod_07h,hod_08h,hod_09h,hod_10h,hod_11h,hod_12h,hod_13h,hod_14h,hod_15h,hod_16h,hod_17h,hod_18h,hod_19h,hod_20h,hod_21h,hod_22h,hod_23h,dow_mon,dow_tue,dow_wed,dow_thu,dow_fri,dow_sat,dow_sun
E08000025,E02006899,29841.6428571,157239.5,46134.75,204.178571429,260.964285714,205.142857143,183.357142857,164.25,178.428571429,417.857142857,1016.32142857,1624.17857143,1345.03571429,1458.64285714,1710.25,2088.07142857,2232.35714286,2155.28571429,2156.89285714,2342.0,2671.60714286,2171.64285714,1610.03571429,1211.14285714,941.0,838.142857143,654.857142857,26250.25,30236.0,38505.0,29590.25,32658.0,31767.5,19884.5
