zone_id,area_id,total,daytype_inweek,daytype_weekend,hod_00h,hod_01h,hod_02h,hod_03h,hod_04h,hod_05h,hod_06h,hod_07h,hod_08h,hod_09h,hod_10h,hod_11h,hod_12h,hod_13h,hod_14h,hod_15h,hod_16h,hod_17h,hod_18h,hod_19h,hod_20h,hod_21h,hod_22h,hod_23h,dow_mon,dow_tue,dow_wed,dow_thu,dow_fri,dow_sat,dow_sun
E08000024,E02001821,2120.60714286,11249.75,3667.0,10.2857142857,11.7142857143,8.32142857143,7.75,8.03571428571,15.6428571429,39.4285714286,76.5,112.142857143,124.357142857,131.071428571,147.5,157.464285714,154.357142857,156.142857143,154.785714286,160.0,158.964285714,139.964285714,116.785714286,89.4285714286,65.6071428571,48.0357142857,26.3214285714,2061.0,2179.5,2742.25,2083.75,2183.25,1988.5,1606.0
