zone_id,area_id,total,daytype_inweek,daytype_weekend,hod_00h,hod_01h,hod_02h,hod_03h,hod_04h,hod_05h,hod_06h,hod_07h,hod_08h,hod_09h,hod_10h,hod_11h,hod_12h,hod_13h,hod_14h,hod_15h,hod_16h,hod_17h,hod_18h,hod_19h,hod_20h,hod_21h,hod_22h,hod_23h,dow_mon,dow_tue,dow_wed,dow_thu,dow_fri,dow_sat,dow_sun
E08000022,E02001757,1761.75,9256.5,3086.0,8.10714285714,8.14285714286,5.75,3.10714285714,5.64285714286,13.1785714286,29.1428571429,52.3571428571,76.3928571429,85.4285714286,105.357142857,120.642857143,133.928571429,138.0,139.964285714,135.357142857,139.857142857,132.5,118.035714286,104.321428571,82.0357142857,58.5714285714,39.8214285714,26.1071428571,1708.0,1799.25,2247.0,1696.0,1806.25,1697.75,1378.0
