zone_id,area_id,total,daytype_inweek,daytype_weekend,hod_00h,hod_01h,hod_02h,hod_03h,hod_04h,hod_05h,hod_06h,hod_07h,hod_08h,hod_09h,hod_10h,hod_11h,hod_12h,hod_13h,hod_14h,hod_15h,hod_16h,hod_17h,hod_18h,hod_19h,hod_20h,hod_21h,hod_22h,hod_23h,dow_mon,dow_tue,dow_wed,dow_thu,dow_fri,dow_sat,dow_sun
E07000168,E02005806,4027.25,21217.25,7016.25,11.25,11.5714285714,11.9285714286,7.07142857143,10.2142857143,37.2142857143,82.6071428571,148.035714286,205.214285714,213.892857143,259.785714286,293.5,298.0,304.964285714,301.464285714,297.535714286,304.357142857,329.357142857,270.892857143,213.964285714,157.0,126.107142857,87.2142857143,44.1071428571,3908.5,4144.5,5155.5,3936.75,4072.0,3865.75,3107.75
