zone_id,area_id,total,daytype_inweek,daytype_weekend,hod_00h,hod_01h,hod_02h,hod_03h,hod_04h,hod_05h,hod_06h,hod_07h,hod_08h,hod_09h,hod_10h,hod_11h,hod_12h,hod_13h,hod_14h,hod_15h,hod_16h,hod_17h,hod_18h,hod_19h,hod_20h,hod_21h,hod_22h,hod_23h,dow_mon,dow_tue,dow_wed,dow_thu,dow_fri,dow_sat,dow_sun
E07000119,E02005203,2618.71428571,14036.0,4546.0,12.1428571429,12.25,7.85714285714,6.82142857143,5.75,15.1785714286,36.75,92.5357142857,137.107142857,151.535714286,172.464285714,181.321428571,194.357142857,200.714285714,192.0,190.821428571,198.607142857,201.928571429,161.25,137.107142857,110.75,86.0357142857,67.6071428571,45.8214285714,2604.75,2788.75,3478.5,2633.75,2530.25,2353.75,1941.25
