zone_id,area_id,total,daytype_inweek,daytype_weekend,hod_00h,hod_01h,hod_02h,hod_03h,hod_04h,hod_05h,hod_06h,hod_07h,hod_08h,hod_09h,hod_10h,hod_11h,hod_12h,hod_13h,hod_14h,hod_15h,hod_16h,hod_17h,hod_18h,hod_19h,hod_20h,hod_21h,hod_22h,hod_23h,dow_mon,dow_tue,dow_wed,dow_thu,dow_fri,dow_sat,dow_sun
E08000025,E02001856,3675.78571429,19590.25,6319.5,42.5,39.3571428571,29.1071428571,23.3214285714,24.75,51.0714285714,81.3571428571,132.285714286,160.107142857,169.892857143,177.928571429,195.392857143,216.892857143,228.642857143,242.75,242.25,259.892857143,267.75,252.535714286,227.0,197.321428571,180.071428571,143.857142857,89.75,3550.75,4098.5,4679.25,3709.75,3552.0,3371.5,2768.75
