zone_id,area_id,total,daytype_inweek,daytype_weekend,hod_00h,hod_01h,hod_02h,hod_03h,hod_04h,hod_05h,hod_06h,hod_07h,hod_08h,hod_09h,hod_10h,hod_11h,hod_12h,hod_13h,hod_14h,hod_15h,hod_16h,hod_17h,hod_18h,hod_19h,hod_20h,hod_21h,hod_22h,hod_23h,dow_mon,dow_tue,dow_wed,dow_thu,dow_fri,dow_sat,dow_sun
S12000034,S02001313,1913.96428571,10401.5,3253.25,7.42857142857,4.78571428571,3.42857142857,3.17857142857,4.21428571429,15.75,60.25,112.607142857,107.642857143,103.357142857,107.392857143,117.0,122.821428571,130.821428571,137.321428571,157.357142857,163.714285714,160.571428571,124.035714286,92.8928571429,68.8214285714,56.3214285714,35.0357142857,17.2142857143,1869.25,1979.75,2770.0,1915.0,1867.5,1612.25,1384.0
