zone_id,area_id,total,daytype_inweek,daytype_weekend,hod_00h,hod_01h,hod_02h,hod_03h,hod_04h,hod_05h,hod_06h,hod_07h,hod_08h,hod_09h,hod_10h,hod_11h,hod_12h,hod_13h,hod_14h,hod_15h,hod_16h,hod_17h,hod_18h,hod_19h,hod_20h,hod_21h,hod_22h,hod_23h,dow_mon,dow_tue,dow_wed,dow_thu,dow_fri,dow_sat,dow_sun
E08000012,E02001367,6306.35714286,33178.25,10745.5,41.2857142857,42.2142857143,29.1428571429,24.6071428571,24.0714285714,41.75,96.5,234.857142857,317.678571429,322.964285714,351.214285714,386.964285714,424.428571429,438.964285714,439.857142857,434.214285714,461.892857143,474.214285714,434.821428571,396.607142857,327.107142857,254.821428571,188.5,117.678571429,5814.25,6370.75,8155.75,6395.75,6441.75,6035.0,4931.25
