zone_id,area_id,total,daytype_inweek,daytype_weekend,hod_00h,hod_01h,hod_02h,hod_03h,hod_04h,hod_05h,hod_06h,hod_07h,hod_08h,hod_09h,hod_10h,hod_11h,hod_12h,hod_13h,hod_14h,hod_15h,hod_16h,hod_17h,hod_18h,hod_19h,hod_20h,hod_21h,hod_22h,hod_23h,dow_mon,dow_tue,dow_wed,dow_thu,dow_fri,dow_sat,dow_sun
E07000039,E02004123,979.928571429,4958.75,1826.75,4.35714285714,4.89285714286,3.10714285714,2.89285714286,3.96428571429,7.60714285714,21.5357142857,37.8214285714,54.7142857143,52.8214285714,60.4642857143,64.5357142857,70.3571428571,64.0714285714,64.8214285714,68.0714285714,69.8214285714,70.2142857143,59.8214285714,55.5357142857,47.3928571429,41.2857142857,31.25,18.5714285714,903.75,985.25,1222.5,935.25,912.0,977.75,923.0
