zone_id,area_id,total,daytype_inweek,daytype_weekend,hod_00h,hod_01h,hod_02h,hod_03h,hod_04h,hod_05h,hod_06h,hod_07h,hod_08h,hod_09h,hod_10h,hod_11h,hod_12h,hod_13h,hod_14h,hod_15h,hod_16h,hod_17h,hod_18h,hod_19h,hod_20h,hod_21h,hod_22h,hod_23h,dow_mon,dow_tue,dow_wed,dow_thu,dow_fri,dow_sat,dow_sun
E07000052,E02004278,1028.14285714,5504.5,1801.25,4.60714285714,3.17857142857,1.92857142857,1.67857142857,2.0,4.17857142857,12.9642857143,39.0357142857,50.3928571429,60.75,71.6071428571,77.6785714286,77.5,69.4642857143,73.0714285714,70.1428571429,76.8214285714,77.3214285714,62.0357142857,60.4285714286,46.2142857143,39.8214285714,30.1071428571,15.2142857143,1007.5,1066.0,1356.5,1104.0,970.5,898.75,793.75
