zone_id,area_id,total,daytype_inweek,daytype_weekend,hod_00h,hod_01h,hod_02h,hod_03h,hod_04h,hod_05h,hod_06h,hod_07h,hod_08h,hod_09h,hod_10h,hod_11h,hod_12h,hod_13h,hod_14h,hod_15h,hod_16h,hod_17h,hod_18h,hod_19h,hod_20h,hod_21h,hod_22h,hod_23h,dow_mon,dow_tue,dow_wed,dow_thu,dow_fri,dow_sat,dow_sun
E07000179,E02005974,2100.78571429,10869.5,3784.25,8.96428571429,7.35714285714,7.64285714286,3.32142857143,3.78571428571,10.8571428571,25.3214285714,67.1785714286,124.357142857,129.571428571,145.964285714,158.357142857,160.571428571,159.178571429,147.785714286,150.25,149.464285714,157.321428571,130.142857143,116.357142857,83.2142857143,65.2142857143,54.0,34.6071428571,2035.75,2101.5,2594.5,1957.5,2180.25,2087.5,1748.5
