zone_id,area_id,total,daytype_inweek,daytype_weekend,hod_00h,hod_01h,hod_02h,hod_03h,hod_04h,hod_05h,hod_06h,hod_07h,hod_08h,hod_09h,hod_10h,hod_11h,hod_12h,hod_13h,hod_14h,hod_15h,hod_16h,hod_17h,hod_18h,hod_19h,hod_20h,hod_21h,hod_22h,hod_23h,dow_mon,dow_tue,dow_wed,dow_thu,dow_fri,dow_sat,dow_sun
E07000134,E02005409,3534.25,19244.0,5817.75,17.5357142857,13.4642857143,14.6071428571,10.1071428571,19.8214285714,43.0357142857,76.3214285714,147.285714286,208.571428571,196.25,215.892857143,225.464285714,256.25,240.142857143,236.964285714,243.964285714,247.214285714,277.464285714,231.428571429,190.535714286,153.75,128.785714286,91.6071428571,47.7857142857,3349.25,3887.75,4810.75,3673.75,3522.5,3027.25,2468.5
