zone_id,area_id,total,daytype_inweek,daytype_weekend,hod_00h,hod_01h,hod_02h,hod_03h,hod_04h,hod_05h,hod_06h,hod_07h,hod_08h,hod_09h,hod_10h,hod_11h,hod_12h,hod_13h,hod_14h,hod_15h,hod_16h,hod_17h,hod_18h,hod_19h,hod_20h,hod_21h,hod_22h,hod_23h,dow_mon,dow_tue,dow_wed,dow_thu,dow_fri,dow_sat,dow_sun
E06000015,E02002808,10730.7857143,56935.5,17296.0,48.0,63.3571428571,53.7142857143,50.7142857143,42.7857142857,67.75,154.107142857,351.857142857,560.392857143,575.642857143,670.178571429,757.071428571,836.678571429,824.678571429,798.535714286,782.464285714,798.5,824.607142857,668.607142857,562.107142857,447.214285714,356.928571429,269.535714286,165.357142857,9879.25,11143.0,13683.5,10783.5,11446.25,10763.25,7416.75
