zone_id,area_id,total,daytype_inweek,daytype_weekend,hod_00h,hod_01h,hod_02h,hod_03h,hod_04h,hod_05h,hod_06h,hod_07h,hod_08h,hod_09h,hod_10h,hod_11h,hod_12h,hod_13h,hod_14h,hod_15h,hod_16h,hod_17h,hod_18h,hod_19h,hod_20h,hod_21h,hod_22h,hod_23h,dow_mon,dow_tue,dow_wed,dow_thu,dow_fri,dow_sat,dow_sun
E08000012,E02001399,3855.25,20437.25,6649.25,21.1071428571,21.2857142857,14.2142857143,13.8571428571,13.2142857143,19.6071428571,45.4285714286,129.357142857,200.25,202.571428571,219.321428571,253.071428571,280.035714286,278.821428571,273.5,278.535714286,298.535714286,299.678571429,267.428571429,222.892857143,182.964285714,144.571428571,104.535714286,70.4642857143,3676.75,3984.75,4881.0,3917.5,3977.25,3577.0,2972.5
