zone_id,area_id,total,daytype_inweek,daytype_weekend,hod_00h,hod_01h,hod_02h,hod_03h,hod_04h,hod_05h,hod_06h,hod_07h,hod_08h,hod_09h,hod_10h,hod_11h,hod_12h,hod_13h,hod_14h,hod_15h,hod_16h,hod_17h,hod_18h,hod_19h,hod_20h,hod_21h,hod_22h,hod_23h,dow_mon,dow_tue,dow_wed,dow_thu,dow_fri,dow_sat,dow_sun
E08000035,E02002367,3260.03571429,17338.5,5738.75,30.3928571429,34.1071428571,22.4642857143,16.3214285714,14.6428571429,21.9642857143,46.0714285714,111.107142857,173.071428571,169.107142857,175.214285714,190.464285714,203.285714286,205.678571429,211.178571429,219.178571429,234.607142857,250.321428571,219.821428571,206.285714286,176.821428571,141.535714286,113.5,72.8928571429,3219.0,3396.5,4173.75,3205.0,3344.25,2962.0,2519.75
