zone_id,area_id,total,daytype_inweek,daytype_weekend,hod_00h,hod_01h,hod_02h,hod_03h,hod_04h,hod_05h,hod_06h,hod_07h,hod_08h,hod_09h,hod_10h,hod_11h,hod_12h,hod_13h,hod_14h,hod_15h,hod_16h,hod_17h,hod_18h,hod_19h,hod_20h,hod_21h,hod_22h,hod_23h,dow_mon,dow_tue,dow_wed,dow_thu,dow_fri,dow_sat,dow_sun
E09000004,E02000070,1791.0,9100.5,3202.25,9.71428571429,12.0357142857,5.46428571429,3.82142857143,4.25,9.96428571429,22.0714285714,57.3571428571,80.1428571429,98.5357142857,111.0,118.714285714,126.928571429,122.535714286,115.821428571,120.642857143,127.178571429,129.821428571,129.464285714,123.785714286,98.6428571429,75.4642857143,55.0,32.6428571429,1662.0,1713.75,2228.25,1680.5,1816.0,1896.25,1540.25
