zone_id,area_id,total,daytype_inweek,daytype_weekend,hod_00h,hod_01h,hod_02h,hod_03h,hod_04h,hod_05h,hod_06h,hod_07h,hod_08h,hod_09h,hod_10h,hod_11h,hod_12h,hod_13h,hod_14h,hod_15h,hod_16h,hod_17h,hod_18h,hod_19h,hod_20h,hod_21h,hod_22h,hod_23h,dow_mon,dow_tue,dow_wed,dow_thu,dow_fri,dow_sat,dow_sun
E09000028,E02000833,1864.89285714,9870.5,3293.0,25.3214285714,23.1428571429,16.1428571429,12.0,10.0,13.5714285714,25.1428571429,49.5,95.8571428571,98.6428571429,104.321428571,101.392857143,110.821428571,107.25,107.964285714,106.571428571,112.678571429,122.142857143,134.071428571,131.321428571,116.821428571,98.3571428571,81.6071428571,60.25,1783.0,1964.75,2507.0,1830.75,1785.0,1673.75,1510.0
