zone_id,area_id,total,daytype_inweek,daytype_weekend,hod_00h,hod_01h,hod_02h,hod_03h,hod_04h,hod_05h,hod_06h,hod_07h,hod_08h,hod_09h,hod_10h,hod_11h,hod_12h,hod_13h,hod_14h,hod_15h,hod_16h,hod_17h,hod_18h,hod_19h,hod_20h,hod_21h,hod_22h,hod_23h,dow_mon,dow_tue,dow_wed,dow_thu,dow_fri,dow_sat,dow_sun
E06000014,E02002795,3302.57142857,17516.25,5695.5,13.2142857143,14.1785714286,8.28571428571,10.0357142857,9.0,17.6071428571,42.3571428571,131.392857143,206.607142857,201.535714286,226.214285714,229.678571429,232.607142857,225.857142857,220.25,224.714285714,239.464285714,250.821428571,223.035714286,185.857142857,148.642857143,114.071428571,81.1071428571,46.0357142857,3204.75,3401.5,4313.0,3325.5,3271.5,3111.0,2490.75
