zone_id,area_id,total,daytype_inweek,daytype_weekend,hod_00h,hod_01h,hod_02h,hod_03h,hod_04h,hod_05h,hod_06h,hod_07h,hod_08h,hod_09h,hod_10h,hod_11h,hod_12h,hod_13h,hod_14h,hod_15h,hod_16h,hod_17h,hod_18h,hod_19h,hod_20h,hod_21h,hod_22h,hod_23h,dow_mon,dow_tue,dow_wed,dow_thu,dow_fri,dow_sat,dow_sun
E06000032,E02003259,2336.67857143,12668.5,3897.0,20.7142857143,15.4642857143,11.6785714286,10.75,15.0,32.8571428571,59.7857142857,97.1785714286,115.071428571,117.571428571,122.107142857,139.142857143,150.642857143,156.071428571,149.678571429,152.785714286,161.821428571,176.428571429,154.821428571,143.321428571,121.785714286,98.75,73.4285714286,39.8214285714,2234.75,2558.5,3107.75,2323.25,2444.25,2026.0,1662.25
