zone_id,area_id,total,daytype_inweek,daytype_weekend,hod_00h,hod_01h,hod_02h,hod_03h,hod_04h,hod_05h,hod_06h,hod_07h,hod_08h,hod_09h,hod_10h,hod_11h,hod_12h,hod_13h,hod_14h,hod_15h,hod_16h,hod_17h,hod_18h,hod_19h,hod_20h,hod_21h,hod_22h,hod_23h,dow_mon,dow_tue,dow_wed,dow_thu,dow_fri,dow_sat,dow_sun
E07000176,E02005919,1173.03571429,6446.0,1983.75,9.0,6.21428571429,4.78571428571,5.21428571429,12.4642857143,17.9285714286,21.6785714286,53.8571428571,76.3571428571,75.1428571429,72.2857142857,72.9285714286,82.7142857143,78.2142857143,74.3214285714,67.8571428571,82.8571428571,89.1785714286,70.6785714286,57.2142857143,51.5357142857,42.8928571429,29.6071428571,18.1071428571,1123.0,1295.5,1633.5,1244.5,1149.5,904.5,860.75
