zone_id,area_id,total,daytype_inweek,daytype_weekend,hod_00h,hod_01h,hod_02h,hod_03h,hod_04h,hod_05h,hod_06h,hod_07h,hod_08h,hod_09h,hod_10h,hod_11h,hod_12h,hod_13h,hod_14h,hod_15h,hod_16h,hod_17h,hod_18h,hod_19h,hod_20h,hod_21h,hod_22h,hod_23h,dow_mon,dow_tue,dow_wed,dow_thu,dow_fri,dow_sat,dow_sun
E09000032,E02000956,3886.10714286,20860.0,6399.0,36.9642857143,32.6785714286,21.8571428571,14.4642857143,13.6071428571,19.4285714286,47.0357142857,116.214285714,186.464285714,206.785714286,226.178571429,249.0,278.392857143,273.821428571,276.75,270.607142857,259.892857143,278.25,263.071428571,241.071428571,197.607142857,155.642857143,126.0,94.3214285714,3617.5,4196.75,5316.75,3868.75,3860.25,3561.25,2781.5
