zone_id,area_id,total,daytype_inweek,daytype_weekend,hod_00h,hod_01h,hod_02h,hod_03h,hod_04h,hod_05h,hod_06h,hod_07h,hod_08h,hod_09h,hod_10h,hod_11h,hod_12h,hod_13h,hod_14h,hod_15h,hod_16h,hod_17h,hod_18h,hod_19h,hod_20h,hod_21h,hod_22h,hod_23h,dow_mon,dow_tue,dow_wed,dow_thu,dow_fri,dow_sat,dow_sun
E06000034,E02003313,5057.75,27011.25,8290.25,25.8214285714,25.1071428571,17.0,17.0,23.9285714286,70.1428571429,108.5,166.607142857,243.071428571,283.392857143,324.892857143,350.642857143,360.142857143,356.321428571,351.678571429,332.571428571,341.142857143,366.214285714,325.285714286,282.857142857,239.964285714,204.785714286,153.142857143,87.5357142857,4623.75,5276.0,6672.0,5017.25,5422.25,4726.5,3666.5
