zone_id,area_id,total,daytype_inweek,daytype_weekend,hod_00h,hod_01h,hod_02h,hod_03h,hod_04h,hod_05h,hod_06h,hod_07h,hod_08h,hod_09h,hod_10h,hod_11h,hod_12h,hod_13h,hod_14h,hod_15h,hod_16h,hod_17h,hod_18h,hod_19h,hod_20h,hod_21h,hod_22h,hod_23h,dow_mon,dow_tue,dow_wed,dow_thu,dow_fri,dow_sat,dow_sun
S12000042,S02001458,3856.75,20223.25,6841.5,15.1785714286,21.2857142857,15.0,13.75,12.1428571429,18.0714285714,52.6785714286,143.142857143,235.821428571,206.0,219.535714286,238.642857143,269.785714286,266.035714286,287.25,300.392857143,305.107142857,297.607142857,250.178571429,222.535714286,174.678571429,142.25,94.7142857143,54.9642857143,3795.5,3952.0,4918.0,3698.25,3859.5,3728.0,3046.0
