zone_id,area_id,total,daytype_inweek,daytype_weekend,hod_00h,hod_01h,hod_02h,hod_03h,hod_04h,hod_05h,hod_06h,hod_07h,hod_08h,hod_09h,hod_10h,hod_11h,hod_12h,hod_13h,hod_14h,hod_15h,hod_16h,hod_17h,hod_18h,hod_19h,hod_20h,hod_21h,hod_22h,hod_23h,dow_mon,dow_tue,dow_wed,dow_thu,dow_fri,dow_sat,dow_sun
E07000067,E02004446,1179.46428571,6417.75,1974.75,4.57142857143,4.75,3.25,2.07142857143,3.92857142857,10.75,22.9285714286,54.7857142857,71.1428571429,67.7142857143,77.3571428571,73.7142857143,74.8928571429,76.9285714286,77.75,78.1428571429,92.4642857143,93.4642857143,77.9285714286,63.3928571429,49.5,43.8571428571,32.8928571429,21.2857142857,1164.5,1264.0,1588.75,1211.25,1189.25,1028.25,810.25
