zone_id,area_id,total,daytype_inweek,daytype_weekend,hod_00h,hod_01h,hod_02h,hod_03h,hod_04h,hod_05h,hod_06h,hod_07h,hod_08h,hod_09h,hod_10h,hod_11h,hod_12h,hod_13h,hod_14h,hod_15h,hod_16h,hod_17h,hod_18h,hod_19h,hod_20h,hod_21h,hod_22h,hod_23h,dow_mon,dow_tue,dow_wed,dow_thu,dow_fri,dow_sat,dow_sun
E07000117,E02005178,3840.07142857,20782.25,6349.25,30.0,25.5,20.3214285714,18.25,16.25,27.6785714286,49.0357142857,102.678571429,156.892857143,179.607142857,218.642857143,243.857142857,284.107142857,284.25,288.464285714,284.321428571,286.107142857,292.964285714,262.607142857,218.964285714,185.357142857,153.071428571,124.142857143,87.0,3780.25,4094.75,5095.0,4001.25,3811.0,3529.25,2569.0
