zone_id,area_id,total,daytype_inweek,daytype_weekend,hod_00h,hod_01h,hod_02h,hod_03h,hod_04h,hod_05h,hod_06h,hod_07h,hod_08h,hod_09h,hod_10h,hod_11h,hod_12h,hod_13h,hod_14h,hod_15h,hod_16h,hod_17h,hod_18h,hod_19h,hod_20h,hod_21h,hod_22h,hod_23h,dow_mon,dow_tue,dow_wed,dow_thu,dow_fri,dow_sat,dow_sun
E07000140,E02005473,1247.64285714,6902.0,2061.25,4.42857142857,4.32142857143,4.32142857143,3.14285714286,5.85714285714,22.6428571429,41.0,63.0714285714,71.3571428571,66.5357142857,68.3571428571,69.1071428571,72.0,75.5357142857,75.7142857143,85.0357142857,93.0,106.928571429,92.3214285714,67.6428571429,60.3928571429,46.8928571429,32.0357142857,16.0,1245.75,1345.5,1728.5,1360.5,1221.75,1016.0,815.5
