zone_id,area_id,total,daytype_inweek,daytype_weekend,hod_00h,hod_01h,hod_02h,hod_03h,hod_04h,hod_05h,hod_06h,hod_07h,hod_08h,hod_09h,hod_10h,hod_11h,hod_12h,hod_13h,hod_14h,hod_15h,hod_16h,hod_17h,hod_18h,hod_19h,hod_20h,hod_21h,hod_22h,hod_23h,dow_mon,dow_tue,dow_wed,dow_thu,dow_fri,dow_sat,dow_sun
E07000226,E02006585,3737.85714286,19878.25,6434.75,21.8214285714,19.5357142857,20.8214285714,21.1428571429,24.3571428571,43.2857142857,66.3571428571,118.642857143,197.75,191.535714286,222.142857143,250.142857143,261.821428571,264.571428571,259.0,250.428571429,259.107142857,280.321428571,251.821428571,212.464285714,177.214285714,138.285714286,111.071428571,74.2142857143,3579.25,3905.25,4752.25,3774.75,3866.75,3431.25,2855.5
