zone_id,area_id,total,daytype_inweek,daytype_weekend,hod_00h,hod_01h,hod_02h,hod_03h,hod_04h,hod_05h,hod_06h,hod_07h,hod_08h,hod_09h,hod_10h,hod_11h,hod_12h,hod_13h,hod_14h,hod_15h,hod_16h,hod_17h,hod_18h,hod_19h,hod_20h,hod_21h,hod_22h,hod_23h,dow_mon,dow_tue,dow_wed,dow_thu,dow_fri,dow_sat,dow_sun
E07000084,E02004691,2322.92857143,12536.0,3947.25,11.6428571429,8.85714285714,6.96428571429,6.67857142857,6.21428571429,16.0,41.1428571429,103.25,149.285714286,139.357142857,148.678571429,153.285714286,158.214285714,153.071428571,150.678571429,157.642857143,164.214285714,185.5,160.071428571,127.642857143,105.214285714,75.6785714286,58.1785714286,35.4642857143,2230.75,2447.25,3099.25,2388.75,2370.0,2008.0,1716.5
