zone_id,area_id,total,daytype_inweek,daytype_weekend,hod_00h,hod_01h,hod_02h,hod_03h,hod_04h,hod_05h,hod_06h,hod_07h,hod_08h,hod_09h,hod_10h,hod_11h,hod_12h,hod_13h,hod_14h,hod_15h,hod_16h,hod_17h,hod_18h,hod_19h,hod_20h,hod_21h,hod_22h,hod_23h,dow_mon,dow_tue,dow_wed,dow_thu,dow_fri,dow_sat,dow_sun
E07000040,E02004139,1171.67857143,6349.25,1938.25,3.14285714286,3.25,2.39285714286,1.85714285714,2.03571428571,5.10714285714,16.3571428571,43.1428571429,67.9285714286,70.1785714286,84.1428571429,87.1071428571,87.8571428571,87.9285714286,83.8571428571,81.5714285714,90.2857142857,99.6071428571,74.1428571429,58.9285714286,43.6071428571,35.3571428571,25.6785714286,16.2142857143,1121.0,1154.5,1587.0,1221.75,1265.0,1035.25,817.25
