zone_id,area_id,total,daytype_inweek,daytype_weekend,hod_00h,hod_01h,hod_02h,hod_03h,hod_04h,hod_05h,hod_06h,hod_07h,hod_08h,hod_09h,hod_10h,hod_11h,hod_12h,hod_13h,hod_14h,hod_15h,hod_16h,hod_17h,hod_18h,hod_19h,hod_20h,hod_21h,hod_22h,hod_23h,dow_mon,dow_tue,dow_wed,dow_thu,dow_fri,dow_sat,dow_sun
E08000030,E02002133,2489.85714286,13174.5,4207.0,15.2142857143,16.7142857143,14.2142857143,13.75,12.3571428571,23.5714285714,41.1071428571,71.6785714286,107.107142857,120.0,142.107142857,164.464285714,182.428571429,184.321428571,177.714285714,173.321428571,180.75,191.535714286,165.035714286,141.035714286,119.035714286,100.392857143,79.8214285714,52.1785714286,2342.5,2630.75,3266.5,2439.5,2495.25,2390.0,1864.5
