zone_id,area_id,total,daytype_inweek,daytype_weekend,hod_00h,hod_01h,hod_02h,hod_03h,hod_04h,hod_05h,hod_06h,hod_07h,hod_08h,hod_09h,hod_10h,hod_11h,hod_12h,hod_13h,hod_14h,hod_15h,hod_16h,hod_17h,hod_18h,hod_19h,hod_20h,hod_21h,hod_22h,hod_23h,dow_mon,dow_tue,dow_wed,dow_thu,dow_fri,dow_sat,dow_sun
E07000066,E02004429,1968.39285714,10626.25,3265.25,10.3571428571,8.46428571429,7.32142857143,5.0,6.57142857143,18.1071428571,34.9642857143,75.8928571429,107.892857143,109.928571429,117.214285714,128.392857143,135.714285714,132.785714286,129.357142857,130.964285714,142.928571429,159.392857143,133.857142857,116.428571429,94.1428571429,78.4642857143,52.6071428571,31.6428571429,1864.5,2086.75,2679.0,2013.0,1983.0,1751.75,1400.75
