zone_id,area_id,total,daytype_inweek,daytype_weekend,hod_00h,hod_01h,hod_02h,hod_03h,hod_04h,hod_05h,hod_06h,hod_07h,hod_08h,hod_09h,hod_10h,hod_11h,hod_12h,hod_13h,hod_14h,hod_15h,hod_16h,hod_17h,hod_18h,hod_19h,hod_20h,hod_21h,hod_22h,hod_23h,dow_mon,dow_tue,dow_wed,dow_thu,dow_fri,dow_sat,dow_sun
E06000006,E02002589,3291.82142857,17490.25,5651.5,17.25,18.75,11.9285714286,11.4285714286,12.0357142857,26.8928571429,44.2857142857,106.714285714,169.142857143,170.678571429,185.142857143,208.892857143,223.821428571,220.142857143,222.821428571,227.821428571,249.642857143,256.714285714,233.714285714,203.642857143,170.857142857,129.571428571,107.142857143,62.7857142857,3194.75,3337.25,4213.75,3332.75,3411.75,3095.75,2456.75
