zone_id,area_id,total,daytype_inweek,daytype_weekend,hod_00h,hod_01h,hod_02h,hod_03h,hod_04h,hod_05h,hod_06h,hod_07h,hod_08h,hod_09h,hod_10h,hod_11h,hod_12h,hod_13h,hod_14h,hod_15h,hod_16h,hod_17h,hod_18h,hod_19h,hod_20h,hod_21h,hod_22h,hod_23h,dow_mon,dow_tue,dow_wed,dow_thu,dow_fri,dow_sat,dow_sun
E08000033,E02002258,2237.32142857,12276.5,3696.0,9.82142857143,11.5,9.14285714286,6.67857142857,8.92857142857,22.3928571429,51.0,101.107142857,115.607142857,124.964285714,136.357142857,143.25,163.928571429,156.071428571,146.821428571,158.321428571,167.392857143,170.571428571,146.5,125.214285714,99.5,74.4285714286,57.6428571429,30.1785714286,2178.0,2443.75,3017.75,2327.0,2310.0,1866.75,1518.0
