zone_id,area_id,total,daytype_inweek,daytype_weekend,hod_00h,hod_01h,hod_02h,hod_03h,hod_04h,hod_05h,hod_06h,hod_07h,hod_08h,hod_09h,hod_10h,hod_11h,hod_12h,hod_13h,hod_14h,hod_15h,hod_16h,hod_17h,hod_18h,hod_19h,hod_20h,hod_21h,hod_22h,hod_23h,dow_mon,dow_tue,dow_wed,dow_thu,dow_fri,dow_sat,dow_sun
E07000065,E02004416,2639.57142857,14016.25,4877.5,12.1071428571,10.9642857143,8.60714285714,8.82142857143,8.92857142857,16.1428571429,48.8214285714,110.857142857,144.821428571,163.071428571,178.0,176.571428571,178.5,173.785714286,169.928571429,173.464285714,190.214285714,204.464285714,168.821428571,150.714285714,126.214285714,96.8571428571,78.5357142857,40.3571428571,2726.25,2692.5,3492.25,2577.75,2527.5,2309.5,2151.25
