zone_id,area_id,total,daytype_inweek,daytype_weekend,hod_00h,hod_01h,hod_02h,hod_03h,hod_04h,hod_05h,hod_06h,hod_07h,hod_08h,hod_09h,hod_10h,hod_11h,hod_12h,hod_13h,hod_14h,hod_15h,hod_16h,hod_17h,hod_18h,hod_19h,hod_20h,hod_21h,hod_22h,hod_23h,dow_mon,dow_tue,dow_wed,dow_thu,dow_fri,dow_sat,dow_sun
E06000038,E02003395,7383.03571429,35911.75,13124.75,103.464285714,76.3571428571,55.3214285714,45.2142857143,39.2857142857,54.1071428571,100.75,201.142857143,334.607142857,372.035714286,414.821428571,447.75,485.75,475.142857143,469.607142857,464.428571429,471.535714286,515.928571429,501.285714286,449.285714286,415.214285714,356.392857143,269.857142857,263.75,6155.25,5349.0,7559.0,7867.25,8981.25,8800.0,6969.5
