zone_id,area_id,total,daytype_inweek,daytype_weekend,hod_00h,hod_01h,hod_02h,hod_03h,hod_04h,hod_05h,hod_06h,hod_07h,hod_08h,hod_09h,hod_10h,hod_11h,hod_12h,hod_13h,hod_14h,hod_15h,hod_16h,hod_17h,hod_18h,hod_19h,hod_20h,hod_21h,hod_22h,hod_23h,dow_mon,dow_tue,dow_wed,dow_thu,dow_fri,dow_sat,dow_sun
E07000029,E02004006,9835.03571429,57827.0,14650.75,20.4285714286,22.7142857143,20.4285714286,16.6428571429,64.5714285714,330.464285714,671.5,661.928571429,518.535714286,466.785714286,514.321428571,535.035714286,590.321428571,619.178571429,673.428571429,941.785714286,870.785714286,725.785714286,474.035714286,339.821428571,281.964285714,254.357142857,148.107142857,72.1071428571,9713.75,11646.75,14822.75,11338.0,10305.75,6081.25,4937.0
