zone_id,area_id,total,daytype_inweek,daytype_weekend,hod_00h,hod_01h,hod_02h,hod_03h,hod_04h,hod_05h,hod_06h,hod_07h,hod_08h,hod_09h,hod_10h,hod_11h,hod_12h,hod_13h,hod_14h,hod_15h,hod_16h,hod_17h,hod_18h,hod_19h,hod_20h,hod_21h,hod_22h,hod_23h,dow_mon,dow_tue,dow_wed,dow_thu,dow_fri,dow_sat,dow_sun
E07000224,E02006560,3173.07142857,16361.25,5725.5,11.6071428571,11.75,10.0714285714,8.60714285714,10.9642857143,44.5357142857,75.6428571429,112.0,157.392857143,182.321428571,216.821428571,231.571428571,237.75,227.928571429,221.035714286,235.571428571,231.75,228.607142857,212.821428571,182.285714286,128.857142857,94.3214285714,64.8571428571,34.0,3026.75,3138.75,3944.0,2996.25,3255.5,3151.5,2698.75
