zone_id,area_id,total,daytype_inweek,daytype_weekend,hod_00h,hod_01h,hod_02h,hod_03h,hod_04h,hod_05h,hod_06h,hod_07h,hod_08h,hod_09h,hod_10h,hod_11h,hod_12h,hod_13h,hod_14h,hod_15h,hod_16h,hod_17h,hod_18h,hod_19h,hod_20h,hod_21h,hod_22h,hod_23h,dow_mon,dow_tue,dow_wed,dow_thu,dow_fri,dow_sat,dow_sun
E06000038,E02003393,2869.21428571,14862.5,5151.75,18.3214285714,16.2142857143,15.2857142857,11.3571428571,11.4642857143,21.25,53.0714285714,113.321428571,154.107142857,155.571428571,174.357142857,190.142857143,188.607142857,196.607142857,192.857142857,188.535714286,196.535714286,212.857142857,194.75,171.642857143,141.0,114.0,85.8928571429,51.4642857143,2752.75,2889.5,3585.75,2746.25,2888.25,2823.0,2399.0
