zone_id,area_id,total,daytype_inweek,daytype_weekend,hod_00h,hod_01h,hod_02h,hod_03h,hod_04h,hod_05h,hod_06h,hod_07h,hod_08h,hod_09h,hod_10h,hod_11h,hod_12h,hod_13h,hod_14h,hod_15h,hod_16h,hod_17h,hod_18h,hod_19h,hod_20h,hod_21h,hod_22h,hod_23h,dow_mon,dow_tue,dow_wed,dow_thu,dow_fri,dow_sat,dow_sun
E08000008,E02001231,1748.92857143,9114.5,3055.5,6.53571428571,5.32142857143,4.75,4.78571428571,3.71428571429,8.67857142857,29.7142857143,63.3571428571,83.6785714286,96.1785714286,111.571428571,121.785714286,130.714285714,130.142857143,130.321428571,130.357142857,132.428571429,132.75,112.214285714,103.607142857,79.7142857143,62.0714285714,40.2142857143,24.3214285714,1661.25,1795.0,2205.75,1711.5,1741.0,1733.75,1394.25
