zone_id,area_id,total,daytype_inweek,daytype_weekend,hod_00h,hod_01h,hod_02h,hod_03h,hod_04h,hod_05h,hod_06h,hod_07h,hod_08h,hod_09h,hod_10h,hod_11h,hod_12h,hod_13h,hod_14h,hod_15h,hod_16h,hod_17h,hod_18h,hod_19h,hod_20h,hod_21h,hod_22h,hod_23h,dow_mon,dow_tue,dow_wed,dow_thu,dow_fri,dow_sat,dow_sun
E07000096,E02004859,1291.07142857,6924.75,2241.75,4.60714285714,3.60714285714,2.17857142857,1.67857142857,2.39285714286,7.17857142857,12.0714285714,49.3928571429,80.8928571429,78.5,84.8928571429,89.6785714286,96.3571428571,100.035714286,100.642857143,97.3214285714,97.0,100.5,83.6785714286,67.8928571429,50.1428571429,37.2857142857,26.9285714286,16.2142857143,1247.75,1360.75,1736.25,1302.5,1277.5,1118.75,994.0
