zone_id,area_id,total,daytype_inweek,daytype_weekend,hod_00h,hod_01h,hod_02h,hod_03h,hod_04h,hod_05h,hod_06h,hod_07h,hod_08h,hod_09h,hod_10h,hod_11h,hod_12h,hod_13h,hod_14h,hod_15h,hod_16h,hod_17h,hod_18h,hod_19h,hod_20h,hod_21h,hod_22h,hod_23h,dow_mon,dow_tue,dow_wed,dow_thu,dow_fri,dow_sat,dow_sun
W06000006,W02000082,3542.89285714,18888.75,6082.25,17.3928571429,14.9285714286,11.1785714286,12.0357142857,14.3571428571,35.4285714286,71.0714285714,141.714285714,189.321428571,176.892857143,199.214285714,208.928571429,221.785714286,230.357142857,236.142857143,231.785714286,262.892857143,288.142857143,260.75,223.535714286,177.428571429,144.357142857,109.678571429,63.5714285714,3379.75,3736.0,4692.0,3522.25,3558.75,3209.0,2702.5
