zone_id,area_id,total,daytype_inweek,daytype_weekend,hod_00h,hod_01h,hod_02h,hod_03h,hod_04h,hod_05h,hod_06h,hod_07h,hod_08h,hod_09h,hod_10h,hod_11h,hod_12h,hod_13h,hod_14h,hod_15h,hod_16h,hod_17h,hod_18h,hod_19h,hod_20h,hod_21h,hod_22h,hod_23h,dow_mon,dow_tue,dow_wed,dow_thu,dow_fri,dow_sat,dow_sun
E07000226,E02006576,3195.0,17187.0,5483.0,20.3571428571,20.3928571429,13.8214285714,19.0714285714,27.6428571429,49.1428571429,71.2857142857,128.464285714,196.892857143,183.5,193.5,202.071428571,211.75,212.678571429,204.142857143,192.678571429,215.428571429,237.535714286,211.892857143,180.857142857,141.928571429,110.571428571,88.3571428571,61.0357142857,3113.0,3310.75,4254.5,3221.0,3287.75,2808.0,2370.0
