zone_id,area_id,total,daytype_inweek,daytype_weekend,hod_00h,hod_01h,hod_02h,hod_03h,hod_04h,hod_05h,hod_06h,hod_07h,hod_08h,hod_09h,hod_10h,hod_11h,hod_12h,hod_13h,hod_14h,hod_15h,hod_16h,hod_17h,hod_18h,hod_19h,hod_20h,hod_21h,hod_22h,hod_23h,dow_mon,dow_tue,dow_wed,dow_thu,dow_fri,dow_sat,dow_sun
E07000093,E02004821,2106.32142857,11308.0,3752.0,10.9285714286,6.82142857143,6.0,4.46428571429,6.10714285714,19.1071428571,39.25,87.2857142857,117.25,124.535714286,134.928571429,148.25,151.142857143,146.285714286,144.321428571,144.678571429,154.964285714,162.714285714,139.25,113.071428571,88.7857142857,70.25,55.4642857143,30.4642857143,2139.25,2212.75,2706.25,2095.75,2154.0,1823.5,1612.75
