zone_id,area_id,total,daytype_inweek,daytype_weekend,hod_00h,hod_01h,hod_02h,hod_03h,hod_04h,hod_05h,hod_06h,hod_07h,hod_08h,hod_09h,hod_10h,hod_11h,hod_12h,hod_13h,hod_14h,hod_15h,hod_16h,hod_17h,hod_18h,hod_19h,hod_20h,hod_21h,hod_22h,hod_23h,dow_mon,dow_tue,dow_wed,dow_thu,dow_fri,dow_sat,dow_sun
E07000137,E02005436,2180.39285714,11704.0,3917.0,7.57142857143,9.64285714286,6.21428571429,4.39285714286,7.28571428571,15.1785714286,27.1785714286,65.0357142857,114.392857143,132.214285714,160.107142857,171.464285714,166.892857143,167.214285714,162.75,166.214285714,162.392857143,159.607142857,127.392857143,103.142857143,85.1428571429,69.8214285714,55.0714285714,34.0714285714,2246.75,2377.25,2919.75,2156.75,2003.5,1888.5,1670.25
