zone_id,area_id,total,daytype_inweek,daytype_weekend,hod_00h,hod_01h,hod_02h,hod_03h,hod_04h,hod_05h,hod_06h,hod_07h,hod_08h,hod_09h,hod_10h,hod_11h,hod_12h,hod_13h,hod_14h,hod_15h,hod_16h,hod_17h,hod_18h,hod_19h,hod_20h,hod_21h,hod_22h,hod_23h,dow_mon,dow_tue,dow_wed,dow_thu,dow_fri,dow_sat,dow_sun
E08000019,E02006843,17220.4285714,92813.75,27285.25,113.5,146.5,114.607142857,96.3571428571,86.25,132.178571429,278.071428571,697.142857143,1049.32142857,902.571428571,946.0,1032.60714286,1155.85714286,1161.71428571,1160.39285714,1206.35714286,1292.5,1408.21428571,1126.57142857,898.714285714,734.392857143,606.107142857,514.642857143,359.857142857,15819.5,18479.25,23028.75,17029.5,18456.75,16263.5,11465.75
