zone_id,area_id,total,daytype_inweek,daytype_weekend,hod_00h,hod_01h,hod_02h,hod_03h,hod_04h,hod_05h,hod_06h,hod_07h,hod_08h,hod_09h,hod_10h,hod_11h,hod_12h,hod_13h,hod_14h,hod_15h,hod_16h,hod_17h,hod_18h,hod_19h,hod_20h,hod_21h,hod_22h,hod_23h,dow_mon,dow_tue,dow_wed,dow_thu,dow_fri,dow_sat,dow_sun
S12000017,S02002004,3241.5,17146.25,5651.25,12.1785714286,15.1785714286,11.1071428571,9.75,8.85714285714,18.1428571429,60.6785714286,143.142857143,214.321428571,184.785714286,193.964285714,200.25,218.571428571,225.178571429,235.25,245.642857143,260.714285714,264.5,212.25,167.714285714,131.428571429,101.392857143,68.0357142857,38.4642857143,3180.75,3271.0,4192.5,3202.75,3299.25,3073.75,2470.5
