zone_id,area_id,total,daytype_inweek,daytype_weekend,hod_00h,hod_01h,hod_02h,hod_03h,hod_04h,hod_05h,hod_06h,hod_07h,hod_08h,hod_09h,hod_10h,hod_11h,hod_12h,hod_13h,hod_14h,hod_15h,hod_16h,hod_17h,hod_18h,hod_19h,hod_20h,hod_21h,hod_22h,hod_23h,dow_mon,dow_tue,dow_wed,dow_thu,dow_fri,dow_sat,dow_sun
E08000030,E02002147,2074.75,11019.0,3635.75,14.6428571429,16.6428571429,12.9285714286,10.0357142857,9.46428571429,24.6071428571,35.1785714286,61.1428571429,80.5,97.1071428571,117.535714286,136.321428571,140.464285714,148.642857143,150.071428571,149.071428571,151.321428571,157.285714286,139.678571429,125.071428571,102.857142857,83.9642857143,65.9642857143,44.25,2026.25,2149.0,2638.0,2055.5,2150.25,1894.75,1609.5
