zone_id,area_id,total,daytype_inweek,daytype_weekend,hod_00h,hod_01h,hod_02h,hod_03h,hod_04h,hod_05h,hod_06h,hod_07h,hod_08h,hod_09h,hod_10h,hod_11h,hod_12h,hod_13h,hod_14h,hod_15h,hod_16h,hod_17h,hod_18h,hod_19h,hod_20h,hod_21h,hod_22h,hod_23h,dow_mon,dow_tue,dow_wed,dow_thu,dow_fri,dow_sat,dow_sun
S12000046,S02001924,4212.92857143,23566.5,7012.25,23.1071428571,29.0,22.4642857143,22.9285714286,20.0714285714,40.5357142857,82.4642857143,171.857142857,273.035714286,261.321428571,244.428571429,267.75,307.785714286,299.571428571,290.321428571,293.178571429,305.892857143,318.535714286,252.321428571,204.178571429,167.928571429,136.464285714,101.25,76.5357142857,4373.0,4583.25,5707.25,4412.25,4490.75,3284.75,2639.25
