zone_id,area_id,total,daytype_inweek,daytype_weekend,hod_00h,hod_01h,hod_02h,hod_03h,hod_04h,hod_05h,hod_06h,hod_07h,hod_08h,hod_09h,hod_10h,hod_11h,hod_12h,hod_13h,hod_14h,hod_15h,hod_16h,hod_17h,hod_18h,hod_19h,hod_20h,hod_21h,hod_22h,hod_23h,dow_mon,dow_tue,dow_wed,dow_thu,dow_fri,dow_sat,dow_sun
E07000012,E02003775,1115.67857143,6179.0,1870.75,4.0,4.64285714286,3.92857142857,4.0,5.0,7.71428571429,23.5714285714,57.1071428571,67.6428571429,64.3571428571,64.6428571429,67.0714285714,66.1071428571,61.0,64.7857142857,65.7142857143,79.0357142857,87.1785714286,77.9285714286,64.0714285714,57.75,50.3928571429,40.8928571429,27.1428571429,1143.5,1244.0,1549.25,1193.0,1049.25,903.5,727.25
