zone_id,area_id,total,daytype_inweek,daytype_weekend,hod_00h,hod_01h,hod_02h,hod_03h,hod_04h,hod_05h,hod_06h,hod_07h,hod_08h,hod_09h,hod_10h,hod_11h,hod_12h,hod_13h,hod_14h,hod_15h,hod_16h,hod_17h,hod_18h,hod_19h,hod_20h,hod_21h,hod_22h,hod_23h,dow_mon,dow_tue,dow_wed,dow_thu,dow_fri,dow_sat,dow_sun
E07000181,E02006005,1094.07142857,5887.0,2044.5,3.60714285714,3.82142857143,2.96428571429,2.10714285714,2.96428571429,8.10714285714,17.3214285714,40.7142857143,62.4285714286,56.6071428571,69.5,78.9642857143,85.9642857143,83.7142857143,82.7142857143,79.4285714286,79.3214285714,85.6071428571,68.3214285714,52.6428571429,41.0357142857,33.5714285714,33.3214285714,19.3214285714,1215.25,1135.75,1467.25,1047.25,1021.5,942.25,829.25
