zone_id,area_id,total,daytype_inweek,daytype_weekend,hod_00h,hod_01h,hod_02h,hod_03h,hod_04h,hod_05h,hod_06h,hod_07h,hod_08h,hod_09h,hod_10h,hod_11h,hod_12h,hod_13h,hod_14h,hod_15h,hod_16h,hod_17h,hod_18h,hod_19h,hod_20h,hod_21h,hod_22h,hod_23h,dow_mon,dow_tue,dow_wed,dow_thu,dow_fri,dow_sat,dow_sun
E06000051,E02006043,427.785714286,2392.25,765.0,1.14285714286,0.785714285714,0.714285714286,0.964285714286,1.14285714286,3.67857142857,8.39285714286,17.8928571429,22.75,29.1071428571,34.6428571429,37.9285714286,34.5357142857,34.2857142857,31.3214285714,32.1785714286,34.0357142857,29.6785714286,22.0,18.0,11.4642857143,10.8928571429,7.28571428571,2.96428571429,484.75,466.0,610.0,492.0,339.5,322.0,280.25
