zone_id,area_id,total,daytype_inweek,daytype_weekend,hod_00h,hod_01h,hod_02h,hod_03h,hod_04h,hod_05h,hod_06h,hod_07h,hod_08h,hod_09h,hod_10h,hod_11h,hod_12h,hod_13h,hod_14h,hod_15h,hod_16h,hod_17h,hod_18h,hod_19h,hod_20h,hod_21h,hod_22h,hod_23h,dow_mon,dow_tue,dow_wed,dow_thu,dow_fri,dow_sat,dow_sun
E09000009,E02000256,4158.10714286,22012.5,7203.25,38.5714285714,36.4642857143,19.8928571429,17.0357142857,15.5,26.3214285714,50.3571428571,113.428571429,189.571428571,221.892857143,237.035714286,267.928571429,286.071428571,297.285714286,294.035714286,283.142857143,281.392857143,296.178571429,288.0,254.892857143,219.535714286,176.392857143,141.142857143,106.035714286,3907.25,4338.75,5459.75,4111.5,4195.25,3798.25,3296.0
