zone_id,area_id,total,daytype_inweek,daytype_weekend,hod_00h,hod_01h,hod_02h,hod_03h,hod_04h,hod_05h,hod_06h,hod_07h,hod_08h,hod_09h,hod_10h,hod_11h,hod_12h,hod_13h,hod_14h,hod_15h,hod_16h,hod_17h,hod_18h,hod_19h,hod_20h,hod_21h,hod_22h,hod_23h,dow_mon,dow_tue,dow_wed,dow_thu,dow_fri,dow_sat,dow_sun
S12000015,S02001802,3304.07142857,18007.75,5804.5,14.7142857143,16.0,11.8214285714,8.89285714286,11.8928571429,31.8928571429,68.2142857143,146.464285714,195.535714286,174.714285714,194.0,205.75,231.107142857,230.642857143,228.964285714,241.25,266.321428571,254.714285714,215.107142857,171.571428571,150.357142857,118.857142857,76.3214285714,38.9642857143,3465.75,3505.25,4308.75,3354.0,3374.0,2782.0,2338.75
