zone_id,area_id,total,daytype_inweek,daytype_weekend,hod_00h,hod_01h,hod_02h,hod_03h,hod_04h,hod_05h,hod_06h,hod_07h,hod_08h,hod_09h,hod_10h,hod_11h,hod_12h,hod_13h,hod_14h,hod_15h,hod_16h,hod_17h,hod_18h,hod_19h,hod_20h,hod_21h,hod_22h,hod_23h,dow_mon,dow_tue,dow_wed,dow_thu,dow_fri,dow_sat,dow_sun
E08000033,E02002263,810.392857143,4274.25,1427.0,3.10714285714,3.14285714286,2.03571428571,2.35714285714,2.25,5.85714285714,11.5714285714,29.2142857143,40.1428571429,40.3571428571,50.2857142857,58.3928571429,63.8928571429,63.8571428571,61.3571428571,62.7857142857,62.4285714286,62.75,51.2142857143,45.0,33.6785714286,26.5357142857,17.2142857143,10.9642857143,796.5,840.75,1064.75,770.5,801.75,768.0,630.5
