zone_id,area_id,total,daytype_inweek,daytype_weekend,hod_00h,hod_01h,hod_02h,hod_03h,hod_04h,hod_05h,hod_06h,hod_07h,hod_08h,hod_09h,hod_10h,hod_11h,hod_12h,hod_13h,hod_14h,hod_15h,hod_16h,hod_17h,hod_18h,hod_19h,hod_20h,hod_21h,hod_22h,hod_23h,dow_mon,dow_tue,dow_wed,dow_thu,dow_fri,dow_sat,dow_sun
E08000019,E02001664,2700.71428571,14322.0,4624.0,15.8214285714,18.25,11.1071428571,10.4285714286,11.3571428571,25.3928571429,50.25,107.285714286,140.357142857,141.857142857,157.75,171.571428571,182.928571429,184.928571429,185.821428571,190.821428571,199.25,210.785714286,180.142857143,154.178571429,135.5,101.964285714,68.75,44.2142857143,2547.0,2776.75,3513.25,2696.75,2788.25,2506.0,2077.0
