zone_id,area_id,total,daytype_inweek,daytype_weekend,hod_00h,hod_01h,hod_02h,hod_03h,hod_04h,hod_05h,hod_06h,hod_07h,hod_08h,hod_09h,hod_10h,hod_11h,hod_12h,hod_13h,hod_14h,hod_15h,hod_16h,hod_17h,hod_18h,hod_19h,hod_20h,hod_21h,hod_22h,hod_23h,dow_mon,dow_tue,dow_wed,dow_thu,dow_fri,dow_sat,dow_sun
E07000012,E02006873,1642.39285714,8990.0,2723.0,6.75,5.35714285714,3.57142857143,3.85714285714,4.5,12.8214285714,35.5,88.8928571429,120.75,94.9642857143,97.9642857143,94.7857142857,104.392857143,100.857142857,99.9642857143,98.8571428571,119.892857143,140.428571429,115.107142857,95.9285714286,68.0714285714,57.3214285714,47.4285714286,24.4285714286,1605.25,1768.5,2202.5,1734.0,1679.75,1389.0,1117.75
