zone_id,area_id,total,daytype_inweek,daytype_weekend,hod_00h,hod_01h,hod_02h,hod_03h,hod_04h,hod_05h,hod_06h,hod_07h,hod_08h,hod_09h,hod_10h,hod_11h,hod_12h,hod_13h,hod_14h,hod_15h,hod_16h,hod_17h,hod_18h,hod_19h,hod_20h,hod_21h,hod_22h,hod_23h,dow_mon,dow_tue,dow_wed,dow_thu,dow_fri,dow_sat,dow_sun
E07000189,E02006075,1516.03571429,8341.75,2459.75,5.96428571429,5.32142857143,4.0,4.25,5.42857142857,10.0714285714,31.1428571429,73.5,91.1785714286,91.9285714286,107.714285714,107.142857143,106.607142857,102.535714286,98.7142857143,101.214285714,112.607142857,115.607142857,92.5,79.1071428571,63.0,51.1071428571,33.9285714286,21.4642857143,1464.0,1647.0,2117.0,1596.0,1517.75,1274.75,995.75
