zone_id,area_id,total,daytype_inweek,daytype_weekend,hod_00h,hod_01h,hod_02h,hod_03h,hod_04h,hod_05h,hod_06h,hod_07h,hod_08h,hod_09h,hod_10h,hod_11h,hod_12h,hod_13h,hod_14h,hod_15h,hod_16h,hod_17h,hod_18h,hod_19h,hod_20h,hod_21h,hod_22h,hod_23h,dow_mon,dow_tue,dow_wed,dow_thu,dow_fri,dow_sat,dow_sun
E08000029,E02002093,2198.14285714,11600.5,3811.25,12.5714285714,11.1785714286,8.07142857143,5.42857142857,6.32142857143,16.8928571429,32.3214285714,63.3571428571,109.035714286,121.285714286,133.535714286,150.107142857,156.357142857,164.142857143,153.571428571,149.071428571,153.571428571,159.607142857,146.75,132.178571429,109.75,94.3214285714,66.6071428571,42.1071428571,2128.25,2226.25,2837.75,2172.5,2235.75,2103.5,1683.0
