zone_id,area_id,total,daytype_inweek,daytype_weekend,hod_00h,hod_01h,hod_02h,hod_03h,hod_04h,hod_05h,hod_06h,hod_07h,hod_08h,hod_09h,hod_10h,hod_11h,hod_12h,hod_13h,hod_14h,hod_15h,hod_16h,hod_17h,hod_18h,hod_19h,hod_20h,hod_21h,hod_22h,hod_23h,dow_mon,dow_tue,dow_wed,dow_thu,dow_fri,dow_sat,dow_sun
E07000228,E02006606,2061.78571429,11141.5,3491.5,8.42857142857,7.67857142857,4.92857142857,2.78571428571,4.71428571429,9.67857142857,25.2857142857,77.1071428571,124.357142857,117.107142857,132.25,133.964285714,140.035714286,139.0,131.964285714,139.428571429,149.107142857,169.571428571,149.607142857,126.785714286,100.071428571,76.25,55.1785714286,36.5,1998.0,2178.25,2804.25,2079.5,2081.5,1797.5,1493.5
