zone_id,area_id,total,daytype_inweek,daytype_weekend,hod_00h,hod_01h,hod_02h,hod_03h,hod_04h,hod_05h,hod_06h,hod_07h,hod_08h,hod_09h,hod_10h,hod_11h,hod_12h,hod_13h,hod_14h,hod_15h,hod_16h,hod_17h,hod_18h,hod_19h,hod_20h,hod_21h,hod_22h,hod_23h,dow_mon,dow_tue,dow_wed,dow_thu,dow_fri,dow_sat,dow_sun
E06000049,E02003857,1971.25,10361.25,3407.0,10.6071428571,11.7857142857,8.21428571429,8.28571428571,18.2142857143,18.3571428571,28.6071428571,70.0714285714,113.892857143,115.714285714,124.0,122.428571429,131.428571429,128.214285714,133.714285714,137.285714286,135.642857143,149.714285714,127.857142857,114.178571429,93.9642857143,71.5357142857,57.7857142857,39.75,1836.0,1990.0,2527.0,1963.0,2045.25,1866.5,1571.0
