zone_id,area_id,total,daytype_inweek,daytype_weekend,hod_00h,hod_01h,hod_02h,hod_03h,hod_04h,hod_05h,hod_06h,hod_07h,hod_08h,hod_09h,hod_10h,hod_11h,hod_12h,hod_13h,hod_14h,hod_15h,hod_16h,hod_17h,hod_18h,hod_19h,hod_20h,hod_21h,hod_22h,hod_23h,dow_mon,dow_tue,dow_wed,dow_thu,dow_fri,dow_sat,dow_sun
E07000197,E02006198,4449.71428571,24454.75,7563.75,19.5,19.8571428571,17.1428571429,14.75,15.6428571429,40.9285714286,87.6428571429,191.857142857,254.285714286,263.214285714,277.75,295.357142857,316.0,310.321428571,304.107142857,302.071428571,317.428571429,332.964285714,275.0,244.714285714,192.5,160.392857143,124.642857143,71.6428571429,4429.25,4777.5,6197.5,4652.0,4398.5,3558.75,3134.5
