zone_id,area_id,total,daytype_inweek,daytype_weekend,hod_00h,hod_01h,hod_02h,hod_03h,hod_04h,hod_05h,hod_06h,hod_07h,hod_08h,hod_09h,hod_10h,hod_11h,hod_12h,hod_13h,hod_14h,hod_15h,hod_16h,hod_17h,hod_18h,hod_19h,hod_20h,hod_21h,hod_22h,hod_23h,dow_mon,dow_tue,dow_wed,dow_thu,dow_fri,dow_sat,dow_sun
E09000028,E02000836,1774.42857143,9326.5,3041.5,19.1428571429,15.6071428571,11.75,7.07142857143,8.10714285714,9.78571428571,17.8571428571,54.4642857143,86.9642857143,104.964285714,102.392857143,102.035714286,113.678571429,111.571428571,111.535714286,110.785714286,110.928571429,122.071428571,127.857142857,124.642857143,96.9285714286,81.6071428571,72.0,50.6785714286,1645.75,1861.0,2341.75,1732.5,1745.5,1698.75,1395.75
