zone_id,area_id,total,daytype_inweek,daytype_weekend,hod_00h,hod_01h,hod_02h,hod_03h,hod_04h,hod_05h,hod_06h,hod_07h,hod_08h,hod_09h,hod_10h,hod_11h,hod_12h,hod_13h,hod_14h,hod_15h,hod_16h,hod_17h,hod_18h,hod_19h,hod_20h,hod_21h,hod_22h,hod_23h,dow_mon,dow_tue,dow_wed,dow_thu,dow_fri,dow_sat,dow_sun
E06000042,E02003471,5328.57142857,28670.5,8955.5,28.2857142857,27.0357142857,20.6785714286,19.2142857143,19.9642857143,47.5,79.2857142857,189.0,298.821428571,266.571428571,283.0,317.75,360.642857143,381.714285714,367.785714286,367.142857143,396.142857143,443.25,386.785714286,323.392857143,264.928571429,206.857142857,148.928571429,83.8928571429,5022.5,5690.25,6998.5,5438.0,5521.25,4696.5,3933.0
