zone_id,area_id,total,daytype_inweek,daytype_weekend,hod_00h,hod_01h,hod_02h,hod_03h,hod_04h,hod_05h,hod_06h,hod_07h,hod_08h,hod_09h,hod_10h,hod_11h,hod_12h,hod_13h,hod_14h,hod_15h,hod_16h,hod_17h,hod_18h,hod_19h,hod_20h,hod_21h,hod_22h,hod_23h,dow_mon,dow_tue,dow_wed,dow_thu,dow_fri,dow_sat,dow_sun
E07000150,E02006862,1945.28571429,10373.0,3285.5,6.57142857143,7.10714285714,6.78571428571,5.0,10.25,39.25,36.4642857143,65.1785714286,98.8571428571,95.5357142857,106.928571429,122.428571429,134.035714286,143.142857143,142.857142857,137.75,148.142857143,154.642857143,137.214285714,107.428571429,89.1071428571,66.6428571429,58.3571428571,25.6071428571,1859.5,2019.25,2529.0,1898.5,2066.75,1818.0,1426.0
