zone_id,area_id,total,daytype_inweek,daytype_weekend,hod_00h,hod_01h,hod_02h,hod_03h,hod_04h,hod_05h,hod_06h,hod_07h,hod_08h,hod_09h,hod_10h,hod_11h,hod_12h,hod_13h,hod_14h,hod_15h,hod_16h,hod_17h,hod_18h,hod_19h,hod_20h,hod_21h,hod_22h,hod_23h,dow_mon,dow_tue,dow_wed,dow_thu,dow_fri,dow_sat,dow_sun
E06000038,E02003399,16725.8928571,80520.75,29408.25,223.857142857,167.821428571,117.892857143,94.4642857143,74.5714285714,97.25,194.25,430.535714286,743.357142857,820.714285714,976.428571429,1120.67857143,1223.10714286,1199.89285714,1174.14285714,1088.35714286,1083.78571429,1180.32142857,1084.89285714,939.857142857,819.535714286,704.107142857,547.964285714,618.107142857,13575.0,13177.0,17678.25,16806.5,19284.0,20727.25,15833.25
