zone_id,area_id,total,daytype_inweek,daytype_weekend,hod_00h,hod_01h,hod_02h,hod_03h,hod_04h,hod_05h,hod_06h,hod_07h,hod_08h,hod_09h,hod_10h,hod_11h,hod_12h,hod_13h,hod_14h,hod_15h,hod_16h,hod_17h,hod_18h,hod_19h,hod_20h,hod_21h,hod_22h,hod_23h,dow_mon,dow_tue,dow_wed,dow_thu,dow_fri,dow_sat,dow_sun
E08000032,E02002205,3134.89285714,16751.25,5353.5,15.0357142857,13.2857142857,9.14285714286,6.46428571429,8.03571428571,24.6785714286,59.1428571429,140.892857143,173.5,168.071428571,184.821428571,198.0,210.035714286,207.0,209.0,216.5,251.392857143,260.892857143,216.285714286,185.678571429,145.214285714,106.428571429,78.9285714286,46.4642857143,3054.0,3293.25,4115.75,3138.0,3150.25,2893.5,2299.5
