zone_id,area_id,total,daytype_inweek,daytype_weekend,hod_00h,hod_01h,hod_02h,hod_03h,hod_04h,hod_05h,hod_06h,hod_07h,hod_08h,hod_09h,hod_10h,hod_11h,hod_12h,hod_13h,hod_14h,hod_15h,hod_16h,hod_17h,hod_18h,hod_19h,hod_20h,hod_21h,hod_22h,hod_23h,dow_mon,dow_tue,dow_wed,dow_thu,dow_fri,dow_sat,dow_sun
E08000002,E02001019,3086.32142857,15939.0,5335.75,18.9285714286,19.4285714286,12.5714285714,10.3928571429,9.85714285714,21.2142857143,46.5714285714,100.25,150.571428571,159.75,186.821428571,202.607142857,219.035714286,213.75,215.464285714,219.464285714,220.678571429,232.25,216.821428571,187.357142857,157.392857143,117.5,91.0357142857,56.6071428571,2791.5,3047.75,3902.0,2963.75,3234.0,3121.0,2544.25
