zone_id,area_id,total,daytype_inweek,daytype_weekend,hod_00h,hod_01h,hod_02h,hod_03h,hod_04h,hod_05h,hod_06h,hod_07h,hod_08h,hod_09h,hod_10h,hod_11h,hod_12h,hod_13h,hod_14h,hod_15h,hod_16h,hod_17h,hod_18h,hod_19h,hod_20h,hod_21h,hod_22h,hod_23h,dow_mon,dow_tue,dow_wed,dow_thu,dow_fri,dow_sat,dow_sun
E08000009,E02001263,3622.10714286,19239.5,6069.5,16.9285714286,20.9285714286,11.0,7.07142857143,12.7857142857,21.3571428571,59.2142857143,129.285714286,168.142857143,175.071428571,203.75,240.428571429,267.071428571,263.142857143,255.75,267.535714286,263.571428571,277.821428571,252.25,229.5,176.607142857,137.714285714,102.857142857,62.3214285714,3397.25,3706.5,4626.5,3641.75,3867.5,3443.0,2672.25
