zone_id,area_id,total,daytype_inweek,daytype_weekend,hod_00h,hod_01h,hod_02h,hod_03h,hod_04h,hod_05h,hod_06h,hod_07h,hod_08h,hod_09h,hod_10h,hod_11h,hod_12h,hod_13h,hod_14h,hod_15h,hod_16h,hod_17h,hod_18h,hod_19h,hod_20h,hod_21h,hod_22h,hod_23h,dow_mon,dow_tue,dow_wed,dow_thu,dow_fri,dow_sat,dow_sun
E09000026,E02000756,2976.14285714,15454.25,5143.75,29.3928571429,24.1428571429,16.8928571429,12.1785714286,11.5,17.1071428571,35.8928571429,75.0714285714,127.142857143,155.857142857,182.392857143,204.464285714,204.535714286,195.964285714,187.714285714,189.821428571,187.821428571,198.928571429,214.321428571,207.642857143,173.392857143,143.75,109.464285714,70.75,2725.0,2997.5,3905.0,2899.5,2927.25,2960.0,2418.75
