zone_id,area_id,total,daytype_inweek,daytype_weekend,hod_00h,hod_01h,hod_02h,hod_03h,hod_04h,hod_05h,hod_06h,hod_07h,hod_08h,hod_09h,hod_10h,hod_11h,hod_12h,hod_13h,hod_14h,hod_15h,hod_16h,hod_17h,hod_18h,hod_19h,hod_20h,hod_21h,hod_22h,hod_23h,dow_mon,dow_tue,dow_wed,dow_thu,dow_fri,dow_sat,dow_sun
E07000070,E02004493,8649.67857143,35124.0,17261.25,49.3571428571,55.75,52.3214285714,30.75,27.2142857143,50.6428571429,109.607142857,234.0,369.428571429,428.75,487.678571429,538.0,610.714285714,617.357142857,603.214285714,598.964285714,610.821428571,600.5,550.285714286,485.428571429,407.75,339.107142857,368.285714286,423.75,6356.5,6087.0,7697.75,5850.75,9132.0,14519.0,10904.75
