zone_id,area_id,total,daytype_inweek,daytype_weekend,hod_00h,hod_01h,hod_02h,hod_03h,hod_04h,hod_05h,hod_06h,hod_07h,hod_08h,hod_09h,hod_10h,hod_11h,hod_12h,hod_13h,hod_14h,hod_15h,hod_16h,hod_17h,hod_18h,hod_19h,hod_20h,hod_21h,hod_22h,hod_23h,dow_mon,dow_tue,dow_wed,dow_thu,dow_fri,dow_sat,dow_sun
E08000025,E02001834,2756.14285714,14562.5,4763.75,23.1071428571,24.1428571429,15.75,12.6785714286,17.4642857143,29.5357142857,57.2142857143,103.071428571,119.285714286,134.5,153.821428571,166.535714286,180.178571429,182.107142857,186.321428571,185.678571429,194.357142857,200.964285714,190.928571429,170.214285714,151.107142857,111.035714286,88.8571428571,57.2857142857,2645.5,2828.75,3569.25,2730.75,2788.25,2612.25,2118.25
