zone_id,area_id,total,daytype_inweek,daytype_weekend,hod_00h,hod_01h,hod_02h,hod_03h,hod_04h,hod_05h,hod_06h,hod_07h,hod_08h,hod_09h,hod_10h,hod_11h,hod_12h,hod_13h,hod_14h,hod_15h,hod_16h,hod_17h,hod_18h,hod_19h,hod_20h,hod_21h,hod_22h,hod_23h,dow_mon,dow_tue,dow_wed,dow_thu,dow_fri,dow_sat,dow_sun
E09000003,E02000049,2343.85714286,12374.5,4143.5,27.3928571429,21.8928571429,17.1785714286,10.1428571429,10.8571428571,15.9285714286,29.7142857143,61.8928571429,97.4642857143,118.535714286,135.964285714,148.357142857,156.892857143,160.107142857,154.142857143,149.214285714,152.607142857,162.0,162.821428571,154.107142857,137.785714286,110.178571429,88.8928571429,59.7857142857,2253.0,2480.0,3108.0,2276.25,2257.25,2142.0,1890.5
