zone_id,area_id,total,daytype_inweek,daytype_weekend,hod_00h,hod_01h,hod_02h,hod_03h,hod_04h,hod_05h,hod_06h,hod_07h,hod_08h,hod_09h,hod_10h,hod_11h,hod_12h,hod_13h,hod_14h,hod_15h,hod_16h,hod_17h,hod_18h,hod_19h,hod_20h,hod_21h,hod_22h,hod_23h,dow_mon,dow_tue,dow_wed,dow_thu,dow_fri,dow_sat,dow_sun
E08000003,E02001071,5462.0,29035.75,9558.5,84.9285714286,83.6428571429,56.75,44.75,40.8214285714,52.8571428571,77.0,151.392857143,214.392857143,235.321428571,252.321428571,279.678571429,310.892857143,340.821428571,345.107142857,358.964285714,366.785714286,387.642857143,373.107142857,355.178571429,330.607142857,289.142857143,251.678571429,178.214285714,5322.0,5721.25,7202.25,5423.0,5367.25,4961.75,4236.5
