zone_id,area_id,total,daytype_inweek,daytype_weekend,hod_00h,hod_01h,hod_02h,hod_03h,hod_04h,hod_05h,hod_06h,hod_07h,hod_08h,hod_09h,hod_10h,hod_11h,hod_12h,hod_13h,hod_14h,hod_15h,hod_16h,hod_17h,hod_18h,hod_19h,hod_20h,hod_21h,hod_22h,hod_23h,dow_mon,dow_tue,dow_wed,dow_thu,dow_fri,dow_sat,dow_sun
E08000006,E02001171,2644.21428571,14111.5,4481.25,16.0357142857,16.2142857143,11.2857142857,10.5714285714,9.10714285714,22.5357142857,52.8928571429,102.785714286,126.892857143,132.714285714,154.071428571,169.464285714,178.392857143,181.071428571,178.892857143,185.464285714,188.035714286,194.107142857,181.964285714,165.464285714,138.928571429,106.321428571,76.25,44.75,2502.0,2718.75,3487.5,2707.75,2695.5,2418.75,1979.25
