zone_id,area_id,total,daytype_inweek,daytype_weekend,hod_00h,hod_01h,hod_02h,hod_03h,hod_04h,hod_05h,hod_06h,hod_07h,hod_08h,hod_09h,hod_10h,hod_11h,hod_12h,hod_13h,hod_14h,hod_15h,hod_16h,hod_17h,hod_18h,hod_19h,hod_20h,hod_21h,hod_22h,hod_23h,dow_mon,dow_tue,dow_wed,dow_thu,dow_fri,dow_sat,dow_sun
E07000042,E02004167,1742.75,9710.0,2767.0,7.32142857143,3.82142857143,5.07142857143,3.21428571429,5.92857142857,12.1785714286,25.3571428571,73.0357142857,95.5714285714,96.6071428571,116.107142857,120.178571429,125.821428571,119.25,119.285714286,119.535714286,132.464285714,146.642857143,110.678571429,83.4642857143,72.9285714286,67.1428571429,51.8214285714,29.3214285714,1694.0,1909.75,2378.75,1870.75,1856.75,1416.25,1073.0
