zone_id,area_id,total,daytype_inweek,daytype_weekend,hod_00h,hod_01h,hod_02h,hod_03h,hod_04h,hod_05h,hod_06h,hod_07h,hod_08h,hod_09h,hod_10h,hod_11h,hod_12h,hod_13h,hod_14h,hod_15h,hod_16h,hod_17h,hod_18h,hod_19h,hod_20h,hod_21h,hod_22h,hod_23h,dow_mon,dow_tue,dow_wed,dow_thu,dow_fri,dow_sat,dow_sun
E07000145,E02005541,2530.17857143,13112.75,4502.75,8.17857142857,7.75,7.10714285714,5.28571428571,7.5,9.10714285714,23.9285714286,47.5357142857,91.4642857143,120.535714286,172.821428571,201.428571429,200.892857143,196.964285714,201.964285714,202.5,202.0,190.428571429,161.0,133.892857143,119.107142857,102.535714286,78.7142857143,37.5357142857,2347.5,2494.75,3496.25,2469.5,2304.75,2443.25,2155.25
