zone_id,area_id,total,daytype_inweek,daytype_weekend,hod_00h,hod_01h,hod_02h,hod_03h,hod_04h,hod_05h,hod_06h,hod_07h,hod_08h,hod_09h,hod_10h,hod_11h,hod_12h,hod_13h,hod_14h,hod_15h,hod_16h,hod_17h,hod_18h,hod_19h,hod_20h,hod_21h,hod_22h,hod_23h,dow_mon,dow_tue,dow_wed,dow_thu,dow_fri,dow_sat,dow_sun
S12000044,S02002163,2870.17857143,15636.5,4870.5,21.3571428571,20.0714285714,15.8928571429,12.6785714286,18.3214285714,37.3214285714,65.6071428571,107.035714286,171.714285714,155.821428571,149.678571429,161.464285714,176.821428571,178.392857143,190.964285714,205.678571429,213.464285714,208.964285714,186.25,169.178571429,135.035714286,124.178571429,87.9642857143,56.3214285714,2881.75,3094.0,3769.25,2940.5,2951.0,2466.0,1988.75
