zone_id,area_id,total,daytype_inweek,daytype_weekend,hod_00h,hod_01h,hod_02h,hod_03h,hod_04h,hod_05h,hod_06h,hod_07h,hod_08h,hod_09h,hod_10h,hod_11h,hod_12h,hod_13h,hod_14h,hod_15h,hod_16h,hod_17h,hod_18h,hod_19h,hod_20h,hod_21h,hod_22h,hod_23h,dow_mon,dow_tue,dow_wed,dow_thu,dow_fri,dow_sat,dow_sun
S12000015,S02001804,6725.28571429,37182.0,11386.5,32.2857142857,27.75,21.5714285714,19.6785714286,25.6071428571,73.2857142857,162.071428571,345.714285714,402.071428571,366.035714286,383.857142857,426.571428571,477.571428571,481.642857143,487.357142857,518.857142857,548.071428571,509.535714286,404.785714286,323.321428571,261.535714286,212.607142857,140.035714286,73.4642857143,6886.25,7091.25,9115.5,7047.5,7041.5,5394.75,4500.25
