zone_id,area_id,total,daytype_inweek,daytype_weekend,hod_00h,hod_01h,hod_02h,hod_03h,hod_04h,hod_05h,hod_06h,hod_07h,hod_08h,hod_09h,hod_10h,hod_11h,hod_12h,hod_13h,hod_14h,hod_15h,hod_16h,hod_17h,hod_18h,hod_19h,hod_20h,hod_21h,hod_22h,hod_23h,dow_mon,dow_tue,dow_wed,dow_thu,dow_fri,dow_sat,dow_sun
S12000026,S02002301,3367.39285714,18296.75,5886.75,13.4642857143,11.6785714286,6.96428571429,6.0,8.85714285714,14.6428571429,52.4642857143,151.5,247.928571429,192.321428571,209.964285714,229.964285714,245.535714286,258.285714286,240.678571429,255.607142857,295.892857143,265.821428571,189.714285714,156.857142857,131.321428571,93.3928571429,59.4642857143,29.0714285714,3421.5,3546.5,4462.75,3421.0,3445.0,2809.75,2465.25
