zone_id,area_id,total,daytype_inweek,daytype_weekend,hod_00h,hod_01h,hod_02h,hod_03h,hod_04h,hod_05h,hod_06h,hod_07h,hod_08h,hod_09h,hod_10h,hod_11h,hod_12h,hod_13h,hod_14h,hod_15h,hod_16h,hod_17h,hod_18h,hod_19h,hod_20h,hod_21h,hod_22h,hod_23h,dow_mon,dow_tue,dow_wed,dow_thu,dow_fri,dow_sat,dow_sun
E09000005,E02000116,2174.71428571,11405.0,3944.5,27.0714285714,22.7142857143,15.0,10.7142857143,13.8571428571,16.8571428571,34.7142857143,57.6785714286,89.0,102.464285714,124.464285714,137.107142857,141.142857143,143.5,146.785714286,145.5,140.107142857,150.428571429,147.857142857,137.285714286,122.464285714,103.642857143,82.0,62.3571428571,2191.75,2229.75,2702.25,2107.0,2174.25,2065.25,1752.75
