zone_id,area_id,total,daytype_inweek,daytype_weekend,hod_00h,hod_01h,hod_02h,hod_03h,hod_04h,hod_05h,hod_06h,hod_07h,hod_08h,hod_09h,hod_10h,hod_11h,hod_12h,hod_13h,hod_14h,hod_15h,hod_16h,hod_17h,hod_18h,hod_19h,hod_20h,hod_21h,hod_22h,hod_23h,dow_mon,dow_tue,dow_wed,dow_thu,dow_fri,dow_sat,dow_sun
S12000029,S02002374,1543.85714286,8365.0,2724.25,7.82142857143,9.5,6.25,5.0,5.39285714286,12.8571428571,27.3928571429,61.5357142857,83.8214285714,78.9642857143,84.8928571429,94.4642857143,103.428571429,103.678571429,109.642857143,117.071428571,116.464285714,116.428571429,105.821428571,90.9642857143,77.1071428571,62.4285714286,39.8214285714,23.1071428571,1577.25,1604.75,2110.25,1550.25,1522.5,1295.0,1147.0
