zone_id,area_id,total,daytype_inweek,daytype_weekend,hod_00h,hod_01h,hod_02h,hod_03h,hod_04h,hod_05h,hod_06h,hod_07h,hod_08h,hod_09h,hod_10h,hod_11h,hod_12h,hod_13h,hod_14h,hod_15h,hod_16h,hod_17h,hod_18h,hod_19h,hod_20h,hod_21h,hod_22h,hod_23h,dow_mon,dow_tue,dow_wed,dow_thu,dow_fri,dow_sat,dow_sun
E08000012,E02001349,4095.53571429,21807.5,6757.75,21.9642857143,26.4285714286,18.7142857143,20.4642857143,17.5714285714,30.3571428571,78.75,167.321428571,214.857142857,213.428571429,224.071428571,252.071428571,275.464285714,277.75,294.678571429,291.464285714,304.678571429,318.571428571,273.785714286,242.035714286,200.821428571,144.142857143,114.821428571,71.3214285714,3784.75,4204.75,5305.75,4182.75,4329.5,3888.25,2973.0
