zone_id,area_id,total,daytype_inweek,daytype_weekend,hod_00h,hod_01h,hod_02h,hod_03h,hod_04h,hod_05h,hod_06h,hod_07h,hod_08h,hod_09h,hod_10h,hod_11h,hod_12h,hod_13h,hod_14h,hod_15h,hod_16h,hod_17h,hod_18h,hod_19h,hod_20h,hod_21h,hod_22h,hod_23h,dow_mon,dow_tue,dow_wed,dow_thu,dow_fri,dow_sat,dow_sun
S12000033,S02001284,4743.32142857,26186.75,8185.5,16.6785714286,18.7142857143,12.6428571429,11.8214285714,15.4285714286,51.0,151.035714286,311.5,305.142857143,248.214285714,264.142857143,274.5,342.321428571,312.607142857,308.642857143,329.892857143,380.035714286,380.392857143,304.464285714,235.321428571,184.535714286,139.035714286,94.1428571429,51.1071428571,4966.0,5172.25,6466.25,4763.5,4818.75,3797.0,3219.5
