zone_id,area_id,total,daytype_inweek,daytype_weekend,hod_00h,hod_01h,hod_02h,hod_03h,hod_04h,hod_05h,hod_06h,hod_07h,hod_08h,hod_09h,hod_10h,hod_11h,hod_12h,hod_13h,hod_14h,hod_15h,hod_16h,hod_17h,hod_18h,hod_19h,hod_20h,hod_21h,hod_22h,hod_23h,dow_mon,dow_tue,dow_wed,dow_thu,dow_fri,dow_sat,dow_sun
E06000042,E02003481,10094.1071429,54517.75,16625.75,43.1071428571,47.9285714286,34.5,33.7857142857,41.0,104.142857143,191.5,392.928571429,573.428571429,489.071428571,547.857142857,640.642857143,772.178571429,799.785714286,747.821428571,717.25,761.214285714,848.428571429,660.5,522.071428571,425.178571429,321.428571429,237.857142857,140.5,9594.0,10692.75,13341.0,10275.0,10615.0,9109.25,7031.75
