zone_id,area_id,total,daytype_inweek,daytype_weekend,hod_00h,hod_01h,hod_02h,hod_03h,hod_04h,hod_05h,hod_06h,hod_07h,hod_08h,hod_09h,hod_10h,hod_11h,hod_12h,hod_13h,hod_14h,hod_15h,hod_16h,hod_17h,hod_18h,hod_19h,hod_20h,hod_21h,hod_22h,hod_23h,dow_mon,dow_tue,dow_wed,dow_thu,dow_fri,dow_sat,dow_sun
E07000071,E02004519,2864.28571429,15345.0,4827.25,10.0357142857,11.0,9.25,6.10714285714,8.92857142857,17.2142857143,42.4285714286,112.464285714,149.428571429,176.035714286,197.428571429,212.571428571,208.678571429,213.321428571,198.785714286,199.821428571,209.678571429,214.285714286,188.75,159.035714286,126.535714286,98.6071428571,62.9285714286,30.9642857143,2763.0,2985.5,3792.0,2994.5,2810.0,2640.75,2064.25
