zone_id,area_id,total,daytype_inweek,daytype_weekend,hod_00h,hod_01h,hod_02h,hod_03h,hod_04h,hod_05h,hod_06h,hod_07h,hod_08h,hod_09h,hod_10h,hod_11h,hod_12h,hod_13h,hod_14h,hod_15h,hod_16h,hod_17h,hod_18h,hod_19h,hod_20h,hod_21h,hod_22h,hod_23h,dow_mon,dow_tue,dow_wed,dow_thu,dow_fri,dow_sat,dow_sun
E07000191,E02006116,2655.85714286,13901.0,4829.75,12.4642857143,9.03571428571,7.92857142857,6.14285714286,8.67857142857,10.7142857143,32.6071428571,71.0714285714,116.535714286,144.964285714,190.928571429,203.5,202.964285714,191.535714286,197.892857143,202.0,198.785714286,201.928571429,160.678571429,139.178571429,117.535714286,101.5,77.5357142857,49.75,2639.0,2848.5,3347.5,2631.5,2434.5,2499.25,2190.75
