zone_id,area_id,total,daytype_inweek,daytype_weekend,hod_00h,hod_01h,hod_02h,hod_03h,hod_04h,hod_05h,hod_06h,hod_07h,hod_08h,hod_09h,hod_10h,hod_11h,hod_12h,hod_13h,hod_14h,hod_15h,hod_16h,hod_17h,hod_18h,hod_19h,hod_20h,hod_21h,hod_22h,hod_23h,dow_mon,dow_tue,dow_wed,dow_thu,dow_fri,dow_sat,dow_sun
E06000037,E02003383,2106.35714286,11285.75,3575.5,9.46428571429,9.32142857143,7.75,7.07142857143,7.32142857143,22.0357142857,41.3571428571,87.9285714286,129.607142857,114.25,126.392857143,129.035714286,146.428571429,139.357142857,134.642857143,140.285714286,153.321428571,165.321428571,143.714285714,124.392857143,98.6428571429,72.8571428571,64.0714285714,31.7857142857,2030.5,2219.25,2749.5,2171.25,2115.25,1913.75,1545.0
