zone_id,area_id,total,daytype_inweek,daytype_weekend,hod_00h,hod_01h,hod_02h,hod_03h,hod_04h,hod_05h,hod_06h,hod_07h,hod_08h,hod_09h,hod_10h,hod_11h,hod_12h,hod_13h,hod_14h,hod_15h,hod_16h,hod_17h,hod_18h,hod_19h,hod_20h,hod_21h,hod_22h,hod_23h,dow_mon,dow_tue,dow_wed,dow_thu,dow_fri,dow_sat,dow_sun
E06000019,E02002906,748.107142857,4072.25,1261.25,2.85714285714,2.46428571429,1.75,2.67857142857,2.75,6.39285714286,14.5,33.1785714286,42.0,45.0,48.3928571429,50.7857142857,54.75,56.5714285714,53.8214285714,55.1071428571,61.8214285714,59.1071428571,44.0714285714,36.5714285714,27.4285714286,21.5357142857,17.4285714286,7.14285714286,725.0,794.75,1019.25,846.5,686.75,628.25,536.25
