zone_id,area_id,total,daytype_inweek,daytype_weekend,hod_00h,hod_01h,hod_02h,hod_03h,hod_04h,hod_05h,hod_06h,hod_07h,hod_08h,hod_09h,hod_10h,hod_11h,hod_12h,hod_13h,hod_14h,hod_15h,hod_16h,hod_17h,hod_18h,hod_19h,hod_20h,hod_21h,hod_22h,hod_23h,dow_mon,dow_tue,dow_wed,dow_thu,dow_fri,dow_sat,dow_sun
E09000015,E02000457,2157.10714286,11227.25,3741.25,17.0357142857,16.1785714286,11.25,7.67857142857,6.71428571429,10.8214285714,23.25,49.8928571429,97.2857142857,119.785714286,132.5,139.357142857,150.785714286,144.214285714,149.321428571,146.5,141.928571429,151.5,147.571428571,139.464285714,124.785714286,96.3214285714,79.3214285714,53.6428571429,1990.5,2105.5,2799.5,2174.5,2157.25,2121.75,1750.75
