zone_id,area_id,total,daytype_inweek,daytype_weekend,hod_00h,hod_01h,hod_02h,hod_03h,hod_04h,hod_05h,hod_06h,hod_07h,hod_08h,hod_09h,hod_10h,hod_11h,hod_12h,hod_13h,hod_14h,hod_15h,hod_16h,hod_17h,hod_18h,hod_19h,hod_20h,hod_21h,hod_22h,hod_23h,dow_mon,dow_tue,dow_wed,dow_thu,dow_fri,dow_sat,dow_sun
E07000189,E02006095,2151.64285714,11953.25,3526.25,8.39285714286,6.67857142857,5.92857142857,7.64285714286,6.89285714286,23.3928571429,45.9642857143,108.107142857,134.035714286,127.321428571,134.071428571,141.785714286,138.107142857,146.5,143.714285714,146.142857143,160.25,182.535714286,135.642857143,107.964285714,87.0357142857,73.2857142857,53.0,27.25,2131.25,2459.0,2967.75,2348.25,2047.0,1713.25,1395.0
