zone_id,area_id,total,daytype_inweek,daytype_weekend,hod_00h,hod_01h,hod_02h,hod_03h,hod_04h,hod_05h,hod_06h,hod_07h,hod_08h,hod_09h,hod_10h,hod_11h,hod_12h,hod_13h,hod_14h,hod_15h,hod_16h,hod_17h,hod_18h,hod_19h,hod_20h,hod_21h,hod_22h,hod_23h,dow_mon,dow_tue,dow_wed,dow_thu,dow_fri,dow_sat,dow_sun
E08000019,E02001629,3718.75,19882.5,6325.75,30.1785714286,32.6071428571,23.2857142857,19.25,19.2857142857,32.8571428571,73.2142857143,132.285714286,177.607142857,172.892857143,186.892857143,217.178571429,234.142857143,242.5,247.964285714,260.071428571,275.464285714,279.785714286,252.321428571,237.857142857,208.071428571,160.964285714,120.178571429,81.8928571429,3538.75,3935.75,4899.25,3663.25,3845.5,3361.75,2787.0
