zone_id,area_id,total,daytype_inweek,daytype_weekend,hod_00h,hod_01h,hod_02h,hod_03h,hod_04h,hod_05h,hod_06h,hod_07h,hod_08h,hod_09h,hod_10h,hod_11h,hod_12h,hod_13h,hod_14h,hod_15h,hod_16h,hod_17h,hod_18h,hod_19h,hod_20h,hod_21h,hod_22h,hod_23h,dow_mon,dow_tue,dow_wed,dow_thu,dow_fri,dow_sat,dow_sun
E07000066,E02004442,2357.21428571,12503.0,4040.25,12.1785714286,11.6428571429,9.32142857143,7.28571428571,7.78571428571,14.9285714286,44.0,81.3214285714,112.071428571,128.357142857,146.285714286,154.321428571,164.5,162.357142857,166.571428571,166.285714286,176.535714286,179.678571429,169.785714286,142.607142857,117.107142857,87.1428571429,57.8571428571,37.2857142857,2250.5,2452.75,3114.0,2308.75,2377.0,2207.75,1789.75
