zone_id,area_id,total,daytype_inweek,daytype_weekend,hod_00h,hod_01h,hod_02h,hod_03h,hod_04h,hod_05h,hod_06h,hod_07h,hod_08h,hod_09h,hod_10h,hod_11h,hod_12h,hod_13h,hod_14h,hod_15h,hod_16h,hod_17h,hod_18h,hod_19h,hod_20h,hod_21h,hod_22h,hod_23h,dow_mon,dow_tue,dow_wed,dow_thu,dow_fri,dow_sat,dow_sun
E07000034,E02004064,8099.57142857,42488.25,13197.75,33.5714285714,40.0357142857,31.8571428571,26.8571428571,23.7857142857,41.4285714286,90.9642857143,214.785714286,383.964285714,438.357142857,557.285714286,615.821428571,668.642857143,652.75,626.607142857,610.357142857,598.678571429,597.892857143,488.964285714,416.571428571,345.535714286,273.321428571,193.464285714,128.071428571,7407.25,8214.25,10234.5,8146.75,8485.5,8418.25,5790.5
